{ "credit": "Made with Blockbench", "texture_size": [128, 128], "textures": { "1": "items/kukri", "2": "items/rykoyat", "particle": "items/rykoyat" }, "elements": [ { "name": "voxel", "from": [7.80833, 6.77565, -0.49586], "to": [8.18928, 7.02962, -0.36887], "faces": { "north": {"uv": [0, 0, 16, 16], "texture": "#1"}, "east": {"uv": [0, 0, 16, 16], "texture": "#1"}, "south": {"uv": [0, 0, 16, 16], "texture": "#1"}, "west": {"uv": [0, 0, 16, 16], "texture": "#1"}, "up": {"uv": [0, 0, 16, 16], "rotation": 180, "texture": "#1"}, "down": {"uv": [0, 0, 16, 16], "rotation": 180, "texture": "#1"} } }, { "name": "voxel", "from": [7.80833, 6.64867, -0.36887], "to": [8.18928, 6.77565, -0.1149], "faces": { "north": {"uv": [0, 0, 16, 16], "texture": "#1"}, "east": {"uv": [0, 0, 16, 16], "texture": "#1"}, "south": {"uv": [0, 0, 16, 16], "texture": "#1"}, "west": {"uv": [0, 0, 16, 16], "texture": "#1"}, "up": {"uv": [0, 0, 16, 16], "rotation": 180, "texture": "#1"}, "down": {"uv": [0, 0, 16, 16], "rotation": 180, "texture": "#1"} } }, { "name": "voxel", "from": [8.0623, 6.77565, -0.36887], "to": [8.18928, 7.1566, 3.8216], "faces": { "north": {"uv": [0, 0, 16, 16], "texture": "#1"}, "east": {"uv": [0, 0, 16, 16], "texture": "#1"}, "south": {"uv": [0, 0, 16, 16], "texture": "#1"}, "west": {"uv": [0, 0, 16, 16], "texture": "#1"}, "up": {"uv": [0, 0, 16, 16], "rotation": 180, "texture": "#1"}, "down": {"uv": [0, 0, 16, 16], "rotation": 180, "texture": "#1"} } }, { "name": "voxel", "from": [7.80833, 6.77565, -0.36887], "to": [7.93531, 7.1566, 3.8216], "faces": { "north": {"uv": [0, 0, 16, 16], "texture": "#1"}, "east": {"uv": [0, 0, 16, 16], "texture": "#1"}, "south": {"uv": [0, 0, 16, 16], "texture": "#1"}, "west": {"uv": [0, 0, 16, 16], "texture": "#1"}, "up": {"uv": [0, 0, 16, 16], "rotation": 180, "texture": "#1"}, "down": {"uv": [0, 0, 16, 16], "rotation": 180, "texture": "#1"} } }, { "name": "voxel", "from": [7.93531, 7.02962, -0.36887], "to": [8.0623, 7.1566, -0.24189], "faces": { "north": {"uv": [0, 0, 16, 16], "texture": "#1"}, "east": {"uv": [0, 0, 16, 16], "texture": "#1"}, "south": {"uv": [0, 0, 16, 16], "texture": "#1"}, "west": {"uv": [0, 0, 16, 16], "texture": "#1"}, "up": {"uv": [0, 0, 16, 16], "rotation": 180, "texture": "#1"}, "down": {"uv": [0, 0, 16, 16], "rotation": 180, "texture": "#1"} } }, { "name": "voxel", "from": [7.80833, 7.1566, -0.24189], "to": [8.18928, 7.28359, -0.1149], "faces": { "north": {"uv": [0, 0, 16, 16], "texture": "#1"}, "east": {"uv": [0, 0, 16, 16], "texture": "#1"}, "south": {"uv": [0, 0, 16, 16], "texture": "#1"}, "west": {"uv": [0, 0, 16, 16], "texture": "#1"}, "up": {"uv": [0, 0, 16, 16], "rotation": 180, "texture": "#1"}, "down": {"uv": [0, 0, 16, 16], "rotation": 180, "texture": "#1"} } }, { "name": "voxel", "from": [7.93531, 6.39668, 0.0101], "to": [8.0623, 6.92367, 0.39303], "faces": { "north": {"uv": [0, 0, 16, 16], "texture": "#1"}, "east": {"uv": [0, 0, 16, 16], "texture": "#1"}, "south": {"uv": [0, 0, 16, 16], "texture": "#1"}, "west": {"uv": [0, 0, 16, 16], "texture": "#1"}, "up": {"uv": [0, 0, 16, 16], "rotation": 180, "texture": "#1"}, "down": {"uv": [0, 0, 16, 16], "rotation": 180, "texture": "#1"} } }, { "name": "voxel", "from": [7.93531, 6.52168, -0.3649], "to": [8.0623, 7.04867, 0.01803], "faces": { "north": {"uv": [0, 0, 16, 16], "texture": "#1"}, "east": {"uv": [0, 0, 16, 16], "texture": "#1"}, "south": {"uv": [0, 0, 16, 16], "texture": "#1"}, "west": {"uv": [0, 0, 16, 16], "texture": "#1"}, "up": {"uv": [0, 0, 16, 16], "rotation": 180, "texture": "#1"}, "down": {"uv": [0, 0, 16, 16], "rotation": 180, "texture": "#1"} } }, { "name": "voxel", "from": [7.93531, 6.64668, -0.4899], "to": [8.0623, 7.02367, -0.10697], "faces": { "north": {"uv": [0, 0, 16, 16], "texture": "#1"}, "east": {"uv": [0, 0, 16, 16], "texture": "#1"}, "south": {"uv": [0, 0, 16, 16], "texture": "#1"}, "west": {"uv": [0, 0, 16, 16], "texture": "#1"}, "up": {"uv": [0, 0, 16, 16], "rotation": 180, "texture": "#1"}, "down": {"uv": [0, 0, 16, 16], "rotation": 180, "texture": "#1"} } }, { "name": "voxel", "from": [8.0623, 6.64867, -0.1149], "to": [8.18928, 6.77565, 3.44065], "faces": { "north": {"uv": [0, 0, 16, 16], "texture": "#1"}, "east": {"uv": [0, 0, 16, 16], "texture": "#1"}, "south": {"uv": [0, 0, 16, 16], "texture": "#1"}, "west": {"uv": [0, 0, 16, 16], "texture": "#1"}, "up": {"uv": [0, 0, 16, 16], "rotation": 180, "texture": "#1"}, "down": {"uv": [0, 0, 16, 16], "rotation": 180, "texture": "#1"} } }, { "name": "voxel", "from": [7.80833, 6.64867, -0.1149], "to": [7.93531, 6.77565, 3.44065], "faces": { "north": {"uv": [0, 0, 16, 16], "texture": "#1"}, "east": {"uv": [0, 0, 16, 16], "texture": "#1"}, "south": {"uv": [0, 0, 16, 16], "texture": "#1"}, "west": {"uv": [0, 0, 16, 16], "texture": "#1"}, "up": {"uv": [0, 0, 16, 16], "rotation": 180, "texture": "#1"}, "down": {"uv": [0, 0, 16, 16], "rotation": 180, "texture": "#1"} } }, { "name": "voxel", "from": [8.0623, 7.1566, -0.1149], "to": [8.18928, 7.28359, 4.71049], "faces": { "north": {"uv": [0, 0, 16, 16], "texture": "#1"}, "east": {"uv": [0, 0, 16, 16], "texture": "#1"}, "south": {"uv": [0, 0, 16, 16], "texture": "#1"}, "west": {"uv": [0, 0, 16, 16], "texture": "#1"}, "up": {"uv": [0, 0, 16, 16], "rotation": 180, "texture": "#1"}, "down": {"uv": [0, 0, 16, 16], "rotation": 180, "texture": "#1"} } }, { "name": "voxel", "from": [7.80833, 7.1566, -0.1149], "to": [7.93531, 7.28359, 4.71049], "faces": { "north": {"uv": [0, 0, 16, 16], "texture": "#1"}, "east": {"uv": [0, 0, 16, 16], "texture": "#1"}, "south": {"uv": [0, 0, 16, 16], "texture": "#1"}, "west": {"uv": [0, 0, 16, 16], "texture": "#1"}, "up": {"uv": [0, 0, 16, 16], "rotation": 180, "texture": "#1"}, "down": {"uv": [0, 0, 16, 16], "rotation": 180, "texture": "#1"} } }, { "name": "voxel", "from": [7.93531, 7.28359, -0.1149], "to": [8.0623, 7.41057, 0.13907], "faces": { "north": {"uv": [0, 0, 16, 16], "texture": "#1"}, "east": {"uv": [0, 0, 16, 16], "texture": "#1"}, "south": {"uv": [0, 0, 16, 16], "texture": "#1"}, "west": {"uv": [0, 0, 16, 16], "texture": "#1"}, "up": {"uv": [0, 0, 16, 16], "rotation": 180, "texture": "#1"}, "down": {"uv": [0, 0, 16, 16], "rotation": 180, "texture": "#1"} } }, { "name": "voxel", "from": [8.0623, 6.52168, 0.01208], "to": [8.18928, 6.64867, 3.0597], "faces": { "north": {"uv": [0, 0, 16, 16], "texture": "#1"}, "east": {"uv": [0, 0, 16, 16], "texture": "#1"}, "south": {"uv": [0, 0, 16, 16], "texture": "#1"}, "west": {"uv": [0, 0, 16, 16], "texture": "#1"}, "up": {"uv": [0, 0, 16, 16], "rotation": 180, "texture": "#1"}, "down": {"uv": [0, 0, 16, 16], "rotation": 180, "texture": "#1"} } }, { "name": "voxel", "from": [7.80833, 6.52168, 0.01208], "to": [7.93531, 6.64867, 3.0597], "faces": { "north": {"uv": [0, 0, 16, 16], "texture": "#1"}, "east": {"uv": [0, 0, 16, 16], "texture": "#1"}, "south": {"uv": [0, 0, 16, 16], "texture": "#1"}, "west": {"uv": [0, 0, 16, 16], "texture": "#1"}, "up": {"uv": [0, 0, 16, 16], "rotation": 180, "texture": "#1"}, "down": {"uv": [0, 0, 16, 16], "rotation": 180, "texture": "#1"} } }, { "name": "voxel", "from": [8.0623, 7.28359, 0.01208], "to": [8.18928, 7.41057, 5.09145], "faces": { "north": {"uv": [0, 0, 16, 16], "texture": "#1"}, "east": {"uv": [0, 0, 16, 16], "texture": "#1"}, "south": {"uv": [0, 0, 16, 16], "texture": "#1"}, "west": {"uv": [0, 0, 16, 16], "texture": "#1"}, "up": {"uv": [0, 0, 16, 16], "rotation": 180, "texture": "#1"}, "down": {"uv": [0, 0, 16, 16], "rotation": 180, "texture": "#1"} } }, { "name": "voxel", "from": [7.80833, 7.28359, 0.01208], "to": [7.93531, 7.41057, 5.09145], "faces": { "north": {"uv": [0, 0, 16, 16], "texture": "#1"}, "east": {"uv": [0, 0, 16, 16], "texture": "#1"}, "south": {"uv": [0, 0, 16, 16], "texture": "#1"}, "west": {"uv": [0, 0, 16, 16], "texture": "#1"}, "up": {"uv": [0, 0, 16, 16], "rotation": 180, "texture": "#1"}, "down": {"uv": [0, 0, 16, 16], "rotation": 180, "texture": "#1"} } }, { "name": "voxel", "from": [7.80833, 7.41057, 0.13907], "to": [8.18928, 7.53755, 0.39303], "faces": { "north": {"uv": [0, 0, 16, 16], "texture": "#1"}, "east": {"uv": [0, 0, 16, 16], "texture": "#1"}, "south": {"uv": [0, 0, 16, 16], "texture": "#1"}, "west": {"uv": [0, 0, 16, 16], "texture": "#1"}, "up": {"uv": [0, 0, 16, 16], "rotation": 180, "texture": "#1"}, "down": {"uv": [0, 0, 16, 16], "rotation": 180, "texture": "#1"} } }, { "name": "voxel", "from": [7.93531, 6.2697, 0.39303], "to": [8.0623, 6.52168, 2.2978], "faces": { "north": {"uv": [0, 0, 16, 16], "texture": "#1"}, "east": {"uv": [0, 0, 16, 16], "texture": "#1"}, "south": {"uv": [0, 0, 16, 16], "texture": "#1"}, "west": {"uv": [0, 0, 16, 16], "texture": "#1"}, "up": {"uv": [0, 0, 16, 16], "rotation": 180, "texture": "#1"}, "down": {"uv": [0, 0, 16, 16], "rotation": 180, "texture": "#1"} } }, { "name": "voxel", "from": [8.0623, 7.41057, 0.39303], "to": [8.18928, 7.66454, 5.34541], "faces": { "north": {"uv": [0, 0, 16, 16], "texture": "#1"}, "east": {"uv": [0, 0, 16, 16], "texture": "#1"}, "south": {"uv": [0, 0, 16, 16], "texture": "#1"}, "west": {"uv": [0, 0, 16, 16], "texture": "#1"}, "up": {"uv": [0, 0, 16, 16], "rotation": 180, "texture": "#1"}, "down": {"uv": [0, 0, 16, 16], "rotation": 180, "texture": "#1"} } }, { "name": "voxel", "from": [7.80833, 7.41057, 0.39303], "to": [7.93531, 7.66454, 5.34541], "faces": { "north": {"uv": [0, 0, 16, 16], "texture": "#1"}, "east": {"uv": [0, 0, 16, 16], "texture": "#1"}, "south": {"uv": [0, 0, 16, 16], "texture": "#1"}, "west": {"uv": [0, 0, 16, 16], "texture": "#1"}, "up": {"uv": [0, 0, 16, 16], "rotation": 180, "texture": "#1"}, "down": {"uv": [0, 0, 16, 16], "rotation": 180, "texture": "#1"} } }, { "name": "voxel", "from": [7.93531, 7.53755, 0.39303], "to": [8.0623, 7.66454, 0.647], "faces": { "north": {"uv": [0, 0, 16, 16], "texture": "#1"}, "east": {"uv": [0, 0, 16, 16], "texture": "#1"}, "south": {"uv": [0, 0, 16, 16], "texture": "#1"}, "west": {"uv": [0, 0, 16, 16], "texture": "#1"}, "up": {"uv": [0, 0, 16, 16], "rotation": 180, "texture": "#1"}, "down": {"uv": [0, 0, 16, 16], "rotation": 180, "texture": "#1"} } }, { "name": "voxel", "from": [8.0623, 6.3947, 0.52002], "to": [8.18928, 6.52168, 2.17081], "faces": { "north": {"uv": [0, 0, 16, 16], "texture": "#1"}, "east": {"uv": [0, 0, 16, 16], "texture": "#1"}, "south": {"uv": [0, 0, 16, 16], "texture": "#1"}, "west": {"uv": [0, 0, 16, 16], "texture": "#1"}, "up": {"uv": [0, 0, 16, 16], "rotation": 180, "texture": "#1"}, "down": {"uv": [0, 0, 16, 16], "rotation": 180, "texture": "#1"} } }, { "name": "voxel", "from": [7.80833, 6.3947, 0.52002], "to": [7.93531, 6.52168, 2.17081], "faces": { "north": {"uv": [0, 0, 16, 16], "texture": "#1"}, "east": {"uv": [0, 0, 16, 16], "texture": "#1"}, "south": {"uv": [0, 0, 16, 16], "texture": "#1"}, "west": {"uv": [0, 0, 16, 16], "texture": "#1"}, "up": {"uv": [0, 0, 16, 16], "rotation": 180, "texture": "#1"}, "down": {"uv": [0, 0, 16, 16], "rotation": 180, "texture": "#1"} } }, { "name": "voxel", "from": [7.80833, 7.66454, 0.647], "to": [8.18928, 7.79152, 0.77399], "faces": { "north": {"uv": [0, 0, 16, 16], "texture": "#1"}, "east": {"uv": [0, 0, 16, 16], "texture": "#1"}, "south": {"uv": [0, 0, 16, 16], "texture": "#1"}, "west": {"uv": [0, 0, 16, 16], "texture": "#1"}, "up": {"uv": [0, 0, 16, 16], "rotation": 180, "texture": "#1"}, "down": {"uv": [0, 0, 16, 16], "rotation": 180, "texture": "#1"} } }, { "name": "voxel", "from": [8.0623, 7.66454, 0.77399], "to": [8.18928, 7.91851, 5.85335], "faces": { "north": {"uv": [0, 0, 16, 16], "texture": "#1"}, "east": {"uv": [0, 0, 16, 16], "texture": "#1"}, "south": {"uv": [0, 0, 16, 16], "texture": "#1"}, "west": {"uv": [0, 0, 16, 16], "texture": "#1"}, "up": {"uv": [0, 0, 16, 16], "rotation": 180, "texture": "#1"}, "down": {"uv": [0, 0, 16, 16], "rotation": 180, "texture": "#1"} } }, { "name": "voxel", "from": [7.80833, 7.66454, 0.77399], "to": [7.93531, 7.91851, 5.85335], "faces": { "north": {"uv": [0, 0, 16, 16], "texture": "#1"}, "east": {"uv": [0, 0, 16, 16], "texture": "#1"}, "south": {"uv": [0, 0, 16, 16], "texture": "#1"}, "west": {"uv": [0, 0, 16, 16], "texture": "#1"}, "up": {"uv": [0, 0, 16, 16], "rotation": 180, "texture": "#1"}, "down": {"uv": [0, 0, 16, 16], "rotation": 180, "texture": "#1"} } }, { "name": "voxel", "from": [7.93531, 7.79152, 0.77399], "to": [8.0623, 7.91851, 1.02795], "faces": { "north": {"uv": [0, 0, 16, 16], "texture": "#1"}, "east": {"uv": [0, 0, 16, 16], "texture": "#1"}, "south": {"uv": [0, 0, 16, 16], "texture": "#1"}, "west": {"uv": [0, 0, 16, 16], "texture": "#1"}, "up": {"uv": [0, 0, 16, 16], "rotation": 180, "texture": "#1"}, "down": {"uv": [0, 0, 16, 16], "rotation": 180, "texture": "#1"} } }, { "name": "voxel", "from": [7.80833, 7.91851, 1.02795], "to": [8.18928, 8.04549, 1.28192], "faces": { "north": {"uv": [0, 0, 16, 16], "texture": "#1"}, "east": {"uv": [0, 0, 16, 16], "texture": "#1"}, "south": {"uv": [0, 0, 16, 16], "texture": "#1"}, "west": {"uv": [0, 0, 16, 16], "texture": "#1"}, "up": {"uv": [0, 0, 16, 16], "rotation": 180, "texture": "#1"}, "down": {"uv": [0, 0, 16, 16], "rotation": 180, "texture": "#1"} } }, { "name": "voxel", "from": [8.0623, 7.91851, 1.28192], "to": [8.18928, 8.17248, 6.48827], "faces": { "north": {"uv": [0, 0, 16, 16], "texture": "#1"}, "east": {"uv": [0, 0, 16, 16], "texture": "#1"}, "south": {"uv": [0, 0, 16, 16], "texture": "#1"}, "west": {"uv": [0, 0, 16, 16], "texture": "#1"}, "up": {"uv": [0, 0, 16, 16], "rotation": 180, "texture": "#1"}, "down": {"uv": [0, 0, 16, 16], "rotation": 180, "texture": "#1"} } }, { "name": "voxel", "from": [7.80833, 7.91851, 1.28192], "to": [7.93531, 8.17248, 6.48827], "faces": { "north": {"uv": [0, 0, 16, 16], "texture": "#1"}, "east": {"uv": [0, 0, 16, 16], "texture": "#1"}, "south": {"uv": [0, 0, 16, 16], "texture": "#1"}, "west": {"uv": [0, 0, 16, 16], "texture": "#1"}, "up": {"uv": [0, 0, 16, 16], "rotation": 180, "texture": "#1"}, "down": {"uv": [0, 0, 16, 16], "rotation": 180, "texture": "#1"} } }, { "name": "voxel", "from": [7.93531, 8.04549, 1.28192], "to": [8.0623, 8.17248, 1.53589], "faces": { "north": {"uv": [0, 0, 16, 16], "texture": "#1"}, "east": {"uv": [0, 0, 16, 16], "texture": "#1"}, "south": {"uv": [0, 0, 16, 16], "texture": "#1"}, "west": {"uv": [0, 0, 16, 16], "texture": "#1"}, "up": {"uv": [0, 0, 16, 16], "rotation": 180, "texture": "#1"}, "down": {"uv": [0, 0, 16, 16], "rotation": 180, "texture": "#1"} } }, { "name": "voxel", "from": [7.80833, 8.17248, 1.53589], "to": [8.18928, 8.29946, 1.66287], "faces": { "north": {"uv": [0, 0, 16, 16], "texture": "#1"}, "east": {"uv": [0, 0, 16, 16], "texture": "#1"}, "south": {"uv": [0, 0, 16, 16], "texture": "#1"}, "west": {"uv": [0, 0, 16, 16], "texture": "#1"}, "up": {"uv": [0, 0, 16, 16], "rotation": 180, "texture": "#1"}, "down": {"uv": [0, 0, 16, 16], "rotation": 180, "texture": "#1"} } }, { "name": "voxel", "from": [8.0623, 8.17248, 1.66287], "to": [8.18928, 8.29946, 7.25018], "faces": { "north": {"uv": [0, 0, 16, 16], "texture": "#1"}, "east": {"uv": [0, 0, 16, 16], "texture": "#1"}, "south": {"uv": [0, 0, 16, 16], "texture": "#1"}, "west": {"uv": [0, 0, 16, 16], "texture": "#1"}, "up": {"uv": [0, 0, 16, 16], "rotation": 180, "texture": "#1"}, "down": {"uv": [0, 0, 16, 16], "rotation": 180, "texture": "#1"} } }, { "name": "voxel", "from": [7.80833, 8.17248, 1.66287], "to": [7.93531, 8.29946, 7.25018], "faces": { "north": {"uv": [0, 0, 16, 16], "texture": "#1"}, "east": {"uv": [0, 0, 16, 16], "texture": "#1"}, "south": {"uv": [0, 0, 16, 16], "texture": "#1"}, "west": {"uv": [0, 0, 16, 16], "texture": "#1"}, "up": {"uv": [0, 0, 16, 16], "rotation": 180, "texture": "#1"}, "down": {"uv": [0, 0, 16, 16], "rotation": 180, "texture": "#1"} } }, { "name": "voxel", "from": [7.93531, 8.29946, 1.66287], "to": [8.0623, 8.42644, 1.91684], "faces": { "north": {"uv": [0, 0, 16, 16], "texture": "#1"}, "east": {"uv": [0, 0, 16, 16], "texture": "#1"}, "south": {"uv": [0, 0, 16, 16], "texture": "#1"}, "west": {"uv": [0, 0, 16, 16], "texture": "#1"}, "up": {"uv": [0, 0, 16, 16], "rotation": 180, "texture": "#1"}, "down": {"uv": [0, 0, 16, 16], "rotation": 180, "texture": "#1"} } }, { "name": "voxel", "from": [8.0623, 8.29946, 1.78986], "to": [8.18928, 8.42644, 8.01208], "faces": { "north": {"uv": [0, 0, 16, 16], "texture": "#1"}, "east": {"uv": [0, 0, 16, 16], "texture": "#1"}, "south": {"uv": [0, 0, 16, 16], "texture": "#1"}, "west": {"uv": [0, 0, 16, 16], "texture": "#1"}, "up": {"uv": [0, 0, 16, 16], "rotation": 180, "texture": "#1"}, "down": {"uv": [0, 0, 16, 16], "rotation": 180, "texture": "#1"} } }, { "name": "voxel", "from": [7.80833, 8.29946, 1.78986], "to": [7.93531, 8.42644, 8.01208], "faces": { "north": {"uv": [0, 0, 16, 16], "texture": "#1"}, "east": {"uv": [0, 0, 16, 16], "texture": "#1"}, "south": {"uv": [0, 0, 16, 16], "texture": "#1"}, "west": {"uv": [0, 0, 16, 16], "texture": "#1"}, "up": {"uv": [0, 0, 16, 16], "rotation": 180, "texture": "#1"}, "down": {"uv": [0, 0, 16, 16], "rotation": 180, "texture": "#1"} } }, { "name": "voxel", "from": [7.93531, 8.42644, 1.91684], "to": [8.0623, 8.55343, 2.17081], "faces": { "north": {"uv": [0, 0, 16, 16], "texture": "#1"}, "east": {"uv": [0, 0, 16, 16], "texture": "#1"}, "south": {"uv": [0, 0, 16, 16], "texture": "#1"}, "west": {"uv": [0, 0, 16, 16], "texture": "#1"}, "up": {"uv": [0, 0, 16, 16], "rotation": 180, "texture": "#1"}, "down": {"uv": [0, 0, 16, 16], "rotation": 180, "texture": "#1"} } }, { "name": "voxel", "from": [8.0623, 8.42644, 2.04383], "to": [8.18928, 8.55343, 10.67875], "faces": { "north": {"uv": [0, 0, 16, 16], "texture": "#1"}, "east": {"uv": [0, 0, 16, 16], "texture": "#1"}, "south": {"uv": [0, 0, 16, 16], "texture": "#1"}, "west": {"uv": [0, 0, 16, 16], "texture": "#1"}, "up": {"uv": [0, 0, 16, 16], "rotation": 180, "texture": "#1"}, "down": {"uv": [0, 0, 16, 16], "rotation": 180, "texture": "#1"} } }, { "name": "voxel", "from": [7.80833, 8.42644, 2.04383], "to": [7.93531, 8.55343, 10.67875], "faces": { "north": {"uv": [0, 0, 16, 16], "texture": "#1"}, "east": {"uv": [0, 0, 16, 16], "texture": "#1"}, "south": {"uv": [0, 0, 16, 16], "texture": "#1"}, "west": {"uv": [0, 0, 16, 16], "texture": "#1"}, "up": {"uv": [0, 0, 16, 16], "rotation": 180, "texture": "#1"}, "down": {"uv": [0, 0, 16, 16], "rotation": 180, "texture": "#1"} } }, { "name": "voxel", "from": [7.93531, 8.55343, 2.17081], "to": [8.0623, 8.68041, 2.55176], "faces": { "north": {"uv": [0, 0, 16, 16], "texture": "#1"}, "east": {"uv": [0, 0, 16, 16], "texture": "#1"}, "south": {"uv": [0, 0, 16, 16], "texture": "#1"}, "west": {"uv": [0, 0, 16, 16], "texture": "#1"}, "up": {"uv": [0, 0, 16, 16], "rotation": 180, "texture": "#1"}, "down": {"uv": [0, 0, 16, 16], "rotation": 180, "texture": "#1"} } }, { "name": "voxel", "from": [7.93531, 6.39668, 2.2978], "to": [8.0623, 6.64867, 3.0597], "faces": { "north": {"uv": [0, 0, 16, 16], "texture": "#1"}, "east": {"uv": [0, 0, 16, 16], "texture": "#1"}, "south": {"uv": [0, 0, 16, 16], "texture": "#1"}, "west": {"uv": [0, 0, 16, 16], "texture": "#1"}, "up": {"uv": [0, 0, 16, 16], "rotation": 180, "texture": "#1"}, "down": {"uv": [0, 0, 16, 16], "rotation": 180, "texture": "#1"} } }, { "name": "voxel", "from": [8.0623, 8.55343, 2.2978], "to": [8.18928, 8.68041, 10.67875], "faces": { "north": {"uv": [0, 0, 16, 16], "texture": "#1"}, "east": {"uv": [0, 0, 16, 16], "texture": "#1"}, "south": {"uv": [0, 0, 16, 16], "texture": "#1"}, "west": {"uv": [0, 0, 16, 16], "texture": "#1"}, "up": {"uv": [0, 0, 16, 16], "rotation": 180, "texture": "#1"}, "down": {"uv": [0, 0, 16, 16], "rotation": 180, "texture": "#1"} } }, { "name": "voxel", "from": [7.80833, 8.55343, 2.2978], "to": [7.93531, 8.68041, 10.67875], "faces": { "north": {"uv": [0, 0, 16, 16], "texture": "#1"}, "east": {"uv": [0, 0, 16, 16], "texture": "#1"}, "south": {"uv": [0, 0, 16, 16], "texture": "#1"}, "west": {"uv": [0, 0, 16, 16], "texture": "#1"}, "up": {"uv": [0, 0, 16, 16], "rotation": 180, "texture": "#1"}, "down": {"uv": [0, 0, 16, 16], "rotation": 180, "texture": "#1"} } }, { "name": "voxel", "from": [7.80833, 8.68041, 2.55176], "to": [8.18928, 8.8074, 2.80573], "faces": { "north": {"uv": [0, 0, 16, 16], "texture": "#1"}, "east": {"uv": [0, 0, 16, 16], "texture": "#1"}, "south": {"uv": [0, 0, 16, 16], "texture": "#1"}, "west": {"uv": [0, 0, 16, 16], "texture": "#1"}, "up": {"uv": [0, 0, 16, 16], "rotation": 180, "texture": "#1"}, "down": {"uv": [0, 0, 16, 16], "rotation": 180, "texture": "#1"} } }, { "name": "voxel", "from": [8.0623, 8.68041, 2.80573], "to": [8.18928, 8.8074, 10.67875], "faces": { "north": {"uv": [0, 0, 16, 16], "texture": "#1"}, "east": {"uv": [0, 0, 16, 16], "texture": "#1"}, "south": {"uv": [0, 0, 16, 16], "texture": "#1"}, "west": {"uv": [0, 0, 16, 16], "texture": "#1"}, "up": {"uv": [0, 0, 16, 16], "rotation": 180, "texture": "#1"}, "down": {"uv": [0, 0, 16, 16], "rotation": 180, "texture": "#1"} } }, { "name": "voxel", "from": [7.80833, 8.68041, 2.80573], "to": [7.93531, 8.8074, 10.67875], "faces": { "north": {"uv": [0, 0, 16, 16], "texture": "#1"}, "east": {"uv": [0, 0, 16, 16], "texture": "#1"}, "south": {"uv": [0, 0, 16, 16], "texture": "#1"}, "west": {"uv": [0, 0, 16, 16], "texture": "#1"}, "up": {"uv": [0, 0, 16, 16], "rotation": 180, "texture": "#1"}, "down": {"uv": [0, 0, 16, 16], "rotation": 180, "texture": "#1"} } }, { "name": "voxel", "from": [7.93531, 8.8074, 2.80573], "to": [8.0623, 8.93438, 3.18668], "faces": { "north": {"uv": [0, 0, 16, 16], "texture": "#1"}, "east": {"uv": [0, 0, 16, 16], "texture": "#1"}, "south": {"uv": [0, 0, 16, 16], "texture": "#1"}, "west": {"uv": [0, 0, 16, 16], "texture": "#1"}, "up": {"uv": [0, 0, 16, 16], "rotation": 180, "texture": "#1"}, "down": {"uv": [0, 0, 16, 16], "rotation": 180, "texture": "#1"} } }, { "name": "voxel", "from": [8.0623, 8.8074, 2.93272], "to": [8.18928, 8.93438, 10.80573], "faces": { "north": {"uv": [0, 0, 16, 16], "texture": "#1"}, "east": {"uv": [0, 0, 16, 16], "texture": "#1"}, "south": {"uv": [0, 0, 16, 16], "texture": "#1"}, "west": {"uv": [0, 0, 16, 16], "texture": "#1"}, "up": {"uv": [0, 0, 16, 16], "rotation": 180, "texture": "#1"}, "down": {"uv": [0, 0, 16, 16], "rotation": 180, "texture": "#1"} } }, { "name": "voxel", "from": [7.80833, 8.8074, 2.93272], "to": [7.93531, 8.93438, 10.80573], "faces": { "north": {"uv": [0, 0, 16, 16], "texture": "#1"}, "east": {"uv": [0, 0, 16, 16], "texture": "#1"}, "south": {"uv": [0, 0, 16, 16], "texture": "#1"}, "west": {"uv": [0, 0, 16, 16], "texture": "#1"}, "up": {"uv": [0, 0, 16, 16], "rotation": 180, "texture": "#1"}, "down": {"uv": [0, 0, 16, 16], "rotation": 180, "texture": "#1"} } }, { "name": "voxel", "from": [7.93531, 6.52367, 3.0597], "to": [8.0623, 6.77565, 3.44065], "faces": { "north": {"uv": [0, 0, 16, 16], "texture": "#1"}, "east": {"uv": [0, 0, 16, 16], "texture": "#1"}, "south": {"uv": [0, 0, 16, 16], "texture": "#1"}, "west": {"uv": [0, 0, 16, 16], "texture": "#1"}, "up": {"uv": [0, 0, 16, 16], "rotation": 180, "texture": "#1"}, "down": {"uv": [0, 0, 16, 16], "rotation": 180, "texture": "#1"} } }, { "name": "voxel", "from": [7.80833, 8.93438, 3.18668], "to": [8.18928, 9.06136, 3.44065], "faces": { "north": {"uv": [0, 0, 16, 16], "texture": "#1"}, "east": {"uv": [0, 0, 16, 16], "texture": "#1"}, "south": {"uv": [0, 0, 16, 16], "texture": "#1"}, "west": {"uv": [0, 0, 16, 16], "texture": "#1"}, "up": {"uv": [0, 0, 16, 16], "rotation": 180, "texture": "#1"}, "down": {"uv": [0, 0, 16, 16], "rotation": 180, "texture": "#1"} } }, { "name": "voxel", "from": [7.93531, 6.65065, 3.44065], "to": [8.0623, 6.90263, 3.8216], "faces": { "north": {"uv": [0, 0, 16, 16], "texture": "#1"}, "east": {"uv": [0, 0, 16, 16], "texture": "#1"}, "south": {"uv": [0, 0, 16, 16], "texture": "#1"}, "west": {"uv": [0, 0, 16, 16], "texture": "#1"}, "up": {"uv": [0, 0, 16, 16], "rotation": 180, "texture": "#1"}, "down": {"uv": [0, 0, 16, 16], "rotation": 180, "texture": "#1"} } }, { "name": "voxel", "from": [7.93531, 6.80065, 3.81565], "to": [8.0623, 7.05263, 4.1966], "faces": { "north": {"uv": [0, 0, 16, 16], "texture": "#1"}, "east": {"uv": [0, 0, 16, 16], "texture": "#1"}, "south": {"uv": [0, 0, 16, 16], "texture": "#1"}, "west": {"uv": [0, 0, 16, 16], "texture": "#1"}, "up": {"uv": [0, 0, 16, 16], "rotation": 180, "texture": "#1"}, "down": {"uv": [0, 0, 16, 16], "rotation": 180, "texture": "#1"} } }, { "name": "voxel", "from": [8.0623, 8.93438, 3.44065], "to": [8.18928, 9.06136, 10.80573], "faces": { "north": {"uv": [0, 0, 16, 16], "texture": "#1"}, "east": {"uv": [0, 0, 16, 16], "texture": "#1"}, "south": {"uv": [0, 0, 16, 16], "texture": "#1"}, "west": {"uv": [0, 0, 16, 16], "texture": "#1"}, "up": {"uv": [0, 0, 16, 16], "rotation": 180, "texture": "#1"}, "down": {"uv": [0, 0, 16, 16], "rotation": 180, "texture": "#1"} } }, { "name": "voxel", "from": [7.80833, 8.93438, 3.44065], "to": [7.93531, 9.06136, 10.80573], "faces": { "north": {"uv": [0, 0, 16, 16], "texture": "#1"}, "east": {"uv": [0, 0, 16, 16], "texture": "#1"}, "south": {"uv": [0, 0, 16, 16], "texture": "#1"}, "west": {"uv": [0, 0, 16, 16], "texture": "#1"}, "up": {"uv": [0, 0, 16, 16], "rotation": 180, "texture": "#1"}, "down": {"uv": [0, 0, 16, 16], "rotation": 180, "texture": "#1"} } }, { "name": "voxel", "from": [7.93531, 9.06136, 3.44065], "to": [8.0623, 9.18835, 3.8216], "faces": { "north": {"uv": [0, 0, 16, 16], "texture": "#1"}, "east": {"uv": [0, 0, 16, 16], "texture": "#1"}, "south": {"uv": [0, 0, 16, 16], "texture": "#1"}, "west": {"uv": [0, 0, 16, 16], "texture": "#1"}, "up": {"uv": [0, 0, 16, 16], "rotation": 180, "texture": "#1"}, "down": {"uv": [0, 0, 16, 16], "rotation": 180, "texture": "#1"} } }, { "name": "voxel", "from": [8.0623, 9.06136, 3.56764], "to": [8.18928, 9.18835, 11.44065], "faces": { "north": {"uv": [0, 0, 16, 16], "texture": "#1"}, "east": {"uv": [0, 0, 16, 16], "texture": "#1"}, "south": {"uv": [0, 0, 16, 16], "texture": "#1"}, "west": {"uv": [0, 0, 16, 16], "texture": "#1"}, "up": {"uv": [0, 0, 16, 16], "rotation": 180, "texture": "#1"}, "down": {"uv": [0, 0, 16, 16], "rotation": 180, "texture": "#1"} } }, { "name": "voxel", "from": [7.80833, 9.06136, 3.56764], "to": [7.93531, 9.18835, 11.44065], "faces": { "north": {"uv": [0, 0, 16, 16], "texture": "#1"}, "east": {"uv": [0, 0, 16, 16], "texture": "#1"}, "south": {"uv": [0, 0, 16, 16], "texture": "#1"}, "west": {"uv": [0, 0, 16, 16], "texture": "#1"}, "up": {"uv": [0, 0, 16, 16], "rotation": 180, "texture": "#1"}, "down": {"uv": [0, 0, 16, 16], "rotation": 180, "texture": "#1"} } }, { "name": "voxel", "from": [7.80833, 6.90263, 3.8216], "to": [8.18928, 7.02962, 4.20256], "faces": { "north": {"uv": [0, 0, 16, 16], "texture": "#1"}, "east": {"uv": [0, 0, 16, 16], "texture": "#1"}, "south": {"uv": [0, 0, 16, 16], "texture": "#1"}, "west": {"uv": [0, 0, 16, 16], "texture": "#1"}, "up": {"uv": [0, 0, 16, 16], "rotation": 180, "texture": "#1"}, "down": {"uv": [0, 0, 16, 16], "rotation": 180, "texture": "#1"} } }, { "name": "voxel", "from": [8.0623, 7.02962, 3.8216], "to": [8.18928, 7.1566, 4.45653], "faces": { "north": {"uv": [0, 0, 16, 16], "texture": "#1"}, "east": {"uv": [0, 0, 16, 16], "texture": "#1"}, "south": {"uv": [0, 0, 16, 16], "texture": "#1"}, "west": {"uv": [0, 0, 16, 16], "texture": "#1"}, "up": {"uv": [0, 0, 16, 16], "rotation": 180, "texture": "#1"}, "down": {"uv": [0, 0, 16, 16], "rotation": 180, "texture": "#1"} } }, { "name": "voxel", "from": [7.80833, 7.02962, 3.8216], "to": [7.93531, 7.1566, 4.45653], "faces": { "north": {"uv": [0, 0, 16, 16], "texture": "#1"}, "east": {"uv": [0, 0, 16, 16], "texture": "#1"}, "south": {"uv": [0, 0, 16, 16], "texture": "#1"}, "west": {"uv": [0, 0, 16, 16], "texture": "#1"}, "up": {"uv": [0, 0, 16, 16], "rotation": 180, "texture": "#1"}, "down": {"uv": [0, 0, 16, 16], "rotation": 180, "texture": "#1"} } }, { "name": "voxel", "from": [7.80833, 9.18835, 3.8216], "to": [8.18928, 9.31533, 4.20256], "faces": { "north": {"uv": [0, 0, 16, 16], "texture": "#1"}, "east": {"uv": [0, 0, 16, 16], "texture": "#1"}, "south": {"uv": [0, 0, 16, 16], "texture": "#1"}, "west": {"uv": [0, 0, 16, 16], "texture": "#1"}, "up": {"uv": [0, 0, 16, 16], "rotation": 180, "texture": "#1"}, "down": {"uv": [0, 0, 16, 16], "rotation": 180, "texture": "#1"} } }, { "name": "voxel", "from": [7.93531, 6.90462, 4.20256], "to": [8.0623, 7.1566, 4.45653], "faces": { "north": {"uv": [0, 0, 16, 16], "texture": "#1"}, "east": {"uv": [0, 0, 16, 16], "texture": "#1"}, "south": {"uv": [0, 0, 16, 16], "texture": "#1"}, "west": {"uv": [0, 0, 16, 16], "texture": "#1"}, "up": {"uv": [0, 0, 16, 16], "rotation": 180, "texture": "#1"}, "down": {"uv": [0, 0, 16, 16], "rotation": 180, "texture": "#1"} } }, { "name": "voxel", "from": [8.0623, 9.18835, 4.20256], "to": [8.18928, 9.44232, 10.17081], "faces": { "north": {"uv": [0, 0, 16, 16], "texture": "#1"}, "east": {"uv": [0, 0, 16, 16], "texture": "#1"}, "south": {"uv": [0, 0, 16, 16], "texture": "#1"}, "west": {"uv": [0, 0, 16, 16], "texture": "#1"}, "up": {"uv": [0, 0, 16, 16], "rotation": 180, "texture": "#1"}, "down": {"uv": [0, 0, 16, 16], "rotation": 180, "texture": "#1"} } }, { "name": "voxel", "from": [7.80833, 9.18835, 4.20256], "to": [7.93531, 9.44232, 10.17081], "faces": { "north": {"uv": [0, 0, 16, 16], "texture": "#1"}, "east": {"uv": [0, 0, 16, 16], "texture": "#1"}, "south": {"uv": [0, 0, 16, 16], "texture": "#1"}, "west": {"uv": [0, 0, 16, 16], "texture": "#1"}, "up": {"uv": [0, 0, 16, 16], "rotation": 180, "texture": "#1"}, "down": {"uv": [0, 0, 16, 16], "rotation": 180, "texture": "#1"} } }, { "name": "voxel", "from": [7.93531, 9.31533, 4.20256], "to": [8.0623, 9.44232, 4.58351], "faces": { "north": {"uv": [0, 0, 16, 16], "texture": "#1"}, "east": {"uv": [0, 0, 16, 16], "texture": "#1"}, "south": {"uv": [0, 0, 16, 16], "texture": "#1"}, "west": {"uv": [0, 0, 16, 16], "texture": "#1"}, "up": {"uv": [0, 0, 16, 16], "rotation": 180, "texture": "#1"}, "down": {"uv": [0, 0, 16, 16], "rotation": 180, "texture": "#1"} } }, { "name": "voxel", "from": [7.93531, 7.0316, 4.45653], "to": [8.0623, 7.28359, 4.83748], "faces": { "north": {"uv": [0, 0, 16, 16], "texture": "#1"}, "east": {"uv": [0, 0, 16, 16], "texture": "#1"}, "south": {"uv": [0, 0, 16, 16], "texture": "#1"}, "west": {"uv": [0, 0, 16, 16], "texture": "#1"}, "up": {"uv": [0, 0, 16, 16], "rotation": 180, "texture": "#1"}, "down": {"uv": [0, 0, 16, 16], "rotation": 180, "texture": "#1"} } }, { "name": "voxel", "from": [7.80833, 9.44232, 4.58351], "to": [8.18928, 9.5693, 4.96446], "faces": { "north": {"uv": [0, 0, 16, 16], "texture": "#1"}, "east": {"uv": [0, 0, 16, 16], "texture": "#1"}, "south": {"uv": [0, 0, 16, 16], "texture": "#1"}, "west": {"uv": [0, 0, 16, 16], "texture": "#1"}, "up": {"uv": [0, 0, 16, 16], "rotation": 180, "texture": "#1"}, "down": {"uv": [0, 0, 16, 16], "rotation": 180, "texture": "#1"} } }, { "name": "voxel", "from": [7.93531, 7.15859, 4.83748], "to": [8.0623, 7.41057, 5.09145], "faces": { "north": {"uv": [0, 0, 16, 16], "texture": "#1"}, "east": {"uv": [0, 0, 16, 16], "texture": "#1"}, "south": {"uv": [0, 0, 16, 16], "texture": "#1"}, "west": {"uv": [0, 0, 16, 16], "texture": "#1"}, "up": {"uv": [0, 0, 16, 16], "rotation": 180, "texture": "#1"}, "down": {"uv": [0, 0, 16, 16], "rotation": 180, "texture": "#1"} } }, { "name": "voxel", "from": [8.0623, 9.44232, 4.96446], "to": [8.18928, 9.5693, 9.28192], "faces": { "north": {"uv": [0, 0, 16, 16], "texture": "#1"}, "east": {"uv": [0, 0, 16, 16], "texture": "#1"}, "south": {"uv": [0, 0, 16, 16], "texture": "#1"}, "west": {"uv": [0, 0, 16, 16], "texture": "#1"}, "up": {"uv": [0, 0, 16, 16], "rotation": 180, "texture": "#1"}, "down": {"uv": [0, 0, 16, 16], "rotation": 180, "texture": "#1"} } }, { "name": "voxel", "from": [7.80833, 9.44232, 4.96446], "to": [7.93531, 9.5693, 9.28192], "faces": { "north": {"uv": [0, 0, 16, 16], "texture": "#1"}, "east": {"uv": [0, 0, 16, 16], "texture": "#1"}, "south": {"uv": [0, 0, 16, 16], "texture": "#1"}, "west": {"uv": [0, 0, 16, 16], "texture": "#1"}, "up": {"uv": [0, 0, 16, 16], "rotation": 180, "texture": "#1"}, "down": {"uv": [0, 0, 16, 16], "rotation": 180, "texture": "#1"} } }, { "name": "voxel", "from": [7.93531, 9.5693, 4.96446], "to": [8.0623, 9.69629, 5.4724], "faces": { "north": {"uv": [0, 0, 16, 16], "texture": "#1"}, "east": {"uv": [0, 0, 16, 16], "texture": "#1"}, "south": {"uv": [0, 0, 16, 16], "texture": "#1"}, "west": {"uv": [0, 0, 16, 16], "texture": "#1"}, "up": {"uv": [0, 0, 16, 16], "rotation": 180, "texture": "#1"}, "down": {"uv": [0, 0, 16, 16], "rotation": 180, "texture": "#1"} } }, { "name": "voxel", "from": [7.93531, 7.28557, 5.09145], "to": [8.0623, 7.53755, 5.34541], "faces": { "north": {"uv": [0, 0, 16, 16], "texture": "#1"}, "east": {"uv": [0, 0, 16, 16], "texture": "#1"}, "south": {"uv": [0, 0, 16, 16], "texture": "#1"}, "west": {"uv": [0, 0, 16, 16], "texture": "#1"}, "up": {"uv": [0, 0, 16, 16], "rotation": 180, "texture": "#1"}, "down": {"uv": [0, 0, 16, 16], "rotation": 180, "texture": "#1"} } }, { "name": "voxel", "from": [7.93531, 7.41057, 5.34145], "to": [8.0623, 7.66255, 5.59541], "faces": { "north": {"uv": [0, 0, 16, 16], "texture": "#1"}, "east": {"uv": [0, 0, 16, 16], "texture": "#1"}, "south": {"uv": [0, 0, 16, 16], "texture": "#1"}, "west": {"uv": [0, 0, 16, 16], "texture": "#1"}, "up": {"uv": [0, 0, 16, 16], "rotation": 180, "texture": "#1"}, "down": {"uv": [0, 0, 16, 16], "rotation": 180, "texture": "#1"} } }, { "name": "voxel", "from": [8.0623, 9.5693, 5.09145], "to": [8.18928, 9.69629, 8.13907], "faces": { "north": {"uv": [0, 0, 16, 16], "texture": "#1"}, "east": {"uv": [0, 0, 16, 16], "texture": "#1"}, "south": {"uv": [0, 0, 16, 16], "texture": "#1"}, "west": {"uv": [0, 0, 16, 16], "texture": "#1"}, "up": {"uv": [0, 0, 16, 16], "rotation": 180, "texture": "#1"}, "down": {"uv": [0, 0, 16, 16], "rotation": 180, "texture": "#1"} } }, { "name": "voxel", "from": [7.80833, 9.5693, 5.09145], "to": [7.93531, 9.69629, 8.13907], "faces": { "north": {"uv": [0, 0, 16, 16], "texture": "#1"}, "east": {"uv": [0, 0, 16, 16], "texture": "#1"}, "south": {"uv": [0, 0, 16, 16], "texture": "#1"}, "west": {"uv": [0, 0, 16, 16], "texture": "#1"}, "up": {"uv": [0, 0, 16, 16], "rotation": 180, "texture": "#1"}, "down": {"uv": [0, 0, 16, 16], "rotation": 180, "texture": "#1"} } }, { "name": "voxel", "from": [7.80833, 7.53755, 5.34541], "to": [8.18928, 7.66454, 5.59938], "faces": { "north": {"uv": [0, 0, 16, 16], "texture": "#1"}, "east": {"uv": [0, 0, 16, 16], "texture": "#1"}, "south": {"uv": [0, 0, 16, 16], "texture": "#1"}, "west": {"uv": [0, 0, 16, 16], "texture": "#1"}, "up": {"uv": [0, 0, 16, 16], "rotation": 180, "texture": "#1"}, "down": {"uv": [0, 0, 16, 16], "rotation": 180, "texture": "#1"} } }, { "name": "voxel", "from": [7.93531, 9.69629, 5.4724], "to": [8.0623, 9.82327, 6.99621], "faces": { "north": {"uv": [0, 0, 16, 16], "texture": "#1"}, "east": {"uv": [0, 0, 16, 16], "texture": "#1"}, "south": {"uv": [0, 0, 16, 16], "texture": "#1"}, "west": {"uv": [0, 0, 16, 16], "texture": "#1"}, "up": {"uv": [0, 0, 16, 16], "rotation": 180, "texture": "#1"}, "down": {"uv": [0, 0, 16, 16], "rotation": 180, "texture": "#1"} } }, { "name": "voxel", "from": [7.93531, 7.53954, 5.59938], "to": [8.0623, 7.79152, 5.98033], "faces": { "north": {"uv": [0, 0, 16, 16], "texture": "#1"}, "east": {"uv": [0, 0, 16, 16], "texture": "#1"}, "south": {"uv": [0, 0, 16, 16], "texture": "#1"}, "west": {"uv": [0, 0, 16, 16], "texture": "#1"}, "up": {"uv": [0, 0, 16, 16], "rotation": 180, "texture": "#1"}, "down": {"uv": [0, 0, 16, 16], "rotation": 180, "texture": "#1"} } }, { "name": "voxel", "from": [8.0623, 9.69629, 5.59938], "to": [8.18928, 9.82327, 6.86922], "faces": { "north": {"uv": [0, 0, 16, 16], "texture": "#1"}, "east": {"uv": [0, 0, 16, 16], "texture": "#1"}, "south": {"uv": [0, 0, 16, 16], "texture": "#1"}, "west": {"uv": [0, 0, 16, 16], "texture": "#1"}, "up": {"uv": [0, 0, 16, 16], "rotation": 180, "texture": "#1"}, "down": {"uv": [0, 0, 16, 16], "rotation": 180, "texture": "#1"} } }, { "name": "voxel", "from": [7.80833, 9.69629, 5.59938], "to": [7.93531, 9.82327, 6.86922], "faces": { "north": {"uv": [0, 0, 16, 16], "texture": "#1"}, "east": {"uv": [0, 0, 16, 16], "texture": "#1"}, "south": {"uv": [0, 0, 16, 16], "texture": "#1"}, "west": {"uv": [0, 0, 16, 16], "texture": "#1"}, "up": {"uv": [0, 0, 16, 16], "rotation": 180, "texture": "#1"}, "down": {"uv": [0, 0, 16, 16], "rotation": 180, "texture": "#1"} } }, { "name": "voxel", "from": [8.0623, 7.79152, 5.85335], "to": [8.18928, 7.91851, 6.2343], "faces": { "north": {"uv": [0, 0, 16, 16], "texture": "#1"}, "east": {"uv": [0, 0, 16, 16], "texture": "#1"}, "south": {"uv": [0, 0, 16, 16], "texture": "#1"}, "west": {"uv": [0, 0, 16, 16], "texture": "#1"}, "up": {"uv": [0, 0, 16, 16], "rotation": 180, "texture": "#1"}, "down": {"uv": [0, 0, 16, 16], "rotation": 180, "texture": "#1"} } }, { "name": "voxel", "from": [7.80833, 7.79152, 5.85335], "to": [7.93531, 7.91851, 6.2343], "faces": { "north": {"uv": [0, 0, 16, 16], "texture": "#1"}, "east": {"uv": [0, 0, 16, 16], "texture": "#1"}, "south": {"uv": [0, 0, 16, 16], "texture": "#1"}, "west": {"uv": [0, 0, 16, 16], "texture": "#1"}, "up": {"uv": [0, 0, 16, 16], "rotation": 180, "texture": "#1"}, "down": {"uv": [0, 0, 16, 16], "rotation": 180, "texture": "#1"} } }, { "name": "voxel", "from": [7.93531, 7.66652, 5.98033], "to": [8.0623, 7.91851, 6.2343], "faces": { "north": {"uv": [0, 0, 16, 16], "texture": "#1"}, "east": {"uv": [0, 0, 16, 16], "texture": "#1"}, "south": {"uv": [0, 0, 16, 16], "texture": "#1"}, "west": {"uv": [0, 0, 16, 16], "texture": "#1"}, "up": {"uv": [0, 0, 16, 16], "rotation": 180, "texture": "#1"}, "down": {"uv": [0, 0, 16, 16], "rotation": 180, "texture": "#1"} } }, { "name": "voxel", "from": [7.93531, 7.79351, 6.2343], "to": [8.0623, 8.04549, 6.61526], "faces": { "north": {"uv": [0, 0, 16, 16], "texture": "#1"}, "east": {"uv": [0, 0, 16, 16], "texture": "#1"}, "south": {"uv": [0, 0, 16, 16], "texture": "#1"}, "west": {"uv": [0, 0, 16, 16], "texture": "#1"}, "up": {"uv": [0, 0, 16, 16], "rotation": 180, "texture": "#1"}, "down": {"uv": [0, 0, 16, 16], "rotation": 180, "texture": "#1"} } }, { "name": "voxel", "from": [8.0623, 8.04549, 6.48827], "to": [8.18928, 8.17248, 6.86922], "faces": { "north": {"uv": [0, 0, 16, 16], "texture": "#1"}, "east": {"uv": [0, 0, 16, 16], "texture": "#1"}, "south": {"uv": [0, 0, 16, 16], "texture": "#1"}, "west": {"uv": [0, 0, 16, 16], "texture": "#1"}, "up": {"uv": [0, 0, 16, 16], "rotation": 180, "texture": "#1"}, "down": {"uv": [0, 0, 16, 16], "rotation": 180, "texture": "#1"} } }, { "name": "voxel", "from": [7.80833, 8.04549, 6.48827], "to": [7.93531, 8.17248, 6.86922], "faces": { "north": {"uv": [0, 0, 16, 16], "texture": "#1"}, "east": {"uv": [0, 0, 16, 16], "texture": "#1"}, "south": {"uv": [0, 0, 16, 16], "texture": "#1"}, "west": {"uv": [0, 0, 16, 16], "texture": "#1"}, "up": {"uv": [0, 0, 16, 16], "rotation": 180, "texture": "#1"}, "down": {"uv": [0, 0, 16, 16], "rotation": 180, "texture": "#1"} } }, { "name": "voxel", "from": [7.93531, 7.92049, 6.61526], "to": [8.0623, 8.17248, 6.86922], "faces": { "north": {"uv": [0, 0, 16, 16], "texture": "#1"}, "east": {"uv": [0, 0, 16, 16], "texture": "#1"}, "south": {"uv": [0, 0, 16, 16], "texture": "#1"}, "west": {"uv": [0, 0, 16, 16], "texture": "#1"}, "up": {"uv": [0, 0, 16, 16], "rotation": 180, "texture": "#1"}, "down": {"uv": [0, 0, 16, 16], "rotation": 180, "texture": "#1"} } }, { "name": "voxel", "from": [7.93531, 8.04748, 6.86922], "to": [8.0623, 8.29946, 7.25018], "faces": { "north": {"uv": [0, 0, 16, 16], "texture": "#1"}, "east": {"uv": [0, 0, 16, 16], "texture": "#1"}, "south": {"uv": [0, 0, 16, 16], "texture": "#1"}, "west": {"uv": [0, 0, 16, 16], "texture": "#1"}, "up": {"uv": [0, 0, 16, 16], "rotation": 180, "texture": "#1"}, "down": {"uv": [0, 0, 16, 16], "rotation": 180, "texture": "#1"} } }, { "name": "voxel", "from": [7.93531, 9.5693, 6.99621], "to": [8.0623, 9.69629, 8.39303], "faces": { "north": {"uv": [0, 0, 16, 16], "texture": "#1"}, "east": {"uv": [0, 0, 16, 16], "texture": "#1"}, "south": {"uv": [0, 0, 16, 16], "texture": "#1"}, "west": {"uv": [0, 0, 16, 16], "texture": "#1"}, "up": {"uv": [0, 0, 16, 16], "rotation": 180, "texture": "#1"}, "down": {"uv": [0, 0, 16, 16], "rotation": 180, "texture": "#1"} } }, { "name": "voxel", "from": [7.93531, 8.17446, 7.25018], "to": [8.0623, 8.42644, 8.13907], "faces": { "north": {"uv": [0, 0, 16, 16], "texture": "#1"}, "east": {"uv": [0, 0, 16, 16], "texture": "#1"}, "south": {"uv": [0, 0, 16, 16], "texture": "#1"}, "west": {"uv": [0, 0, 16, 16], "texture": "#1"}, "up": {"uv": [0, 0, 16, 16], "rotation": 180, "texture": "#1"}, "down": {"uv": [0, 0, 16, 16], "rotation": 180, "texture": "#1"} } }, { "name": "voxel", "from": [7.93531, 8.30144, 8.13907], "to": [8.0623, 8.55343, 8.52002], "faces": { "north": {"uv": [0, 0, 16, 16], "texture": "#1"}, "east": {"uv": [0, 0, 16, 16], "texture": "#1"}, "south": {"uv": [0, 0, 16, 16], "texture": "#1"}, "west": {"uv": [0, 0, 16, 16], "texture": "#1"}, "up": {"uv": [0, 0, 16, 16], "rotation": 180, "texture": "#1"}, "down": {"uv": [0, 0, 16, 16], "rotation": 180, "texture": "#1"} } }, { "name": "voxel", "from": [7.93531, 9.44232, 8.39303], "to": [8.0623, 9.5693, 9.40891], "faces": { "north": {"uv": [0, 0, 16, 16], "texture": "#1"}, "east": {"uv": [0, 0, 16, 16], "texture": "#1"}, "south": {"uv": [0, 0, 16, 16], "texture": "#1"}, "west": {"uv": [0, 0, 16, 16], "texture": "#1"}, "up": {"uv": [0, 0, 16, 16], "rotation": 180, "texture": "#1"}, "down": {"uv": [0, 0, 16, 16], "rotation": 180, "texture": "#1"} } }, { "name": "voxel", "from": [7.93531, 8.17446, 8.52002], "to": [8.0623, 8.42644, 9.02795], "faces": { "north": {"uv": [0, 0, 16, 16], "texture": "#1"}, "east": {"uv": [0, 0, 16, 16], "texture": "#1"}, "south": {"uv": [0, 0, 16, 16], "texture": "#1"}, "west": {"uv": [0, 0, 16, 16], "texture": "#1"}, "up": {"uv": [0, 0, 16, 16], "rotation": 180, "texture": "#1"}, "down": {"uv": [0, 0, 16, 16], "rotation": 180, "texture": "#1"} } }, { "name": "voxel", "from": [8.0623, 8.29946, 8.647], "to": [8.18928, 8.42644, 10.67875], "faces": { "north": {"uv": [0, 0, 16, 16], "texture": "#1"}, "east": {"uv": [0, 0, 16, 16], "texture": "#1"}, "south": {"uv": [0, 0, 16, 16], "texture": "#1"}, "west": {"uv": [0, 0, 16, 16], "texture": "#1"}, "up": {"uv": [0, 0, 16, 16], "rotation": 180, "texture": "#1"}, "down": {"uv": [0, 0, 16, 16], "rotation": 180, "texture": "#1"} } }, { "name": "voxel", "from": [7.80833, 8.29946, 8.647], "to": [7.93531, 8.42644, 10.67875], "faces": { "north": {"uv": [0, 0, 16, 16], "texture": "#1"}, "east": {"uv": [0, 0, 16, 16], "texture": "#1"}, "south": {"uv": [0, 0, 16, 16], "texture": "#1"}, "west": {"uv": [0, 0, 16, 16], "texture": "#1"}, "up": {"uv": [0, 0, 16, 16], "rotation": 180, "texture": "#1"}, "down": {"uv": [0, 0, 16, 16], "rotation": 180, "texture": "#1"} } }, { "name": "voxel", "from": [7.93531, 8.04748, 9.02795], "to": [8.0623, 8.29946, 9.28192], "faces": { "north": {"uv": [0, 0, 16, 16], "texture": "#1"}, "east": {"uv": [0, 0, 16, 16], "texture": "#1"}, "south": {"uv": [0, 0, 16, 16], "texture": "#1"}, "west": {"uv": [0, 0, 16, 16], "texture": "#1"}, "up": {"uv": [0, 0, 16, 16], "rotation": 180, "texture": "#1"}, "down": {"uv": [0, 0, 16, 16], "rotation": 180, "texture": "#1"} } }, { "name": "voxel", "from": [8.0623, 8.17248, 9.15494], "to": [8.18928, 8.29946, 10.67875], "faces": { "north": {"uv": [0, 0, 16, 16], "texture": "#1"}, "east": {"uv": [0, 0, 16, 16], "texture": "#1"}, "south": {"uv": [0, 0, 16, 16], "texture": "#1"}, "west": {"uv": [0, 0, 16, 16], "texture": "#1"}, "up": {"uv": [0, 0, 16, 16], "rotation": 180, "texture": "#1"}, "down": {"uv": [0, 0, 16, 16], "rotation": 180, "texture": "#1"} } }, { "name": "voxel", "from": [7.80833, 8.17248, 9.15494], "to": [7.93531, 8.29946, 10.67875], "faces": { "north": {"uv": [0, 0, 16, 16], "texture": "#1"}, "east": {"uv": [0, 0, 16, 16], "texture": "#1"}, "south": {"uv": [0, 0, 16, 16], "texture": "#1"}, "west": {"uv": [0, 0, 16, 16], "texture": "#1"}, "up": {"uv": [0, 0, 16, 16], "rotation": 180, "texture": "#1"}, "down": {"uv": [0, 0, 16, 16], "rotation": 180, "texture": "#1"} } }, { "name": "voxel", "from": [7.93531, 7.92049, 9.28192], "to": [8.0623, 8.17248, 10.93272], "faces": { "north": {"uv": [0, 0, 16, 16], "texture": "#1"}, "east": {"uv": [0, 0, 16, 16], "texture": "#1"}, "south": {"uv": [0, 0, 16, 16], "texture": "#1"}, "west": {"uv": [0, 0, 16, 16], "texture": "#1"}, "up": {"uv": [0, 0, 16, 16], "rotation": 180, "texture": "#1"}, "down": {"uv": [0, 0, 16, 16], "rotation": 180, "texture": "#1"} } }, { "name": "voxel", "from": [8.0623, 8.04549, 9.40891], "to": [8.18928, 8.17248, 9.53589], "faces": { "north": {"uv": [0, 0, 16, 16], "texture": "#1"}, "east": {"uv": [0, 0, 16, 16], "texture": "#1"}, "south": {"uv": [0, 0, 16, 16], "texture": "#1"}, "west": {"uv": [0, 0, 16, 16], "texture": "#1"}, "up": {"uv": [0, 0, 16, 16], "rotation": 180, "texture": "#1"}, "down": {"uv": [0, 0, 16, 16], "rotation": 180, "texture": "#1"} } }, { "name": "voxel", "from": [7.80833, 8.04549, 9.40891], "to": [7.93531, 8.17248, 9.53589], "faces": { "north": {"uv": [0, 0, 16, 16], "texture": "#1"}, "east": {"uv": [0, 0, 16, 16], "texture": "#1"}, "south": {"uv": [0, 0, 16, 16], "texture": "#1"}, "west": {"uv": [0, 0, 16, 16], "texture": "#1"}, "up": {"uv": [0, 0, 16, 16], "rotation": 180, "texture": "#1"}, "down": {"uv": [0, 0, 16, 16], "rotation": 180, "texture": "#1"} } }, { "name": "voxel", "from": [7.93531, 9.31533, 9.40891], "to": [8.0623, 9.44232, 10.17081], "faces": { "north": {"uv": [0, 0, 16, 16], "texture": "#1"}, "east": {"uv": [0, 0, 16, 16], "texture": "#1"}, "south": {"uv": [0, 0, 16, 16], "texture": "#1"}, "west": {"uv": [0, 0, 16, 16], "texture": "#1"}, "up": {"uv": [0, 0, 16, 16], "rotation": 180, "texture": "#1"}, "down": {"uv": [0, 0, 16, 16], "rotation": 180, "texture": "#1"} } }, { "name": "voxel", "from": [8.0623, 8.04549, 9.66287], "to": [8.18928, 8.17248, 9.91684], "faces": { "north": {"uv": [0, 0, 16, 16], "texture": "#1"}, "east": {"uv": [0, 0, 16, 16], "texture": "#1"}, "south": {"uv": [0, 0, 16, 16], "texture": "#1"}, "west": {"uv": [0, 0, 16, 16], "texture": "#1"}, "up": {"uv": [0, 0, 16, 16], "rotation": 180, "texture": "#1"}, "down": {"uv": [0, 0, 16, 16], "rotation": 180, "texture": "#1"} } }, { "name": "voxel", "from": [7.80833, 8.04549, 9.66287], "to": [7.93531, 8.17248, 9.91684], "faces": { "north": {"uv": [0, 0, 16, 16], "texture": "#1"}, "east": {"uv": [0, 0, 16, 16], "texture": "#1"}, "south": {"uv": [0, 0, 16, 16], "texture": "#1"}, "west": {"uv": [0, 0, 16, 16], "texture": "#1"}, "up": {"uv": [0, 0, 16, 16], "rotation": 180, "texture": "#1"}, "down": {"uv": [0, 0, 16, 16], "rotation": 180, "texture": "#1"} } }, { "name": "voxel", "from": [8.0623, 8.04549, 10.04383], "to": [8.18928, 8.17248, 10.93272], "faces": { "north": {"uv": [0, 0, 16, 16], "texture": "#1"}, "east": {"uv": [0, 0, 16, 16], "texture": "#1"}, "south": {"uv": [0, 0, 16, 16], "texture": "#1"}, "west": {"uv": [0, 0, 16, 16], "texture": "#1"}, "up": {"uv": [0, 0, 16, 16], "rotation": 180, "texture": "#1"}, "down": {"uv": [0, 0, 16, 16], "rotation": 180, "texture": "#1"} } }, { "name": "voxel", "from": [7.80833, 8.04549, 10.04383], "to": [7.93531, 8.17248, 10.93272], "faces": { "north": {"uv": [0, 0, 16, 16], "texture": "#1"}, "east": {"uv": [0, 0, 16, 16], "texture": "#1"}, "south": {"uv": [0, 0, 16, 16], "texture": "#1"}, "west": {"uv": [0, 0, 16, 16], "texture": "#1"}, "up": {"uv": [0, 0, 16, 16], "rotation": 180, "texture": "#1"}, "down": {"uv": [0, 0, 16, 16], "rotation": 180, "texture": "#1"} } }, { "name": "voxel", "from": [7.80833, 9.18835, 10.17081], "to": [8.18928, 9.31533, 10.80573], "faces": { "north": {"uv": [0, 0, 16, 16], "texture": "#1"}, "east": {"uv": [0, 0, 16, 16], "texture": "#1"}, "south": {"uv": [0, 0, 16, 16], "texture": "#1"}, "west": {"uv": [0, 0, 16, 16], "texture": "#1"}, "up": {"uv": [0, 0, 16, 16], "rotation": 180, "texture": "#1"}, "down": {"uv": [0, 0, 16, 16], "rotation": 180, "texture": "#1"} } }, { "name": "voxel", "from": [7.93531, 9.18835, 10.80573], "to": [8.0623, 9.31533, 10.93272], "faces": { "north": {"uv": [0, 0, 16, 16], "texture": "#1"}, "east": {"uv": [0, 0, 16, 16], "texture": "#1"}, "south": {"uv": [0, 0, 16, 16], "texture": "#1"}, "west": {"uv": [0, 0, 16, 16], "texture": "#1"}, "up": {"uv": [0, 0, 16, 16], "rotation": 180, "texture": "#1"}, "down": {"uv": [0, 0, 16, 16], "rotation": 180, "texture": "#1"} } }, { "name": "voxel", "from": [8.18928, 8.04549, 10.67875], "to": [8.31627, 8.8074, 12.71049], "faces": { "north": {"uv": [10.99938, 10.99938, 15.06075, 15.06075], "texture": "#2"}, "east": {"uv": [10.99938, 10.99938, 15.06075, 15.06075], "texture": "#2"}, "south": {"uv": [10.99938, 10.99938, 15.06075, 15.06075], "texture": "#2"}, "west": {"uv": [10.99938, 10.99938, 15.06075, 15.06075], "texture": "#2"}, "up": {"uv": [10.99938, 10.99938, 15.06075, 15.06075], "rotation": 180, "texture": "#2"}, "down": {"uv": [10.99938, 10.99938, 15.06075, 15.06075], "rotation": 180, "texture": "#2"} } }, { "name": "voxel", "from": [8.18928, 8.8074, 10.80573], "to": [8.31627, 9.18835, 11.44065], "faces": { "north": {"uv": [10.99938, 10.99938, 15.06075, 15.06075], "texture": "#2"}, "east": {"uv": [10.99938, 10.99938, 15.06075, 15.06075], "texture": "#2"}, "south": {"uv": [10.99938, 10.99938, 15.06075, 15.06075], "texture": "#2"}, "west": {"uv": [10.99938, 10.99938, 15.06075, 15.06075], "texture": "#2"}, "up": {"uv": [10.99938, 10.99938, 15.06075, 15.06075], "rotation": 180, "texture": "#2"}, "down": {"uv": [10.99938, 10.99938, 15.06075, 15.06075], "rotation": 180, "texture": "#2"} } }, { "name": "voxel", "from": [8.18928, 8.8074, 11.44065], "to": [8.31627, 9.06136, 11.8216], "faces": { "north": {"uv": [10.99938, 10.99938, 15.06075, 15.06075], "texture": "#2"}, "east": {"uv": [10.99938, 10.99938, 15.06075, 15.06075], "texture": "#2"}, "south": {"uv": [10.99938, 10.99938, 15.06075, 15.06075], "texture": "#2"}, "west": {"uv": [10.99938, 10.99938, 15.06075, 15.06075], "texture": "#2"}, "up": {"uv": [10.99938, 10.99938, 15.06075, 15.06075], "rotation": 180, "texture": "#2"}, "down": {"uv": [10.99938, 10.99938, 15.06075, 15.06075], "rotation": 180, "texture": "#2"} } }, { "name": "voxel", "from": [7.68135, 8.8074, 11.8216], "to": [8.31627, 8.93438, 12.20256], "faces": { "north": {"uv": [10.99938, 10.99938, 15.06075, 15.06075], "texture": "#2"}, "east": {"uv": [10.99938, 10.99938, 15.06075, 15.06075], "texture": "#2"}, "south": {"uv": [10.99938, 10.99938, 15.06075, 15.06075], "texture": "#2"}, "west": {"uv": [10.99938, 10.99938, 15.06075, 15.06075], "texture": "#2"}, "up": {"uv": [10.99938, 10.99938, 15.06075, 15.06075], "rotation": 180, "texture": "#2"}, "down": {"uv": [10.99938, 10.99938, 15.06075, 15.06075], "rotation": 180, "texture": "#2"} } }, { "name": "voxel", "from": [7.80833, 8.8074, 12.20256], "to": [8.18928, 8.93438, 12.32954], "faces": { "north": {"uv": [10.99938, 10.99938, 15.06075, 15.06075], "texture": "#2"}, "east": {"uv": [10.99938, 10.99938, 15.06075, 15.06075], "texture": "#2"}, "south": {"uv": [10.99938, 10.99938, 15.06075, 15.06075], "texture": "#2"}, "west": {"uv": [10.99938, 10.99938, 15.06075, 15.06075], "texture": "#2"}, "up": {"uv": [10.99938, 10.99938, 15.06075, 15.06075], "rotation": 180, "texture": "#2"}, "down": {"uv": [10.99938, 10.99938, 15.06075, 15.06075], "rotation": 180, "texture": "#2"} } }, { "name": "voxel", "from": [8.18928, 7.91851, 11.0597], "to": [8.31627, 8.04549, 14.74224], "faces": { "north": {"uv": [10.99938, 10.99938, 15.06075, 15.06075], "texture": "#2"}, "east": {"uv": [10.99938, 10.99938, 15.06075, 15.06075], "texture": "#2"}, "south": {"uv": [10.99938, 10.99938, 15.06075, 15.06075], "texture": "#2"}, "west": {"uv": [10.99938, 10.99938, 15.06075, 15.06075], "texture": "#2"}, "up": {"uv": [10.99938, 10.99938, 15.06075, 15.06075], "rotation": 180, "texture": "#2"}, "down": {"uv": [10.99938, 10.99938, 15.06075, 15.06075], "rotation": 180, "texture": "#2"} } }, { "name": "voxel", "from": [7.68135, 7.79152, 11.44065], "to": [8.31627, 7.91851, 11.94859], "faces": { "north": {"uv": [10.99938, 10.99938, 15.06075, 15.06075], "texture": "#2"}, "east": {"uv": [10.99938, 10.99938, 15.06075, 15.06075], "texture": "#2"}, "south": {"uv": [10.99938, 10.99938, 15.06075, 15.06075], "texture": "#2"}, "west": {"uv": [10.99938, 10.99938, 15.06075, 15.06075], "texture": "#2"}, "up": {"uv": [10.99938, 10.99938, 15.06075, 15.06075], "rotation": 180, "texture": "#2"}, "down": {"uv": [10.99938, 10.99938, 15.06075, 15.06075], "rotation": 180, "texture": "#2"} } }, { "name": "voxel", "from": [8.18928, 7.79152, 11.94859], "to": [8.31627, 7.91851, 14.74224], "faces": { "north": {"uv": [10.99938, 10.99938, 15.06075, 15.06075], "texture": "#2"}, "east": {"uv": [10.99938, 10.99938, 15.06075, 15.06075], "texture": "#2"}, "south": {"uv": [10.99938, 10.99938, 15.06075, 15.06075], "texture": "#2"}, "west": {"uv": [10.99938, 10.99938, 15.06075, 15.06075], "texture": "#2"}, "up": {"uv": [10.99938, 10.99938, 15.06075, 15.06075], "rotation": 180, "texture": "#2"}, "down": {"uv": [10.99938, 10.99938, 15.06075, 15.06075], "rotation": 180, "texture": "#2"} } }, { "name": "voxel", "from": [8.18928, 7.66454, 12.32954], "to": [8.31627, 7.79152, 14.74224], "faces": { "north": {"uv": [10.99938, 10.99938, 15.06075, 15.06075], "texture": "#2"}, "east": {"uv": [10.99938, 10.99938, 15.06075, 15.06075], "texture": "#2"}, "south": {"uv": [10.99938, 10.99938, 15.06075, 15.06075], "texture": "#2"}, "west": {"uv": [10.99938, 10.99938, 15.06075, 15.06075], "texture": "#2"}, "up": {"uv": [10.99938, 10.99938, 15.06075, 15.06075], "rotation": 180, "texture": "#2"}, "down": {"uv": [10.99938, 10.99938, 15.06075, 15.06075], "rotation": 180, "texture": "#2"} } }, { "name": "voxel", "from": [7.68135, 7.66454, 11.94859], "to": [8.31627, 7.79152, 12.32954], "faces": { "north": {"uv": [10.99938, 10.99938, 15.06075, 15.06075], "texture": "#2"}, "east": {"uv": [10.99938, 10.99938, 15.06075, 15.06075], "texture": "#2"}, "south": {"uv": [10.99938, 10.99938, 15.06075, 15.06075], "texture": "#2"}, "west": {"uv": [10.99938, 10.99938, 15.06075, 15.06075], "texture": "#2"}, "up": {"uv": [10.99938, 10.99938, 15.06075, 15.06075], "rotation": 180, "texture": "#2"}, "down": {"uv": [10.99938, 10.99938, 15.06075, 15.06075], "rotation": 180, "texture": "#2"} } }, { "name": "voxel", "from": [8.18928, 7.53755, 12.45653], "to": [8.31627, 7.66454, 14.74224], "faces": { "north": {"uv": [10.99938, 10.99938, 15.06075, 15.06075], "texture": "#2"}, "east": {"uv": [10.99938, 10.99938, 15.06075, 15.06075], "texture": "#2"}, "south": {"uv": [10.99938, 10.99938, 15.06075, 15.06075], "texture": "#2"}, "west": {"uv": [10.99938, 10.99938, 15.06075, 15.06075], "texture": "#2"}, "up": {"uv": [10.99938, 10.99938, 15.06075, 15.06075], "rotation": 180, "texture": "#2"}, "down": {"uv": [10.99938, 10.99938, 15.06075, 15.06075], "rotation": 180, "texture": "#2"} } }, { "name": "voxel", "from": [7.80833, 7.53755, 12.32954], "to": [8.18928, 7.66454, 12.71049], "faces": { "north": {"uv": [10.99938, 10.99938, 15.06075, 15.06075], "texture": "#2"}, "east": {"uv": [10.99938, 10.99938, 15.06075, 15.06075], "texture": "#2"}, "south": {"uv": [10.99938, 10.99938, 15.06075, 15.06075], "texture": "#2"}, "west": {"uv": [10.99938, 10.99938, 15.06075, 15.06075], "texture": "#2"}, "up": {"uv": [10.99938, 10.99938, 15.06075, 15.06075], "rotation": 180, "texture": "#2"}, "down": {"uv": [10.99938, 10.99938, 15.06075, 15.06075], "rotation": 180, "texture": "#2"} } }, { "name": "voxel", "from": [8.18928, 7.41057, 12.96446], "to": [8.31627, 7.53755, 14.74224], "faces": { "north": {"uv": [10.99938, 10.99938, 15.06075, 15.06075], "texture": "#2"}, "east": {"uv": [10.99938, 10.99938, 15.06075, 15.06075], "texture": "#2"}, "south": {"uv": [10.99938, 10.99938, 15.06075, 15.06075], "texture": "#2"}, "west": {"uv": [10.99938, 10.99938, 15.06075, 15.06075], "texture": "#2"}, "up": {"uv": [10.99938, 10.99938, 15.06075, 15.06075], "rotation": 180, "texture": "#2"}, "down": {"uv": [10.99938, 10.99938, 15.06075, 15.06075], "rotation": 180, "texture": "#2"} } }, { "name": "voxel", "from": [7.68135, 7.41057, 12.71049], "to": [8.31627, 7.53755, 12.96446], "faces": { "north": {"uv": [10.99938, 10.99938, 15.06075, 15.06075], "texture": "#2"}, "east": {"uv": [10.99938, 10.99938, 15.06075, 15.06075], "texture": "#2"}, "south": {"uv": [10.99938, 10.99938, 15.06075, 15.06075], "texture": "#2"}, "west": {"uv": [10.99938, 10.99938, 15.06075, 15.06075], "texture": "#2"}, "up": {"uv": [10.99938, 10.99938, 15.06075, 15.06075], "rotation": 180, "texture": "#2"}, "down": {"uv": [10.99938, 10.99938, 15.06075, 15.06075], "rotation": 180, "texture": "#2"} } }, { "name": "voxel", "from": [7.68135, 7.28359, 12.96446], "to": [8.31627, 7.41057, 13.21843], "faces": { "north": {"uv": [10.99938, 10.99938, 15.06075, 15.06075], "texture": "#2"}, "east": {"uv": [10.99938, 10.99938, 15.06075, 15.06075], "texture": "#2"}, "south": {"uv": [10.99938, 10.99938, 15.06075, 15.06075], "texture": "#2"}, "west": {"uv": [10.99938, 10.99938, 15.06075, 15.06075], "texture": "#2"}, "up": {"uv": [10.99938, 10.99938, 15.06075, 15.06075], "rotation": 180, "texture": "#2"}, "down": {"uv": [10.99938, 10.99938, 15.06075, 15.06075], "rotation": 180, "texture": "#2"} } }, { "name": "voxel", "from": [8.18928, 7.28359, 13.21843], "to": [8.31627, 7.41057, 14.61526], "faces": { "north": {"uv": [10.99938, 10.99938, 15.06075, 15.06075], "texture": "#2"}, "east": {"uv": [10.99938, 10.99938, 15.06075, 15.06075], "texture": "#2"}, "south": {"uv": [10.99938, 10.99938, 15.06075, 15.06075], "texture": "#2"}, "west": {"uv": [10.99938, 10.99938, 15.06075, 15.06075], "texture": "#2"}, "up": {"uv": [10.99938, 10.99938, 15.06075, 15.06075], "rotation": 180, "texture": "#2"}, "down": {"uv": [10.99938, 10.99938, 15.06075, 15.06075], "rotation": 180, "texture": "#2"} } }, { "name": "voxel", "from": [8.18928, 7.1566, 13.34541], "to": [8.31627, 7.28359, 14.61526], "faces": { "north": {"uv": [10.99938, 10.99938, 15.06075, 15.06075], "texture": "#2"}, "east": {"uv": [10.99938, 10.99938, 15.06075, 15.06075], "texture": "#2"}, "south": {"uv": [10.99938, 10.99938, 15.06075, 15.06075], "texture": "#2"}, "west": {"uv": [10.99938, 10.99938, 15.06075, 15.06075], "texture": "#2"}, "up": {"uv": [10.99938, 10.99938, 15.06075, 15.06075], "rotation": 180, "texture": "#2"}, "down": {"uv": [10.99938, 10.99938, 15.06075, 15.06075], "rotation": 180, "texture": "#2"} } }, { "name": "voxel", "from": [7.68135, 6.77565, 13.59938], "to": [8.31627, 6.90263, 13.72637], "faces": { "north": {"uv": [10.99938, 10.99938, 15.06075, 15.06075], "texture": "#2"}, "east": {"uv": [10.99938, 10.99938, 15.06075, 15.06075], "texture": "#2"}, "south": {"uv": [10.99938, 10.99938, 15.06075, 15.06075], "texture": "#2"}, "west": {"uv": [10.99938, 10.99938, 15.06075, 15.06075], "texture": "#2"}, "up": {"uv": [10.99938, 10.99938, 15.06075, 15.06075], "rotation": 180, "texture": "#2"}, "down": {"uv": [10.99938, 10.99938, 15.06075, 15.06075], "rotation": 180, "texture": "#2"} } }, { "name": "voxel", "from": [8.18928, 6.77565, 13.72637], "to": [8.31627, 6.90263, 14.2343], "faces": { "north": {"uv": [10.99938, 10.99938, 15.06075, 15.06075], "texture": "#2"}, "east": {"uv": [10.99938, 10.99938, 15.06075, 15.06075], "texture": "#2"}, "south": {"uv": [10.99938, 10.99938, 15.06075, 15.06075], "texture": "#2"}, "west": {"uv": [10.99938, 10.99938, 15.06075, 15.06075], "texture": "#2"}, "up": {"uv": [10.99938, 10.99938, 15.06075, 15.06075], "rotation": 180, "texture": "#2"}, "down": {"uv": [10.99938, 10.99938, 15.06075, 15.06075], "rotation": 180, "texture": "#2"} } }, { "name": "voxel", "from": [7.80833, 6.64867, 13.98033], "to": [8.18928, 6.77565, 14.10732], "faces": { "north": {"uv": [10.99938, 10.99938, 15.06075, 15.06075], "texture": "#2"}, "east": {"uv": [10.99938, 10.99938, 15.06075, 15.06075], "texture": "#2"}, "south": {"uv": [10.99938, 10.99938, 15.06075, 15.06075], "texture": "#2"}, "west": {"uv": [10.99938, 10.99938, 15.06075, 15.06075], "texture": "#2"}, "up": {"uv": [10.99938, 10.99938, 15.06075, 15.06075], "rotation": 180, "texture": "#2"}, "down": {"uv": [10.99938, 10.99938, 15.06075, 15.06075], "rotation": 180, "texture": "#2"} } }, { "name": "voxel", "from": [7.68135, 6.64867, 13.72637], "to": [8.31627, 6.77565, 13.85335], "faces": { "north": {"uv": [10.99938, 10.99938, 15.06075, 15.06075], "texture": "#2"}, "east": {"uv": [10.99938, 10.99938, 15.06075, 15.06075], "texture": "#2"}, "south": {"uv": [10.99938, 10.99938, 15.06075, 15.06075], "texture": "#2"}, "west": {"uv": [10.99938, 10.99938, 15.06075, 15.06075], "texture": "#2"}, "up": {"uv": [10.99938, 10.99938, 15.06075, 15.06075], "rotation": 180, "texture": "#2"}, "down": {"uv": [10.99938, 10.99938, 15.06075, 15.06075], "rotation": 180, "texture": "#2"} } }, { "name": "voxel", "from": [7.80833, 6.52168, 13.85335], "to": [8.18928, 6.64867, 13.98033], "faces": { "north": {"uv": [10.99938, 10.99938, 15.06075, 15.06075], "texture": "#2"}, "east": {"uv": [10.99938, 10.99938, 15.06075, 15.06075], "texture": "#2"}, "south": {"uv": [10.99938, 10.99938, 15.06075, 15.06075], "texture": "#2"}, "west": {"uv": [10.99938, 10.99938, 15.06075, 15.06075], "texture": "#2"}, "up": {"uv": [10.99938, 10.99938, 15.06075, 15.06075], "rotation": 180, "texture": "#2"}, "down": {"uv": [10.99938, 10.99938, 15.06075, 15.06075], "rotation": 180, "texture": "#2"} } }, { "name": "voxel", "from": [8.18928, 6.64867, 13.85335], "to": [8.31627, 6.77565, 13.98033], "faces": { "north": {"uv": [10.99938, 10.99938, 15.06075, 15.06075], "texture": "#2"}, "east": {"uv": [10.99938, 10.99938, 15.06075, 15.06075], "texture": "#2"}, "south": {"uv": [10.99938, 10.99938, 15.06075, 15.06075], "texture": "#2"}, "west": {"uv": [10.99938, 10.99938, 15.06075, 15.06075], "texture": "#2"}, "up": {"uv": [10.99938, 10.99938, 15.06075, 15.06075], "rotation": 180, "texture": "#2"}, "down": {"uv": [10.99938, 10.99938, 15.06075, 15.06075], "rotation": 180, "texture": "#2"} } }, { "name": "voxel", "from": [7.80833, 6.90263, 13.34541], "to": [8.18928, 7.02962, 13.59938], "faces": { "north": {"uv": [10.99938, 10.99938, 15.06075, 15.06075], "texture": "#2"}, "east": {"uv": [10.99938, 10.99938, 15.06075, 15.06075], "texture": "#2"}, "south": {"uv": [10.99938, 10.99938, 15.06075, 15.06075], "texture": "#2"}, "west": {"uv": [10.99938, 10.99938, 15.06075, 15.06075], "texture": "#2"}, "up": {"uv": [10.99938, 10.99938, 15.06075, 15.06075], "rotation": 180, "texture": "#2"}, "down": {"uv": [10.99938, 10.99938, 15.06075, 15.06075], "rotation": 180, "texture": "#2"} } }, { "name": "voxel", "from": [8.18928, 6.90263, 13.4724], "to": [8.31627, 7.1566, 14.36129], "faces": { "north": {"uv": [10.99938, 10.99938, 15.06075, 15.06075], "texture": "#2"}, "east": {"uv": [10.99938, 10.99938, 15.06075, 15.06075], "texture": "#2"}, "south": {"uv": [10.99938, 10.99938, 15.06075, 15.06075], "texture": "#2"}, "west": {"uv": [10.99938, 10.99938, 15.06075, 15.06075], "texture": "#2"}, "up": {"uv": [10.99938, 10.99938, 15.06075, 15.06075], "rotation": 180, "texture": "#2"}, "down": {"uv": [10.99938, 10.99938, 15.06075, 15.06075], "rotation": 180, "texture": "#2"} } }, { "name": "voxel", "from": [7.68135, 7.02962, 13.34541], "to": [8.31627, 7.1566, 13.4724], "faces": { "north": {"uv": [10.99938, 10.99938, 15.06075, 15.06075], "texture": "#2"}, "east": {"uv": [10.99938, 10.99938, 15.06075, 15.06075], "texture": "#2"}, "south": {"uv": [10.99938, 10.99938, 15.06075, 15.06075], "texture": "#2"}, "west": {"uv": [10.99938, 10.99938, 15.06075, 15.06075], "texture": "#2"}, "up": {"uv": [10.99938, 10.99938, 15.06075, 15.06075], "rotation": 180, "texture": "#2"}, "down": {"uv": [10.99938, 10.99938, 15.06075, 15.06075], "rotation": 180, "texture": "#2"} } }, { "name": "voxel", "from": [7.68135, 7.1566, 13.21843], "to": [8.31627, 7.28359, 13.34541], "faces": { "north": {"uv": [10.99938, 10.99938, 15.06075, 15.06075], "texture": "#2"}, "east": {"uv": [10.99938, 10.99938, 15.06075, 15.06075], "texture": "#2"}, "south": {"uv": [10.99938, 10.99938, 15.06075, 15.06075], "texture": "#2"}, "west": {"uv": [10.99938, 10.99938, 15.06075, 15.06075], "texture": "#2"}, "up": {"uv": [10.99938, 10.99938, 15.06075, 15.06075], "rotation": 180, "texture": "#2"}, "down": {"uv": [10.99938, 10.99938, 15.06075, 15.06075], "rotation": 180, "texture": "#2"} } }, { "name": "voxel", "from": [7.68135, 7.02962, 14.36129], "to": [8.31627, 7.1566, 14.48827], "faces": { "north": {"uv": [10.99938, 10.99938, 15.06075, 15.06075], "texture": "#2"}, "east": {"uv": [10.99938, 10.99938, 15.06075, 15.06075], "texture": "#2"}, "south": {"uv": [10.99938, 10.99938, 15.06075, 15.06075], "texture": "#2"}, "west": {"uv": [10.99938, 10.99938, 15.06075, 15.06075], "texture": "#2"}, "up": {"uv": [10.99938, 10.99938, 15.06075, 15.06075], "rotation": 180, "texture": "#2"}, "down": {"uv": [10.99938, 10.99938, 15.06075, 15.06075], "rotation": 180, "texture": "#2"} } }, { "name": "voxel", "from": [7.80833, 6.90263, 14.2343], "to": [8.18928, 7.02962, 14.36129], "faces": { "north": {"uv": [10.99938, 10.99938, 15.06075, 15.06075], "texture": "#2"}, "east": {"uv": [10.99938, 10.99938, 15.06075, 15.06075], "texture": "#2"}, "south": {"uv": [10.99938, 10.99938, 15.06075, 15.06075], "texture": "#2"}, "west": {"uv": [10.99938, 10.99938, 15.06075, 15.06075], "texture": "#2"}, "up": {"uv": [10.99938, 10.99938, 15.06075, 15.06075], "rotation": 180, "texture": "#2"}, "down": {"uv": [10.99938, 10.99938, 15.06075, 15.06075], "rotation": 180, "texture": "#2"} } }, { "name": "voxel", "from": [7.80833, 6.77565, 14.10732], "to": [8.18928, 6.90263, 14.2343], "faces": { "north": {"uv": [10.99938, 10.99938, 15.06075, 15.06075], "texture": "#2"}, "east": {"uv": [10.99938, 10.99938, 15.06075, 15.06075], "texture": "#2"}, "south": {"uv": [10.99938, 10.99938, 15.06075, 15.06075], "texture": "#2"}, "west": {"uv": [10.99938, 10.99938, 15.06075, 15.06075], "texture": "#2"}, "up": {"uv": [10.99938, 10.99938, 15.06075, 15.06075], "rotation": 180, "texture": "#2"}, "down": {"uv": [10.99938, 10.99938, 15.06075, 15.06075], "rotation": 180, "texture": "#2"} } }, { "name": "voxel", "from": [7.68135, 6.77565, 13.72637], "to": [7.80833, 6.90263, 14.2343], "faces": { "north": {"uv": [10.99938, 10.99938, 15.06075, 15.06075], "texture": "#2"}, "east": {"uv": [10.99938, 10.99938, 15.06075, 15.06075], "texture": "#2"}, "south": {"uv": [10.99938, 10.99938, 15.06075, 15.06075], "texture": "#2"}, "west": {"uv": [10.99938, 10.99938, 15.06075, 15.06075], "texture": "#2"}, "up": {"uv": [10.99938, 10.99938, 15.06075, 15.06075], "rotation": 180, "texture": "#2"}, "down": {"uv": [10.99938, 10.99938, 15.06075, 15.06075], "rotation": 180, "texture": "#2"} } }, { "name": "voxel", "from": [7.68135, 6.90263, 13.4724], "to": [7.80833, 7.1566, 14.36129], "faces": { "north": {"uv": [10.99938, 10.99938, 15.06075, 15.06075], "texture": "#2"}, "east": {"uv": [10.99938, 10.99938, 15.06075, 15.06075], "texture": "#2"}, "south": {"uv": [10.99938, 10.99938, 15.06075, 15.06075], "texture": "#2"}, "west": {"uv": [10.99938, 10.99938, 15.06075, 15.06075], "texture": "#2"}, "up": {"uv": [10.99938, 10.99938, 15.06075, 15.06075], "rotation": 180, "texture": "#2"}, "down": {"uv": [10.99938, 10.99938, 15.06075, 15.06075], "rotation": 180, "texture": "#2"} } }, { "name": "voxel", "from": [7.80833, 7.1566, 14.48827], "to": [8.18928, 7.41057, 14.61526], "faces": { "north": {"uv": [10.99938, 10.99938, 15.06075, 15.06075], "texture": "#2"}, "east": {"uv": [10.99938, 10.99938, 15.06075, 15.06075], "texture": "#2"}, "south": {"uv": [10.99938, 10.99938, 15.06075, 15.06075], "texture": "#2"}, "west": {"uv": [10.99938, 10.99938, 15.06075, 15.06075], "texture": "#2"}, "up": {"uv": [10.99938, 10.99938, 15.06075, 15.06075], "rotation": 180, "texture": "#2"}, "down": {"uv": [10.99938, 10.99938, 15.06075, 15.06075], "rotation": 180, "texture": "#2"} } }, { "name": "voxel", "from": [7.68135, 6.64867, 13.85335], "to": [7.80833, 6.77565, 13.98033], "faces": { "north": {"uv": [10.99938, 10.99938, 15.06075, 15.06075], "texture": "#2"}, "east": {"uv": [10.99938, 10.99938, 15.06075, 15.06075], "texture": "#2"}, "south": {"uv": [10.99938, 10.99938, 15.06075, 15.06075], "texture": "#2"}, "west": {"uv": [10.99938, 10.99938, 15.06075, 15.06075], "texture": "#2"}, "up": {"uv": [10.99938, 10.99938, 15.06075, 15.06075], "rotation": 180, "texture": "#2"}, "down": {"uv": [10.99938, 10.99938, 15.06075, 15.06075], "rotation": 180, "texture": "#2"} } }, { "name": "voxel", "from": [7.68135, 7.28359, 13.21843], "to": [7.80833, 7.41057, 14.61526], "faces": { "north": {"uv": [10.99938, 10.99938, 15.06075, 15.06075], "texture": "#2"}, "east": {"uv": [10.99938, 10.99938, 15.06075, 15.06075], "texture": "#2"}, "south": {"uv": [10.99938, 10.99938, 15.06075, 15.06075], "texture": "#2"}, "west": {"uv": [10.99938, 10.99938, 15.06075, 15.06075], "texture": "#2"}, "up": {"uv": [10.99938, 10.99938, 15.06075, 15.06075], "rotation": 180, "texture": "#2"}, "down": {"uv": [10.99938, 10.99938, 15.06075, 15.06075], "rotation": 180, "texture": "#2"} } }, { "name": "voxel", "from": [7.68135, 7.1566, 13.34541], "to": [7.80833, 7.28359, 14.61526], "faces": { "north": {"uv": [10.99938, 10.99938, 15.06075, 15.06075], "texture": "#2"}, "east": {"uv": [10.99938, 10.99938, 15.06075, 15.06075], "texture": "#2"}, "south": {"uv": [10.99938, 10.99938, 15.06075, 15.06075], "texture": "#2"}, "west": {"uv": [10.99938, 10.99938, 15.06075, 15.06075], "texture": "#2"}, "up": {"uv": [10.99938, 10.99938, 15.06075, 15.06075], "rotation": 180, "texture": "#2"}, "down": {"uv": [10.99938, 10.99938, 15.06075, 15.06075], "rotation": 180, "texture": "#2"} } }, { "name": "voxel", "from": [7.68135, 7.79152, 11.94859], "to": [7.80833, 7.91851, 14.74224], "faces": { "north": {"uv": [10.99938, 10.99938, 15.06075, 15.06075], "texture": "#2"}, "east": {"uv": [10.99938, 10.99938, 15.06075, 15.06075], "texture": "#2"}, "south": {"uv": [10.99938, 10.99938, 15.06075, 15.06075], "texture": "#2"}, "west": {"uv": [10.99938, 10.99938, 15.06075, 15.06075], "texture": "#2"}, "up": {"uv": [10.99938, 10.99938, 15.06075, 15.06075], "rotation": 180, "texture": "#2"}, "down": {"uv": [10.99938, 10.99938, 15.06075, 15.06075], "rotation": 180, "texture": "#2"} } }, { "name": "voxel", "from": [7.68135, 7.53755, 12.45653], "to": [7.80833, 7.66454, 14.74224], "faces": { "north": {"uv": [10.99938, 10.99938, 15.06075, 15.06075], "texture": "#2"}, "east": {"uv": [10.99938, 10.99938, 15.06075, 15.06075], "texture": "#2"}, "south": {"uv": [10.99938, 10.99938, 15.06075, 15.06075], "texture": "#2"}, "west": {"uv": [10.99938, 10.99938, 15.06075, 15.06075], "texture": "#2"}, "up": {"uv": [10.99938, 10.99938, 15.06075, 15.06075], "rotation": 180, "texture": "#2"}, "down": {"uv": [10.99938, 10.99938, 15.06075, 15.06075], "rotation": 180, "texture": "#2"} } }, { "name": "voxel", "from": [7.68135, 7.41057, 12.96446], "to": [7.80833, 7.53755, 14.74224], "faces": { "north": {"uv": [10.99938, 10.99938, 15.06075, 15.06075], "texture": "#2"}, "east": {"uv": [10.99938, 10.99938, 15.06075, 15.06075], "texture": "#2"}, "south": {"uv": [10.99938, 10.99938, 15.06075, 15.06075], "texture": "#2"}, "west": {"uv": [10.99938, 10.99938, 15.06075, 15.06075], "texture": "#2"}, "up": {"uv": [10.99938, 10.99938, 15.06075, 15.06075], "rotation": 180, "texture": "#2"}, "down": {"uv": [10.99938, 10.99938, 15.06075, 15.06075], "rotation": 180, "texture": "#2"} } }, { "name": "voxel", "from": [7.68135, 7.66454, 12.32954], "to": [7.80833, 7.79152, 14.74224], "faces": { "north": {"uv": [10.99938, 10.99938, 15.06075, 15.06075], "texture": "#2"}, "east": {"uv": [10.99938, 10.99938, 15.06075, 15.06075], "texture": "#2"}, "south": {"uv": [10.99938, 10.99938, 15.06075, 15.06075], "texture": "#2"}, "west": {"uv": [10.99938, 10.99938, 15.06075, 15.06075], "texture": "#2"}, "up": {"uv": [10.99938, 10.99938, 15.06075, 15.06075], "rotation": 180, "texture": "#2"}, "down": {"uv": [10.99938, 10.99938, 15.06075, 15.06075], "rotation": 180, "texture": "#2"} } }, { "name": "voxel", "from": [7.80833, 7.41057, 14.61526], "to": [8.18928, 8.04549, 14.74224], "faces": { "north": {"uv": [10.99938, 10.99938, 15.06075, 15.06075], "texture": "#2"}, "east": {"uv": [10.99938, 10.99938, 15.06075, 15.06075], "texture": "#2"}, "south": {"uv": [10.99938, 10.99938, 15.06075, 15.06075], "texture": "#2"}, "west": {"uv": [10.99938, 10.99938, 15.06075, 15.06075], "texture": "#2"}, "up": {"uv": [10.99938, 10.99938, 15.06075, 15.06075], "rotation": 180, "texture": "#2"}, "down": {"uv": [10.99938, 10.99938, 15.06075, 15.06075], "rotation": 180, "texture": "#2"} } }, { "name": "voxel", "from": [7.68135, 7.91851, 11.0597], "to": [7.80833, 8.04549, 14.74224], "faces": { "north": {"uv": [10.99938, 10.99938, 15.06075, 15.06075], "texture": "#2"}, "east": {"uv": [10.99938, 10.99938, 15.06075, 15.06075], "texture": "#2"}, "south": {"uv": [10.99938, 10.99938, 15.06075, 15.06075], "texture": "#2"}, "west": {"uv": [10.99938, 10.99938, 15.06075, 15.06075], "texture": "#2"}, "up": {"uv": [10.99938, 10.99938, 15.06075, 15.06075], "rotation": 180, "texture": "#2"}, "down": {"uv": [10.99938, 10.99938, 15.06075, 15.06075], "rotation": 180, "texture": "#2"} } }, { "name": "voxel", "from": [7.80833, 8.04549, 14.10732], "to": [8.18928, 8.17248, 14.61526], "faces": { "north": {"uv": [10.99938, 10.99938, 15.06075, 15.06075], "texture": "#2"}, "east": {"uv": [10.99938, 10.99938, 15.06075, 15.06075], "texture": "#2"}, "south": {"uv": [10.99938, 10.99938, 15.06075, 15.06075], "texture": "#2"}, "west": {"uv": [10.99938, 10.99938, 15.06075, 15.06075], "texture": "#2"}, "up": {"uv": [10.99938, 10.99938, 15.06075, 15.06075], "rotation": 180, "texture": "#2"}, "down": {"uv": [10.99938, 10.99938, 15.06075, 15.06075], "rotation": 180, "texture": "#2"} } }, { "name": "voxel", "from": [7.68135, 8.04549, 10.55176], "to": [7.80833, 8.17248, 14.61526], "faces": { "north": {"uv": [10.99938, 10.99938, 15.06075, 15.06075], "texture": "#2"}, "east": {"uv": [10.99938, 10.99938, 15.06075, 15.06075], "texture": "#2"}, "south": {"uv": [10.99938, 10.99938, 15.06075, 15.06075], "texture": "#2"}, "west": {"uv": [10.99938, 10.99938, 15.06075, 15.06075], "texture": "#2"}, "up": {"uv": [10.99938, 10.99938, 15.06075, 15.06075], "rotation": 180, "texture": "#2"}, "down": {"uv": [10.99938, 10.99938, 15.06075, 15.06075], "rotation": 180, "texture": "#2"} } }, { "name": "voxel", "from": [7.68135, 8.17248, 10.67875], "to": [7.80833, 8.8074, 12.71049], "faces": { "north": {"uv": [10.99938, 10.99938, 15.06075, 15.06075], "texture": "#2"}, "east": {"uv": [10.99938, 10.99938, 15.06075, 15.06075], "texture": "#2"}, "south": {"uv": [10.99938, 10.99938, 15.06075, 15.06075], "texture": "#2"}, "west": {"uv": [10.99938, 10.99938, 15.06075, 15.06075], "texture": "#2"}, "up": {"uv": [10.99938, 10.99938, 15.06075, 15.06075], "rotation": 180, "texture": "#2"}, "down": {"uv": [10.99938, 10.99938, 15.06075, 15.06075], "rotation": 180, "texture": "#2"} } }, { "name": "voxel", "from": [7.68135, 8.8074, 11.44065], "to": [7.80833, 9.06136, 11.8216], "faces": { "north": {"uv": [10.99938, 10.99938, 15.06075, 15.06075], "texture": "#2"}, "east": {"uv": [10.99938, 10.99938, 15.06075, 15.06075], "texture": "#2"}, "south": {"uv": [10.99938, 10.99938, 15.06075, 15.06075], "texture": "#2"}, "west": {"uv": [10.99938, 10.99938, 15.06075, 15.06075], "texture": "#2"}, "up": {"uv": [10.99938, 10.99938, 15.06075, 15.06075], "rotation": 180, "texture": "#2"}, "down": {"uv": [10.99938, 10.99938, 15.06075, 15.06075], "rotation": 180, "texture": "#2"} } }, { "name": "voxel", "from": [7.68135, 8.8074, 10.80573], "to": [7.80833, 9.18835, 11.44065], "faces": { "north": {"uv": [10.99938, 10.99938, 15.06075, 15.06075], "texture": "#2"}, "east": {"uv": [10.99938, 10.99938, 15.06075, 15.06075], "texture": "#2"}, "south": {"uv": [10.99938, 10.99938, 15.06075, 15.06075], "texture": "#2"}, "west": {"uv": [10.99938, 10.99938, 15.06075, 15.06075], "texture": "#2"}, "up": {"uv": [10.99938, 10.99938, 15.06075, 15.06075], "rotation": 180, "texture": "#2"}, "down": {"uv": [10.99938, 10.99938, 15.06075, 15.06075], "rotation": 180, "texture": "#2"} } }, { "name": "voxel", "from": [7.68135, 8.17248, 12.71049], "to": [7.80833, 8.55343, 13.21843], "faces": { "north": {"uv": [10.99938, 10.99938, 15.06075, 15.06075], "texture": "#2"}, "east": {"uv": [10.99938, 10.99938, 15.06075, 15.06075], "texture": "#2"}, "south": {"uv": [10.99938, 10.99938, 15.06075, 15.06075], "texture": "#2"}, "west": {"uv": [10.99938, 10.99938, 15.06075, 15.06075], "texture": "#2"}, "up": {"uv": [10.99938, 10.99938, 15.06075, 15.06075], "rotation": 180, "texture": "#2"}, "down": {"uv": [10.99938, 10.99938, 15.06075, 15.06075], "rotation": 180, "texture": "#2"} } }, { "name": "voxel", "from": [7.68135, 8.55343, 12.71049], "to": [8.31627, 8.68041, 12.96446], "faces": { "north": {"uv": [10.99938, 10.99938, 15.06075, 15.06075], "texture": "#2"}, "east": {"uv": [10.99938, 10.99938, 15.06075, 15.06075], "texture": "#2"}, "south": {"uv": [10.99938, 10.99938, 15.06075, 15.06075], "texture": "#2"}, "west": {"uv": [10.99938, 10.99938, 15.06075, 15.06075], "texture": "#2"}, "up": {"uv": [10.99938, 10.99938, 15.06075, 15.06075], "rotation": 180, "texture": "#2"}, "down": {"uv": [10.99938, 10.99938, 15.06075, 15.06075], "rotation": 180, "texture": "#2"} } }, { "name": "voxel", "from": [7.68135, 8.17248, 13.21843], "to": [7.80833, 8.42644, 13.59938], "faces": { "north": {"uv": [10.99938, 10.99938, 15.06075, 15.06075], "texture": "#2"}, "east": {"uv": [10.99938, 10.99938, 15.06075, 15.06075], "texture": "#2"}, "south": {"uv": [10.99938, 10.99938, 15.06075, 15.06075], "texture": "#2"}, "west": {"uv": [10.99938, 10.99938, 15.06075, 15.06075], "texture": "#2"}, "up": {"uv": [10.99938, 10.99938, 15.06075, 15.06075], "rotation": 180, "texture": "#2"}, "down": {"uv": [10.99938, 10.99938, 15.06075, 15.06075], "rotation": 180, "texture": "#2"} } }, { "name": "voxel", "from": [7.68135, 8.17248, 13.59938], "to": [8.18928, 8.29946, 14.10732], "faces": { "north": {"uv": [10.99938, 10.99938, 15.06075, 15.06075], "texture": "#2"}, "east": {"uv": [10.99938, 10.99938, 15.06075, 15.06075], "texture": "#2"}, "south": {"uv": [10.99938, 10.99938, 15.06075, 15.06075], "texture": "#2"}, "west": {"uv": [10.99938, 10.99938, 15.06075, 15.06075], "texture": "#2"}, "up": {"uv": [10.99938, 10.99938, 15.06075, 15.06075], "rotation": 180, "texture": "#2"}, "down": {"uv": [10.99938, 10.99938, 15.06075, 15.06075], "rotation": 180, "texture": "#2"} } }, { "name": "voxel", "from": [7.80833, 8.29946, 13.34541], "to": [8.18928, 8.42644, 13.59938], "faces": { "north": {"uv": [10.99938, 10.99938, 15.06075, 15.06075], "texture": "#2"}, "east": {"uv": [10.99938, 10.99938, 15.06075, 15.06075], "texture": "#2"}, "south": {"uv": [10.99938, 10.99938, 15.06075, 15.06075], "texture": "#2"}, "west": {"uv": [10.99938, 10.99938, 15.06075, 15.06075], "texture": "#2"}, "up": {"uv": [10.99938, 10.99938, 15.06075, 15.06075], "rotation": 180, "texture": "#2"}, "down": {"uv": [10.99938, 10.99938, 15.06075, 15.06075], "rotation": 180, "texture": "#2"} } }, { "name": "voxel", "from": [8.18928, 8.04549, 13.98033], "to": [8.31627, 8.17248, 14.61526], "faces": { "north": {"uv": [10.99938, 10.99938, 15.06075, 15.06075], "texture": "#2"}, "east": {"uv": [10.99938, 10.99938, 15.06075, 15.06075], "texture": "#2"}, "south": {"uv": [10.99938, 10.99938, 15.06075, 15.06075], "texture": "#2"}, "west": {"uv": [10.99938, 10.99938, 15.06075, 15.06075], "texture": "#2"}, "up": {"uv": [10.99938, 10.99938, 15.06075, 15.06075], "rotation": 180, "texture": "#2"}, "down": {"uv": [10.99938, 10.99938, 15.06075, 15.06075], "rotation": 180, "texture": "#2"} } }, { "name": "voxel", "from": [8.18928, 8.04549, 13.59938], "to": [8.31627, 8.29946, 13.98033], "faces": { "north": {"uv": [10.99938, 10.99938, 15.06075, 15.06075], "texture": "#2"}, "east": {"uv": [10.99938, 10.99938, 15.06075, 15.06075], "texture": "#2"}, "south": {"uv": [10.99938, 10.99938, 15.06075, 15.06075], "texture": "#2"}, "west": {"uv": [10.99938, 10.99938, 15.06075, 15.06075], "texture": "#2"}, "up": {"uv": [10.99938, 10.99938, 15.06075, 15.06075], "rotation": 180, "texture": "#2"}, "down": {"uv": [10.99938, 10.99938, 15.06075, 15.06075], "rotation": 180, "texture": "#2"} } }, { "name": "voxel", "from": [8.18928, 8.04549, 13.21843], "to": [8.31627, 8.42644, 13.59938], "faces": { "north": {"uv": [10.99938, 10.99938, 15.06075, 15.06075], "texture": "#2"}, "east": {"uv": [10.99938, 10.99938, 15.06075, 15.06075], "texture": "#2"}, "south": {"uv": [10.99938, 10.99938, 15.06075, 15.06075], "texture": "#2"}, "west": {"uv": [10.99938, 10.99938, 15.06075, 15.06075], "texture": "#2"}, "up": {"uv": [10.99938, 10.99938, 15.06075, 15.06075], "rotation": 180, "texture": "#2"}, "down": {"uv": [10.99938, 10.99938, 15.06075, 15.06075], "rotation": 180, "texture": "#2"} } }, { "name": "voxel", "from": [7.80833, 8.42644, 13.09145], "to": [8.18928, 8.55343, 13.34541], "faces": { "north": {"uv": [10.99938, 10.99938, 15.06075, 15.06075], "texture": "#2"}, "east": {"uv": [10.99938, 10.99938, 15.06075, 15.06075], "texture": "#2"}, "south": {"uv": [10.99938, 10.99938, 15.06075, 15.06075], "texture": "#2"}, "west": {"uv": [10.99938, 10.99938, 15.06075, 15.06075], "texture": "#2"}, "up": {"uv": [10.99938, 10.99938, 15.06075, 15.06075], "rotation": 180, "texture": "#2"}, "down": {"uv": [10.99938, 10.99938, 15.06075, 15.06075], "rotation": 180, "texture": "#2"} } }, { "name": "voxel", "from": [7.80833, 8.55343, 12.96446], "to": [8.18928, 8.68041, 13.09145], "faces": { "north": {"uv": [10.99938, 10.99938, 15.06075, 15.06075], "texture": "#2"}, "east": {"uv": [10.99938, 10.99938, 15.06075, 15.06075], "texture": "#2"}, "south": {"uv": [10.99938, 10.99938, 15.06075, 15.06075], "texture": "#2"}, "west": {"uv": [10.99938, 10.99938, 15.06075, 15.06075], "texture": "#2"}, "up": {"uv": [10.99938, 10.99938, 15.06075, 15.06075], "rotation": 180, "texture": "#2"}, "down": {"uv": [10.99938, 10.99938, 15.06075, 15.06075], "rotation": 180, "texture": "#2"} } }, { "name": "voxel", "from": [7.80833, 8.68041, 12.32954], "to": [8.18928, 8.8074, 12.71049], "faces": { "north": {"uv": [10.99938, 10.99938, 15.06075, 15.06075], "texture": "#2"}, "east": {"uv": [10.99938, 10.99938, 15.06075, 15.06075], "texture": "#2"}, "south": {"uv": [10.99938, 10.99938, 15.06075, 15.06075], "texture": "#2"}, "west": {"uv": [10.99938, 10.99938, 15.06075, 15.06075], "texture": "#2"}, "up": {"uv": [10.99938, 10.99938, 15.06075, 15.06075], "rotation": 180, "texture": "#2"}, "down": {"uv": [10.99938, 10.99938, 15.06075, 15.06075], "rotation": 180, "texture": "#2"} } }, { "name": "voxel", "from": [7.80833, 8.93438, 11.44065], "to": [8.18928, 9.06136, 11.8216], "faces": { "north": {"uv": [10.99938, 10.99938, 15.06075, 15.06075], "texture": "#2"}, "east": {"uv": [10.99938, 10.99938, 15.06075, 15.06075], "texture": "#2"}, "south": {"uv": [10.99938, 10.99938, 15.06075, 15.06075], "texture": "#2"}, "west": {"uv": [10.99938, 10.99938, 15.06075, 15.06075], "texture": "#2"}, "up": {"uv": [10.99938, 10.99938, 15.06075, 15.06075], "rotation": 180, "texture": "#2"}, "down": {"uv": [10.99938, 10.99938, 15.06075, 15.06075], "rotation": 180, "texture": "#2"} } }, { "name": "voxel", "from": [7.81031, 9.06136, 10.80772], "to": [8.2123, 9.21335, 11.46565], "faces": { "north": {"uv": [10.99938, 10.99938, 15.06075, 15.06075], "texture": "#2"}, "east": {"uv": [10.99938, 10.99938, 15.06075, 15.06075], "texture": "#2"}, "south": {"uv": [10.99938, 10.99938, 15.06075, 15.06075], "texture": "#2"}, "west": {"uv": [10.99938, 10.99938, 15.06075, 15.06075], "texture": "#2"}, "up": {"uv": [10.99938, 10.99938, 15.06075, 15.06075], "rotation": 180, "texture": "#2"}, "down": {"uv": [10.99938, 10.99938, 15.06075, 15.06075], "rotation": 180, "texture": "#2"} } }, { "name": "voxel", "from": [8.18928, 8.04549, 12.71049], "to": [8.31627, 8.55343, 13.21843], "faces": { "north": {"uv": [10.99938, 10.99938, 15.06075, 15.06075], "texture": "#2"}, "east": {"uv": [10.99938, 10.99938, 15.06075, 15.06075], "texture": "#2"}, "south": {"uv": [10.99938, 10.99938, 15.06075, 15.06075], "texture": "#2"}, "west": {"uv": [10.99938, 10.99938, 15.06075, 15.06075], "texture": "#2"}, "up": {"uv": [10.99938, 10.99938, 15.06075, 15.06075], "rotation": 180, "texture": "#2"}, "down": {"uv": [10.99938, 10.99938, 15.06075, 15.06075], "rotation": 180, "texture": "#2"} } }, { "name": "voxel", "from": [7.80833, 7.91851, 10.60772], "to": [8.18928, 8.04549, 11.44065], "faces": { "north": {"uv": [10.99938, 10.99938, 15.06013, 14.99963], "texture": "#2"}, "east": {"uv": [10.99938, 10.99938, 15.06013, 14.99963], "texture": "#2"}, "south": {"uv": [10.99938, 10.99938, 15.06013, 14.99963], "texture": "#2"}, "west": {"uv": [10.99938, 10.99938, 15.06013, 14.99963], "texture": "#2"}, "up": {"uv": [10.99938, 10.99938, 15.06013, 14.99963], "rotation": 180, "texture": "#2"}, "down": {"uv": [10.99938, 10.99938, 15.06013, 14.99963], "rotation": 180, "texture": "#2"} } } ], "display": { "thirdperson_righthand": { "rotation": [90, 0, 0], "translation": [0, 3, 1], "scale": [1.1, 1.1, 1.1] }, "thirdperson_lefthand": { "rotation": [90, 0, 0], "translation": [0, 3, 1], "scale": [1.1, 1.1, 1.1] }, "firstperson_righthand": { "rotation": [75, 0, 0], "translation": [-3, 4, 3.25] }, "firstperson_lefthand": { "rotation": [75, 0, 0], "translation": [-3, 4, 3.25] }, "ground": { "rotation": [72, 0, 0], "translation": [0, 2.5, 0] }, "gui": { "rotation": [0, 90, 0], "translation": [0.5, 0, -0.25], "scale": [1.11, 1.11, 1.11] }, "head": { "rotation": [44, 0, 0], "translation": [0, 3.5, -8.75] }, "fixed": { "rotation": [0, 90, 0], "translation": [0.5, 0, -0.25], "scale": [1.11, 1.11, 1.11] } }, "groups": [ { "name": "voxel_file", "origin": [8, 8, 8], "children": [0, 1, 2, 3, 4, 5, 6, 7, 8, 9, 10, 11, 12, 13, 14, 15, 16, 17, 18, 19, 20, 21, 22, 23, 24, 25, 26, 27, 28, 29, 30, 31, 32, 33, 34, 35, 36, 37, 38, 39, 40, 41, 42, 43, 44, 45, 46, 47, 48, 49, 50, 51, 52, 53, 54, 55, 56, 57, 58, 59, 60, 61, 62, 63, 64, 65, 66, 67, 68, 69, 70, 71, 72, 73, 74, 75, 76, 77, 78, 79, 80, 81, 82, 83, 84, 85, 86, 87, 88, 89, 90, 91, 92, 93, 94, 95, 96, 97, 98, 99, 100, 101, 102, 103, 104, 105, 106, 107, 108, 109, 110, 111] }, { "name": "group", "origin": [8, 8, 8], "children": [112, 113, 114, 115, 116, 117, 118, 119, 120, 121, 122, 123, 124, 125, 126, 127, 128, 129, 130, 131, 132, 133, 134, 135, 136, 137, 138, 139, 140, 141, 142, 143, 144, 145, 146, 147, 148, 149, 150, 151, 152, 153, 154, 155, 156, 157, 158, 159, 160, 161, 162, 163, 164, 165, 166, 167, 168, 169, 170, 171, 172, 173] } ] }