{ "credit": "Made with Blockbench", "texture_size": [128, 128], "textures": { "0": "items/kukri", "2": "items/knife", "3": "items/knife2", "particle": "items/kukri" }, "elements": [ { "name": "voxel", "from": [8.46959, 1.14301, 7.98868], "to": [8.59657, 7.87317, 9.38551], "rotation": {"angle": 0, "axis": "x", "origin": [7.96165, 5.63508, 1.51249]}, "faces": { "north": {"uv": [0, 0, 16, 16], "rotation": 270, "texture": "#3"}, "east": {"uv": [0, 0, 16, 16], "rotation": 270, "texture": "#3"}, "south": {"uv": [0, 0, 16, 16], "rotation": 270, "texture": "#3"}, "west": {"uv": [0, 0, 16, 16], "rotation": 270, "texture": "#3"}, "up": {"uv": [0, 0, 16, 16], "rotation": 270, "texture": "#3"}, "down": {"uv": [0, 0, 16, 16], "rotation": 270, "texture": "#3"} } }, { "name": "voxel", "from": [8.46959, 0.88905, 8.49662], "to": [8.59657, 1.14301, 9.38551], "rotation": {"angle": 0, "axis": "x", "origin": [7.96165, 5.63508, 1.51249]}, "faces": { "north": {"uv": [0, 0, 16, 16], "rotation": 270, "texture": "#3"}, "east": {"uv": [0, 0, 16, 16], "rotation": 270, "texture": "#3"}, "south": {"uv": [0, 0, 16, 16], "rotation": 270, "texture": "#3"}, "west": {"uv": [0, 0, 16, 16], "rotation": 270, "texture": "#3"}, "up": {"uv": [0, 0, 16, 16], "rotation": 270, "texture": "#3"}, "down": {"uv": [0, 0, 16, 16], "rotation": 270, "texture": "#3"} } }, { "name": "voxel", "from": [7.45372, 0.76206, 8.75059], "to": [8.59657, 0.88905, 9.25853], "rotation": {"angle": 0, "axis": "x", "origin": [7.96165, 5.63508, 1.51249]}, "faces": { "north": {"uv": [0, 0, 16, 16], "rotation": 270, "texture": "#3"}, "east": {"uv": [0, 0, 16, 16], "rotation": 270, "texture": "#3"}, "south": {"uv": [0, 0, 16, 16], "rotation": 270, "texture": "#3"}, "west": {"uv": [0, 0, 16, 16], "rotation": 270, "texture": "#3"}, "up": {"uv": [0, 0, 16, 16], "rotation": 270, "texture": "#3"}, "down": {"uv": [0, 0, 16, 16], "rotation": 270, "texture": "#3"} } }, { "name": "voxel", "from": [7.45372, 1.01603, 8.24265], "to": [8.59657, 1.14301, 8.49662], "rotation": {"angle": 0, "axis": "x", "origin": [7.96165, 5.63508, 1.51249]}, "faces": { "north": {"uv": [0, 0, 16, 16], "rotation": 270, "texture": "#3"}, "east": {"uv": [0, 0, 16, 16], "rotation": 270, "texture": "#3"}, "south": {"uv": [0, 0, 16, 16], "rotation": 270, "texture": "#3"}, "west": {"uv": [0, 0, 16, 16], "rotation": 270, "texture": "#3"}, "up": {"uv": [0, 0, 16, 16], "rotation": 270, "texture": "#3"}, "down": {"uv": [0, 0, 16, 16], "rotation": 270, "texture": "#3"} } }, { "name": "voxel", "from": [7.5807, 0.88905, 9.38551], "to": [8.46959, 7.87317, 9.51249], "rotation": {"angle": 0, "axis": "x", "origin": [7.96165, 5.63508, 1.51249]}, "faces": { "north": {"uv": [0, 0, 16, 16], "rotation": 270, "texture": "#3"}, "east": {"uv": [0, 0, 16, 16], "rotation": 270, "texture": "#3"}, "south": {"uv": [0, 0, 16, 16], "rotation": 270, "texture": "#3"}, "west": {"uv": [0, 0, 16, 16], "rotation": 270, "texture": "#3"}, "up": {"uv": [0, 0, 16, 16], "rotation": 270, "texture": "#3"}, "down": {"uv": [0, 0, 16, 16], "rotation": 270, "texture": "#3"} } }, { "name": "voxel", "from": [8.21562, 7.74619, 7.98868], "to": [8.46959, 7.87317, 9.38551], "rotation": {"angle": 0, "axis": "x", "origin": [7.96165, 5.63508, 1.51249]}, "faces": { "north": {"uv": [0, 0, 16, 16], "rotation": 270, "texture": "#3"}, "east": {"uv": [0, 0, 16, 16], "rotation": 270, "texture": "#3"}, "south": {"uv": [0, 0, 16, 16], "rotation": 270, "texture": "#3"}, "west": {"uv": [0, 0, 16, 16], "rotation": 270, "texture": "#3"}, "up": {"uv": [0, 0, 16, 16], "rotation": 270, "texture": "#3"}, "down": {"uv": [0, 0, 16, 16], "rotation": 270, "texture": "#3"} } }, { "name": "voxel", "from": [7.45372, 0.88905, 9.25853], "to": [8.46959, 1.01603, 9.38551], "rotation": {"angle": 0, "axis": "x", "origin": [7.96165, 5.63508, 1.51249]}, "faces": { "north": {"uv": [0, 0, 16, 16], "rotation": 270, "texture": "#3"}, "east": {"uv": [0, 0, 16, 16], "rotation": 270, "texture": "#3"}, "south": {"uv": [0, 0, 16, 16], "rotation": 270, "texture": "#3"}, "west": {"uv": [0, 0, 16, 16], "rotation": 270, "texture": "#3"}, "up": {"uv": [0, 0, 16, 16], "rotation": 270, "texture": "#3"}, "down": {"uv": [0, 0, 16, 16], "rotation": 270, "texture": "#3"} } }, { "name": "voxel", "from": [7.45372, 0.88905, 8.49662], "to": [8.46959, 1.01603, 8.75059], "rotation": {"angle": 0, "axis": "x", "origin": [7.96165, 5.63508, 1.51249]}, "faces": { "north": {"uv": [0, 0, 16, 16], "rotation": 270, "texture": "#3"}, "east": {"uv": [0, 0, 16, 16], "rotation": 270, "texture": "#3"}, "south": {"uv": [0, 0, 16, 16], "rotation": 270, "texture": "#3"}, "west": {"uv": [0, 0, 16, 16], "rotation": 270, "texture": "#3"}, "up": {"uv": [0, 0, 16, 16], "rotation": 270, "texture": "#3"}, "down": {"uv": [0, 0, 16, 16], "rotation": 270, "texture": "#3"} } }, { "name": "voxel", "from": [7.45372, 1.14301, 7.98868], "to": [8.46959, 1.27, 8.24265], "rotation": {"angle": 0, "axis": "x", "origin": [7.96165, 5.63508, 1.51249]}, "faces": { "north": {"uv": [0, 0, 16, 16], "rotation": 270, "texture": "#3"}, "east": {"uv": [0, 0, 16, 16], "rotation": 270, "texture": "#3"}, "south": {"uv": [0, 0, 16, 16], "rotation": 270, "texture": "#3"}, "west": {"uv": [0, 0, 16, 16], "rotation": 270, "texture": "#3"}, "up": {"uv": [0, 0, 16, 16], "rotation": 270, "texture": "#3"}, "down": {"uv": [0, 0, 16, 16], "rotation": 270, "texture": "#3"} } }, { "name": "voxel", "from": [7.45372, 7.6192, 7.98868], "to": [8.46959, 7.74619, 8.11567], "rotation": {"angle": 0, "axis": "x", "origin": [7.96165, 5.63508, 1.51249]}, "faces": { "north": {"uv": [0, 0, 16, 16], "rotation": 270, "texture": "#3"}, "east": {"uv": [0, 0, 16, 16], "rotation": 270, "texture": "#3"}, "south": {"uv": [0, 0, 16, 16], "rotation": 270, "texture": "#3"}, "west": {"uv": [0, 0, 16, 16], "rotation": 270, "texture": "#3"}, "up": {"uv": [0, 0, 16, 16], "rotation": 270, "texture": "#3"}, "down": {"uv": [0, 0, 16, 16], "rotation": 270, "texture": "#3"} } }, { "name": "voxel", "from": [7.5807, 1.27, 7.8617], "to": [8.46959, 7.6192, 7.98868], "rotation": {"angle": 0, "axis": "x", "origin": [7.96165, 5.63508, 1.51249]}, "faces": { "north": {"uv": [0, 0, 16, 16], "rotation": 270, "texture": "#3"}, "east": {"uv": [0, 0, 16, 16], "rotation": 270, "texture": "#3"}, "south": {"uv": [0, 0, 16, 16], "rotation": 270, "texture": "#3"}, "west": {"uv": [0, 0, 16, 16], "rotation": 270, "texture": "#3"}, "up": {"uv": [0, 0, 16, 16], "rotation": 270, "texture": "#3"}, "down": {"uv": [0, 0, 16, 16], "rotation": 270, "texture": "#3"} } }, { "name": "voxel", "from": [7.45372, 7.74619, 7.98868], "to": [8.21562, 7.87317, 8.11567], "rotation": {"angle": 0, "axis": "x", "origin": [7.96165, 5.63508, 1.51249]}, "faces": { "north": {"uv": [0, 0, 16, 16], "rotation": 270, "texture": "#3"}, "east": {"uv": [0, 0, 16, 16], "rotation": 270, "texture": "#3"}, "south": {"uv": [0, 0, 16, 16], "rotation": 270, "texture": "#3"}, "west": {"uv": [0, 0, 16, 16], "rotation": 270, "texture": "#3"}, "up": {"uv": [0, 0, 16, 16], "rotation": 270, "texture": "#3"}, "down": {"uv": [0, 0, 16, 16], "rotation": 270, "texture": "#3"} } }, { "name": "voxel", "from": [7.45372, 7.74619, 8.11567], "to": [7.83467, 7.87317, 9.38551], "rotation": {"angle": 0, "axis": "x", "origin": [7.96165, 5.63508, 1.51249]}, "faces": { "north": {"uv": [0, 0, 16, 16], "rotation": 270, "texture": "#3"}, "east": {"uv": [0, 0, 16, 16], "rotation": 270, "texture": "#3"}, "south": {"uv": [0, 0, 16, 16], "rotation": 270, "texture": "#3"}, "west": {"uv": [0, 0, 16, 16], "rotation": 270, "texture": "#3"}, "up": {"uv": [0, 0, 16, 16], "rotation": 270, "texture": "#3"}, "down": {"uv": [0, 0, 16, 16], "rotation": 270, "texture": "#3"} } }, { "name": "voxel", "from": [7.45372, 1.27, 8.11567], "to": [7.5807, 7.74619, 9.38551], "rotation": {"angle": 0, "axis": "x", "origin": [7.96165, 5.63508, 1.51249]}, "faces": { "north": {"uv": [0, 0, 16, 16], "rotation": 270, "texture": "#3"}, "east": {"uv": [0, 0, 16, 16], "rotation": 270, "texture": "#3"}, "south": {"uv": [0, 0, 16, 16], "rotation": 270, "texture": "#3"}, "west": {"uv": [0, 0, 16, 16], "rotation": 270, "texture": "#3"}, "up": {"uv": [0, 0, 16, 16], "rotation": 270, "texture": "#3"}, "down": {"uv": [0, 0, 16, 16], "rotation": 270, "texture": "#3"} } }, { "name": "voxel", "from": [7.45372, 1.01603, 8.49662], "to": [7.5807, 1.27, 9.38551], "rotation": {"angle": 0, "axis": "x", "origin": [7.96165, 5.63508, 1.51249]}, "faces": { "north": {"uv": [0, 0, 16, 16], "rotation": 270, "texture": "#3"}, "east": {"uv": [0, 0, 16, 16], "rotation": 270, "texture": "#3"}, "south": {"uv": [0, 0, 16, 16], "rotation": 270, "texture": "#3"}, "west": {"uv": [0, 0, 16, 16], "rotation": 270, "texture": "#3"}, "up": {"uv": [0, 0, 16, 16], "rotation": 270, "texture": "#3"}, "down": {"uv": [0, 0, 16, 16], "rotation": 270, "texture": "#3"} } }, { "name": "voxel", "from": [7.45372, 0.88905, 8.75059], "to": [7.5807, 1.01603, 9.25853], "rotation": {"angle": 0, "axis": "x", "origin": [7.96165, 5.63508, 1.51249]}, "faces": { "north": {"uv": [0, 0, 16, 16], "rotation": 270, "texture": "#3"}, "east": {"uv": [0, 0, 16, 16], "rotation": 270, "texture": "#3"}, "south": {"uv": [0, 0, 16, 16], "rotation": 270, "texture": "#3"}, "west": {"uv": [0, 0, 16, 16], "rotation": 270, "texture": "#3"}, "up": {"uv": [0, 0, 16, 16], "rotation": 270, "texture": "#3"}, "down": {"uv": [0, 0, 16, 16], "rotation": 270, "texture": "#3"} } }, { "name": "voxel", "from": [7.45372, 1.14301, 8.24265], "to": [7.5807, 1.27, 8.49662], "rotation": {"angle": 0, "axis": "x", "origin": [7.96165, 5.63508, 1.51249]}, "faces": { "north": {"uv": [0, 0, 16, 16], "rotation": 270, "texture": "#3"}, "east": {"uv": [0, 0, 16, 16], "rotation": 270, "texture": "#3"}, "south": {"uv": [0, 0, 16, 16], "rotation": 270, "texture": "#3"}, "west": {"uv": [0, 0, 16, 16], "rotation": 270, "texture": "#3"}, "up": {"uv": [0, 0, 16, 16], "rotation": 270, "texture": "#3"}, "down": {"uv": [0, 0, 16, 16], "rotation": 270, "texture": "#3"} } }, { "name": "voxel", "from": [7.45372, 1.27, 7.98868], "to": [7.5807, 7.6192, 8.11567], "rotation": {"angle": 0, "axis": "x", "origin": [7.96165, 5.63508, 1.51249]}, "faces": { "north": {"uv": [0, 0, 16, 16], "rotation": 270, "texture": "#3"}, "east": {"uv": [0, 0, 16, 16], "rotation": 270, "texture": "#3"}, "south": {"uv": [0, 0, 16, 16], "rotation": 270, "texture": "#3"}, "west": {"uv": [0, 0, 16, 16], "rotation": 270, "texture": "#3"}, "up": {"uv": [0, 0, 16, 16], "rotation": 270, "texture": "#3"}, "down": {"uv": [0, 0, 16, 16], "rotation": 270, "texture": "#3"} } }, { "name": "voxel", "from": [7.83467, 7.87317, 7.98868], "to": [7.96165, 8.38111, 9.38551], "rotation": {"angle": 0, "axis": "x", "origin": [7.96165, 5.63508, 1.51249]}, "faces": { "north": {"uv": [0.031, 0.031, 15.09175, 15.09175], "rotation": 90, "texture": "#0"}, "east": {"uv": [0.031, 0.031, 15.09175, 15.09175], "rotation": 90, "texture": "#0"}, "south": {"uv": [0.031, 0.031, 15.09175, 15.09175], "rotation": 90, "texture": "#0"}, "west": {"uv": [0.031, 0.031, 15.09175, 15.09175], "rotation": 90, "texture": "#0"}, "up": {"uv": [0.031, 0.031, 15.09175, 15.09175], "rotation": 90, "texture": "#0"}, "down": {"uv": [0.031, 0.031, 15.09175, 15.09175], "rotation": 90, "texture": "#0"} } }, { "name": "voxel", "from": [7.83467, 7.87317, 7.8617], "to": [8.08864, 8.00016, 7.98868], "rotation": {"angle": 0, "axis": "x", "origin": [7.96165, 5.63508, 1.51249]}, "faces": { "north": {"uv": [0.031, 0.031, 15.09175, 15.09175], "rotation": 90, "texture": "#0"}, "east": {"uv": [0.031, 0.031, 15.09175, 15.09175], "rotation": 90, "texture": "#0"}, "south": {"uv": [0.031, 0.031, 15.09175, 15.09175], "rotation": 90, "texture": "#0"}, "west": {"uv": [0.031, 0.031, 15.09175, 15.09175], "rotation": 90, "texture": "#0"}, "up": {"uv": [0.031, 0.031, 15.09175, 15.09175], "rotation": 90, "texture": "#0"}, "down": {"uv": [0.031, 0.031, 15.09175, 15.09175], "rotation": 90, "texture": "#0"} } }, { "name": "voxel", "from": [7.83467, 8.00016, 7.60773], "to": [8.08864, 8.12714, 7.8617], "rotation": {"angle": 0, "axis": "x", "origin": [7.96165, 5.63508, 1.51249]}, "faces": { "north": {"uv": [0.031, 0.031, 15.09175, 15.09175], "rotation": 90, "texture": "#0"}, "east": {"uv": [0.031, 0.031, 15.09175, 15.09175], "rotation": 90, "texture": "#0"}, "south": {"uv": [0.031, 0.031, 15.09175, 15.09175], "rotation": 90, "texture": "#0"}, "west": {"uv": [0.031, 0.031, 15.09175, 15.09175], "rotation": 90, "texture": "#0"}, "up": {"uv": [0.031, 0.031, 15.09175, 15.09175], "rotation": 90, "texture": "#0"}, "down": {"uv": [0.031, 0.031, 15.09175, 15.09175], "rotation": 90, "texture": "#0"} } }, { "name": "voxel", "from": [7.83467, 8.00016, 7.8617], "to": [7.96165, 8.12714, 7.98868], "rotation": {"angle": 0, "axis": "x", "origin": [7.96165, 5.63508, 1.51249]}, "faces": { "north": {"uv": [0.031, 0.031, 15.09175, 15.09175], "rotation": 90, "texture": "#0"}, "east": {"uv": [0.031, 0.031, 15.09175, 15.09175], "rotation": 90, "texture": "#0"}, "south": {"uv": [0.031, 0.031, 15.09175, 15.09175], "rotation": 90, "texture": "#0"}, "west": {"uv": [0.031, 0.031, 15.09175, 15.09175], "rotation": 90, "texture": "#0"}, "up": {"uv": [0.031, 0.031, 15.09175, 15.09175], "rotation": 90, "texture": "#0"}, "down": {"uv": [0.031, 0.031, 15.09175, 15.09175], "rotation": 90, "texture": "#0"} } }, { "name": "voxel", "from": [8.08864, 8.00016, 7.60773], "to": [8.21562, 8.25413, 7.8617], "rotation": {"angle": 0, "axis": "x", "origin": [7.96165, 5.63508, 1.51249]}, "faces": { "north": {"uv": [0.031, 0.031, 15.09175, 15.09175], "rotation": 90, "texture": "#0"}, "east": {"uv": [0.031, 0.031, 15.09175, 15.09175], "rotation": 90, "texture": "#0"}, "south": {"uv": [0.031, 0.031, 15.09175, 15.09175], "rotation": 90, "texture": "#0"}, "west": {"uv": [0.031, 0.031, 15.09175, 15.09175], "rotation": 90, "texture": "#0"}, "up": {"uv": [0.031, 0.031, 15.09175, 15.09175], "rotation": 90, "texture": "#0"}, "down": {"uv": [0.031, 0.031, 15.09175, 15.09175], "rotation": 90, "texture": "#0"} } }, { "name": "voxel", "from": [7.83467, 8.12714, 7.35376], "to": [8.21562, 8.25413, 7.60773], "rotation": {"angle": 0, "axis": "x", "origin": [7.96165, 5.63508, 1.51249]}, "faces": { "north": {"uv": [0.031, 0.031, 15.09175, 15.09175], "rotation": 90, "texture": "#0"}, "east": {"uv": [0.031, 0.031, 15.09175, 15.09175], "rotation": 90, "texture": "#0"}, "south": {"uv": [0.031, 0.031, 15.09175, 15.09175], "rotation": 90, "texture": "#0"}, "west": {"uv": [0.031, 0.031, 15.09175, 15.09175], "rotation": 90, "texture": "#0"}, "up": {"uv": [0.031, 0.031, 15.09175, 15.09175], "rotation": 90, "texture": "#0"}, "down": {"uv": [0.031, 0.031, 15.09175, 15.09175], "rotation": 90, "texture": "#0"} } }, { "name": "voxel", "from": [7.83467, 8.38111, 7.0998], "to": [7.96165, 10.92079, 7.22678], "rotation": {"angle": 0, "axis": "x", "origin": [7.96165, 5.63508, 1.51249]}, "faces": { "north": {"uv": [0.031, 0.031, 15.09175, 15.09175], "rotation": 90, "texture": "#0"}, "east": {"uv": [0.031, 0.031, 15.09175, 15.09175], "rotation": 90, "texture": "#0"}, "south": {"uv": [0.031, 0.031, 15.09175, 15.09175], "rotation": 90, "texture": "#0"}, "west": {"uv": [0.031, 0.031, 15.09175, 15.09175], "rotation": 90, "texture": "#0"}, "up": {"uv": [0.031, 0.031, 15.09175, 15.09175], "rotation": 90, "texture": "#0"}, "down": {"uv": [0.031, 0.031, 15.09175, 15.09175], "rotation": 90, "texture": "#0"} } }, { "name": "voxel", "from": [7.83467, 8.38111, 7.22678], "to": [7.96165, 11.6827, 9.38551], "rotation": {"angle": 0, "axis": "x", "origin": [7.96165, 5.63508, 1.51249]}, "faces": { "north": {"uv": [0.031, 0.031, 15.09175, 15.09175], "rotation": 90, "texture": "#0"}, "east": {"uv": [0.031, 0.031, 15.09175, 15.09175], "rotation": 90, "texture": "#0"}, "south": {"uv": [0.031, 0.031, 15.09175, 15.09175], "rotation": 90, "texture": "#0"}, "west": {"uv": [0.031, 0.031, 15.09175, 15.09175], "rotation": 90, "texture": "#0"}, "up": {"uv": [0.031, 0.031, 15.09175, 15.09175], "rotation": 90, "texture": "#0"}, "down": {"uv": [0.031, 0.031, 15.09175, 15.09175], "rotation": 90, "texture": "#0"} } }, { "name": "voxel", "from": [7.83467, 8.25413, 7.0998], "to": [8.08864, 8.38111, 7.35376], "rotation": {"angle": 0, "axis": "x", "origin": [7.96165, 5.63508, 1.51249]}, "faces": { "north": {"uv": [0.031, 0.031, 15.09175, 15.09175], "rotation": 90, "texture": "#0"}, "east": {"uv": [0.031, 0.031, 15.09175, 15.09175], "rotation": 90, "texture": "#0"}, "south": {"uv": [0.031, 0.031, 15.09175, 15.09175], "rotation": 90, "texture": "#0"}, "west": {"uv": [0.031, 0.031, 15.09175, 15.09175], "rotation": 90, "texture": "#0"}, "up": {"uv": [0.031, 0.031, 15.09175, 15.09175], "rotation": 90, "texture": "#0"}, "down": {"uv": [0.031, 0.031, 15.09175, 15.09175], "rotation": 90, "texture": "#0"} } }, { "name": "voxel", "from": [8.08864, 8.25413, 7.0998], "to": [8.21562, 10.92079, 7.22678], "rotation": {"angle": 0, "axis": "x", "origin": [7.96165, 5.63508, 1.51249]}, "faces": { "north": {"uv": [0.031, 0.031, 15.09175, 15.09175], "rotation": 90, "texture": "#0"}, "east": {"uv": [0.031, 0.031, 15.09175, 15.09175], "rotation": 90, "texture": "#0"}, "south": {"uv": [0.031, 0.031, 15.09175, 15.09175], "rotation": 90, "texture": "#0"}, "west": {"uv": [0.031, 0.031, 15.09175, 15.09175], "rotation": 90, "texture": "#0"}, "up": {"uv": [0.031, 0.031, 15.09175, 15.09175], "rotation": 90, "texture": "#0"}, "down": {"uv": [0.031, 0.031, 15.09175, 15.09175], "rotation": 90, "texture": "#0"} } }, { "name": "voxel", "from": [7.83467, 8.25413, 7.35376], "to": [7.96165, 8.38111, 7.60773], "rotation": {"angle": 0, "axis": "x", "origin": [7.96165, 5.63508, 1.51249]}, "faces": { "north": {"uv": [0.031, 0.031, 15.09175, 15.09175], "rotation": 90, "texture": "#0"}, "east": {"uv": [0.031, 0.031, 15.09175, 15.09175], "rotation": 90, "texture": "#0"}, "south": {"uv": [0.031, 0.031, 15.09175, 15.09175], "rotation": 90, "texture": "#0"}, "west": {"uv": [0.031, 0.031, 15.09175, 15.09175], "rotation": 90, "texture": "#0"}, "up": {"uv": [0.031, 0.031, 15.09175, 15.09175], "rotation": 90, "texture": "#0"}, "down": {"uv": [0.031, 0.031, 15.09175, 15.09175], "rotation": 90, "texture": "#0"} } }, { "name": "voxel", "from": [7.83467, 8.12714, 7.60773], "to": [7.96165, 8.38111, 7.98868], "rotation": {"angle": 0, "axis": "x", "origin": [7.96165, 5.63508, 1.51249]}, "faces": { "north": {"uv": [0.031, 0.031, 15.09175, 15.09175], "rotation": 90, "texture": "#0"}, "east": {"uv": [0.031, 0.031, 15.09175, 15.09175], "rotation": 90, "texture": "#0"}, "south": {"uv": [0.031, 0.031, 15.09175, 15.09175], "rotation": 90, "texture": "#0"}, "west": {"uv": [0.031, 0.031, 15.09175, 15.09175], "rotation": 90, "texture": "#0"}, "up": {"uv": [0.031, 0.031, 15.09175, 15.09175], "rotation": 90, "texture": "#0"}, "down": {"uv": [0.031, 0.031, 15.09175, 15.09175], "rotation": 90, "texture": "#0"} } }, { "name": "voxel", "from": [7.83467, 8.38111, 6.84583], "to": [8.08864, 8.50809, 7.0998], "rotation": {"angle": 0, "axis": "x", "origin": [7.96165, 5.63508, 1.51249]}, "faces": { "north": {"uv": [0.031, 0.031, 15.09175, 15.09175], "rotation": 90, "texture": "#0"}, "east": {"uv": [0.031, 0.031, 15.09175, 15.09175], "rotation": 90, "texture": "#0"}, "south": {"uv": [0.031, 0.031, 15.09175, 15.09175], "rotation": 90, "texture": "#0"}, "west": {"uv": [0.031, 0.031, 15.09175, 15.09175], "rotation": 90, "texture": "#0"}, "up": {"uv": [0.031, 0.031, 15.09175, 15.09175], "rotation": 90, "texture": "#0"}, "down": {"uv": [0.031, 0.031, 15.09175, 15.09175], "rotation": 90, "texture": "#0"} } }, { "name": "voxel", "from": [8.08864, 8.38111, 6.84583], "to": [8.21562, 9.14301, 6.97281], "rotation": {"angle": 0, "axis": "x", "origin": [7.96165, 5.63508, 1.51249]}, "faces": { "north": {"uv": [0.031, 0.031, 15.09175, 15.09175], "rotation": 90, "texture": "#0"}, "east": {"uv": [0.031, 0.031, 15.09175, 15.09175], "rotation": 90, "texture": "#0"}, "south": {"uv": [0.031, 0.031, 15.09175, 15.09175], "rotation": 90, "texture": "#0"}, "west": {"uv": [0.031, 0.031, 15.09175, 15.09175], "rotation": 90, "texture": "#0"}, "up": {"uv": [0.031, 0.031, 15.09175, 15.09175], "rotation": 90, "texture": "#0"}, "down": {"uv": [0.031, 0.031, 15.09175, 15.09175], "rotation": 90, "texture": "#0"} } }, { "name": "voxel", "from": [7.83467, 8.50809, 6.84583], "to": [7.96165, 9.14301, 6.97281], "rotation": {"angle": 0, "axis": "x", "origin": [7.96165, 5.63508, 1.51249]}, "faces": { "north": {"uv": [0.031, 0.031, 15.09175, 15.09175], "rotation": 90, "texture": "#0"}, "east": {"uv": [0.031, 0.031, 15.09175, 15.09175], "rotation": 90, "texture": "#0"}, "south": {"uv": [0.031, 0.031, 15.09175, 15.09175], "rotation": 90, "texture": "#0"}, "west": {"uv": [0.031, 0.031, 15.09175, 15.09175], "rotation": 90, "texture": "#0"}, "up": {"uv": [0.031, 0.031, 15.09175, 15.09175], "rotation": 90, "texture": "#0"}, "down": {"uv": [0.031, 0.031, 15.09175, 15.09175], "rotation": 90, "texture": "#0"} } }, { "name": "voxel", "from": [7.96165, 8.50809, 6.71884], "to": [8.08864, 8.63508, 6.84583], "rotation": {"angle": 0, "axis": "x", "origin": [7.96165, 5.63508, 1.51249]}, "faces": { "north": {"uv": [0.031, 0.031, 15.09175, 15.09175], "rotation": 90, "texture": "#0"}, "east": {"uv": [0.031, 0.031, 15.09175, 15.09175], "rotation": 90, "texture": "#0"}, "south": {"uv": [0.031, 0.031, 15.09175, 15.09175], "rotation": 90, "texture": "#0"}, "west": {"uv": [0.031, 0.031, 15.09175, 15.09175], "rotation": 90, "texture": "#0"}, "up": {"uv": [0.031, 0.031, 15.09175, 15.09175], "rotation": 90, "texture": "#0"}, "down": {"uv": [0.031, 0.031, 15.09175, 15.09175], "rotation": 90, "texture": "#0"} } }, { "name": "voxel", "from": [7.83467, 8.50809, 6.97281], "to": [7.96165, 10.0319, 7.0998], "rotation": {"angle": 0, "axis": "x", "origin": [7.96165, 5.63508, 1.51249]}, "faces": { "north": {"uv": [0.031, 0.031, 15.09175, 15.09175], "rotation": 90, "texture": "#0"}, "east": {"uv": [0.031, 0.031, 15.09175, 15.09175], "rotation": 90, "texture": "#0"}, "south": {"uv": [0.031, 0.031, 15.09175, 15.09175], "rotation": 90, "texture": "#0"}, "west": {"uv": [0.031, 0.031, 15.09175, 15.09175], "rotation": 90, "texture": "#0"}, "up": {"uv": [0.031, 0.031, 15.09175, 15.09175], "rotation": 90, "texture": "#0"}, "down": {"uv": [0.031, 0.031, 15.09175, 15.09175], "rotation": 90, "texture": "#0"} } }, { "name": "voxel", "from": [7.96165, 8.63508, 6.59186], "to": [8.08864, 9.14301, 6.84583], "rotation": {"angle": 0, "axis": "x", "origin": [7.96165, 5.63508, 1.51249]}, "faces": { "north": {"uv": [0.031, 0.031, 15.09175, 15.09175], "rotation": 90, "texture": "#0"}, "east": {"uv": [0.031, 0.031, 15.09175, 15.09175], "rotation": 90, "texture": "#0"}, "south": {"uv": [0.031, 0.031, 15.09175, 15.09175], "rotation": 90, "texture": "#0"}, "west": {"uv": [0.031, 0.031, 15.09175, 15.09175], "rotation": 90, "texture": "#0"}, "up": {"uv": [0.031, 0.031, 15.09175, 15.09175], "rotation": 90, "texture": "#0"}, "down": {"uv": [0.031, 0.031, 15.09175, 15.09175], "rotation": 90, "texture": "#0"} } }, { "name": "voxel", "from": [7.96165, 9.14301, 6.59186], "to": [8.08864, 9.39698, 6.71884], "rotation": {"angle": 0, "axis": "x", "origin": [7.96165, 5.63508, 1.51249]}, "faces": { "north": {"uv": [0.031, 0.031, 15.09175, 15.09175], "rotation": 90, "texture": "#0"}, "east": {"uv": [0.031, 0.031, 15.09175, 15.09175], "rotation": 90, "texture": "#0"}, "south": {"uv": [0.031, 0.031, 15.09175, 15.09175], "rotation": 90, "texture": "#0"}, "west": {"uv": [0.031, 0.031, 15.09175, 15.09175], "rotation": 90, "texture": "#0"}, "up": {"uv": [0.031, 0.031, 15.09175, 15.09175], "rotation": 90, "texture": "#0"}, "down": {"uv": [0.031, 0.031, 15.09175, 15.09175], "rotation": 90, "texture": "#0"} } }, { "name": "voxel", "from": [7.96165, 9.14301, 6.71884], "to": [8.08864, 10.0319, 6.97281], "rotation": {"angle": 0, "axis": "x", "origin": [7.96165, 5.63508, 1.51249]}, "faces": { "north": {"uv": [0.031, 0.031, 15.09175, 15.09175], "rotation": 90, "texture": "#0"}, "east": {"uv": [0.031, 0.031, 15.09175, 15.09175], "rotation": 90, "texture": "#0"}, "south": {"uv": [0.031, 0.031, 15.09175, 15.09175], "rotation": 90, "texture": "#0"}, "west": {"uv": [0.031, 0.031, 15.09175, 15.09175], "rotation": 90, "texture": "#0"}, "up": {"uv": [0.031, 0.031, 15.09175, 15.09175], "rotation": 90, "texture": "#0"}, "down": {"uv": [0.031, 0.031, 15.09175, 15.09175], "rotation": 90, "texture": "#0"} } }, { "name": "voxel", "from": [7.96165, 10.0319, 6.71884], "to": [8.08864, 10.41286, 6.84583], "rotation": {"angle": 0, "axis": "x", "origin": [7.96165, 5.63508, 1.51249]}, "faces": { "north": {"uv": [0.031, 0.031, 15.09175, 15.09175], "rotation": 90, "texture": "#0"}, "east": {"uv": [0.031, 0.031, 15.09175, 15.09175], "rotation": 90, "texture": "#0"}, "south": {"uv": [0.031, 0.031, 15.09175, 15.09175], "rotation": 90, "texture": "#0"}, "west": {"uv": [0.031, 0.031, 15.09175, 15.09175], "rotation": 90, "texture": "#0"}, "up": {"uv": [0.031, 0.031, 15.09175, 15.09175], "rotation": 90, "texture": "#0"}, "down": {"uv": [0.031, 0.031, 15.09175, 15.09175], "rotation": 90, "texture": "#0"} } }, { "name": "voxel", "from": [7.96165, 10.0319, 6.84583], "to": [8.08864, 10.92079, 7.0998], "rotation": {"angle": 0, "axis": "x", "origin": [7.96165, 5.63508, 1.51249]}, "faces": { "north": {"uv": [0.031, 0.031, 15.09175, 15.09175], "rotation": 90, "texture": "#0"}, "east": {"uv": [0.031, 0.031, 15.09175, 15.09175], "rotation": 90, "texture": "#0"}, "south": {"uv": [0.031, 0.031, 15.09175, 15.09175], "rotation": 90, "texture": "#0"}, "west": {"uv": [0.031, 0.031, 15.09175, 15.09175], "rotation": 90, "texture": "#0"}, "up": {"uv": [0.031, 0.031, 15.09175, 15.09175], "rotation": 90, "texture": "#0"}, "down": {"uv": [0.031, 0.031, 15.09175, 15.09175], "rotation": 90, "texture": "#0"} } }, { "name": "voxel", "from": [7.96165, 10.92079, 6.97281], "to": [8.08864, 11.6827, 7.22678], "rotation": {"angle": 0, "axis": "x", "origin": [7.96165, 5.63508, 1.51249]}, "faces": { "north": {"uv": [0.031, 0.031, 15.09175, 15.09175], "rotation": 90, "texture": "#0"}, "east": {"uv": [0.031, 0.031, 15.09175, 15.09175], "rotation": 90, "texture": "#0"}, "south": {"uv": [0.031, 0.031, 15.09175, 15.09175], "rotation": 90, "texture": "#0"}, "west": {"uv": [0.031, 0.031, 15.09175, 15.09175], "rotation": 90, "texture": "#0"}, "up": {"uv": [0.031, 0.031, 15.09175, 15.09175], "rotation": 90, "texture": "#0"}, "down": {"uv": [0.031, 0.031, 15.09175, 15.09175], "rotation": 90, "texture": "#0"} } }, { "name": "voxel", "from": [7.96165, 10.92079, 6.84583], "to": [8.08864, 11.17476, 6.97281], "rotation": {"angle": 0, "axis": "x", "origin": [7.96165, 5.63508, 1.51249]}, "faces": { "north": {"uv": [0.031, 0.031, 15.09175, 15.09175], "rotation": 90, "texture": "#0"}, "east": {"uv": [0.031, 0.031, 15.09175, 15.09175], "rotation": 90, "texture": "#0"}, "south": {"uv": [0.031, 0.031, 15.09175, 15.09175], "rotation": 90, "texture": "#0"}, "west": {"uv": [0.031, 0.031, 15.09175, 15.09175], "rotation": 90, "texture": "#0"}, "up": {"uv": [0.031, 0.031, 15.09175, 15.09175], "rotation": 90, "texture": "#0"}, "down": {"uv": [0.031, 0.031, 15.09175, 15.09175], "rotation": 90, "texture": "#0"} } }, { "name": "voxel", "from": [7.41165, 6.27079, 8.54583], "to": [8.61364, 6.74976, 8.99781], "rotation": {"angle": 0, "axis": "x", "origin": [7.96165, 5.63508, 1.51249]}, "faces": { "north": {"uv": [0.031, 0.031, 15.09175, 15.09175], "rotation": 90, "texture": "#2"}, "east": {"uv": [0.031, 0.031, 15.09175, 15.09175], "rotation": 90, "texture": "#2"}, "south": {"uv": [0.031, 0.031, 15.09175, 15.09175], "rotation": 90, "texture": "#2"}, "west": {"uv": [0.031, 0.031, 1.09163, 1.09163], "rotation": 90, "texture": "#2"}, "up": {"uv": [0.031, 0.031, 15.09175, 15.09175], "rotation": 90, "texture": "#2"}, "down": {"uv": [0.031, 0.031, 15.09175, 15.09175], "rotation": 90, "texture": "#2"} } }, { "name": "voxel", "from": [7.41165, 4.27079, 8.54583], "to": [8.61364, 4.74976, 8.99781], "rotation": {"angle": 0, "axis": "x", "origin": [7.96165, 5.63508, 1.51249]}, "faces": { "north": {"uv": [0.031, 0.031, 15.09175, 15.09175], "rotation": 90, "texture": "#2"}, "east": {"uv": [0.031, 0.031, 15.09175, 15.09175], "rotation": 90, "texture": "#2"}, "south": {"uv": [0.031, 0.031, 15.09175, 15.09175], "rotation": 90, "texture": "#2"}, "west": {"uv": [0.031, 0.031, 1.09163, 1.09163], "rotation": 90, "texture": "#2"}, "up": {"uv": [0.031, 0.031, 15.09175, 15.09175], "rotation": 90, "texture": "#2"}, "down": {"uv": [0.031, 0.031, 15.09175, 15.09175], "rotation": 90, "texture": "#2"} } }, { "name": "voxel", "from": [7.41165, 2.27079, 8.54583], "to": [8.61364, 2.74976, 8.99781], "rotation": {"angle": 0, "axis": "x", "origin": [7.96165, 5.63508, 1.51249]}, "faces": { "north": {"uv": [0.031, 0.031, 15.09175, 15.09175], "rotation": 90, "texture": "#2"}, "east": {"uv": [0.031, 0.031, 15.09175, 15.09175], "rotation": 90, "texture": "#2"}, "south": {"uv": [0.031, 0.031, 15.09175, 15.09175], "rotation": 90, "texture": "#2"}, "west": {"uv": [0.031, 0.031, 1.09163, 1.09163], "rotation": 90, "texture": "#2"}, "up": {"uv": [0.031, 0.031, 15.09175, 15.09175], "rotation": 90, "texture": "#2"}, "down": {"uv": [0.031, 0.031, 15.09175, 15.09175], "rotation": 90, "texture": "#2"} } }, { "name": "voxel", "from": [7.96165, 11.6827, 6.97281], "to": [8.08864, 11.93667, 7.0998], "rotation": {"angle": 0, "axis": "x", "origin": [7.96165, 5.63508, 1.51249]}, "faces": { "north": {"uv": [0.031, 0.031, 15.09175, 15.09175], "rotation": 90, "texture": "#0"}, "east": {"uv": [0.031, 0.031, 15.09175, 15.09175], "rotation": 90, "texture": "#0"}, "south": {"uv": [0.031, 0.031, 15.09175, 15.09175], "rotation": 90, "texture": "#0"}, "west": {"uv": [0.031, 0.031, 15.09175, 15.09175], "rotation": 90, "texture": "#0"}, "up": {"uv": [0.031, 0.031, 15.09175, 15.09175], "rotation": 90, "texture": "#0"}, "down": {"uv": [0.031, 0.031, 15.09175, 15.09175], "rotation": 90, "texture": "#0"} } }, { "name": "voxel", "from": [7.96165, 11.6827, 7.0998], "to": [8.08864, 12.4446, 7.35376], "rotation": {"angle": 0, "axis": "x", "origin": [7.96165, 5.63508, 1.51249]}, "faces": { "north": {"uv": [0.031, 0.031, 15.09175, 15.09175], "rotation": 90, "texture": "#0"}, "east": {"uv": [0.031, 0.031, 15.09175, 15.09175], "rotation": 90, "texture": "#0"}, "south": {"uv": [0.031, 0.031, 15.09175, 15.09175], "rotation": 90, "texture": "#0"}, "west": {"uv": [0.031, 0.031, 15.09175, 15.09175], "rotation": 90, "texture": "#0"}, "up": {"uv": [0.031, 0.031, 15.09175, 15.09175], "rotation": 90, "texture": "#0"}, "down": {"uv": [0.031, 0.031, 15.09175, 15.09175], "rotation": 90, "texture": "#0"} } }, { "name": "voxel", "from": [7.96165, 12.4446, 7.0998], "to": [8.08864, 12.57159, 7.22678], "rotation": {"angle": 0, "axis": "x", "origin": [7.96165, 5.63508, 1.51249]}, "faces": { "north": {"uv": [0.031, 0.031, 15.09175, 15.09175], "rotation": 90, "texture": "#0"}, "east": {"uv": [0.031, 0.031, 15.09175, 15.09175], "rotation": 90, "texture": "#0"}, "south": {"uv": [0.031, 0.031, 15.09175, 15.09175], "rotation": 90, "texture": "#0"}, "west": {"uv": [0.031, 0.031, 15.09175, 15.09175], "rotation": 90, "texture": "#0"}, "up": {"uv": [0.031, 0.031, 15.09175, 15.09175], "rotation": 90, "texture": "#0"}, "down": {"uv": [0.031, 0.031, 15.09175, 15.09175], "rotation": 90, "texture": "#0"} } }, { "name": "voxel", "from": [7.96165, 12.4446, 7.22678], "to": [8.08864, 12.95254, 7.48075], "rotation": {"angle": 0, "axis": "x", "origin": [7.96165, 5.63508, 1.51249]}, "faces": { "north": {"uv": [0.031, 0.031, 15.09175, 15.09175], "rotation": 90, "texture": "#0"}, "east": {"uv": [0.031, 0.031, 15.09175, 15.09175], "rotation": 90, "texture": "#0"}, "south": {"uv": [0.031, 0.031, 15.09175, 15.09175], "rotation": 90, "texture": "#0"}, "west": {"uv": [0.031, 0.031, 15.09175, 15.09175], "rotation": 90, "texture": "#0"}, "up": {"uv": [0.031, 0.031, 15.09175, 15.09175], "rotation": 90, "texture": "#0"}, "down": {"uv": [0.031, 0.031, 15.09175, 15.09175], "rotation": 90, "texture": "#0"} } }, { "name": "voxel", "from": [7.96165, 12.95254, 7.22678], "to": [8.08864, 13.20651, 7.35376], "rotation": {"angle": 0, "axis": "x", "origin": [7.96165, 5.63508, 1.51249]}, "faces": { "north": {"uv": [0.031, 0.031, 15.09175, 15.09175], "rotation": 90, "texture": "#0"}, "east": {"uv": [0.031, 0.031, 15.09175, 15.09175], "rotation": 90, "texture": "#0"}, "south": {"uv": [0.031, 0.031, 15.09175, 15.09175], "rotation": 90, "texture": "#0"}, "west": {"uv": [0.031, 0.031, 15.09175, 15.09175], "rotation": 90, "texture": "#0"}, "up": {"uv": [0.031, 0.031, 15.09175, 15.09175], "rotation": 90, "texture": "#0"}, "down": {"uv": [0.031, 0.031, 15.09175, 15.09175], "rotation": 90, "texture": "#0"} } }, { "name": "voxel", "from": [7.96165, 12.95254, 7.35376], "to": [8.08864, 13.58746, 7.60773], "rotation": {"angle": 0, "axis": "x", "origin": [7.96165, 5.63508, 1.51249]}, "faces": { "north": {"uv": [0.031, 0.031, 15.09175, 15.09175], "rotation": 90, "texture": "#0"}, "east": {"uv": [0.031, 0.031, 15.09175, 15.09175], "rotation": 90, "texture": "#0"}, "south": {"uv": [0.031, 0.031, 15.09175, 15.09175], "rotation": 90, "texture": "#0"}, "west": {"uv": [0.031, 0.031, 15.09175, 15.09175], "rotation": 90, "texture": "#0"}, "up": {"uv": [0.031, 0.031, 15.09175, 15.09175], "rotation": 90, "texture": "#0"}, "down": {"uv": [0.031, 0.031, 15.09175, 15.09175], "rotation": 90, "texture": "#0"} } }, { "name": "voxel", "from": [7.96165, 13.58746, 7.35376], "to": [8.08864, 13.84143, 7.48075], "rotation": {"angle": 0, "axis": "x", "origin": [7.96165, 5.63508, 1.51249]}, "faces": { "north": {"uv": [0.031, 0.031, 15.09175, 15.09175], "rotation": 90, "texture": "#0"}, "east": {"uv": [0.031, 0.031, 15.09175, 15.09175], "rotation": 90, "texture": "#0"}, "south": {"uv": [0.031, 0.031, 15.09175, 15.09175], "rotation": 90, "texture": "#0"}, "west": {"uv": [0.031, 0.031, 15.09175, 15.09175], "rotation": 90, "texture": "#0"}, "up": {"uv": [0.031, 0.031, 15.09175, 15.09175], "rotation": 90, "texture": "#0"}, "down": {"uv": [0.031, 0.031, 15.09175, 15.09175], "rotation": 90, "texture": "#0"} } }, { "name": "voxel", "from": [7.96165, 13.58746, 7.48075], "to": [8.08864, 14.0954, 7.73472], "rotation": {"angle": 0, "axis": "x", "origin": [7.96165, 5.63508, 1.51249]}, "faces": { "north": {"uv": [0.031, 0.031, 15.09175, 15.09175], "rotation": 90, "texture": "#0"}, "east": {"uv": [0.031, 0.031, 15.09175, 15.09175], "rotation": 90, "texture": "#0"}, "south": {"uv": [0.031, 0.031, 15.09175, 15.09175], "rotation": 90, "texture": "#0"}, "west": {"uv": [0.031, 0.031, 15.09175, 15.09175], "rotation": 90, "texture": "#0"}, "up": {"uv": [0.031, 0.031, 15.09175, 15.09175], "rotation": 90, "texture": "#0"}, "down": {"uv": [0.031, 0.031, 15.09175, 15.09175], "rotation": 90, "texture": "#0"} } }, { "name": "voxel", "from": [7.96165, 14.0954, 7.48075], "to": [8.08864, 14.34936, 7.60773], "rotation": {"angle": 0, "axis": "x", "origin": [7.96165, 5.63508, 1.51249]}, "faces": { "north": {"uv": [0.031, 0.031, 15.09175, 15.09175], "rotation": 90, "texture": "#0"}, "east": {"uv": [0.031, 0.031, 15.09175, 15.09175], "rotation": 90, "texture": "#0"}, "south": {"uv": [0.031, 0.031, 15.09175, 15.09175], "rotation": 90, "texture": "#0"}, "west": {"uv": [0.031, 0.031, 15.09175, 15.09175], "rotation": 90, "texture": "#0"}, "up": {"uv": [0.031, 0.031, 15.09175, 15.09175], "rotation": 90, "texture": "#0"}, "down": {"uv": [0.031, 0.031, 15.09175, 15.09175], "rotation": 90, "texture": "#0"} } }, { "name": "voxel", "from": [7.96165, 14.0954, 7.60773], "to": [8.08864, 14.73032, 7.8617], "rotation": {"angle": 0, "axis": "x", "origin": [7.96165, 5.63508, 1.51249]}, "faces": { "north": {"uv": [0.031, 0.031, 15.09175, 15.09175], "rotation": 90, "texture": "#0"}, "east": {"uv": [0.031, 0.031, 15.09175, 15.09175], "rotation": 90, "texture": "#0"}, "south": {"uv": [0.031, 0.031, 15.09175, 15.09175], "rotation": 90, "texture": "#0"}, "west": {"uv": [0.031, 0.031, 15.09175, 15.09175], "rotation": 90, "texture": "#0"}, "up": {"uv": [0.031, 0.031, 15.09175, 15.09175], "rotation": 90, "texture": "#0"}, "down": {"uv": [0.031, 0.031, 15.09175, 15.09175], "rotation": 90, "texture": "#0"} } }, { "name": "voxel", "from": [7.96165, 14.73032, 7.60773], "to": [8.08864, 14.8573, 7.73472], "rotation": {"angle": 0, "axis": "x", "origin": [7.96165, 5.63508, 1.51249]}, "faces": { "north": {"uv": [0.031, 0.031, 15.09175, 15.09175], "rotation": 90, "texture": "#0"}, "east": {"uv": [0.031, 0.031, 15.09175, 15.09175], "rotation": 90, "texture": "#0"}, "south": {"uv": [0.031, 0.031, 15.09175, 15.09175], "rotation": 90, "texture": "#0"}, "west": {"uv": [0.031, 0.031, 15.09175, 15.09175], "rotation": 90, "texture": "#0"}, "up": {"uv": [0.031, 0.031, 15.09175, 15.09175], "rotation": 90, "texture": "#0"}, "down": {"uv": [0.031, 0.031, 15.09175, 15.09175], "rotation": 90, "texture": "#0"} } }, { "name": "voxel", "from": [7.96165, 14.73032, 7.73472], "to": [8.08864, 15.11127, 7.98868], "rotation": {"angle": 0, "axis": "x", "origin": [7.96165, 5.63508, 1.51249]}, "faces": { "north": {"uv": [0.031, 0.031, 15.09175, 15.09175], "rotation": 90, "texture": "#0"}, "east": {"uv": [0.031, 0.031, 15.09175, 15.09175], "rotation": 90, "texture": "#0"}, "south": {"uv": [0.031, 0.031, 15.09175, 15.09175], "rotation": 90, "texture": "#0"}, "west": {"uv": [0.031, 0.031, 15.09175, 15.09175], "rotation": 90, "texture": "#0"}, "up": {"uv": [0.031, 0.031, 15.09175, 15.09175], "rotation": 90, "texture": "#0"}, "down": {"uv": [0.031, 0.031, 15.09175, 15.09175], "rotation": 90, "texture": "#0"} } }, { "name": "voxel", "from": [7.96165, 15.11127, 7.73472], "to": [8.08864, 15.36524, 7.8617], "rotation": {"angle": 0, "axis": "x", "origin": [7.96165, 5.63508, 1.51249]}, "faces": { "north": {"uv": [0.031, 0.031, 15.09175, 15.09175], "rotation": 90, "texture": "#0"}, "east": {"uv": [0.031, 0.031, 15.09175, 15.09175], "rotation": 90, "texture": "#0"}, "south": {"uv": [0.031, 0.031, 15.09175, 15.09175], "rotation": 90, "texture": "#0"}, "west": {"uv": [0.031, 0.031, 15.09175, 15.09175], "rotation": 90, "texture": "#0"}, "up": {"uv": [0.031, 0.031, 15.09175, 15.09175], "rotation": 90, "texture": "#0"}, "down": {"uv": [0.031, 0.031, 15.09175, 15.09175], "rotation": 90, "texture": "#0"} } }, { "name": "voxel", "from": [7.96165, 15.11127, 7.8617], "to": [8.08864, 15.6192, 8.11567], "rotation": {"angle": 0, "axis": "x", "origin": [7.96165, 5.63508, 1.51249]}, "faces": { "north": {"uv": [0.031, 0.031, 15.09175, 15.09175], "rotation": 90, "texture": "#0"}, "east": {"uv": [0.031, 0.031, 15.09175, 15.09175], "rotation": 90, "texture": "#0"}, "south": {"uv": [0.031, 0.031, 15.09175, 15.09175], "rotation": 90, "texture": "#0"}, "west": {"uv": [0.031, 0.031, 15.09175, 15.09175], "rotation": 90, "texture": "#0"}, "up": {"uv": [0.031, 0.031, 15.09175, 15.09175], "rotation": 90, "texture": "#0"}, "down": {"uv": [0.031, 0.031, 15.09175, 15.09175], "rotation": 90, "texture": "#0"} } }, { "name": "voxel", "from": [7.96165, 15.6192, 7.98868], "to": [8.08864, 16.00016, 8.24265], "rotation": {"angle": 0, "axis": "x", "origin": [7.96165, 5.63508, 1.51249]}, "faces": { "north": {"uv": [0.031, 0.031, 15.09175, 15.09175], "rotation": 90, "texture": "#0"}, "east": {"uv": [0.031, 0.031, 15.09175, 15.09175], "rotation": 90, "texture": "#0"}, "south": {"uv": [0.031, 0.031, 15.09175, 15.09175], "rotation": 90, "texture": "#0"}, "west": {"uv": [0.031, 0.031, 15.09175, 15.09175], "rotation": 90, "texture": "#0"}, "up": {"uv": [0.031, 0.031, 15.09175, 15.09175], "rotation": 90, "texture": "#0"}, "down": {"uv": [0.031, 0.031, 15.09175, 15.09175], "rotation": 90, "texture": "#0"} } }, { "name": "voxel", "from": [7.96165, 15.6192, 7.8617], "to": [8.08864, 15.74619, 7.98868], "rotation": {"angle": 0, "axis": "x", "origin": [7.96165, 5.63508, 1.51249]}, "faces": { "north": {"uv": [0.031, 0.031, 15.09175, 15.09175], "rotation": 90, "texture": "#0"}, "east": {"uv": [0.031, 0.031, 15.09175, 15.09175], "rotation": 90, "texture": "#0"}, "south": {"uv": [0.031, 0.031, 15.09175, 15.09175], "rotation": 90, "texture": "#0"}, "west": {"uv": [0.031, 0.031, 15.09175, 15.09175], "rotation": 90, "texture": "#0"}, "up": {"uv": [0.031, 0.031, 15.09175, 15.09175], "rotation": 90, "texture": "#0"}, "down": {"uv": [0.031, 0.031, 15.09175, 15.09175], "rotation": 90, "texture": "#0"} } }, { "name": "voxel", "from": [7.96165, 16.00016, 8.11567], "to": [8.08864, 16.25413, 8.36964], "rotation": {"angle": 0, "axis": "x", "origin": [7.96165, 5.63508, 1.51249]}, "faces": { "north": {"uv": [0.031, 0.031, 15.09175, 15.09175], "rotation": 90, "texture": "#0"}, "east": {"uv": [0.031, 0.031, 15.09175, 15.09175], "rotation": 90, "texture": "#0"}, "south": {"uv": [0.031, 0.031, 15.09175, 15.09175], "rotation": 90, "texture": "#0"}, "west": {"uv": [0.031, 0.031, 15.09175, 15.09175], "rotation": 90, "texture": "#0"}, "up": {"uv": [0.031, 0.031, 15.09175, 15.09175], "rotation": 90, "texture": "#0"}, "down": {"uv": [0.031, 0.031, 15.09175, 15.09175], "rotation": 90, "texture": "#0"} } }, { "name": "voxel", "from": [7.96165, 16.00016, 7.98868], "to": [8.08864, 16.12714, 8.11567], "rotation": {"angle": 0, "axis": "x", "origin": [7.96165, 5.63508, 1.51249]}, "faces": { "north": {"uv": [0.031, 0.031, 15.09175, 15.09175], "rotation": 90, "texture": "#0"}, "east": {"uv": [0.031, 0.031, 15.09175, 15.09175], "rotation": 90, "texture": "#0"}, "south": {"uv": [0.031, 0.031, 15.09175, 15.09175], "rotation": 90, "texture": "#0"}, "west": {"uv": [0.031, 0.031, 15.09175, 15.09175], "rotation": 90, "texture": "#0"}, "up": {"uv": [0.031, 0.031, 15.09175, 15.09175], "rotation": 90, "texture": "#0"}, "down": {"uv": [0.031, 0.031, 15.09175, 15.09175], "rotation": 90, "texture": "#0"} } }, { "name": "voxel", "from": [7.96165, 16.25413, 8.11567], "to": [8.08864, 16.38111, 8.24265], "rotation": {"angle": 0, "axis": "x", "origin": [7.96165, 5.63508, 1.51249]}, "faces": { "north": {"uv": [0.031, 0.031, 15.09175, 15.09175], "rotation": 90, "texture": "#0"}, "east": {"uv": [0.031, 0.031, 15.09175, 15.09175], "rotation": 90, "texture": "#0"}, "south": {"uv": [0.031, 0.031, 15.09175, 15.09175], "rotation": 90, "texture": "#0"}, "west": {"uv": [0.031, 0.031, 15.09175, 15.09175], "rotation": 90, "texture": "#0"}, "up": {"uv": [0.031, 0.031, 15.09175, 15.09175], "rotation": 90, "texture": "#0"}, "down": {"uv": [0.031, 0.031, 15.09175, 15.09175], "rotation": 90, "texture": "#0"} } }, { "name": "voxel", "from": [7.96165, 16.25413, 8.24265], "to": [8.08864, 16.50809, 8.49662], "rotation": {"angle": 0, "axis": "x", "origin": [7.96165, 5.63508, 1.51249]}, "faces": { "north": {"uv": [0.031, 0.031, 15.09175, 15.09175], "rotation": 90, "texture": "#0"}, "east": {"uv": [0.031, 0.031, 15.09175, 15.09175], "rotation": 90, "texture": "#0"}, "south": {"uv": [0.031, 0.031, 15.09175, 15.09175], "rotation": 90, "texture": "#0"}, "west": {"uv": [0.031, 0.031, 15.09175, 15.09175], "rotation": 90, "texture": "#0"}, "up": {"uv": [0.031, 0.031, 15.09175, 15.09175], "rotation": 90, "texture": "#0"}, "down": {"uv": [0.031, 0.031, 15.09175, 15.09175], "rotation": 90, "texture": "#0"} } }, { "name": "voxel", "from": [7.96165, 16.12714, 8.49662], "to": [8.08864, 16.38111, 8.62361], "rotation": {"angle": 0, "axis": "x", "origin": [7.96165, 5.63508, 1.51249]}, "faces": { "north": {"uv": [0.031, 0.031, 15.09175, 15.09175], "rotation": 90, "texture": "#0"}, "east": {"uv": [0.031, 0.031, 15.09175, 15.09175], "rotation": 90, "texture": "#0"}, "south": {"uv": [0.031, 0.031, 15.09175, 15.09175], "rotation": 90, "texture": "#0"}, "west": {"uv": [0.031, 0.031, 15.09175, 15.09175], "rotation": 90, "texture": "#0"}, "up": {"uv": [0.031, 0.031, 15.09175, 15.09175], "rotation": 90, "texture": "#0"}, "down": {"uv": [0.031, 0.031, 15.09175, 15.09175], "rotation": 90, "texture": "#0"} } }, { "name": "voxel", "from": [7.83467, 15.87317, 8.36964], "to": [7.96165, 16.25413, 8.62361], "rotation": {"angle": 0, "axis": "x", "origin": [7.96165, 5.63508, 1.51249]}, "faces": { "north": {"uv": [0.031, 0.031, 15.09175, 15.09175], "rotation": 90, "texture": "#0"}, "east": {"uv": [0.031, 0.031, 15.09175, 15.09175], "rotation": 90, "texture": "#0"}, "south": {"uv": [0.031, 0.031, 15.09175, 15.09175], "rotation": 90, "texture": "#0"}, "west": {"uv": [0.031, 0.031, 15.09175, 15.09175], "rotation": 90, "texture": "#0"}, "up": {"uv": [0.031, 0.031, 15.09175, 15.09175], "rotation": 90, "texture": "#0"}, "down": {"uv": [0.031, 0.031, 15.09175, 15.09175], "rotation": 90, "texture": "#0"} } }, { "name": "voxel", "from": [7.83467, 15.87317, 8.24265], "to": [7.96165, 16.00016, 8.36964], "rotation": {"angle": 0, "axis": "x", "origin": [7.96165, 5.63508, 1.51249]}, "faces": { "north": {"uv": [0.031, 0.031, 15.09175, 15.09175], "rotation": 90, "texture": "#0"}, "east": {"uv": [0.031, 0.031, 15.09175, 15.09175], "rotation": 90, "texture": "#0"}, "south": {"uv": [0.031, 0.031, 15.09175, 15.09175], "rotation": 90, "texture": "#0"}, "west": {"uv": [0.031, 0.031, 15.09175, 15.09175], "rotation": 90, "texture": "#0"}, "up": {"uv": [0.031, 0.031, 15.09175, 15.09175], "rotation": 90, "texture": "#0"}, "down": {"uv": [0.031, 0.031, 15.09175, 15.09175], "rotation": 90, "texture": "#0"} } }, { "name": "voxel", "from": [7.83467, 15.49222, 8.24265], "to": [7.96165, 15.87317, 8.75059], "rotation": {"angle": 0, "axis": "x", "origin": [7.96165, 5.63508, 1.51249]}, "faces": { "north": {"uv": [0.031, 0.031, 15.09175, 15.09175], "rotation": 90, "texture": "#0"}, "east": {"uv": [0.031, 0.031, 15.09175, 15.09175], "rotation": 90, "texture": "#0"}, "south": {"uv": [0.031, 0.031, 15.09175, 15.09175], "rotation": 90, "texture": "#0"}, "west": {"uv": [0.031, 0.031, 15.09175, 15.09175], "rotation": 90, "texture": "#0"}, "up": {"uv": [0.031, 0.031, 15.09175, 15.09175], "rotation": 90, "texture": "#0"}, "down": {"uv": [0.031, 0.031, 15.09175, 15.09175], "rotation": 90, "texture": "#0"} } }, { "name": "voxel", "from": [7.83467, 15.49222, 8.11567], "to": [7.96165, 15.6192, 8.24265], "rotation": {"angle": 0, "axis": "x", "origin": [7.96165, 5.63508, 1.51249]}, "faces": { "north": {"uv": [0.031, 0.031, 15.09175, 15.09175], "rotation": 90, "texture": "#0"}, "east": {"uv": [0.031, 0.031, 15.09175, 15.09175], "rotation": 90, "texture": "#0"}, "south": {"uv": [0.031, 0.031, 15.09175, 15.09175], "rotation": 90, "texture": "#0"}, "west": {"uv": [0.031, 0.031, 15.09175, 15.09175], "rotation": 90, "texture": "#0"}, "up": {"uv": [0.031, 0.031, 15.09175, 15.09175], "rotation": 90, "texture": "#0"}, "down": {"uv": [0.031, 0.031, 15.09175, 15.09175], "rotation": 90, "texture": "#0"} } }, { "name": "voxel", "from": [7.83467, 14.98428, 8.11567], "to": [7.96165, 15.49222, 8.87757], "rotation": {"angle": 0, "axis": "x", "origin": [7.96165, 5.63508, 1.51249]}, "faces": { "north": {"uv": [0.031, 0.031, 15.09175, 15.09175], "rotation": 90, "texture": "#0"}, "east": {"uv": [0.031, 0.031, 15.09175, 15.09175], "rotation": 90, "texture": "#0"}, "south": {"uv": [0.031, 0.031, 15.09175, 15.09175], "rotation": 90, "texture": "#0"}, "west": {"uv": [0.031, 0.031, 15.09175, 15.09175], "rotation": 90, "texture": "#0"}, "up": {"uv": [0.031, 0.031, 15.09175, 15.09175], "rotation": 90, "texture": "#0"}, "down": {"uv": [0.031, 0.031, 15.09175, 15.09175], "rotation": 90, "texture": "#0"} } }, { "name": "voxel", "from": [7.83467, 14.34936, 7.98868], "to": [7.96165, 14.98428, 9.00456], "rotation": {"angle": 0, "axis": "x", "origin": [7.96165, 5.63508, 1.51249]}, "faces": { "north": {"uv": [0.031, 0.031, 15.09175, 15.09175], "rotation": 90, "texture": "#0"}, "east": {"uv": [0.031, 0.031, 15.09175, 15.09175], "rotation": 90, "texture": "#0"}, "south": {"uv": [0.031, 0.031, 15.09175, 15.09175], "rotation": 90, "texture": "#0"}, "west": {"uv": [0.031, 0.031, 15.09175, 15.09175], "rotation": 90, "texture": "#0"}, "up": {"uv": [0.031, 0.031, 15.09175, 15.09175], "rotation": 90, "texture": "#0"}, "down": {"uv": [0.031, 0.031, 15.09175, 15.09175], "rotation": 90, "texture": "#0"} } }, { "name": "voxel", "from": [7.83467, 14.98428, 7.98868], "to": [7.96165, 15.11127, 8.11567], "rotation": {"angle": 0, "axis": "x", "origin": [7.96165, 5.63508, 1.51249]}, "faces": { "north": {"uv": [0.031, 0.031, 15.09175, 15.09175], "rotation": 90, "texture": "#0"}, "east": {"uv": [0.031, 0.031, 15.09175, 15.09175], "rotation": 90, "texture": "#0"}, "south": {"uv": [0.031, 0.031, 15.09175, 15.09175], "rotation": 90, "texture": "#0"}, "west": {"uv": [0.031, 0.031, 15.09175, 15.09175], "rotation": 90, "texture": "#0"}, "up": {"uv": [0.031, 0.031, 15.09175, 15.09175], "rotation": 90, "texture": "#0"}, "down": {"uv": [0.031, 0.031, 15.09175, 15.09175], "rotation": 90, "texture": "#0"} } }, { "name": "voxel", "from": [7.83467, 14.34936, 7.8617], "to": [7.96165, 14.73032, 7.98868], "rotation": {"angle": 0, "axis": "x", "origin": [7.96165, 5.63508, 1.51249]}, "faces": { "north": {"uv": [0.031, 0.031, 15.09175, 15.09175], "rotation": 90, "texture": "#0"}, "east": {"uv": [0.031, 0.031, 15.09175, 15.09175], "rotation": 90, "texture": "#0"}, "south": {"uv": [0.031, 0.031, 15.09175, 15.09175], "rotation": 90, "texture": "#0"}, "west": {"uv": [0.031, 0.031, 15.09175, 15.09175], "rotation": 90, "texture": "#0"}, "up": {"uv": [0.031, 0.031, 15.09175, 15.09175], "rotation": 90, "texture": "#0"}, "down": {"uv": [0.031, 0.031, 15.09175, 15.09175], "rotation": 90, "texture": "#0"} } }, { "name": "voxel", "from": [7.83467, 13.33349, 7.8617], "to": [7.96165, 14.34936, 9.13154], "rotation": {"angle": 0, "axis": "x", "origin": [7.96165, 5.63508, 1.51249]}, "faces": { "north": {"uv": [0.031, 0.031, 15.09175, 15.09175], "rotation": 90, "texture": "#0"}, "east": {"uv": [0.031, 0.031, 15.09175, 15.09175], "rotation": 90, "texture": "#0"}, "south": {"uv": [0.031, 0.031, 15.09175, 15.09175], "rotation": 90, "texture": "#0"}, "west": {"uv": [0.031, 0.031, 15.09175, 15.09175], "rotation": 90, "texture": "#0"}, "up": {"uv": [0.031, 0.031, 15.09175, 15.09175], "rotation": 90, "texture": "#0"}, "down": {"uv": [0.031, 0.031, 15.09175, 15.09175], "rotation": 90, "texture": "#0"} } }, { "name": "voxel", "from": [7.83467, 11.6827, 7.60773], "to": [7.96165, 13.33349, 9.25853], "rotation": {"angle": 0, "axis": "x", "origin": [7.96165, 5.63508, 1.51249]}, "faces": { "north": {"uv": [0.031, 0.031, 15.09175, 15.09175], "rotation": 90, "texture": "#0"}, "east": {"uv": [0.031, 0.031, 15.09175, 15.09175], "rotation": 90, "texture": "#0"}, "south": {"uv": [0.031, 0.031, 15.09175, 15.09175], "rotation": 90, "texture": "#0"}, "west": {"uv": [0.031, 0.031, 15.09175, 15.09175], "rotation": 90, "texture": "#0"}, "up": {"uv": [0.031, 0.031, 15.09175, 15.09175], "rotation": 90, "texture": "#0"}, "down": {"uv": [0.031, 0.031, 15.09175, 15.09175], "rotation": 90, "texture": "#0"} } }, { "name": "voxel", "from": [7.83467, 11.6827, 7.48075], "to": [7.96165, 13.07952, 7.60773], "rotation": {"angle": 0, "axis": "x", "origin": [7.96165, 5.63508, 1.51249]}, "faces": { "north": {"uv": [0.031, 0.031, 15.09175, 15.09175], "rotation": 90, "texture": "#0"}, "east": {"uv": [0.031, 0.031, 15.09175, 15.09175], "rotation": 90, "texture": "#0"}, "south": {"uv": [0.031, 0.031, 15.09175, 15.09175], "rotation": 90, "texture": "#0"}, "west": {"uv": [0.031, 0.031, 15.09175, 15.09175], "rotation": 90, "texture": "#0"}, "up": {"uv": [0.031, 0.031, 15.09175, 15.09175], "rotation": 90, "texture": "#0"}, "down": {"uv": [0.031, 0.031, 15.09175, 15.09175], "rotation": 90, "texture": "#0"} } }, { "name": "voxel", "from": [7.83467, 13.33349, 7.60773], "to": [7.96165, 13.58746, 7.73472], "rotation": {"angle": 0, "axis": "x", "origin": [7.96165, 5.63508, 1.51249]}, "faces": { "north": {"uv": [0.031, 0.031, 15.09175, 15.09175], "rotation": 90, "texture": "#0"}, "east": {"uv": [0.031, 0.031, 15.09175, 15.09175], "rotation": 90, "texture": "#0"}, "south": {"uv": [0.031, 0.031, 15.09175, 15.09175], "rotation": 90, "texture": "#0"}, "west": {"uv": [0.031, 0.031, 15.09175, 15.09175], "rotation": 90, "texture": "#0"}, "up": {"uv": [0.031, 0.031, 15.09175, 15.09175], "rotation": 90, "texture": "#0"}, "down": {"uv": [0.031, 0.031, 15.09175, 15.09175], "rotation": 90, "texture": "#0"} } }, { "name": "voxel", "from": [7.83467, 13.33349, 7.73472], "to": [7.96165, 14.22238, 7.8617], "rotation": {"angle": 0, "axis": "x", "origin": [7.96165, 5.63508, 1.51249]}, "faces": { "north": {"uv": [0.031, 0.031, 15.09175, 15.09175], "rotation": 90, "texture": "#0"}, "east": {"uv": [0.031, 0.031, 15.09175, 15.09175], "rotation": 90, "texture": "#0"}, "south": {"uv": [0.031, 0.031, 15.09175, 15.09175], "rotation": 90, "texture": "#0"}, "west": {"uv": [0.031, 0.031, 15.09175, 15.09175], "rotation": 90, "texture": "#0"}, "up": {"uv": [0.031, 0.031, 15.09175, 15.09175], "rotation": 90, "texture": "#0"}, "down": {"uv": [0.031, 0.031, 15.09175, 15.09175], "rotation": 90, "texture": "#0"} } }, { "name": "voxel", "from": [7.83467, 11.6827, 7.35376], "to": [7.96165, 12.4446, 7.48075], "rotation": {"angle": 0, "axis": "x", "origin": [7.96165, 5.63508, 1.51249]}, "faces": { "north": {"uv": [0.031, 0.031, 15.09175, 15.09175], "rotation": 90, "texture": "#0"}, "east": {"uv": [0.031, 0.031, 15.09175, 15.09175], "rotation": 90, "texture": "#0"}, "south": {"uv": [0.031, 0.031, 15.09175, 15.09175], "rotation": 90, "texture": "#0"}, "west": {"uv": [0.031, 0.031, 15.09175, 15.09175], "rotation": 90, "texture": "#0"}, "up": {"uv": [0.031, 0.031, 15.09175, 15.09175], "rotation": 90, "texture": "#0"}, "down": {"uv": [0.031, 0.031, 15.09175, 15.09175], "rotation": 90, "texture": "#0"} } }, { "name": "voxel", "from": [7.83467, 6.12317, 9.38551], "to": [8.21562, 11.6827, 9.53749], "rotation": {"angle": 0, "axis": "x", "origin": [7.96165, 5.63508, 1.51249]}, "faces": { "north": {"uv": [0.031, 0.031, 15.09175, 15.09175], "rotation": 90, "texture": "#0"}, "east": {"uv": [0.031, 0.031, 15.09175, 15.09175], "rotation": 90, "texture": "#0"}, "south": {"uv": [0.031, 0.031, 15.09175, 15.09175], "rotation": 90, "texture": "#0"}, "west": {"uv": [0.031, 0.031, 15.09175, 15.09175], "rotation": 90, "texture": "#0"}, "up": {"uv": [0.031, 0.031, 15.09175, 15.09175], "rotation": 90, "texture": "#0"}, "down": {"uv": [0.031, 0.031, 15.09175, 15.09175], "rotation": 90, "texture": "#0"} } }, { "name": "voxel", "from": [7.83467, 11.6827, 9.25853], "to": [8.21562, 13.33349, 9.38551], "rotation": {"angle": 0, "axis": "x", "origin": [7.96165, 5.63508, 1.51249]}, "faces": { "north": {"uv": [0.031, 0.031, 15.09175, 15.09175], "rotation": 90, "texture": "#0"}, "east": {"uv": [0.031, 0.031, 15.09175, 15.09175], "rotation": 90, "texture": "#0"}, "south": {"uv": [0.031, 0.031, 15.09175, 15.09175], "rotation": 90, "texture": "#0"}, "west": {"uv": [0.031, 0.031, 15.09175, 15.09175], "rotation": 90, "texture": "#0"}, "up": {"uv": [0.031, 0.031, 15.09175, 15.09175], "rotation": 90, "texture": "#0"}, "down": {"uv": [0.031, 0.031, 15.09175, 15.09175], "rotation": 90, "texture": "#0"} } }, { "name": "voxel", "from": [7.83467, 13.33349, 9.13154], "to": [8.21562, 14.34936, 9.25853], "rotation": {"angle": 0, "axis": "x", "origin": [7.96165, 5.63508, 1.51249]}, "faces": { "north": {"uv": [0.031, 0.031, 15.09175, 15.09175], "rotation": 90, "texture": "#0"}, "east": {"uv": [0.031, 0.031, 15.09175, 15.09175], "rotation": 90, "texture": "#0"}, "south": {"uv": [0.031, 0.031, 15.09175, 15.09175], "rotation": 90, "texture": "#0"}, "west": {"uv": [0.031, 0.031, 15.09175, 15.09175], "rotation": 90, "texture": "#0"}, "up": {"uv": [0.031, 0.031, 15.09175, 15.09175], "rotation": 90, "texture": "#0"}, "down": {"uv": [0.031, 0.031, 15.09175, 15.09175], "rotation": 90, "texture": "#0"} } }, { "name": "voxel", "from": [7.83467, 14.34936, 9.00456], "to": [8.21562, 14.98428, 9.13154], "rotation": {"angle": 0, "axis": "x", "origin": [7.96165, 5.63508, 1.51249]}, "faces": { "north": {"uv": [0.031, 0.031, 15.09175, 15.09175], "rotation": 90, "texture": "#0"}, "east": {"uv": [0.031, 0.031, 15.09175, 15.09175], "rotation": 90, "texture": "#0"}, "south": {"uv": [0.031, 0.031, 15.09175, 15.09175], "rotation": 90, "texture": "#0"}, "west": {"uv": [0.031, 0.031, 15.09175, 15.09175], "rotation": 90, "texture": "#0"}, "up": {"uv": [0.031, 0.031, 15.09175, 15.09175], "rotation": 90, "texture": "#0"}, "down": {"uv": [0.031, 0.031, 15.09175, 15.09175], "rotation": 90, "texture": "#0"} } }, { "name": "voxel", "from": [7.83467, 14.98428, 8.87757], "to": [8.21562, 15.49222, 9.00456], "rotation": {"angle": 0, "axis": "x", "origin": [7.96165, 5.63508, 1.51249]}, "faces": { "north": {"uv": [0.031, 0.031, 15.09175, 15.09175], "rotation": 90, "texture": "#0"}, "east": {"uv": [0.031, 0.031, 15.09175, 15.09175], "rotation": 90, "texture": "#0"}, "south": {"uv": [0.031, 0.031, 15.09175, 15.09175], "rotation": 90, "texture": "#0"}, "west": {"uv": [0.031, 0.031, 15.09175, 15.09175], "rotation": 90, "texture": "#0"}, "up": {"uv": [0.031, 0.031, 15.09175, 15.09175], "rotation": 90, "texture": "#0"}, "down": {"uv": [0.031, 0.031, 15.09175, 15.09175], "rotation": 90, "texture": "#0"} } }, { "name": "voxel", "from": [7.83467, 15.49222, 8.75059], "to": [8.21562, 15.87317, 8.87757], "rotation": {"angle": 0, "axis": "x", "origin": [7.96165, 5.63508, 1.51249]}, "faces": { "north": {"uv": [0.031, 0.031, 15.09175, 15.09175], "rotation": 90, "texture": "#0"}, "east": {"uv": [0.031, 0.031, 15.09175, 15.09175], "rotation": 90, "texture": "#0"}, "south": {"uv": [0.031, 0.031, 15.09175, 15.09175], "rotation": 90, "texture": "#0"}, "west": {"uv": [0.031, 0.031, 15.09175, 15.09175], "rotation": 90, "texture": "#0"}, "up": {"uv": [0.031, 0.031, 15.09175, 15.09175], "rotation": 90, "texture": "#0"}, "down": {"uv": [0.031, 0.031, 15.09175, 15.09175], "rotation": 90, "texture": "#0"} } }, { "name": "voxel", "from": [7.83467, 15.87317, 8.62361], "to": [8.21562, 16.12714, 8.75059], "rotation": {"angle": 0, "axis": "x", "origin": [7.96165, 5.63508, 1.51249]}, "faces": { "north": {"uv": [0.031, 0.031, 15.09175, 15.09175], "rotation": 90, "texture": "#0"}, "east": {"uv": [0.031, 0.031, 15.09175, 15.09175], "rotation": 90, "texture": "#0"}, "south": {"uv": [0.031, 0.031, 15.09175, 15.09175], "rotation": 90, "texture": "#0"}, "west": {"uv": [0.031, 0.031, 15.09175, 15.09175], "rotation": 90, "texture": "#0"}, "up": {"uv": [0.031, 0.031, 15.09175, 15.09175], "rotation": 90, "texture": "#0"}, "down": {"uv": [0.031, 0.031, 15.09175, 15.09175], "rotation": 90, "texture": "#0"} } }, { "name": "voxel", "from": [8.08864, 7.87317, 7.8617], "to": [8.21562, 8.25413, 9.38551], "rotation": {"angle": 0, "axis": "x", "origin": [7.96165, 5.63508, 1.51249]}, "faces": { "north": {"uv": [0.031, 0.031, 15.09175, 15.09175], "rotation": 90, "texture": "#0"}, "east": {"uv": [0.031, 0.031, 15.09175, 15.09175], "rotation": 90, "texture": "#0"}, "south": {"uv": [0.031, 0.031, 15.09175, 15.09175], "rotation": 90, "texture": "#0"}, "west": {"uv": [0.031, 0.031, 15.09175, 15.09175], "rotation": 90, "texture": "#0"}, "up": {"uv": [0.031, 0.031, 15.09175, 15.09175], "rotation": 90, "texture": "#0"}, "down": {"uv": [0.031, 0.031, 15.09175, 15.09175], "rotation": 90, "texture": "#0"} } }, { "name": "voxel", "from": [8.08864, 8.25413, 7.22678], "to": [8.21562, 11.6827, 9.38551], "rotation": {"angle": 0, "axis": "x", "origin": [7.96165, 5.63508, 1.51249]}, "faces": { "north": {"uv": [0.031, 0.031, 15.09175, 15.09175], "rotation": 90, "texture": "#0"}, "east": {"uv": [0.031, 0.031, 15.09175, 15.09175], "rotation": 90, "texture": "#0"}, "south": {"uv": [0.031, 0.031, 15.09175, 15.09175], "rotation": 90, "texture": "#0"}, "west": {"uv": [0.031, 0.031, 15.09175, 15.09175], "rotation": 90, "texture": "#0"}, "up": {"uv": [0.031, 0.031, 15.09175, 15.09175], "rotation": 90, "texture": "#0"}, "down": {"uv": [0.031, 0.031, 15.09175, 15.09175], "rotation": 90, "texture": "#0"} } }, { "name": "voxel", "from": [8.08864, 11.6827, 7.60773], "to": [8.21562, 13.33349, 9.25853], "rotation": {"angle": 0, "axis": "x", "origin": [7.96165, 5.63508, 1.51249]}, "faces": { "north": {"uv": [0.031, 0.031, 15.09175, 15.09175], "rotation": 90, "texture": "#0"}, "east": {"uv": [0.031, 0.031, 15.09175, 15.09175], "rotation": 90, "texture": "#0"}, "south": {"uv": [0.031, 0.031, 15.09175, 15.09175], "rotation": 90, "texture": "#0"}, "west": {"uv": [0.031, 0.031, 15.09175, 15.09175], "rotation": 90, "texture": "#0"}, "up": {"uv": [0.031, 0.031, 15.09175, 15.09175], "rotation": 90, "texture": "#0"}, "down": {"uv": [0.031, 0.031, 15.09175, 15.09175], "rotation": 90, "texture": "#0"} } }, { "name": "voxel", "from": [8.08864, 13.33349, 7.8617], "to": [8.21562, 14.34936, 9.13154], "rotation": {"angle": 0, "axis": "x", "origin": [7.96165, 5.63508, 1.51249]}, "faces": { "north": {"uv": [0.031, 0.031, 15.09175, 15.09175], "rotation": 90, "texture": "#0"}, "east": {"uv": [0.031, 0.031, 15.09175, 15.09175], "rotation": 90, "texture": "#0"}, "south": {"uv": [0.031, 0.031, 15.09175, 15.09175], "rotation": 90, "texture": "#0"}, "west": {"uv": [0.031, 0.031, 15.09175, 15.09175], "rotation": 90, "texture": "#0"}, "up": {"uv": [0.031, 0.031, 15.09175, 15.09175], "rotation": 90, "texture": "#0"}, "down": {"uv": [0.031, 0.031, 15.09175, 15.09175], "rotation": 90, "texture": "#0"} } }, { "name": "voxel", "from": [8.08864, 14.34936, 7.98868], "to": [8.21562, 14.98428, 9.00456], "rotation": {"angle": 0, "axis": "x", "origin": [7.96165, 5.63508, 1.51249]}, "faces": { "north": {"uv": [0.031, 0.031, 15.09175, 15.09175], "rotation": 90, "texture": "#0"}, "east": {"uv": [0.031, 0.031, 15.09175, 15.09175], "rotation": 90, "texture": "#0"}, "south": {"uv": [0.031, 0.031, 15.09175, 15.09175], "rotation": 90, "texture": "#0"}, "west": {"uv": [0.031, 0.031, 15.09175, 15.09175], "rotation": 90, "texture": "#0"}, "up": {"uv": [0.031, 0.031, 15.09175, 15.09175], "rotation": 90, "texture": "#0"}, "down": {"uv": [0.031, 0.031, 15.09175, 15.09175], "rotation": 90, "texture": "#0"} } }, { "name": "voxel", "from": [8.08864, 14.98428, 8.11567], "to": [8.21562, 15.49222, 8.87757], "rotation": {"angle": 0, "axis": "x", "origin": [7.96165, 5.63508, 1.51249]}, "faces": { "north": {"uv": [0.031, 0.031, 15.09175, 15.09175], "rotation": 90, "texture": "#0"}, "east": {"uv": [0.031, 0.031, 15.09175, 15.09175], "rotation": 90, "texture": "#0"}, "south": {"uv": [0.031, 0.031, 15.09175, 15.09175], "rotation": 90, "texture": "#0"}, "west": {"uv": [0.031, 0.031, 15.09175, 15.09175], "rotation": 90, "texture": "#0"}, "up": {"uv": [0.031, 0.031, 15.09175, 15.09175], "rotation": 90, "texture": "#0"}, "down": {"uv": [0.031, 0.031, 15.09175, 15.09175], "rotation": 90, "texture": "#0"} } }, { "name": "voxel", "from": [8.08864, 15.49222, 8.24265], "to": [8.21562, 15.87317, 8.75059], "rotation": {"angle": 0, "axis": "x", "origin": [7.96165, 5.63508, 1.51249]}, "faces": { "north": {"uv": [0.031, 0.031, 15.09175, 15.09175], "rotation": 90, "texture": "#0"}, "east": {"uv": [0.031, 0.031, 15.09175, 15.09175], "rotation": 90, "texture": "#0"}, "south": {"uv": [0.031, 0.031, 15.09175, 15.09175], "rotation": 90, "texture": "#0"}, "west": {"uv": [0.031, 0.031, 15.09175, 15.09175], "rotation": 90, "texture": "#0"}, "up": {"uv": [0.031, 0.031, 15.09175, 15.09175], "rotation": 90, "texture": "#0"}, "down": {"uv": [0.031, 0.031, 15.09175, 15.09175], "rotation": 90, "texture": "#0"} } }, { "name": "voxel", "from": [8.08864, 15.87317, 8.36964], "to": [8.21562, 16.25413, 8.62361], "rotation": {"angle": 0, "axis": "x", "origin": [7.96165, 5.63508, 1.51249]}, "faces": { "north": {"uv": [0.031, 0.031, 15.09175, 15.09175], "rotation": 90, "texture": "#0"}, "east": {"uv": [0.031, 0.031, 15.09175, 15.09175], "rotation": 90, "texture": "#0"}, "south": {"uv": [0.031, 0.031, 15.09175, 15.09175], "rotation": 90, "texture": "#0"}, "west": {"uv": [0.031, 0.031, 15.09175, 15.09175], "rotation": 90, "texture": "#0"}, "up": {"uv": [0.031, 0.031, 15.09175, 15.09175], "rotation": 90, "texture": "#0"}, "down": {"uv": [0.031, 0.031, 15.09175, 15.09175], "rotation": 90, "texture": "#0"} } }, { "name": "voxel", "from": [8.08864, 15.87317, 8.24265], "to": [8.21562, 16.00016, 8.36964], "rotation": {"angle": 0, "axis": "x", "origin": [7.96165, 5.63508, 1.51249]}, "faces": { "north": {"uv": [0.031, 0.031, 15.09175, 15.09175], "rotation": 90, "texture": "#0"}, "east": {"uv": [0.031, 0.031, 15.09175, 15.09175], "rotation": 90, "texture": "#0"}, "south": {"uv": [0.031, 0.031, 15.09175, 15.09175], "rotation": 90, "texture": "#0"}, "west": {"uv": [0.031, 0.031, 15.09175, 15.09175], "rotation": 90, "texture": "#0"}, "up": {"uv": [0.031, 0.031, 15.09175, 15.09175], "rotation": 90, "texture": "#0"}, "down": {"uv": [0.031, 0.031, 15.09175, 15.09175], "rotation": 90, "texture": "#0"} } }, { "name": "voxel", "from": [8.08864, 15.49222, 8.11567], "to": [8.21562, 15.6192, 8.24265], "rotation": {"angle": 0, "axis": "x", "origin": [7.96165, 5.63508, 1.51249]}, "faces": { "north": {"uv": [0.031, 0.031, 15.09175, 15.09175], "rotation": 90, "texture": "#0"}, "east": {"uv": [0.031, 0.031, 15.09175, 15.09175], "rotation": 90, "texture": "#0"}, "south": {"uv": [0.031, 0.031, 15.09175, 15.09175], "rotation": 90, "texture": "#0"}, "west": {"uv": [0.031, 0.031, 15.09175, 15.09175], "rotation": 90, "texture": "#0"}, "up": {"uv": [0.031, 0.031, 15.09175, 15.09175], "rotation": 90, "texture": "#0"}, "down": {"uv": [0.031, 0.031, 15.09175, 15.09175], "rotation": 90, "texture": "#0"} } }, { "name": "voxel", "from": [8.08864, 14.98428, 7.98868], "to": [8.21562, 15.11127, 8.11567], "rotation": {"angle": 0, "axis": "x", "origin": [7.96165, 5.63508, 1.51249]}, "faces": { "north": {"uv": [0.031, 0.031, 15.09175, 15.09175], "rotation": 90, "texture": "#0"}, "east": {"uv": [0.031, 0.031, 15.09175, 15.09175], "rotation": 90, "texture": "#0"}, "south": {"uv": [0.031, 0.031, 15.09175, 15.09175], "rotation": 90, "texture": "#0"}, "west": {"uv": [0.031, 0.031, 15.09175, 15.09175], "rotation": 90, "texture": "#0"}, "up": {"uv": [0.031, 0.031, 15.09175, 15.09175], "rotation": 90, "texture": "#0"}, "down": {"uv": [0.031, 0.031, 15.09175, 15.09175], "rotation": 90, "texture": "#0"} } }, { "name": "voxel", "from": [8.08864, 14.34936, 7.8617], "to": [8.21562, 14.73032, 7.98868], "rotation": {"angle": 0, "axis": "x", "origin": [7.96165, 5.63508, 1.51249]}, "faces": { "north": {"uv": [0.031, 0.031, 15.09175, 15.09175], "rotation": 90, "texture": "#0"}, "east": {"uv": [0.031, 0.031, 15.09175, 15.09175], "rotation": 90, "texture": "#0"}, "south": {"uv": [0.031, 0.031, 15.09175, 15.09175], "rotation": 90, "texture": "#0"}, "west": {"uv": [0.031, 0.031, 15.09175, 15.09175], "rotation": 90, "texture": "#0"}, "up": {"uv": [0.031, 0.031, 15.09175, 15.09175], "rotation": 90, "texture": "#0"}, "down": {"uv": [0.031, 0.031, 15.09175, 15.09175], "rotation": 90, "texture": "#0"} } }, { "name": "voxel", "from": [8.08864, 13.33349, 7.73472], "to": [8.21562, 14.0954, 7.8617], "rotation": {"angle": 0, "axis": "x", "origin": [7.96165, 5.63508, 1.51249]}, "faces": { "north": {"uv": [0.031, 0.031, 15.09175, 15.09175], "rotation": 90, "texture": "#0"}, "east": {"uv": [0.031, 0.031, 15.09175, 15.09175], "rotation": 90, "texture": "#0"}, "south": {"uv": [0.031, 0.031, 15.09175, 15.09175], "rotation": 90, "texture": "#0"}, "west": {"uv": [0.031, 0.031, 15.09175, 15.09175], "rotation": 90, "texture": "#0"}, "up": {"uv": [0.031, 0.031, 15.09175, 15.09175], "rotation": 90, "texture": "#0"}, "down": {"uv": [0.031, 0.031, 15.09175, 15.09175], "rotation": 90, "texture": "#0"} } }, { "name": "voxel", "from": [8.08864, 13.33349, 7.60773], "to": [8.21562, 13.58746, 7.73472], "rotation": {"angle": 0, "axis": "x", "origin": [7.96165, 5.63508, 1.51249]}, "faces": { "north": {"uv": [0.031, 0.031, 15.09175, 15.09175], "rotation": 90, "texture": "#0"}, "east": {"uv": [0.031, 0.031, 15.09175, 15.09175], "rotation": 90, "texture": "#0"}, "south": {"uv": [0.031, 0.031, 15.09175, 15.09175], "rotation": 90, "texture": "#0"}, "west": {"uv": [0.031, 0.031, 15.09175, 15.09175], "rotation": 90, "texture": "#0"}, "up": {"uv": [0.031, 0.031, 15.09175, 15.09175], "rotation": 90, "texture": "#0"}, "down": {"uv": [0.031, 0.031, 15.09175, 15.09175], "rotation": 90, "texture": "#0"} } }, { "name": "voxel", "from": [8.08864, 11.6827, 7.48075], "to": [8.21562, 12.95254, 7.60773], "rotation": {"angle": 0, "axis": "x", "origin": [7.96165, 5.63508, 1.51249]}, "faces": { "north": {"uv": [0.031, 0.031, 15.09175, 15.09175], "rotation": 90, "texture": "#0"}, "east": {"uv": [0.031, 0.031, 15.09175, 15.09175], "rotation": 90, "texture": "#0"}, "south": {"uv": [0.031, 0.031, 15.09175, 15.09175], "rotation": 90, "texture": "#0"}, "west": {"uv": [0.031, 0.031, 15.09175, 15.09175], "rotation": 90, "texture": "#0"}, "up": {"uv": [0.031, 0.031, 15.09175, 15.09175], "rotation": 90, "texture": "#0"}, "down": {"uv": [0.031, 0.031, 15.09175, 15.09175], "rotation": 90, "texture": "#0"} } }, { "name": "voxel", "from": [8.08864, 11.6827, 7.35376], "to": [8.21562, 12.4446, 7.48075], "rotation": {"angle": 0, "axis": "x", "origin": [7.96165, 5.63508, 1.51249]}, "faces": { "north": {"uv": [0.031, 0.031, 15.09175, 15.09175], "rotation": 90, "texture": "#0"}, "east": {"uv": [0.031, 0.031, 15.09175, 15.09175], "rotation": 90, "texture": "#0"}, "south": {"uv": [0.031, 0.031, 15.09175, 15.09175], "rotation": 90, "texture": "#0"}, "west": {"uv": [0.031, 0.031, 15.09175, 15.09175], "rotation": 90, "texture": "#0"}, "up": {"uv": [0.031, 0.031, 15.09175, 15.09175], "rotation": 90, "texture": "#0"}, "down": {"uv": [0.031, 0.031, 15.09175, 15.09175], "rotation": 90, "texture": "#0"} } }, { "name": "voxel", "from": [8.08864, 8.38111, 6.97281], "to": [8.21562, 10.0319, 7.0998], "rotation": {"angle": 0, "axis": "x", "origin": [7.96165, 5.63508, 1.51249]}, "faces": { "north": {"uv": [0.031, 0.031, 15.09175, 15.09175], "rotation": 90, "texture": "#0"}, "east": {"uv": [0.031, 0.031, 15.09175, 15.09175], "rotation": 90, "texture": "#0"}, "south": {"uv": [0.031, 0.031, 15.09175, 15.09175], "rotation": 90, "texture": "#0"}, "west": {"uv": [0.031, 0.031, 15.09175, 15.09175], "rotation": 90, "texture": "#0"}, "up": {"uv": [0.031, 0.031, 15.09175, 15.09175], "rotation": 90, "texture": "#0"}, "down": {"uv": [0.031, 0.031, 15.09175, 15.09175], "rotation": 90, "texture": "#0"} } } ], "display": { "thirdperson_righthand": { "translation": [0, 0.5, 1], "scale": [0.7, 0.7, 0.7] }, "thirdperson_lefthand": { "translation": [0, 0.5, 1], "scale": [0.7, 0.7, 0.7] }, "firstperson_righthand": { "translation": [-1.25, 1.75, 1.5] }, "firstperson_lefthand": { "translation": [-1.25, 1.75, 1.5] }, "ground": { "rotation": [-15, 0, 0], "translation": [0, 1.75, 0], "scale": [0.7, 0.7, 0.7] }, "gui": { "rotation": [0, 90, 0], "translation": [-0.5, 0.25, 0], "scale": [0.7, 0.7, 0.7] }, "head": { "rotation": [-45, 0, 0], "translation": [0, 2, -7.5] }, "fixed": { "rotation": [0, 90, 0], "translation": [0, 1, -0.5], "scale": [0.7, 0.7, 0.7] } }, "groups": [ { "name": "voxel_file", "origin": [8, 8, 8], "children": [0, 1, 2, 3, 4, 5, 6, 7, 8, 9, 10, 11, 12, 13, 14, 15, 16, 17] }, { "name": "group", "origin": [7.96165, 5.63508, 1.51249], "children": [18, 19, 20, 21, 22, 23, 24, 25, 26, 27, 28, 29, 30, 31, 32, 33, 34, 35, 36, 37, 38, 39, 40, 41, 42, 43, 44, 45, 46, 47, 48, 49, 50, 51, 52, 53, 54, 55, 56, 57, 58, 59, 60, 61, 62, 63, 64, 65, 66, 67, 68, 69, 70, 71, 72, 73, 74, 75, 76, 77, 78, 79, 80, 81, 82, 83, 84, 85, 86, 87, 88, 89, 90, 91, 92, 93, 94, 95, 96, 97, 98, 99, 100, 101, 102, 103] } ] }