{ "credit": "Made with Blockbench", "texture_size": [128, 128], "textures": { "0": "items/rykoyat", "1": "items/bita1", "particle": "items/rykoyat" }, "elements": [ { "name": "voxel", "from": [8.32193, 7.68165, 0.90499], "to": [8.44892, 8.31657, 6.49229], "rotation": {"angle": 0, "axis": "y", "origin": [7.94098, 15.55466, 7.63514]}, "faces": { "north": {"uv": [10.99938, 12.99913, 14.05975, 16], "texture": "#0"}, "east": {"uv": [8, 8.9995, 13.061, 14.0605], "texture": "#0"}, "south": {"uv": [8, 8.9995, 13.061, 14.0605], "texture": "#0"}, "west": {"uv": [8, 8.9995, 13.061, 14.0605], "texture": "#0"}, "up": {"uv": [8, 8.9995, 13.061, 14.0605], "texture": "#0"}, "down": {"uv": [8, 8.9995, 13.061, 14.0605], "texture": "#0"} } }, { "name": "voxel", "from": [8.32193, 7.80863, 14.23832], "to": [8.44892, 8.18958, 14.61927], "rotation": {"angle": 0, "axis": "y", "origin": [7.94098, 15.55466, 7.63514]}, "faces": { "north": {"uv": [10.99938, 12.99913, 14.05975, 16], "texture": "#0"}, "east": {"uv": [8, 8.9995, 13.061, 14.0605], "texture": "#0"}, "south": {"uv": [8, 8.9995, 13.061, 14.0605], "texture": "#0"}, "west": {"uv": [8, 8.9995, 13.061, 14.0605], "texture": "#0"}, "up": {"uv": [8, 8.9995, 13.061, 14.0605], "texture": "#0"}, "down": {"uv": [8, 8.9995, 13.061, 14.0605], "texture": "#0"} } }, { "name": "voxel", "from": [8.32193, 7.80863, 6.49229], "to": [8.44892, 8.18958, 7.12721], "rotation": {"angle": 0, "axis": "y", "origin": [7.94098, 15.55466, 7.63514]}, "faces": { "north": {"uv": [10.99938, 12.99913, 14.05975, 16], "texture": "#0"}, "east": {"uv": [8, 8.9995, 13.061, 14.0605], "texture": "#0"}, "south": {"uv": [8, 8.9995, 13.061, 14.0605], "texture": "#0"}, "west": {"uv": [8, 8.9995, 13.061, 14.0605], "texture": "#0"}, "up": {"uv": [8, 8.9995, 13.061, 14.0605], "texture": "#0"}, "down": {"uv": [8, 8.9995, 13.061, 14.0605], "texture": "#0"} } }, { "name": "voxel", "from": [8.32193, 7.80863, 0.65102], "to": [8.44892, 8.18958, 0.90499], "rotation": {"angle": 0, "axis": "y", "origin": [7.94098, 15.55466, 7.63514]}, "faces": { "north": {"uv": [10.99938, 12.99913, 14.05975, 16], "texture": "#0"}, "east": {"uv": [8, 8.9995, 13.061, 14.0605], "texture": "#0"}, "south": {"uv": [8, 8.9995, 13.061, 14.0605], "texture": "#0"}, "west": {"uv": [8, 8.9995, 13.061, 14.0605], "texture": "#0"}, "up": {"uv": [8, 8.9995, 13.061, 14.0605], "texture": "#0"}, "down": {"uv": [8, 8.9995, 13.061, 14.0605], "texture": "#0"} } }, { "name": "voxel", "from": [8.32193, 7.93561, 7.12721], "to": [8.44892, 8.0626, 7.38118], "rotation": {"angle": 0, "axis": "y", "origin": [7.94098, 15.55466, 7.63514]}, "faces": { "north": {"uv": [10.99938, 12.99913, 14.05975, 16], "texture": "#0"}, "east": {"uv": [8, 8.9995, 13.061, 14.0605], "texture": "#0"}, "south": {"uv": [8, 8.9995, 13.061, 14.0605], "texture": "#0"}, "west": {"uv": [8, 8.9995, 13.061, 14.0605], "texture": "#0"}, "up": {"uv": [8, 8.9995, 13.061, 14.0605], "texture": "#0"}, "down": {"uv": [8, 8.9995, 13.061, 14.0605], "texture": "#0"} } }, { "name": "voxel", "from": [7.56003, 7.93561, 0.52403], "to": [8.44892, 8.0626, 0.65102], "rotation": {"angle": 0, "axis": "y", "origin": [7.94098, 15.55466, 7.63514]}, "faces": { "north": {"uv": [10.99938, 12.99913, 14.05975, 16], "texture": "#0"}, "east": {"uv": [8, 8.9995, 13.061, 14.0605], "texture": "#0"}, "south": {"uv": [8, 8.9995, 13.061, 14.0605], "texture": "#0"}, "west": {"uv": [8, 8.9995, 13.061, 14.0605], "texture": "#0"}, "up": {"uv": [8, 8.9995, 13.061, 14.0605], "texture": "#0"}, "down": {"uv": [8, 8.9995, 13.061, 14.0605], "texture": "#0"} } }, { "name": "voxel", "from": [7.68701, 7.55466, 0.90499], "to": [8.32193, 7.68165, 6.49229], "rotation": {"angle": 0, "axis": "y", "origin": [7.94098, 15.55466, 7.63514]}, "faces": { "north": {"uv": [10.99938, 12.99913, 14.05975, 16], "texture": "#0"}, "east": {"uv": [8, 8.9995, 13.061, 14.0605], "texture": "#0"}, "south": {"uv": [8, 8.9995, 13.061, 14.0605], "texture": "#0"}, "west": {"uv": [8, 8.9995, 13.061, 14.0605], "texture": "#0"}, "up": {"uv": [8, 8.9995, 13.061, 14.0605], "texture": "#0"}, "down": {"uv": [8, 8.9995, 13.061, 14.0605], "texture": "#0"} } }, { "name": "voxel", "from": [8.19495, 7.68165, 14.23832], "to": [8.32193, 7.80863, 14.61927], "rotation": {"angle": 0, "axis": "y", "origin": [7.94098, 15.55466, 7.63514]}, "faces": { "north": {"uv": [10.99938, 12.99913, 14.05975, 16], "texture": "#0"}, "east": {"uv": [8, 8.9995, 13.061, 14.0605], "texture": "#0"}, "south": {"uv": [8, 8.9995, 13.061, 14.0605], "texture": "#0"}, "west": {"uv": [8, 8.9995, 13.061, 14.0605], "texture": "#0"}, "up": {"uv": [8, 8.9995, 13.061, 14.0605], "texture": "#0"}, "down": {"uv": [8, 8.9995, 13.061, 14.0605], "texture": "#0"} } }, { "name": "voxel", "from": [7.68701, 7.68165, 7.38118], "to": [8.32193, 7.80863, 8.27006], "rotation": {"angle": 0, "axis": "y", "origin": [7.94098, 15.55466, 7.63514]}, "faces": { "north": {"uv": [10.99938, 12.99913, 14.05975, 16], "texture": "#0"}, "east": {"uv": [8, 8.9995, 13.061, 14.0605], "texture": "#0"}, "south": {"uv": [8, 8.9995, 13.061, 14.0605], "texture": "#0"}, "west": {"uv": [8, 8.9995, 13.061, 14.0605], "texture": "#0"}, "up": {"uv": [8, 8.9995, 13.061, 14.0605], "texture": "#0"}, "down": {"uv": [8, 8.9995, 13.061, 14.0605], "texture": "#0"} } }, { "name": "voxel", "from": [8.19495, 7.68165, 7.12721], "to": [8.32193, 7.93561, 7.38118], "rotation": {"angle": 0, "axis": "y", "origin": [7.94098, 15.55466, 7.63514]}, "faces": { "north": {"uv": [10.99938, 12.99913, 14.05975, 16], "texture": "#0"}, "east": {"uv": [8, 8.9995, 13.061, 14.0605], "texture": "#0"}, "south": {"uv": [8, 8.9995, 13.061, 14.0605], "texture": "#0"}, "west": {"uv": [8, 8.9995, 13.061, 14.0605], "texture": "#0"}, "up": {"uv": [8, 8.9995, 13.061, 14.0605], "texture": "#0"}, "down": {"uv": [8, 8.9995, 13.061, 14.0605], "texture": "#0"} } }, { "name": "voxel", "from": [8.19495, 7.68165, 6.49229], "to": [8.32193, 7.80863, 7.12721], "rotation": {"angle": 0, "axis": "y", "origin": [7.94098, 15.55466, 7.63514]}, "faces": { "north": {"uv": [10.99938, 12.99913, 14.05975, 16], "texture": "#0"}, "east": {"uv": [8, 8.9995, 13.061, 14.0605], "texture": "#0"}, "south": {"uv": [8, 8.9995, 13.061, 14.0605], "texture": "#0"}, "west": {"uv": [8, 8.9995, 13.061, 14.0605], "texture": "#0"}, "up": {"uv": [8, 8.9995, 13.061, 14.0605], "texture": "#0"}, "down": {"uv": [8, 8.9995, 13.061, 14.0605], "texture": "#0"} } }, { "name": "voxel", "from": [8.19495, 7.68165, 0.52403], "to": [8.32193, 7.80863, 0.90499], "rotation": {"angle": 0, "axis": "y", "origin": [7.94098, 15.55466, 7.63514]}, "faces": { "north": {"uv": [10.99938, 12.99913, 14.05975, 16], "texture": "#0"}, "east": {"uv": [8, 8.9995, 13.061, 14.0605], "texture": "#0"}, "south": {"uv": [8, 8.9995, 13.061, 14.0605], "texture": "#0"}, "west": {"uv": [8, 8.9995, 13.061, 14.0605], "texture": "#0"}, "up": {"uv": [8, 8.9995, 13.061, 14.0605], "texture": "#0"}, "down": {"uv": [8, 8.9995, 13.061, 14.0605], "texture": "#0"} } }, { "name": "voxel", "from": [7.68701, 7.80863, 14.49229], "to": [8.32193, 8.31657, 14.61927], "rotation": {"angle": 0, "axis": "y", "origin": [7.94098, 15.55466, 7.63514]}, "faces": { "north": {"uv": [10.99938, 12.99913, 14.05975, 16], "texture": "#0"}, "east": {"uv": [8, 8.9995, 13.061, 14.0605], "texture": "#0"}, "south": {"uv": [8, 8.9995, 13.061, 14.0605], "texture": "#0"}, "west": {"uv": [8, 8.9995, 13.061, 14.0605], "texture": "#0"}, "up": {"uv": [8, 8.9995, 13.061, 14.0605], "texture": "#0"}, "down": {"uv": [8, 8.9995, 13.061, 14.0605], "texture": "#0"} } }, { "name": "voxel", "from": [8.19495, 7.80863, 12.20657], "to": [8.32193, 8.18958, 14.23832], "rotation": {"angle": 0, "axis": "y", "origin": [7.94098, 15.55466, 7.63514]}, "faces": { "north": {"uv": [10.99938, 12.99913, 14.05975, 16], "texture": "#1"}, "east": {"uv": [8, 8.9995, 13.061, 14.0605], "texture": "#1"}, "south": {"uv": [8, 8.9995, 13.061, 14.0605], "texture": "#1"}, "west": {"uv": [8, 8.9995, 13.061, 14.0605], "texture": "#1"}, "up": {"uv": [8, 8.9995, 13.061, 14.0605], "texture": "#1"}, "down": {"uv": [8, 8.9995, 13.061, 14.0605], "texture": "#1"} } }, { "name": "voxel", "from": [8.19495, 7.80863, 8.25618], "to": [8.32193, 8.18958, 10.80975], "rotation": {"angle": 0, "axis": "y", "origin": [7.94098, 15.55466, 7.63514]}, "faces": { "north": {"uv": [10.99938, 12.99913, 14.05975, 16], "texture": "#1"}, "east": {"uv": [8, 8.9995, 13.061, 14.0605], "texture": "#1"}, "south": {"uv": [8, 8.9995, 13.061, 14.0605], "texture": "#1"}, "west": {"uv": [8, 8.9995, 13.061, 14.0605], "texture": "#1"}, "up": {"uv": [8, 8.9995, 13.061, 14.0605], "texture": "#1"}, "down": {"uv": [8, 8.9995, 13.061, 14.0605], "texture": "#1"} } }, { "name": "voxel", "from": [7.68701, 7.80863, 0.52403], "to": [8.32193, 7.93561, 0.65102], "rotation": {"angle": 0, "axis": "y", "origin": [7.94098, 15.55466, 7.63514]}, "faces": { "north": {"uv": [10.99938, 12.99913, 14.05975, 16], "texture": "#0"}, "east": {"uv": [8, 8.9995, 13.061, 14.0605], "texture": "#0"}, "south": {"uv": [8, 8.9995, 13.061, 14.0605], "texture": "#0"}, "west": {"uv": [8, 8.9995, 13.061, 14.0605], "texture": "#0"}, "up": {"uv": [8, 8.9995, 13.061, 14.0605], "texture": "#0"}, "down": {"uv": [8, 8.9995, 13.061, 14.0605], "texture": "#0"} } }, { "name": "voxel", "from": [8.19495, 7.93561, 10.80975], "to": [8.32193, 8.0626, 12.20657], "rotation": {"angle": 0, "axis": "y", "origin": [7.94098, 15.55466, 7.63514]}, "faces": { "north": {"uv": [10.99938, 12.99913, 14.05975, 16], "texture": "#1"}, "east": {"uv": [8, 8.9995, 13.061, 14.0605], "texture": "#1"}, "south": {"uv": [8, 8.9995, 13.061, 14.0605], "texture": "#1"}, "west": {"uv": [8, 8.9995, 13.061, 14.0605], "texture": "#1"}, "up": {"uv": [8, 8.9995, 13.061, 14.0605], "texture": "#1"}, "down": {"uv": [8, 8.9995, 13.061, 14.0605], "texture": "#1"} } }, { "name": "voxel", "from": [8.19495, 8.0626, 12.07959], "to": [8.32193, 8.18958, 12.20657], "rotation": {"angle": 0, "axis": "y", "origin": [7.94098, 15.55466, 7.63514]}, "faces": { "north": {"uv": [10.99938, 12.99913, 14.05975, 16], "texture": "#1"}, "east": {"uv": [8, 8.9995, 13.061, 14.0605], "texture": "#1"}, "south": {"uv": [8, 8.9995, 13.061, 14.0605], "texture": "#1"}, "west": {"uv": [8, 8.9995, 13.061, 14.0605], "texture": "#1"}, "up": {"uv": [8, 8.9995, 13.061, 14.0605], "texture": "#1"}, "down": {"uv": [8, 8.9995, 13.061, 14.0605], "texture": "#1"} } }, { "name": "voxel", "from": [8.19495, 8.0626, 10.80975], "to": [8.32193, 8.18958, 10.93673], "rotation": {"angle": 0, "axis": "y", "origin": [7.94098, 15.55466, 7.63514]}, "faces": { "north": {"uv": [10.99938, 12.99913, 14.05975, 16], "texture": "#1"}, "east": {"uv": [8, 8.9995, 13.061, 14.0605], "texture": "#1"}, "south": {"uv": [8, 8.9995, 13.061, 14.0605], "texture": "#1"}, "west": {"uv": [8, 8.9995, 13.061, 14.0605], "texture": "#1"}, "up": {"uv": [8, 8.9995, 13.061, 14.0605], "texture": "#1"}, "down": {"uv": [8, 8.9995, 13.061, 14.0605], "texture": "#1"} } }, { "name": "voxel", "from": [8.19495, 8.0626, 7.12721], "to": [8.32193, 8.31657, 7.38118], "rotation": {"angle": 0, "axis": "y", "origin": [7.94098, 15.55466, 7.63514]}, "faces": { "north": {"uv": [10.99938, 12.99913, 14.05975, 16], "texture": "#0"}, "east": {"uv": [8, 8.9995, 13.061, 14.0605], "texture": "#0"}, "south": {"uv": [8, 8.9995, 13.061, 14.0605], "texture": "#0"}, "west": {"uv": [8, 8.9995, 13.061, 14.0605], "texture": "#0"}, "up": {"uv": [8, 8.9995, 13.061, 14.0605], "texture": "#0"}, "down": {"uv": [8, 8.9995, 13.061, 14.0605], "texture": "#0"} } }, { "name": "voxel", "from": [7.68701, 8.0626, 0.52403], "to": [8.32193, 8.31657, 0.65102], "rotation": {"angle": 0, "axis": "y", "origin": [7.94098, 15.55466, 7.63514]}, "faces": { "north": {"uv": [10.99938, 12.99913, 14.05975, 16], "texture": "#0"}, "east": {"uv": [8, 8.9995, 13.061, 14.0605], "texture": "#0"}, "south": {"uv": [8, 8.9995, 13.061, 14.0605], "texture": "#0"}, "west": {"uv": [8, 8.9995, 13.061, 14.0605], "texture": "#0"}, "up": {"uv": [8, 8.9995, 13.061, 14.0605], "texture": "#0"}, "down": {"uv": [8, 8.9995, 13.061, 14.0605], "texture": "#0"} } }, { "name": "voxel", "from": [8.19495, 8.18958, 14.23832], "to": [8.32193, 8.31657, 14.49229], "rotation": {"angle": 0, "axis": "y", "origin": [7.94098, 15.55466, 7.63514]}, "faces": { "north": {"uv": [10.99938, 12.99913, 14.05975, 16], "texture": "#0"}, "east": {"uv": [8, 8.9995, 13.061, 14.0605], "texture": "#0"}, "south": {"uv": [8, 8.9995, 13.061, 14.0605], "texture": "#0"}, "west": {"uv": [8, 8.9995, 13.061, 14.0605], "texture": "#0"}, "up": {"uv": [8, 8.9995, 13.061, 14.0605], "texture": "#0"}, "down": {"uv": [8, 8.9995, 13.061, 14.0605], "texture": "#0"} } }, { "name": "voxel", "from": [7.68701, 7.81458, 7.38118], "to": [8.32193, 8.31657, 8.27006], "rotation": {"angle": 0, "axis": "y", "origin": [7.94098, 15.55466, 7.63514]}, "faces": { "north": {"uv": [10.99938, 12.99913, 14.05975, 16], "texture": "#0"}, "east": {"uv": [8, 8.9995, 13.061, 14.0605], "texture": "#0"}, "south": {"uv": [8, 8.9995, 13.061, 14.0605], "texture": "#0"}, "west": {"uv": [8, 8.9995, 13.061, 14.0605], "texture": "#0"}, "up": {"uv": [8, 8.9995, 13.061, 14.0605], "texture": "#0"}, "down": {"uv": [8, 8.9995, 13.061, 14.0605], "texture": "#0"} } }, { "name": "voxel", "from": [8.19495, 8.18958, 6.49229], "to": [8.32193, 8.31657, 7.12721], "rotation": {"angle": 0, "axis": "y", "origin": [7.94098, 15.55466, 7.63514]}, "faces": { "north": {"uv": [10.99938, 12.99913, 14.05975, 16], "texture": "#0"}, "east": {"uv": [8, 8.9995, 13.061, 14.0605], "texture": "#0"}, "south": {"uv": [8, 8.9995, 13.061, 14.0605], "texture": "#0"}, "west": {"uv": [8, 8.9995, 13.061, 14.0605], "texture": "#0"}, "up": {"uv": [8, 8.9995, 13.061, 14.0605], "texture": "#0"}, "down": {"uv": [8, 8.9995, 13.061, 14.0605], "texture": "#0"} } }, { "name": "voxel", "from": [8.19495, 8.18958, 0.65102], "to": [8.32193, 8.31657, 0.90499], "rotation": {"angle": 0, "axis": "y", "origin": [7.94098, 15.55466, 7.63514]}, "faces": { "north": {"uv": [10.99938, 12.99913, 14.05975, 16], "texture": "#0"}, "east": {"uv": [8, 8.9995, 13.061, 14.0605], "texture": "#0"}, "south": {"uv": [8, 8.9995, 13.061, 14.0605], "texture": "#0"}, "west": {"uv": [8, 8.9995, 13.061, 14.0605], "texture": "#0"}, "up": {"uv": [8, 8.9995, 13.061, 14.0605], "texture": "#0"}, "down": {"uv": [8, 8.9995, 13.061, 14.0605], "texture": "#0"} } }, { "name": "voxel", "from": [7.68701, 8.31657, 0.90499], "to": [8.32193, 8.44355, 6.49229], "rotation": {"angle": 0, "axis": "y", "origin": [7.94098, 15.55466, 7.63514]}, "faces": { "north": {"uv": [10.99938, 12.99913, 14.05975, 16], "texture": "#0"}, "east": {"uv": [8, 8.9995, 13.061, 14.0605], "texture": "#0"}, "south": {"uv": [8, 8.9995, 13.061, 14.0605], "texture": "#0"}, "west": {"uv": [8, 8.9995, 13.061, 14.0605], "texture": "#0"}, "up": {"uv": [8, 8.9995, 13.061, 14.0605], "texture": "#0"}, "down": {"uv": [8, 8.9995, 13.061, 14.0605], "texture": "#0"} } }, { "name": "voxel", "from": [7.814, 7.55466, 14.23832], "to": [8.19495, 7.68165, 14.61927], "rotation": {"angle": 0, "axis": "y", "origin": [7.94098, 15.55466, 7.63514]}, "faces": { "north": {"uv": [10.99938, 12.99913, 14.05975, 16], "texture": "#0"}, "east": {"uv": [8, 8.9995, 13.061, 14.0605], "texture": "#0"}, "south": {"uv": [8, 8.9995, 13.061, 14.0605], "texture": "#0"}, "west": {"uv": [8, 8.9995, 13.061, 14.0605], "texture": "#0"}, "up": {"uv": [8, 8.9995, 13.061, 14.0605], "texture": "#0"}, "down": {"uv": [8, 8.9995, 13.061, 14.0605], "texture": "#0"} } }, { "name": "voxel", "from": [7.814, 7.55466, 6.49229], "to": [8.19495, 7.68165, 7.25419], "rotation": {"angle": 0, "axis": "y", "origin": [7.94098, 15.55466, 7.63514]}, "faces": { "north": {"uv": [10.99938, 12.99913, 14.05975, 16], "texture": "#0"}, "east": {"uv": [8, 8.9995, 13.061, 14.0605], "texture": "#0"}, "south": {"uv": [8, 8.9995, 13.061, 14.0605], "texture": "#0"}, "west": {"uv": [8, 8.9995, 13.061, 14.0605], "texture": "#0"}, "up": {"uv": [8, 8.9995, 13.061, 14.0605], "texture": "#0"}, "down": {"uv": [8, 8.9995, 13.061, 14.0605], "texture": "#0"} } }, { "name": "voxel", "from": [7.814, 7.55466, 0.65102], "to": [8.19495, 7.68165, 0.90499], "rotation": {"angle": 0, "axis": "y", "origin": [7.94098, 15.55466, 7.63514]}, "faces": { "north": {"uv": [10.99938, 12.99913, 14.05975, 16], "texture": "#0"}, "east": {"uv": [8, 8.9995, 13.061, 14.0605], "texture": "#0"}, "south": {"uv": [8, 8.9995, 13.061, 14.0605], "texture": "#0"}, "west": {"uv": [8, 8.9995, 13.061, 14.0605], "texture": "#0"}, "up": {"uv": [8, 8.9995, 13.061, 14.0605], "texture": "#0"}, "down": {"uv": [8, 8.9995, 13.061, 14.0605], "texture": "#0"} } }, { "name": "voxel", "from": [7.68701, 7.68165, 14.49229], "to": [8.19495, 7.80863, 14.61927], "rotation": {"angle": 0, "axis": "y", "origin": [7.94098, 15.55466, 7.63514]}, "faces": { "north": {"uv": [10.99938, 12.99913, 14.05975, 16], "texture": "#0"}, "east": {"uv": [8, 8.9995, 13.061, 14.0605], "texture": "#0"}, "south": {"uv": [8, 8.9995, 13.061, 14.0605], "texture": "#0"}, "west": {"uv": [8, 8.9995, 13.061, 14.0605], "texture": "#0"}, "up": {"uv": [8, 8.9995, 13.061, 14.0605], "texture": "#0"}, "down": {"uv": [8, 8.9995, 13.061, 14.0605], "texture": "#0"} } }, { "name": "voxel", "from": [7.814, 7.68165, 12.20657], "to": [8.19495, 7.80863, 14.23832], "rotation": {"angle": 0, "axis": "y", "origin": [7.94098, 15.55466, 7.63514]}, "faces": { "north": {"uv": [10.99938, 12.99913, 14.05975, 16], "texture": "#1"}, "east": {"uv": [8, 8.9995, 13.061, 14.0605], "texture": "#1"}, "south": {"uv": [8, 8.9995, 13.061, 14.0605], "texture": "#1"}, "west": {"uv": [8, 8.9995, 13.061, 14.0605], "texture": "#1"}, "up": {"uv": [8, 8.9995, 13.061, 14.0605], "texture": "#1"}, "down": {"uv": [8, 8.9995, 13.061, 14.0605], "texture": "#1"} } }, { "name": "voxel", "from": [7.814, 7.68165, 8.27006], "to": [8.19495, 7.80863, 10.80975], "rotation": {"angle": 0, "axis": "y", "origin": [7.94098, 15.55466, 7.63514]}, "faces": { "north": {"uv": [10.99938, 12.99913, 14.05975, 16], "texture": "#1"}, "east": {"uv": [8, 8.9995, 13.061, 14.0605], "texture": "#1"}, "south": {"uv": [8, 8.9995, 13.061, 14.0605], "texture": "#1"}, "west": {"uv": [8, 8.9995, 13.061, 14.0605], "texture": "#1"}, "up": {"uv": [8, 8.9995, 13.061, 14.0605], "texture": "#1"}, "down": {"uv": [8, 8.9995, 13.061, 14.0605], "texture": "#1"} } }, { "name": "voxel", "from": [8.06796, 7.68165, 7.25419], "to": [8.19495, 7.80863, 7.38118], "rotation": {"angle": 0, "axis": "y", "origin": [7.94098, 15.55466, 7.63514]}, "faces": { "north": {"uv": [10.99938, 12.99913, 14.05975, 16], "texture": "#0"}, "east": {"uv": [8, 8.9995, 13.061, 14.0605], "texture": "#0"}, "south": {"uv": [8, 8.9995, 13.061, 14.0605], "texture": "#0"}, "west": {"uv": [8, 8.9995, 13.061, 14.0605], "texture": "#0"}, "up": {"uv": [8, 8.9995, 13.061, 14.0605], "texture": "#0"}, "down": {"uv": [8, 8.9995, 13.061, 14.0605], "texture": "#0"} } }, { "name": "voxel", "from": [7.68701, 7.68165, 0.52403], "to": [8.19495, 7.80863, 0.65102], "rotation": {"angle": 0, "axis": "y", "origin": [7.94098, 15.55466, 7.63514]}, "faces": { "north": {"uv": [10.99938, 12.99913, 14.05975, 16], "texture": "#0"}, "east": {"uv": [8, 8.9995, 13.061, 14.0605], "texture": "#0"}, "south": {"uv": [8, 8.9995, 13.061, 14.0605], "texture": "#0"}, "west": {"uv": [8, 8.9995, 13.061, 14.0605], "texture": "#0"}, "up": {"uv": [8, 8.9995, 13.061, 14.0605], "texture": "#0"}, "down": {"uv": [8, 8.9995, 13.061, 14.0605], "texture": "#0"} } }, { "name": "voxel", "from": [8.06796, 7.80863, 10.80975], "to": [8.19495, 7.93561, 12.20657], "rotation": {"angle": 0, "axis": "y", "origin": [7.94098, 15.55466, 7.63514]}, "faces": { "north": {"uv": [10.99938, 12.99913, 14.05975, 16], "texture": "#1"}, "east": {"uv": [8, 8.9995, 13.061, 14.0605], "texture": "#1"}, "south": {"uv": [8, 8.9995, 13.061, 14.0605], "texture": "#1"}, "west": {"uv": [8, 8.9995, 13.061, 14.0605], "texture": "#1"}, "up": {"uv": [8, 8.9995, 13.061, 14.0605], "texture": "#1"}, "down": {"uv": [8, 8.9995, 13.061, 14.0605], "texture": "#1"} } }, { "name": "voxel", "from": [8.06796, 8.0626, 10.93673], "to": [8.19495, 8.18958, 12.07959], "rotation": {"angle": 0, "axis": "y", "origin": [7.94098, 15.55466, 7.63514]}, "faces": { "north": {"uv": [10.99938, 12.99913, 14.05975, 16], "texture": "#1"}, "east": {"uv": [8, 8.9995, 13.061, 14.0605], "texture": "#1"}, "south": {"uv": [8, 8.9995, 13.061, 14.0605], "texture": "#1"}, "west": {"uv": [8, 8.9995, 13.061, 14.0605], "texture": "#1"}, "up": {"uv": [8, 8.9995, 13.061, 14.0605], "texture": "#1"}, "down": {"uv": [8, 8.9995, 13.061, 14.0605], "texture": "#1"} } }, { "name": "voxel", "from": [7.814, 8.18958, 12.07959], "to": [8.19495, 8.31657, 14.23832], "rotation": {"angle": 0, "axis": "y", "origin": [7.94098, 15.55466, 7.63514]}, "faces": { "north": {"uv": [10.99938, 12.99913, 14.05975, 16], "texture": "#1"}, "east": {"uv": [8, 8.9995, 13.061, 14.0605], "texture": "#1"}, "south": {"uv": [8, 8.9995, 13.061, 14.0605], "texture": "#1"}, "west": {"uv": [8, 8.9995, 13.061, 14.0605], "texture": "#1"}, "up": {"uv": [8, 8.9995, 13.061, 14.0605], "texture": "#1"}, "down": {"uv": [8, 8.9995, 13.061, 14.0605], "texture": "#1"} } }, { "name": "voxel", "from": [7.814, 8.18958, 8.27006], "to": [8.19495, 8.31657, 10.93673], "rotation": {"angle": 0, "axis": "y", "origin": [7.94098, 15.55466, 7.63514]}, "faces": { "north": {"uv": [10.99938, 12.99913, 14.05975, 16], "texture": "#1"}, "east": {"uv": [8, 8.9995, 13.061, 14.0605], "texture": "#1"}, "south": {"uv": [8, 8.9995, 13.061, 14.0605], "texture": "#1"}, "west": {"uv": [8, 8.9995, 13.061, 14.0605], "texture": "#1"}, "up": {"uv": [8, 8.9995, 13.061, 14.0605], "texture": "#1"}, "down": {"uv": [8, 8.9995, 13.061, 14.0605], "texture": "#1"} } }, { "name": "voxel", "from": [8.06796, 8.18958, 7.25419], "to": [8.19495, 8.31657, 7.38118], "rotation": {"angle": 0, "axis": "y", "origin": [7.94098, 15.55466, 7.63514]}, "faces": { "north": {"uv": [10.99938, 12.99913, 14.05975, 16], "texture": "#0"}, "east": {"uv": [8, 8.9995, 13.061, 14.0605], "texture": "#0"}, "south": {"uv": [8, 8.9995, 13.061, 14.0605], "texture": "#0"}, "west": {"uv": [8, 8.9995, 13.061, 14.0605], "texture": "#0"}, "up": {"uv": [8, 8.9995, 13.061, 14.0605], "texture": "#0"}, "down": {"uv": [8, 8.9995, 13.061, 14.0605], "texture": "#0"} } }, { "name": "voxel", "from": [7.814, 8.31657, 14.23832], "to": [8.19495, 8.44355, 14.61927], "rotation": {"angle": 0, "axis": "y", "origin": [7.94098, 15.55466, 7.63514]}, "faces": { "north": {"uv": [10.99938, 12.99913, 14.05975, 16], "texture": "#0"}, "east": {"uv": [8, 8.9995, 13.061, 14.0605], "texture": "#0"}, "south": {"uv": [8, 8.9995, 13.061, 14.0605], "texture": "#0"}, "west": {"uv": [8, 8.9995, 13.061, 14.0605], "texture": "#0"}, "up": {"uv": [8, 8.9995, 13.061, 14.0605], "texture": "#0"}, "down": {"uv": [8, 8.9995, 13.061, 14.0605], "texture": "#0"} } }, { "name": "voxel", "from": [7.814, 8.31657, 6.49229], "to": [8.19495, 8.44355, 7.25419], "rotation": {"angle": 0, "axis": "y", "origin": [7.94098, 15.55466, 7.63514]}, "faces": { "north": {"uv": [10.99938, 12.99913, 14.05975, 16], "texture": "#0"}, "east": {"uv": [8, 8.9995, 13.061, 14.0605], "texture": "#0"}, "south": {"uv": [8, 8.9995, 13.061, 14.0605], "texture": "#0"}, "west": {"uv": [8, 8.9995, 13.061, 14.0605], "texture": "#0"}, "up": {"uv": [8, 8.9995, 13.061, 14.0605], "texture": "#0"}, "down": {"uv": [8, 8.9995, 13.061, 14.0605], "texture": "#0"} } }, { "name": "voxel", "from": [7.814, 8.31657, 0.65102], "to": [8.19495, 8.44355, 0.90499], "rotation": {"angle": 0, "axis": "y", "origin": [7.94098, 15.55466, 7.63514]}, "faces": { "north": {"uv": [10.99938, 12.99913, 14.05975, 16], "texture": "#0"}, "east": {"uv": [8, 8.9995, 13.061, 14.0605], "texture": "#0"}, "south": {"uv": [8, 8.9995, 13.061, 14.0605], "texture": "#0"}, "west": {"uv": [8, 8.9995, 13.061, 14.0605], "texture": "#0"}, "up": {"uv": [8, 8.9995, 13.061, 14.0605], "texture": "#0"}, "down": {"uv": [8, 8.9995, 13.061, 14.0605], "texture": "#0"} } }, { "name": "voxel", "from": [7.94098, 7.55466, 7.25419], "to": [8.06796, 7.68165, 7.38118], "rotation": {"angle": 0, "axis": "y", "origin": [7.94098, 15.55466, 7.63514]}, "faces": { "north": {"uv": [10.99938, 12.99913, 14.05975, 16], "texture": "#0"}, "east": {"uv": [8, 8.9995, 13.061, 14.0605], "texture": "#0"}, "south": {"uv": [8, 8.9995, 13.061, 14.0605], "texture": "#0"}, "west": {"uv": [8, 8.9995, 13.061, 14.0605], "texture": "#0"}, "up": {"uv": [8, 8.9995, 13.061, 14.0605], "texture": "#0"}, "down": {"uv": [8, 8.9995, 13.061, 14.0605], "texture": "#0"} } }, { "name": "voxel", "from": [7.94098, 7.55466, 0.52403], "to": [8.06796, 7.68165, 0.65102], "rotation": {"angle": 0, "axis": "y", "origin": [7.94098, 15.55466, 7.63514]}, "faces": { "north": {"uv": [10.99938, 12.99913, 14.05975, 16], "texture": "#0"}, "east": {"uv": [8, 8.9995, 13.061, 14.0605], "texture": "#0"}, "south": {"uv": [8, 8.9995, 13.061, 14.0605], "texture": "#0"}, "west": {"uv": [8, 8.9995, 13.061, 14.0605], "texture": "#0"}, "up": {"uv": [8, 8.9995, 13.061, 14.0605], "texture": "#0"}, "down": {"uv": [8, 8.9995, 13.061, 14.0605], "texture": "#0"} } }, { "name": "voxel", "from": [7.94098, 7.68165, 10.80975], "to": [8.06796, 7.80863, 12.20657], "rotation": {"angle": 0, "axis": "y", "origin": [7.94098, 15.55466, 7.63514]}, "faces": { "north": {"uv": [10.99938, 12.99913, 14.05975, 16], "texture": "#1"}, "east": {"uv": [8, 8.9995, 13.061, 14.0605], "texture": "#1"}, "south": {"uv": [8, 8.9995, 13.061, 14.0605], "texture": "#1"}, "west": {"uv": [8, 8.9995, 13.061, 14.0605], "texture": "#1"}, "up": {"uv": [8, 8.9995, 13.061, 14.0605], "texture": "#1"}, "down": {"uv": [8, 8.9995, 13.061, 14.0605], "texture": "#1"} } }, { "name": "voxel", "from": [7.94098, 8.18958, 10.93673], "to": [8.06796, 8.31657, 12.07959], "rotation": {"angle": 0, "axis": "y", "origin": [7.94098, 15.55466, 7.63514]}, "faces": { "north": {"uv": [10.99938, 12.99913, 14.05975, 16], "texture": "#1"}, "east": {"uv": [8, 8.9995, 13.061, 14.0605], "texture": "#1"}, "south": {"uv": [8, 8.9995, 13.061, 14.0605], "texture": "#1"}, "west": {"uv": [8, 8.9995, 13.061, 14.0605], "texture": "#1"}, "up": {"uv": [8, 8.9995, 13.061, 14.0605], "texture": "#1"}, "down": {"uv": [8, 8.9995, 13.061, 14.0605], "texture": "#1"} } }, { "name": "voxel", "from": [7.94098, 8.31657, 7.25419], "to": [8.06796, 8.44355, 7.38118], "rotation": {"angle": 0, "axis": "y", "origin": [7.94098, 15.55466, 7.63514]}, "faces": { "north": {"uv": [10.99938, 12.99913, 14.05975, 16], "texture": "#0"}, "east": {"uv": [8, 8.9995, 13.061, 14.0605], "texture": "#0"}, "south": {"uv": [8, 8.9995, 13.061, 14.0605], "texture": "#0"}, "west": {"uv": [8, 8.9995, 13.061, 14.0605], "texture": "#0"}, "up": {"uv": [8, 8.9995, 13.061, 14.0605], "texture": "#0"}, "down": {"uv": [8, 8.9995, 13.061, 14.0605], "texture": "#0"} } }, { "name": "voxel", "from": [7.94098, 8.31657, 0.52403], "to": [8.06796, 8.44355, 0.65102], "rotation": {"angle": 0, "axis": "y", "origin": [7.94098, 15.55466, 7.63514]}, "faces": { "north": {"uv": [10.99938, 12.99913, 14.05975, 16], "texture": "#0"}, "east": {"uv": [8, 8.9995, 13.061, 14.0605], "texture": "#0"}, "south": {"uv": [8, 8.9995, 13.061, 14.0605], "texture": "#0"}, "west": {"uv": [8, 8.9995, 13.061, 14.0605], "texture": "#0"}, "up": {"uv": [8, 8.9995, 13.061, 14.0605], "texture": "#0"}, "down": {"uv": [8, 8.9995, 13.061, 14.0605], "texture": "#0"} } }, { "name": "voxel", "from": [7.68701, 7.68165, 7.25419], "to": [7.94098, 7.80863, 7.38118], "rotation": {"angle": 0, "axis": "y", "origin": [7.94098, 15.55466, 7.63514]}, "faces": { "north": {"uv": [10.99938, 12.99913, 14.05975, 16], "texture": "#0"}, "east": {"uv": [8, 8.9995, 13.061, 14.0605], "texture": "#0"}, "south": {"uv": [8, 8.9995, 13.061, 14.0605], "texture": "#0"}, "west": {"uv": [8, 8.9995, 13.061, 14.0605], "texture": "#0"}, "up": {"uv": [8, 8.9995, 13.061, 14.0605], "texture": "#0"}, "down": {"uv": [8, 8.9995, 13.061, 14.0605], "texture": "#0"} } }, { "name": "voxel", "from": [7.68701, 7.80863, 11.9526], "to": [7.94098, 7.93561, 12.20657], "rotation": {"angle": 0, "axis": "y", "origin": [7.94098, 15.55466, 7.63514]}, "faces": { "north": {"uv": [10.99938, 12.99913, 14.05975, 16], "texture": "#1"}, "east": {"uv": [8, 8.9995, 13.061, 14.0605], "texture": "#1"}, "south": {"uv": [8, 8.9995, 13.061, 14.0605], "texture": "#1"}, "west": {"uv": [8, 8.9995, 13.061, 14.0605], "texture": "#1"}, "up": {"uv": [8, 8.9995, 13.061, 14.0605], "texture": "#1"}, "down": {"uv": [8, 8.9995, 13.061, 14.0605], "texture": "#1"} } }, { "name": "voxel", "from": [7.814, 7.80863, 10.80975], "to": [7.94098, 7.93561, 11.9526], "rotation": {"angle": 0, "axis": "y", "origin": [7.94098, 15.55466, 7.63514]}, "faces": { "north": {"uv": [10.99938, 12.99913, 14.05975, 16], "texture": "#1"}, "east": {"uv": [8, 8.9995, 13.061, 14.0605], "texture": "#1"}, "south": {"uv": [8, 8.9995, 13.061, 14.0605], "texture": "#1"}, "west": {"uv": [8, 8.9995, 13.061, 14.0605], "texture": "#1"}, "up": {"uv": [8, 8.9995, 13.061, 14.0605], "texture": "#1"}, "down": {"uv": [8, 8.9995, 13.061, 14.0605], "texture": "#1"} } }, { "name": "voxel", "from": [7.814, 8.0626, 10.93673], "to": [7.94098, 8.18958, 11.9526], "rotation": {"angle": 0, "axis": "y", "origin": [7.94098, 15.55466, 7.63514]}, "faces": { "north": {"uv": [10.99938, 12.99913, 14.05975, 16], "texture": "#1"}, "east": {"uv": [8, 8.9995, 13.061, 14.0605], "texture": "#1"}, "south": {"uv": [8, 8.9995, 13.061, 14.0605], "texture": "#1"}, "west": {"uv": [8, 8.9995, 13.061, 14.0605], "texture": "#1"}, "up": {"uv": [8, 8.9995, 13.061, 14.0605], "texture": "#1"}, "down": {"uv": [8, 8.9995, 13.061, 14.0605], "texture": "#1"} } }, { "name": "voxel", "from": [7.814, 8.18958, 11.9526], "to": [7.94098, 8.31657, 12.07959], "rotation": {"angle": 0, "axis": "y", "origin": [7.94098, 15.55466, 7.63514]}, "faces": { "north": {"uv": [10.99938, 12.99913, 14.05975, 16], "texture": "#1"}, "east": {"uv": [8, 8.9995, 13.061, 14.0605], "texture": "#1"}, "south": {"uv": [8, 8.9995, 13.061, 14.0605], "texture": "#1"}, "west": {"uv": [8, 8.9995, 13.061, 14.0605], "texture": "#1"}, "up": {"uv": [8, 8.9995, 13.061, 14.0605], "texture": "#1"}, "down": {"uv": [8, 8.9995, 13.061, 14.0605], "texture": "#1"} } }, { "name": "voxel", "from": [7.68701, 8.18958, 7.25419], "to": [7.94098, 8.31657, 7.38118], "rotation": {"angle": 0, "axis": "y", "origin": [7.94098, 15.55466, 7.63514]}, "faces": { "north": {"uv": [10.99938, 12.99913, 14.05975, 16], "texture": "#0"}, "east": {"uv": [8, 8.9995, 13.061, 14.0605], "texture": "#0"}, "south": {"uv": [8, 8.9995, 13.061, 14.0605], "texture": "#0"}, "west": {"uv": [8, 8.9995, 13.061, 14.0605], "texture": "#0"}, "up": {"uv": [8, 8.9995, 13.061, 14.0605], "texture": "#0"}, "down": {"uv": [8, 8.9995, 13.061, 14.0605], "texture": "#0"} } }, { "name": "voxel", "from": [7.68701, 7.68165, 14.23832], "to": [7.814, 7.80863, 14.49229], "rotation": {"angle": 0, "axis": "y", "origin": [7.94098, 15.55466, 7.63514]}, "faces": { "north": {"uv": [10.99938, 12.99913, 14.05975, 16], "texture": "#0"}, "east": {"uv": [8, 8.9995, 13.061, 14.0605], "texture": "#0"}, "south": {"uv": [8, 8.9995, 13.061, 14.0605], "texture": "#0"}, "west": {"uv": [8, 8.9995, 13.061, 14.0605], "texture": "#0"}, "up": {"uv": [8, 8.9995, 13.061, 14.0605], "texture": "#0"}, "down": {"uv": [8, 8.9995, 13.061, 14.0605], "texture": "#0"} } }, { "name": "voxel", "from": [7.68701, 7.68165, 6.49229], "to": [7.814, 7.80863, 7.25419], "rotation": {"angle": 0, "axis": "y", "origin": [7.94098, 15.55466, 7.63514]}, "faces": { "north": {"uv": [10.99938, 12.99913, 14.05975, 16], "texture": "#0"}, "east": {"uv": [8, 8.9995, 13.061, 14.0605], "texture": "#0"}, "south": {"uv": [8, 8.9995, 13.061, 14.0605], "texture": "#0"}, "west": {"uv": [8, 8.9995, 13.061, 14.0605], "texture": "#0"}, "up": {"uv": [8, 8.9995, 13.061, 14.0605], "texture": "#0"}, "down": {"uv": [8, 8.9995, 13.061, 14.0605], "texture": "#0"} } }, { "name": "voxel", "from": [7.68701, 7.68165, 0.65102], "to": [7.814, 7.80863, 0.90499], "rotation": {"angle": 0, "axis": "y", "origin": [7.94098, 15.55466, 7.63514]}, "faces": { "north": {"uv": [10.99938, 12.99913, 14.05975, 16], "texture": "#0"}, "east": {"uv": [8, 8.9995, 13.061, 14.0605], "texture": "#0"}, "south": {"uv": [8, 8.9995, 13.061, 14.0605], "texture": "#0"}, "west": {"uv": [8, 8.9995, 13.061, 14.0605], "texture": "#0"}, "up": {"uv": [8, 8.9995, 13.061, 14.0605], "texture": "#0"}, "down": {"uv": [8, 8.9995, 13.061, 14.0605], "texture": "#0"} } }, { "name": "voxel", "from": [7.68701, 7.80863, 12.20657], "to": [7.814, 8.18958, 14.23832], "rotation": {"angle": 0, "axis": "y", "origin": [7.94098, 15.55466, 7.63514]}, "faces": { "north": {"uv": [10.99938, 12.99913, 14.05975, 16], "texture": "#1"}, "east": {"uv": [8, 8.9995, 13.061, 14.0605], "texture": "#1"}, "south": {"uv": [8, 8.9995, 13.061, 14.0605], "texture": "#1"}, "west": {"uv": [8, 8.9995, 13.061, 14.0605], "texture": "#1"}, "up": {"uv": [8, 8.9995, 13.061, 14.0605], "texture": "#1"}, "down": {"uv": [8, 8.9995, 13.061, 14.0605], "texture": "#1"} } }, { "name": "voxel", "from": [7.68701, 7.80863, 8.25618], "to": [7.814, 8.18958, 10.93673], "rotation": {"angle": 0, "axis": "y", "origin": [7.94098, 15.55466, 7.63514]}, "faces": { "north": {"uv": [10.99938, 12.99913, 14.05975, 16], "texture": "#1"}, "east": {"uv": [8, 8.9995, 13.061, 14.0605], "texture": "#1"}, "south": {"uv": [8, 8.9995, 13.061, 14.0605], "texture": "#1"}, "west": {"uv": [8, 8.9995, 13.061, 14.0605], "texture": "#1"}, "up": {"uv": [8, 8.9995, 13.061, 14.0605], "texture": "#1"}, "down": {"uv": [8, 8.9995, 13.061, 14.0605], "texture": "#1"} } }, { "name": "voxel", "from": [7.68701, 7.80863, 7.25419], "to": [7.814, 7.93561, 7.38118], "rotation": {"angle": 0, "axis": "y", "origin": [7.94098, 15.55466, 7.63514]}, "faces": { "north": {"uv": [10.99938, 12.99913, 14.05975, 16], "texture": "#0"}, "east": {"uv": [8, 8.9995, 13.061, 14.0605], "texture": "#0"}, "south": {"uv": [8, 8.9995, 13.061, 14.0605], "texture": "#0"}, "west": {"uv": [8, 8.9995, 13.061, 14.0605], "texture": "#0"}, "up": {"uv": [8, 8.9995, 13.061, 14.0605], "texture": "#0"}, "down": {"uv": [8, 8.9995, 13.061, 14.0605], "texture": "#0"} } }, { "name": "voxel", "from": [7.68701, 7.93561, 11.9526], "to": [7.814, 8.18958, 12.20657], "rotation": {"angle": 0, "axis": "y", "origin": [7.94098, 15.55466, 7.63514]}, "faces": { "north": {"uv": [10.99938, 12.99913, 14.05975, 16], "texture": "#1"}, "east": {"uv": [8, 8.9995, 13.061, 14.0605], "texture": "#1"}, "south": {"uv": [8, 8.9995, 13.061, 14.0605], "texture": "#1"}, "west": {"uv": [8, 8.9995, 13.061, 14.0605], "texture": "#1"}, "up": {"uv": [8, 8.9995, 13.061, 14.0605], "texture": "#1"}, "down": {"uv": [8, 8.9995, 13.061, 14.0605], "texture": "#1"} } }, { "name": "voxel", "from": [7.68701, 7.93561, 10.93673], "to": [7.814, 8.0626, 11.9526], "rotation": {"angle": 0, "axis": "y", "origin": [7.94098, 15.55466, 7.63514]}, "faces": { "north": {"uv": [10.99938, 12.99913, 14.05975, 16], "texture": "#1"}, "east": {"uv": [8, 8.9995, 13.061, 14.0605], "texture": "#1"}, "south": {"uv": [8, 8.9995, 13.061, 14.0605], "texture": "#1"}, "west": {"uv": [8, 8.9995, 13.061, 14.0605], "texture": "#1"}, "up": {"uv": [8, 8.9995, 13.061, 14.0605], "texture": "#1"}, "down": {"uv": [8, 8.9995, 13.061, 14.0605], "texture": "#1"} } }, { "name": "voxel", "from": [7.68701, 8.0626, 7.25419], "to": [7.814, 8.18958, 7.38118], "rotation": {"angle": 0, "axis": "y", "origin": [7.94098, 15.55466, 7.63514]}, "faces": { "north": {"uv": [10.99938, 12.99913, 14.05975, 16], "texture": "#0"}, "east": {"uv": [8, 8.9995, 13.061, 14.0605], "texture": "#0"}, "south": {"uv": [8, 8.9995, 13.061, 14.0605], "texture": "#0"}, "west": {"uv": [8, 8.9995, 13.061, 14.0605], "texture": "#0"}, "up": {"uv": [8, 8.9995, 13.061, 14.0605], "texture": "#0"}, "down": {"uv": [8, 8.9995, 13.061, 14.0605], "texture": "#0"} } }, { "name": "voxel", "from": [7.68701, 8.18958, 14.23832], "to": [7.814, 8.31657, 14.49229], "rotation": {"angle": 0, "axis": "y", "origin": [7.94098, 15.55466, 7.63514]}, "faces": { "north": {"uv": [10.99938, 12.99913, 14.05975, 16], "texture": "#0"}, "east": {"uv": [8, 8.9995, 13.061, 14.0605], "texture": "#0"}, "south": {"uv": [8, 8.9995, 13.061, 14.0605], "texture": "#0"}, "west": {"uv": [8, 8.9995, 13.061, 14.0605], "texture": "#0"}, "up": {"uv": [8, 8.9995, 13.061, 14.0605], "texture": "#0"}, "down": {"uv": [8, 8.9995, 13.061, 14.0605], "texture": "#0"} } }, { "name": "voxel", "from": [7.68701, 8.18958, 6.49229], "to": [7.814, 8.31657, 7.25419], "rotation": {"angle": 0, "axis": "y", "origin": [7.94098, 15.55466, 7.63514]}, "faces": { "north": {"uv": [10.99938, 12.99913, 14.05975, 16], "texture": "#0"}, "east": {"uv": [8, 8.9995, 13.061, 14.0605], "texture": "#0"}, "south": {"uv": [8, 8.9995, 13.061, 14.0605], "texture": "#0"}, "west": {"uv": [8, 8.9995, 13.061, 14.0605], "texture": "#0"}, "up": {"uv": [8, 8.9995, 13.061, 14.0605], "texture": "#0"}, "down": {"uv": [8, 8.9995, 13.061, 14.0605], "texture": "#0"} } }, { "name": "voxel", "from": [7.68701, 8.18958, 0.65102], "to": [7.814, 8.31657, 0.90499], "rotation": {"angle": 0, "axis": "y", "origin": [7.94098, 15.55466, 7.63514]}, "faces": { "north": {"uv": [10.99938, 12.99913, 14.05975, 16], "texture": "#0"}, "east": {"uv": [8, 8.9995, 13.061, 14.0605], "texture": "#0"}, "south": {"uv": [8, 8.9995, 13.061, 14.0605], "texture": "#0"}, "west": {"uv": [8, 8.9995, 13.061, 14.0605], "texture": "#0"}, "up": {"uv": [8, 8.9995, 13.061, 14.0605], "texture": "#0"}, "down": {"uv": [8, 8.9995, 13.061, 14.0605], "texture": "#0"} } }, { "name": "voxel", "from": [7.56003, 7.68165, 0.778], "to": [7.68701, 8.31657, 6.49229], "rotation": {"angle": 0, "axis": "y", "origin": [7.94098, 15.55466, 7.63514]}, "faces": { "north": {"uv": [10.99938, 12.99913, 14.05975, 16], "texture": "#0"}, "east": {"uv": [8, 8.9995, 13.061, 14.0605], "texture": "#0"}, "south": {"uv": [8, 8.9995, 13.061, 14.0605], "texture": "#0"}, "west": {"uv": [8, 8.9995, 13.061, 14.0605], "texture": "#0"}, "up": {"uv": [8, 8.9995, 13.061, 14.0605], "texture": "#0"}, "down": {"uv": [8, 8.9995, 13.061, 14.0605], "texture": "#0"} } }, { "name": "voxel", "from": [7.56003, 7.80863, 14.23832], "to": [7.68701, 8.18958, 14.61927], "rotation": {"angle": 0, "axis": "y", "origin": [7.94098, 15.55466, 7.63514]}, "faces": { "north": {"uv": [10.99938, 12.99913, 14.05975, 16], "texture": "#0"}, "east": {"uv": [8, 8.9995, 13.061, 14.0605], "texture": "#0"}, "south": {"uv": [8, 8.9995, 13.061, 14.0605], "texture": "#0"}, "west": {"uv": [8, 8.9995, 13.061, 14.0605], "texture": "#0"}, "up": {"uv": [8, 8.9995, 13.061, 14.0605], "texture": "#0"}, "down": {"uv": [8, 8.9995, 13.061, 14.0605], "texture": "#0"} } }, { "name": "voxel", "from": [7.56003, 7.80863, 6.49229], "to": [7.68701, 8.18958, 7.25419], "rotation": {"angle": 0, "axis": "y", "origin": [7.94098, 15.55466, 7.63514]}, "faces": { "north": {"uv": [10.99938, 12.99913, 14.05975, 16], "texture": "#0"}, "east": {"uv": [8, 8.9995, 13.061, 14.0605], "texture": "#0"}, "south": {"uv": [8, 8.9995, 13.061, 14.0605], "texture": "#0"}, "west": {"uv": [8, 8.9995, 13.061, 14.0605], "texture": "#0"}, "up": {"uv": [8, 8.9995, 13.061, 14.0605], "texture": "#0"}, "down": {"uv": [8, 8.9995, 13.061, 14.0605], "texture": "#0"} } }, { "name": "voxel", "from": [7.56003, 7.80863, 0.65102], "to": [7.68701, 8.18958, 0.778], "rotation": {"angle": 0, "axis": "y", "origin": [7.94098, 15.55466, 7.63514]}, "faces": { "north": {"uv": [10.99938, 12.99913, 14.05975, 16], "texture": "#0"}, "east": {"uv": [8, 8.9995, 13.061, 14.0605], "texture": "#0"}, "south": {"uv": [8, 8.9995, 13.061, 14.0605], "texture": "#0"}, "west": {"uv": [8, 8.9995, 13.061, 14.0605], "texture": "#0"}, "up": {"uv": [8, 8.9995, 13.061, 14.0605], "texture": "#0"}, "down": {"uv": [8, 8.9995, 13.061, 14.0605], "texture": "#0"} } }, { "name": "voxel", "from": [7.56003, 7.93561, 7.25419], "to": [7.68701, 8.0626, 7.38118], "rotation": {"angle": 0, "axis": "y", "origin": [7.94098, 15.55466, 7.63514]}, "faces": { "north": {"uv": [10.99938, 12.99913, 14.05975, 16], "texture": "#0"}, "east": {"uv": [8, 8.9995, 13.061, 14.0605], "texture": "#0"}, "south": {"uv": [8, 8.9995, 13.061, 14.0605], "texture": "#0"}, "west": {"uv": [8, 8.9995, 13.061, 14.0605], "texture": "#0"}, "up": {"uv": [8, 8.9995, 13.061, 14.0605], "texture": "#0"}, "down": {"uv": [8, 8.9995, 13.061, 14.0605], "texture": "#0"} } } ], "display": { "thirdperson_righthand": { "rotation": [90, 0, 0], "translation": [0, 5, 1.25], "scale": [2, 2.02, 2] }, "thirdperson_lefthand": { "rotation": [90, 0, 0], "translation": [0, 5, 1.25], "scale": [2, 2.02, 2] }, "firstperson_righthand": { "rotation": [97, 0, 0], "translation": [-1.75, 2, 1.25], "scale": [1.45, 1.45, 1.45] }, "firstperson_lefthand": { "rotation": [97, 0, 0], "translation": [-1.75, 2, 1.25], "scale": [1.45, 1.45, 1.45] }, "ground": { "rotation": [78, 0, 0], "translation": [0, 2.25, 0] }, "gui": { "rotation": [0, 90, 0], "scale": [1.25, 1.25, 1.27] }, "head": { "rotation": [45, 0, 0], "translation": [0, 4.75, -7.25], "scale": [2, 2, 2] }, "fixed": { "rotation": [0, 90, 0], "translation": [0.5, 0, 0], "scale": [1.25, 1.25, 1.27] } }, "groups": [ { "name": "voxel_file", "origin": [8, 8, 8], "children": [0, 1, 2, 3, 4, 5, 6, 7, 8, 9, 10, 11, 12, 13, 14, 15, 16, 17, 18, 19, 20, 21, 22, 23, 24, 25, 26, 27, 28, 29, 30, 31, 32, 33, 34, 35, 36, 37, 38, 39, 40, 41, 42, 43, 44, 45, 46, 47, 48, 49, 50, 51, 52, 53, 54, 55, 56, 57, 58, 59, 60, 61, 62, 63, 64, 65, 66, 67, 68, 69, 70] } ] }