{
	"credit": "Made with Blockbench",
	"textures": {
		"0": "timetoplay:roleplay/friactions/police/zna4ok",
		"1": "timetoplay:roleplay/friactions/police/idcard",
		"2": "block/concrete_powder_black",
		"particle": "timetoplay:roleplay/friactions/police/zna4ok"
	},
	"elements": [
		{
			"from": [6, 1.46556, 10.57131],
			"to": [9, 3.46556, 10.67131],
			"rotation": {"angle": -22.5, "axis": "x", "origin": [7.5, 1.79806, 10.19908]},
			"faces": {
				"north": {"uv": [0, 0, 16, 16], "texture": "#2"},
				"east": {"uv": [0, 0, 0.1, 2], "texture": "#2"},
				"south": {"uv": [0, 0, 16, 16], "texture": "#2"},
				"west": {"uv": [0, 0, 0.1, 2], "texture": "#2"},
				"up": {"uv": [0, 0, 3, 0.1], "texture": "#2"},
				"down": {"uv": [0, 0, 3, 0.1], "texture": "#2"}
			}
		},
		{
			"from": [6.25, 1.71556, 10.56131],
			"to": [8.75, 3.21556, 10.57131],
			"rotation": {"angle": -22.5, "axis": "x", "origin": [7.5, 1.79806, 10.19908]},
			"faces": {
				"north": {"uv": [0, 0, 16, 16], "texture": "#1"},
				"east": {"uv": [0, 0, 0.01, 2], "texture": "#1"},
				"south": {"uv": [0, 0, 3, 2], "texture": "#1"},
				"west": {"uv": [0, 0, 0.01, 2], "texture": "#1"},
				"up": {"uv": [0, 0, 3, 0.01], "texture": "#1"},
				"down": {"uv": [0, 0, 3, 0.01], "texture": "#1"}
			}
		},
		{
			"from": [6.5, 0.10888, 10.60604],
			"to": [8.5, 2.10888, 10.61604],
			"rotation": {"angle": 45, "axis": "x", "origin": [7.5, 1.79806, 10.19908]},
			"faces": {
				"north": {"uv": [0, 0, 16, 16], "texture": "#0"},
				"east": {"uv": [0, 0, 1.25, 13.25], "texture": "#0"},
				"south": {"uv": [0, 0, 1.25, 13.25], "texture": "#0"},
				"west": {"uv": [0, 0, 1.25, 13.25], "texture": "#0"},
				"up": {"uv": [0, 0, 1.25, 13.25], "texture": "#0"},
				"down": {"uv": [0, 0, 1.25, 13.25], "texture": "#0"}
			}
		},
		{
			"from": [6, 0.10888, 10.61604],
			"to": [9, 2.10888, 10.71604],
			"rotation": {"angle": 45, "axis": "x", "origin": [7.5, 1.79806, 10.19908]},
			"faces": {
				"north": {"uv": [0, 0, 16, 16], "texture": "#2"},
				"east": {"uv": [0, 0, 0.1, 2], "texture": "#2"},
				"south": {"uv": [0, 0, 16, 16], "texture": "#2"},
				"west": {"uv": [0, 0, 0.1, 2], "texture": "#2"},
				"up": {"uv": [0, 0, 3, 0.1], "texture": "#2"},
				"down": {"uv": [0, 0, 3, 0.1], "texture": "#2"}
			}
		},
		{
			"from": [6.5, 1.47832, 10.68804],
			"to": [8.5, 3.47832, 10.69804],
			"rotation": {"angle": -22.5, "axis": "x", "origin": [7.5, 1.79806, 10.19908]},
			"faces": {
				"north": {"uv": [0, 0, 1.75, 12.75], "rotation": 270, "texture": "#0"},
				"east": {"uv": [0, 0, 1.75, 12.75], "rotation": 270, "texture": "#0"},
				"south": {"uv": [0, 0, 16, 16], "rotation": 90, "texture": "#0"},
				"west": {"uv": [0, 0, 1.75, 12.75], "rotation": 270, "texture": "#0"},
				"up": {"uv": [0, 0, 1.75, 12.75], "rotation": 90, "texture": "#0"},
				"down": {"uv": [0, 0, 1.75, 12.75], "rotation": 90, "texture": "#0"}
			}
		}
	],
	"display": {
		"thirdperson_righthand": {
			"translation": [0, 9.5, -4],
			"scale": [1.5, 1.5, 1.5]
		},
		"thirdperson_lefthand": {
			"rotation": [0, 148, 0],
			"translation": [-4.75, 9.75, 3],
			"scale": [1.5, 1.5, 1.5]
		},
		"firstperson_righthand": {
			"translation": [0, 13.25, 0.75],
			"scale": [1.5, 1.5, 1.5]
		},
		"firstperson_lefthand": {
			"rotation": [0, 148, 0],
			"translation": [-1.75, 13.75, 5.5],
			"scale": [1.5, 1.5, 1.5]
		},
		"ground": {
			"translation": [0, 8.25, -1],
			"scale": [1.5, 1.5, 1.5]
		},
		"gui": {
			"rotation": [0, -156, 0],
			"translation": [2.25, 25, 0],
			"scale": [4, 4, 4]
		},
		"fixed": {
			"translation": [0, 17.75, -8.5],
			"scale": [3, 3, 3]
		}
	},
	"groups": [
		0,
		1,
		{
			"name": "group",
			"origin": [0, 0, 0],
			"color": 0,
			"children": [2, 3]
		},
		4
	]
}