{ "gui_light": "front", "credit": "Made with Blockbench", "elements": [ { "from": [0, 0, 8], "to": [16, 15, 8.75], "faces": { "north": {"uv": [0, 0, 16, 16], "texture": "#0"}, "east": {"uv": [0, 0, 1, 16], "texture": "#1"}, "south": {"uv": [0, 0, 16, 16], "texture": "#1"}, "west": {"uv": [0, 0, 1, 16], "texture": "#1"}, "up": {"uv": [0, 0, 16, 1], "texture": "#1"}, "down": {"uv": [0, 0, 16, 1], "texture": "#1"} } } ], "display": { "thirdperson_righthand": { "rotation": [0, 180, 0], "translation": [0, 3.75, 0.25], "scale": [0.5, 0.5, 0.5] }, "firstperson_righthand": { "rotation": [-22, 120, 0], "translation": [0.5, 1.5, 0.75], "scale": [0.5, 0.5, 0.5] }, "ground": { "translation": [0, 6.5, 0], "scale": [0.3, 0.3, 0.3] }, "gui": { "rotation": [0, 180, 0], "translation": [0, 0.5, 0], "scale": [0.97, 0.97, 0.97] }, "head": { "rotation": [0, 180, 0], "translation": [0, -31.25, -12], "scale": [1.5, 1.5, 1.5] }, "fixed": { "translation": [0, 1, -1.25], "scale": [2, 2, 2.84] } }, "groups": [ { "name": "furniture_painting", "children": [ { "name": "20", "children": [0] } ] } ] }