{ "credit": "Made with Blockbench", "textures": { "1": "attachments/red_dot", "particle": "attachments/red_dot", "texture": "attachments/reflex" }, "elements": [ { "name": "Element", "from": [5.5, 3.5, 6.75], "to": [11.5, 4.5, 9.25], "rotation": {"angle": 0, "axis": "y", "origin": [8, 6, 8]}, "faces": { "north": {"uv": [1.5, 2, 4.5, 4.5], "texture": "#texture"}, "east": {"uv": [1, 1.5, 4, 4], "texture": "#texture"}, "south": {"uv": [1, 1.5, 4, 4.5], "texture": "#texture"}, "west": {"uv": [1.5, 2, 4.5, 4], "texture": "#texture"}, "up": {"uv": [2.5, 1.5, 5, 4.5], "rotation": 180, "texture": "#texture"}, "down": {"uv": [1, 1, 4.5, 3.5], "rotation": 180, "texture": "#texture"} } }, { "name": "Element", "from": [4.09375, 3.5, 7.375], "to": [5.625, 4.5, 8.625], "rotation": {"angle": 0, "axis": "y", "origin": [8, 6, 8]}, "faces": { "north": {"uv": [1.5, 2, 4.5, 4.5], "texture": "#texture"}, "east": {"uv": [1, 1.5, 4, 4], "texture": "#texture"}, "south": {"uv": [1, 1.5, 4, 4.5], "texture": "#texture"}, "west": {"uv": [1.5, 2, 4.5, 4], "texture": "#texture"}, "up": {"uv": [2.5, 1.5, 5, 4.5], "rotation": 180, "texture": "#texture"}, "down": {"uv": [1, 1, 4.5, 3.5], "rotation": 180, "texture": "#texture"} } }, { "name": "Element", "from": [4.5, 3.5, 8.625], "to": [5.5, 4.5, 9.25], "rotation": {"angle": -22.5, "axis": "y", "origin": [5.5, 3.5, 9.25]}, "faces": { "north": {"uv": [1.5, 2, 4.5, 4.5], "texture": "#texture"}, "east": {"uv": [1, 1.5, 4, 4], "texture": "#texture"}, "south": {"uv": [1, 1.5, 4, 4.5], "texture": "#texture"}, "west": {"uv": [1.5, 2, 4.5, 4], "texture": "#texture"}, "up": {"uv": [2.5, 1.5, 5, 4.5], "rotation": 180, "texture": "#texture"}, "down": {"uv": [1, 1, 4.5, 3.5], "rotation": 180, "texture": "#texture"} } }, { "name": "Element", "from": [5, 4.5, 7.375], "to": [5.5, 5.125, 8.625], "rotation": {"angle": 0, "axis": "y", "origin": [8, 6, 8]}, "faces": { "north": {"uv": [1.5, 2, 4.5, 4.5], "texture": "#texture"}, "east": {"uv": [1, 1.5, 4, 4], "texture": "#texture"}, "south": {"uv": [1, 1.5, 4, 4.5], "texture": "#texture"}, "west": {"uv": [1.5, 2, 4.5, 4], "texture": "#texture"}, "up": {"uv": [2.5, 1.5, 5, 4.5], "rotation": 180, "texture": "#texture"}, "down": {"uv": [1, 1, 4.5, 3.5], "rotation": 180, "texture": "#texture"} } }, { "name": "Element", "from": [4.5, 4.125, 7.375], "to": [5, 5.125, 8.625], "rotation": {"angle": 22.5, "axis": "z", "origin": [5, 5.125, 8.625]}, "faces": { "north": {"uv": [1.5, 2, 4.5, 4.5], "texture": "#texture"}, "east": {"uv": [1, 1.5, 4, 4], "texture": "#texture"}, "south": {"uv": [1, 1.5, 4, 4.5], "texture": "#texture"}, "west": {"uv": [1.5, 2, 4.5, 4], "texture": "#texture"}, "up": {"uv": [2.5, 1.5, 5, 4.5], "rotation": 180, "texture": "#texture"}, "down": {"uv": [1, 1, 4.5, 3.5], "rotation": 180, "texture": "#texture"} } }, { "name": "Element", "from": [5.5, 4.375, 6.75], "to": [6.375, 5, 9.25], "rotation": {"angle": 0, "axis": "y", "origin": [8, 6, 8]}, "faces": { "north": {"uv": [1.5, 2, 4.5, 4.5], "texture": "#texture"}, "east": {"uv": [1, 1.5, 4, 4], "texture": "#texture"}, "south": {"uv": [1, 1.5, 4, 4.5], "texture": "#texture"}, "west": {"uv": [1.5, 2, 4.5, 4], "texture": "#texture"}, "up": {"uv": [2.5, 1.5, 5, 4.5], "rotation": 180, "texture": "#texture"}, "down": {"uv": [1, 1, 4.5, 3.5], "rotation": 180, "texture": "#texture"} } }, { "name": "Element", "from": [6.25, 3.625, 8.5], "to": [7.875, 4.375, 9.25], "rotation": {"angle": -22.5, "axis": "z", "origin": [7.875, 4.375, 9.25]}, "faces": { "north": {"uv": [1.5, 2, 4.5, 4.5], "texture": "#texture"}, "east": {"uv": [1, 1.5, 4, 4], "texture": "#texture"}, "south": {"uv": [1, 1.5, 4, 4.5], "texture": "#texture"}, "west": {"uv": [1.5, 2, 4.5, 4], "texture": "#texture"}, "up": {"uv": [2.5, 1.5, 5, 4.5], "rotation": 180, "texture": "#texture"}, "down": {"uv": [1, 1, 4.5, 3.5], "rotation": 180, "texture": "#texture"} } }, { "name": "Element", "from": [6.25, 3.625, 6.75], "to": [7.875, 4.375, 7.5], "rotation": {"angle": -22.5, "axis": "z", "origin": [7.875, 4.375, 7.5]}, "faces": { "north": {"uv": [1.5, 2, 4.5, 4.5], "texture": "#texture"}, "east": {"uv": [1, 1.5, 4, 4], "texture": "#texture"}, "south": {"uv": [1, 1.5, 4, 4.5], "texture": "#texture"}, "west": {"uv": [1.5, 2, 4.5, 4], "texture": "#texture"}, "up": {"uv": [2.5, 1.5, 5, 4.5], "rotation": 180, "texture": "#texture"}, "down": {"uv": [1, 1, 4.5, 3.5], "rotation": 180, "texture": "#texture"} } }, { "name": "Element", "from": [3.90625, 3.9375, 7.375], "to": [4.53125, 4.9375, 8.625], "rotation": {"angle": 45, "axis": "z", "origin": [4.53125, 4.9375, 8.625]}, "faces": { "north": {"uv": [1.5, 2, 4.5, 4.5], "texture": "#texture"}, "east": {"uv": [1, 1.5, 4, 4], "texture": "#texture"}, "south": {"uv": [1, 1.5, 4, 4.5], "texture": "#texture"}, "west": {"uv": [1.5, 2, 4.5, 4], "texture": "#texture"}, "up": {"uv": [2.5, 1.5, 5, 4.5], "rotation": 180, "texture": "#texture"}, "down": {"uv": [1, 1, 4.5, 3.5], "rotation": 180, "texture": "#texture"} } }, { "name": "Element", "from": [4.74, 3.5, 6.7025], "to": [5.74, 4.5, 7.3275], "rotation": {"angle": 22.5, "axis": "y", "origin": [5.74, 3.5, 7.3275]}, "faces": { "north": {"uv": [1.5, 2, 4.5, 4.5], "texture": "#texture"}, "east": {"uv": [1, 1.5, 4, 4], "texture": "#texture"}, "south": {"uv": [1, 1.5, 4, 4.5], "texture": "#texture"}, "west": {"uv": [1.5, 2, 4.5, 4], "texture": "#texture"}, "up": {"uv": [2.5, 1.5, 5, 4.5], "rotation": 180, "texture": "#texture"}, "down": {"uv": [1, 1, 4.5, 3.5], "rotation": 180, "texture": "#texture"} } }, { "name": "Element", "from": [4.07875, 3.5, 8.245], "to": [4.57875, 4.5, 8.87], "rotation": {"angle": -45, "axis": "y", "origin": [4.57875, 3.5, 8.87]}, "faces": { "north": {"uv": [1.5, 2, 4.5, 4.5], "texture": "#texture"}, "east": {"uv": [1, 1.5, 4, 4], "texture": "#texture"}, "south": {"uv": [1, 1.5, 4, 4.5], "texture": "#texture"}, "west": {"uv": [1.5, 2, 4.5, 4], "texture": "#texture"}, "up": {"uv": [2.5, 1.5, 5, 4.5], "rotation": 180, "texture": "#texture"}, "down": {"uv": [1, 1, 4.5, 3.5], "rotation": 180, "texture": "#texture"} } }, { "name": "Element", "from": [4.52125, 3.5, 6.9475], "to": [5.02125, 4.5, 7.5725], "rotation": {"angle": 45, "axis": "y", "origin": [5.02125, 3.5, 7.5725]}, "faces": { "north": {"uv": [1.5, 2, 4.5, 4.5], "texture": "#texture"}, "east": {"uv": [1, 1.5, 4, 4], "texture": "#texture"}, "south": {"uv": [1, 1.5, 4, 4.5], "texture": "#texture"}, "west": {"uv": [1.5, 2, 4.5, 4], "texture": "#texture"}, "up": {"uv": [2.5, 1.5, 5, 4.5], "rotation": 180, "texture": "#texture"}, "down": {"uv": [1, 1, 4.5, 3.5], "rotation": 180, "texture": "#texture"} } }, { "name": "Element", "from": [5.5, 4.875, 7.34375], "to": [6.375, 5.25, 8.65625], "rotation": {"angle": 0, "axis": "y", "origin": [8, 6, 8]}, "faces": { "north": {"uv": [1.5, 2, 4.5, 4.5], "texture": "#texture"}, "east": {"uv": [1, 1.5, 4, 4], "texture": "#texture"}, "south": {"uv": [1, 1.5, 4, 4.5], "texture": "#texture"}, "west": {"uv": [1.5, 2, 4.5, 4], "texture": "#texture"}, "up": {"uv": [2.5, 1.5, 5, 4.5], "rotation": 180, "texture": "#texture"}, "down": {"uv": [1, 1, 4.5, 3.5], "rotation": 180, "texture": "#texture"} } }, { "name": "Element", "from": [5.5, 4.75, 8.59375], "to": [6.375, 5, 9.25], "rotation": {"angle": 22.5, "axis": "x", "origin": [6.375, 5, 9.25]}, "faces": { "north": {"uv": [1.5, 2, 4.5, 4.5], "texture": "#texture"}, "east": {"uv": [1, 1.5, 4, 4], "texture": "#texture"}, "south": {"uv": [1, 1.5, 4, 4.5], "texture": "#texture"}, "west": {"uv": [1.5, 2, 4.5, 4], "texture": "#texture"}, "up": {"uv": [2.5, 1.5, 5, 4.5], "rotation": 180, "texture": "#texture"}, "down": {"uv": [1, 1, 4.5, 3.5], "rotation": 180, "texture": "#texture"} } }, { "name": "Element", "from": [5.5, 5, 6.69875], "to": [6.375, 5.25, 7.355], "rotation": {"angle": -22.5, "axis": "x", "origin": [6.375, 5.25, 7.355]}, "faces": { "north": {"uv": [1.5, 2, 4.5, 4.5], "texture": "#texture"}, "east": {"uv": [1, 1.5, 4, 4], "texture": "#texture"}, "south": {"uv": [1, 1.5, 4, 4.5], "texture": "#texture"}, "west": {"uv": [1.5, 2, 4.5, 4], "texture": "#texture"}, "up": {"uv": [2.5, 1.5, 5, 4.5], "rotation": 180, "texture": "#texture"}, "down": {"uv": [1, 1, 4.5, 3.5], "rotation": 180, "texture": "#texture"} } }, { "name": "Element", "from": [5.75, 3.375, 6.875], "to": [11.5, 3.5, 9.125], "rotation": {"angle": 0, "axis": "y", "origin": [8, 6, 8]}, "faces": { "north": {"uv": [1.25, 7.5, 4.25, 10], "texture": "#texture"}, "east": {"uv": [1.5, 7.5, 4.5, 10], "texture": "#texture"}, "south": {"uv": [2.5, 7.75, 5.5, 10.75], "texture": "#texture"}, "west": {"uv": [1.5, 8.25, 4.5, 10.25], "texture": "#texture"}, "up": {"uv": [1.75, 6.75, 4.25, 9.75], "rotation": 180, "texture": "#texture"}, "down": {"uv": [1.75, 6.75, 5.25, 9.25], "rotation": 180, "texture": "#texture"} } }, { "name": "Element", "from": [5.75, 2.25, 9.125], "to": [11.5, 3.375, 9.375], "rotation": {"angle": 0, "axis": "y", "origin": [8, 6, 8]}, "faces": { "north": {"uv": [1.5, 2, 4.5, 4.5], "texture": "#texture"}, "east": {"uv": [1, 1.5, 4, 4], "texture": "#texture"}, "south": {"uv": [1, 1.5, 4, 4.5], "texture": "#texture"}, "west": {"uv": [1.5, 2, 4.5, 4], "texture": "#texture"}, "up": {"uv": [2.5, 1.5, 5, 4.5], "rotation": 180, "texture": "#texture"}, "down": {"uv": [1, 1, 4.5, 3.5], "rotation": 180, "texture": "#texture"} } }, { "name": "Element", "from": [5.75, 2.25, 6.625], "to": [11.5, 3.375, 6.875], "rotation": {"angle": 0, "axis": "y", "origin": [8, 6, 8]}, "faces": { "north": {"uv": [1.5, 2, 4.5, 4.5], "texture": "#texture"}, "east": {"uv": [1, 1.5, 4, 4], "texture": "#texture"}, "south": {"uv": [1, 1.5, 4, 4.5], "texture": "#texture"}, "west": {"uv": [1.5, 2, 4.5, 4], "texture": "#texture"}, "up": {"uv": [2.5, 1.5, 5, 4.5], "rotation": 180, "texture": "#texture"}, "down": {"uv": [1, 1, 4.5, 3.5], "rotation": 180, "texture": "#texture"} } }, { "name": "Element", "from": [5.75, 3, 6.875], "to": [11.5, 3.375, 9.125], "rotation": {"angle": 0, "axis": "y", "origin": [8, 6, 8]}, "faces": { "north": {"uv": [1.5, 2, 4.5, 4.5], "texture": "#texture"}, "east": {"uv": [1, 1.5, 4, 4], "texture": "#texture"}, "south": {"uv": [1, 1.5, 4, 4.5], "texture": "#texture"}, "west": {"uv": [1.5, 2, 4.5, 4], "texture": "#texture"}, "up": {"uv": [2.5, 1.5, 5, 4.5], "rotation": 180, "texture": "#texture"}, "down": {"uv": [1, 1, 4.5, 3.5], "rotation": 180, "texture": "#texture"} } }, { "name": "Element", "from": [5.75, 2.25, 8.875], "to": [11.5, 2.5, 9.125], "rotation": {"angle": 0, "axis": "y", "origin": [8, 6, 8]}, "faces": { "north": {"uv": [1.5, 2, 4.5, 4.5], "texture": "#texture"}, "east": {"uv": [1, 1.5, 4, 4], "texture": "#texture"}, "south": {"uv": [1, 1.5, 4, 4.5], "texture": "#texture"}, "west": {"uv": [1.5, 2, 4.5, 4], "texture": "#texture"}, "up": {"uv": [2.5, 1.5, 5, 4.5], "rotation": 180, "texture": "#texture"}, "down": {"uv": [1, 1, 4.5, 3.5], "rotation": 180, "texture": "#texture"} } }, { "name": "Element", "from": [5.75, 2.25, 6.875], "to": [11.5, 2.5, 7.125], "rotation": {"angle": 0, "axis": "y", "origin": [8, 6, 8]}, "faces": { "north": {"uv": [1.5, 2, 4.5, 4.5], "texture": "#texture"}, "east": {"uv": [1, 1.5, 4, 4], "texture": "#texture"}, "south": {"uv": [1, 1.5, 4, 4.5], "texture": "#texture"}, "west": {"uv": [1.5, 2, 4.5, 4], "texture": "#texture"}, "up": {"uv": [2.5, 1.5, 5, 4.5], "rotation": 180, "texture": "#texture"}, "down": {"uv": [1, 1, 4.5, 3.5], "rotation": 180, "texture": "#texture"} } }, { "name": "Element", "from": [5.75, 2.325, 6.7725], "to": [11.5, 2.5, 7.125], "rotation": {"angle": 45, "axis": "x", "origin": [11.5, 2.5, 7.125]}, "faces": { "north": {"uv": [1.5, 2, 4.5, 4.5], "texture": "#texture"}, "east": {"uv": [1, 1.5, 4, 4], "texture": "#texture"}, "south": {"uv": [1, 1.5, 4, 4.5], "texture": "#texture"}, "west": {"uv": [1.5, 2, 4.5, 4], "texture": "#texture"}, "up": {"uv": [2.5, 1.5, 5, 4.5], "rotation": 180, "texture": "#texture"}, "down": {"uv": [1, 1, 4.5, 3.5], "rotation": 180, "texture": "#texture"} } }, { "name": "Element", "from": [5.75, 2.575, 8.7725], "to": [11.5, 2.75, 9.125], "rotation": {"angle": -45, "axis": "x", "origin": [11.5, 2.75, 9.125]}, "faces": { "north": {"uv": [1.5, 2, 4.5, 4.5], "texture": "#texture"}, "east": {"uv": [1, 1.5, 4, 4], "texture": "#texture"}, "south": {"uv": [1, 1.5, 4, 4.5], "texture": "#texture"}, "west": {"uv": [1.5, 2, 4.5, 4], "texture": "#texture"}, "up": {"uv": [2.5, 1.5, 5, 4.5], "rotation": 180, "texture": "#texture"}, "down": {"uv": [1, 1, 4.5, 3.5], "rotation": 180, "texture": "#texture"} } }, { "name": "Element", "from": [5.75, 2.97875, 6.71875], "to": [11.5, 3.22875, 7.28125], "rotation": {"angle": -22.5, "axis": "x", "origin": [11.5, 3.22875, 7.28125]}, "faces": { "north": {"uv": [1.5, 2, 4.5, 4.5], "texture": "#texture"}, "east": {"uv": [1, 1.5, 4, 4], "texture": "#texture"}, "south": {"uv": [1, 1.5, 4, 4.5], "texture": "#texture"}, "west": {"uv": [1.5, 2, 4.5, 4], "texture": "#texture"}, "up": {"uv": [2.5, 1.5, 5, 4.5], "rotation": 180, "texture": "#texture"}, "down": {"uv": [1, 1, 4.5, 3.5], "rotation": 180, "texture": "#texture"} } }, { "name": "Element", "from": [5.75, 2.76625, 8.6825], "to": [11.5, 3.01625, 9.245], "rotation": {"angle": 22.5, "axis": "x", "origin": [11.5, 3.01625, 9.245]}, "faces": { "north": {"uv": [1.5, 2, 4.5, 4.5], "texture": "#texture"}, "east": {"uv": [1, 1.5, 4, 4], "texture": "#texture"}, "south": {"uv": [1, 1.5, 4, 4.5], "texture": "#texture"}, "west": {"uv": [1.5, 2, 4.5, 4], "texture": "#texture"}, "up": {"uv": [2.5, 1.5, 5, 4.5], "rotation": 180, "texture": "#texture"}, "down": {"uv": [1, 1, 4.5, 3.5], "rotation": 180, "texture": "#texture"} } }, { "name": "Element", "from": [8, 2.25, 6.375], "to": [9.375, 3.375, 6.5], "rotation": {"angle": 0, "axis": "y", "origin": [8, 6, 8]}, "faces": { "north": {"uv": [1.5, 2, 4.5, 4.5], "texture": "#texture"}, "east": {"uv": [1, 1.5, 4, 4], "texture": "#texture"}, "south": {"uv": [1, 1.5, 4, 4.5], "texture": "#texture"}, "west": {"uv": [1.5, 2, 4.5, 4], "texture": "#texture"}, "up": {"uv": [2.5, 1.5, 5, 4.5], "rotation": 180, "texture": "#texture"}, "down": {"uv": [1, 1, 4.5, 3.5], "rotation": 180, "texture": "#texture"} } }, { "name": "Element", "from": [8, 2.375, 6.5], "to": [9.375, 3.375, 6.625], "rotation": {"angle": 0, "axis": "y", "origin": [8, 6, 8]}, "faces": { "north": {"uv": [1.5, 2, 4.5, 4.5], "texture": "#texture"}, "east": {"uv": [1, 1.5, 4, 4], "texture": "#texture"}, "south": {"uv": [1, 1.5, 4, 4.5], "texture": "#texture"}, "west": {"uv": [1.5, 2, 4.5, 4], "texture": "#texture"}, "up": {"uv": [2.5, 1.5, 5, 4.5], "rotation": 180, "texture": "#texture"}, "down": {"uv": [1, 1, 4.5, 3.5], "rotation": 180, "texture": "#texture"} } }, { "name": "Element", "from": [8, 3.28625, 6.3175], "to": [9.375, 3.66125, 7.0675], "rotation": {"angle": -22.5, "axis": "x", "origin": [9.375, 3.66125, 7.0675]}, "faces": { "north": {"uv": [1.5, 2, 4.5, 4.5], "texture": "#texture"}, "east": {"uv": [1, 1.5, 4, 4], "texture": "#texture"}, "south": {"uv": [1, 1.5, 4, 4.5], "texture": "#texture"}, "west": {"uv": [1.5, 2, 4.5, 4], "texture": "#texture"}, "up": {"uv": [2.5, 1.5, 5, 4.5], "rotation": 180, "texture": "#texture"}, "down": {"uv": [1, 1, 4.5, 3.5], "rotation": 180, "texture": "#texture"} } }, { "name": "Element", "from": [8.875, 2.625, 6], "to": [9, 3, 6.375], "rotation": {"angle": 0, "axis": "y", "origin": [8, 6, 8]}, "faces": { "north": {"uv": [8, 1.75, 11, 4.25], "texture": "#texture"}, "east": {"uv": [7.25, 1.5, 10.25, 4], "texture": "#texture"}, "south": {"uv": [7.75, 1.25, 10.75, 4.25], "texture": "#texture"}, "west": {"uv": [7, 1.5, 10, 3.5], "texture": "#texture"}, "up": {"uv": [7.25, 1.75, 9.75, 4.75], "rotation": 180, "texture": "#texture"}, "down": {"uv": [7, 1.5, 10.5, 4], "rotation": 180, "texture": "#texture"} } }, { "name": "Element", "from": [8.25, 2.625, 6.125], "to": [9.125, 3, 6.375], "rotation": {"angle": 0, "axis": "y", "origin": [8, 6, 8]}, "faces": { "north": {"uv": [7.25, 1, 10.25, 3.5], "texture": "#texture"}, "east": {"uv": [8, 1.25, 11, 3.75], "texture": "#texture"}, "south": {"uv": [7.75, 1.5, 10.75, 4.5], "texture": "#texture"}, "west": {"uv": [7.25, 1.25, 10.25, 3.25], "texture": "#texture"}, "up": {"uv": [7.25, 1.5, 9.75, 4.5], "rotation": 180, "texture": "#texture"}, "down": {"uv": [7, 1.25, 10.5, 3.75], "rotation": 180, "texture": "#texture"} } }, { "name": "Element", "from": [8.5, 2.375, 6.125], "to": [8.875, 3.25, 6.375], "rotation": {"angle": 0, "axis": "y", "origin": [8, 6, 8]}, "faces": { "north": {"uv": [7.25, 1, 10.25, 3.5], "texture": "#texture"}, "east": {"uv": [8, 1.25, 11, 3.75], "texture": "#texture"}, "south": {"uv": [7.75, 1.5, 10.75, 4.5], "texture": "#texture"}, "west": {"uv": [7.25, 1.25, 10.25, 3.25], "texture": "#texture"}, "up": {"uv": [7.25, 1.5, 9.75, 4.5], "rotation": 180, "texture": "#texture"}, "down": {"uv": [7, 1.25, 10.5, 3.75], "rotation": 180, "texture": "#texture"} } }, { "name": "Element", "from": [8.375, 2.625, 6], "to": [8.5, 3, 6.375], "rotation": {"angle": 0, "axis": "y", "origin": [8, 6, 8]}, "faces": { "north": {"uv": [8, 1.75, 11, 4.25], "texture": "#texture"}, "east": {"uv": [7.25, 1.5, 10.25, 4], "texture": "#texture"}, "south": {"uv": [7.75, 1.25, 10.75, 4.25], "texture": "#texture"}, "west": {"uv": [7, 1.5, 10, 3.5], "texture": "#texture"}, "up": {"uv": [7.25, 1.75, 9.75, 4.75], "rotation": 180, "texture": "#texture"}, "down": {"uv": [7, 1.5, 10.5, 4], "rotation": 180, "texture": "#texture"} } }, { "name": "Element", "from": [8.5, 3, 6], "to": [8.875, 3.125, 6.375], "rotation": {"angle": 0, "axis": "y", "origin": [8, 6, 8]}, "faces": { "north": {"uv": [8, 1.75, 11, 4.25], "texture": "#texture"}, "east": {"uv": [7.25, 1.5, 10.25, 4], "texture": "#texture"}, "south": {"uv": [7.75, 1.25, 10.75, 4.25], "texture": "#texture"}, "west": {"uv": [7, 1.5, 10, 3.5], "texture": "#texture"}, "up": {"uv": [7.25, 1.75, 9.75, 4.75], "rotation": 180, "texture": "#texture"}, "down": {"uv": [7, 1.5, 10.5, 4], "rotation": 180, "texture": "#texture"} } }, { "name": "Element", "from": [8.5, 2.5, 6], "to": [8.875, 2.625, 6.375], "rotation": {"angle": 0, "axis": "y", "origin": [8, 6, 8]}, "faces": { "north": {"uv": [8, 1.75, 11, 4.25], "texture": "#texture"}, "east": {"uv": [7.25, 1.5, 10.25, 4], "texture": "#texture"}, "south": {"uv": [7.75, 1.25, 10.75, 4.25], "texture": "#texture"}, "west": {"uv": [7, 1.5, 10, 3.5], "texture": "#texture"}, "up": {"uv": [7.25, 1.75, 9.75, 4.75], "rotation": 180, "texture": "#texture"}, "down": {"uv": [7, 1.5, 10.5, 4], "rotation": 180, "texture": "#texture"} } }, { "name": "Element", "from": [8.7725, 2.6475, 6.125], "to": [9.125, 3, 6.375], "rotation": {"angle": -45, "axis": "z", "origin": [9.125, 3, 6.375]}, "faces": { "north": {"uv": [7.25, 1, 10.25, 3.5], "texture": "#texture"}, "east": {"uv": [8, 1.25, 11, 3.75], "texture": "#texture"}, "south": {"uv": [7.75, 1.5, 10.75, 4.5], "texture": "#texture"}, "west": {"uv": [7.25, 1.25, 10.25, 3.25], "texture": "#texture"}, "up": {"uv": [7.25, 1.5, 9.75, 4.5], "rotation": 180, "texture": "#texture"}, "down": {"uv": [7, 1.25, 10.5, 3.75], "rotation": 180, "texture": "#texture"} } }, { "name": "Element", "from": [8.1475, 2.8975, 6.125], "to": [8.5, 3.25, 6.375], "rotation": {"angle": 45, "axis": "z", "origin": [8.5, 3.25, 6.375]}, "faces": { "north": {"uv": [7.25, 1, 10.25, 3.5], "texture": "#texture"}, "east": {"uv": [8, 1.25, 11, 3.75], "texture": "#texture"}, "south": {"uv": [7.75, 1.5, 10.75, 4.5], "texture": "#texture"}, "west": {"uv": [7.25, 1.25, 10.25, 3.25], "texture": "#texture"}, "up": {"uv": [7.25, 1.5, 9.75, 4.5], "rotation": 180, "texture": "#texture"}, "down": {"uv": [7, 1.25, 10.5, 3.75], "rotation": 180, "texture": "#texture"} } }, { "name": "Element", "from": [8.7725, 2.2725, 6.125], "to": [9.125, 2.625, 6.375], "rotation": {"angle": -45, "axis": "z", "origin": [9.125, 2.625, 6.375]}, "faces": { "north": {"uv": [7.25, 1, 10.25, 3.5], "texture": "#texture"}, "east": {"uv": [8, 1.25, 11, 3.75], "texture": "#texture"}, "south": {"uv": [7.75, 1.5, 10.75, 4.5], "texture": "#texture"}, "west": {"uv": [7.25, 1.25, 10.25, 3.25], "texture": "#texture"}, "up": {"uv": [7.25, 1.5, 9.75, 4.5], "rotation": 180, "texture": "#texture"}, "down": {"uv": [7, 1.25, 10.5, 3.75], "rotation": 180, "texture": "#texture"} } }, { "name": "Element", "from": [8.1475, 2.5225, 6.125], "to": [8.5, 2.875, 6.375], "rotation": {"angle": 45, "axis": "z", "origin": [8.5, 2.875, 6.375]}, "faces": { "north": {"uv": [7.25, 1, 10.25, 3.5], "texture": "#texture"}, "east": {"uv": [8, 1.25, 11, 3.75], "texture": "#texture"}, "south": {"uv": [7.75, 1.5, 10.75, 4.5], "texture": "#texture"}, "west": {"uv": [7.25, 1.25, 10.25, 3.25], "texture": "#texture"}, "up": {"uv": [7.25, 1.5, 9.75, 4.5], "rotation": 180, "texture": "#texture"}, "down": {"uv": [7, 1.25, 10.5, 3.75], "rotation": 180, "texture": "#texture"} } }, { "name": "Element", "from": [8.5, 3.0725, 5.9475], "to": [8.875, 3.25, 6.125], "rotation": {"angle": -45, "axis": "x", "origin": [8.875, 3.25, 6.125]}, "faces": { "north": {"uv": [8, 1.75, 11, 4.25], "texture": "#texture"}, "east": {"uv": [7.25, 1.5, 10.25, 4], "texture": "#texture"}, "south": {"uv": [7.75, 1.25, 10.75, 4.25], "texture": "#texture"}, "west": {"uv": [7, 1.5, 10, 3.5], "texture": "#texture"}, "up": {"uv": [7.25, 1.75, 9.75, 4.75], "rotation": 180, "texture": "#texture"}, "down": {"uv": [7, 1.5, 10.5, 4], "rotation": 180, "texture": "#texture"} } }, { "name": "Element", "from": [8.5, 2.4475, 5.9475], "to": [8.875, 2.625, 6.125], "rotation": {"angle": -45, "axis": "x", "origin": [8.875, 2.625, 6.125]}, "faces": { "north": {"uv": [8, 1.75, 11, 4.25], "texture": "#texture"}, "east": {"uv": [7.25, 1.5, 10.25, 4], "texture": "#texture"}, "south": {"uv": [7.75, 1.25, 10.75, 4.25], "texture": "#texture"}, "west": {"uv": [7, 1.5, 10, 3.5], "texture": "#texture"}, "up": {"uv": [7.25, 1.75, 9.75, 4.75], "rotation": 180, "texture": "#texture"}, "down": {"uv": [7, 1.5, 10.5, 4], "rotation": 180, "texture": "#texture"} } }, { "name": "Element", "from": [8.9475, 2.625, 5.9475], "to": [9.125, 3, 6.125], "rotation": {"angle": 45, "axis": "y", "origin": [9.125, 2.625, 6.125]}, "faces": { "north": {"uv": [8, 1.75, 11, 4.25], "texture": "#texture"}, "east": {"uv": [7.25, 1.5, 10.25, 4], "texture": "#texture"}, "south": {"uv": [7.75, 1.25, 10.75, 4.25], "texture": "#texture"}, "west": {"uv": [7, 1.5, 10, 3.5], "texture": "#texture"}, "up": {"uv": [7.25, 1.75, 9.75, 4.75], "rotation": 180, "texture": "#texture"}, "down": {"uv": [7, 1.5, 10.5, 4], "rotation": 180, "texture": "#texture"} } }, { "name": "Element", "from": [8.1975, 2.625, 6.0725], "to": [8.375, 3, 6.25], "rotation": {"angle": -45, "axis": "y", "origin": [8.375, 2.625, 6.25]}, "faces": { "north": {"uv": [8, 1.75, 11, 4.25], "texture": "#texture"}, "east": {"uv": [7.25, 1.5, 10.25, 4], "texture": "#texture"}, "south": {"uv": [7.75, 1.25, 10.75, 4.25], "texture": "#texture"}, "west": {"uv": [7, 1.5, 10, 3.5], "texture": "#texture"}, "up": {"uv": [7.25, 1.75, 9.75, 4.75], "rotation": 180, "texture": "#texture"}, "down": {"uv": [7, 1.5, 10.5, 4], "rotation": 180, "texture": "#texture"} } }, { "name": "Element", "from": [8.3225, 2.5725, 6], "to": [8.5, 2.75, 6.375], "rotation": {"angle": 45, "axis": "z", "origin": [8.5, 2.75, 6.375]}, "faces": { "north": {"uv": [8, 1.75, 11, 4.25], "texture": "#texture"}, "east": {"uv": [7.25, 1.5, 10.25, 4], "texture": "#texture"}, "south": {"uv": [7.75, 1.25, 10.75, 4.25], "texture": "#texture"}, "west": {"uv": [7, 1.5, 10, 3.5], "texture": "#texture"}, "up": {"uv": [7.25, 1.75, 9.75, 4.75], "rotation": 180, "texture": "#texture"}, "down": {"uv": [7, 1.5, 10.5, 4], "rotation": 180, "texture": "#texture"} } }, { "name": "Element", "from": [8.8225, 2.4475, 6], "to": [9, 2.625, 6.375], "rotation": {"angle": -45, "axis": "z", "origin": [9, 2.625, 6.375]}, "faces": { "north": {"uv": [8, 1.75, 11, 4.25], "texture": "#texture"}, "east": {"uv": [7.25, 1.5, 10.25, 4], "texture": "#texture"}, "south": {"uv": [7.75, 1.25, 10.75, 4.25], "texture": "#texture"}, "west": {"uv": [7, 1.5, 10, 3.5], "texture": "#texture"}, "up": {"uv": [7.25, 1.75, 9.75, 4.75], "rotation": 180, "texture": "#texture"}, "down": {"uv": [7, 1.5, 10.5, 4], "rotation": 180, "texture": "#texture"} } }, { "name": "Element", "from": [8.8225, 2.8225, 6], "to": [9, 3, 6.375], "rotation": {"angle": -45, "axis": "z", "origin": [9, 3, 6.375]}, "faces": { "north": {"uv": [8, 1.75, 11, 4.25], "texture": "#texture"}, "east": {"uv": [7.25, 1.5, 10.25, 4], "texture": "#texture"}, "south": {"uv": [7.75, 1.25, 10.75, 4.25], "texture": "#texture"}, "west": {"uv": [7, 1.5, 10, 3.5], "texture": "#texture"}, "up": {"uv": [7.25, 1.75, 9.75, 4.75], "rotation": 180, "texture": "#texture"}, "down": {"uv": [7, 1.5, 10.5, 4], "rotation": 180, "texture": "#texture"} } }, { "name": "Element", "from": [8.3225, 2.9475, 6], "to": [8.5, 3.125, 6.375], "rotation": {"angle": 45, "axis": "z", "origin": [8.5, 3.125, 6.375]}, "faces": { "north": {"uv": [8, 1.75, 11, 4.25], "texture": "#texture"}, "east": {"uv": [7.25, 1.5, 10.25, 4], "texture": "#texture"}, "south": {"uv": [7.75, 1.25, 10.75, 4.25], "texture": "#texture"}, "west": {"uv": [7, 1.5, 10, 3.5], "texture": "#texture"}, "up": {"uv": [7.25, 1.75, 9.75, 4.75], "rotation": 180, "texture": "#texture"}, "down": {"uv": [7, 1.5, 10.5, 4], "rotation": 180, "texture": "#texture"} } }, { "name": "Element", "from": [8.375, 2.625, 6.09375], "to": [8.875, 3, 6.125], "rotation": {"angle": 0, "axis": "y", "origin": [8, 6, 8]}, "faces": { "north": {"uv": [1.75, 7.5, 4.75, 10], "texture": "#texture"}, "east": {"uv": [1.5, 7.75, 4.5, 10.25], "texture": "#texture"}, "south": {"uv": [1.25, 7.75, 4.25, 10.75], "texture": "#texture"}, "west": {"uv": [1, 8, 4, 10], "texture": "#texture"}, "up": {"uv": [1.75, 7.25, 4.25, 10.25], "rotation": 180, "texture": "#texture"}, "down": {"uv": [1, 7.5, 4.5, 10], "rotation": 180, "texture": "#texture"} } }, { "name": "Element", "from": [8.78125, 4.4375, 6.75], "to": [11.15625, 5.3125, 9.25], "rotation": {"angle": 22.5, "axis": "z", "origin": [11.15625, 5.3125, 9.25]}, "faces": { "north": {"uv": [1.5, 2, 4.5, 4.5], "texture": "#texture"}, "east": {"uv": [1, 1.5, 4, 4], "texture": "#texture"}, "south": {"uv": [1, 1.5, 4, 4.5], "texture": "#texture"}, "west": {"uv": [1.5, 2, 4.5, 4], "texture": "#texture"}, "up": {"uv": [2.5, 1.5, 5, 4.5], "rotation": 180, "texture": "#texture"}, "down": {"uv": [1, 1, 4.5, 3.5], "rotation": 180, "texture": "#texture"} } }, { "name": "Element", "from": [10.375, 4.75, 6.75], "to": [11.25, 5.375, 9.25], "rotation": {"angle": 0, "axis": "y", "origin": [8, 6, 8]}, "faces": { "north": {"uv": [1.5, 2, 4.5, 4.5], "texture": "#texture"}, "east": {"uv": [1, 1.5, 4, 4], "texture": "#texture"}, "south": {"uv": [1, 1.5, 4, 4.5], "texture": "#texture"}, "west": {"uv": [1.5, 2, 4.5, 4], "texture": "#texture"}, "up": {"uv": [2.5, 1.5, 5, 4.5], "rotation": 180, "texture": "#texture"}, "down": {"uv": [1, 1, 4.5, 3.5], "rotation": 180, "texture": "#texture"} } }, { "name": "Element", "from": [8.875, 4.625, 6.75], "to": [10.375, 5.375, 9.25], "rotation": {"angle": 45, "axis": "z", "origin": [10.375, 5.375, 9.25]}, "faces": { "north": {"uv": [1.5, 2, 4.5, 4.5], "texture": "#texture"}, "east": {"uv": [1, 1.5, 4, 4], "texture": "#texture"}, "south": {"uv": [1, 1.5, 4, 4.5], "texture": "#texture"}, "west": {"uv": [1.5, 2, 4.5, 4], "texture": "#texture"}, "up": {"uv": [2.5, 1.5, 5, 4.5], "rotation": 180, "texture": "#texture"}, "down": {"uv": [1, 1, 4.5, 3.5], "rotation": 180, "texture": "#texture"} } }, { "name": "Element", "from": [10.375, 5.375, 6.875], "to": [11.25, 5.5, 9.125], "rotation": {"angle": 0, "axis": "y", "origin": [8, 6, 8]}, "faces": { "north": {"uv": [1.5, 2, 4.5, 4.5], "texture": "#texture"}, "east": {"uv": [1, 1.5, 4, 4], "texture": "#texture"}, "south": {"uv": [1, 1.5, 4, 4.5], "texture": "#texture"}, "west": {"uv": [1.5, 2, 4.5, 4], "texture": "#texture"}, "up": {"uv": [2.5, 1.5, 5, 4.5], "rotation": 180, "texture": "#texture"}, "down": {"uv": [1, 1, 4.5, 3.5], "rotation": 180, "texture": "#texture"} } }, { "name": "Element", "from": [10.375, 5.3225, 6.6975], "to": [11.25, 5.5, 6.875], "rotation": {"angle": -45, "axis": "x", "origin": [11.25, 5.5, 6.875]}, "faces": { "north": {"uv": [1.5, 2, 4.5, 4.5], "texture": "#texture"}, "east": {"uv": [1, 1.5, 4, 4], "texture": "#texture"}, "south": {"uv": [1, 1.5, 4, 4.5], "texture": "#texture"}, "west": {"uv": [1.5, 2, 4.5, 4], "texture": "#texture"}, "up": {"uv": [2.5, 1.5, 5, 4.5], "rotation": 180, "texture": "#texture"}, "down": {"uv": [1, 1, 4.5, 3.5], "rotation": 180, "texture": "#texture"} } }, { "name": "Element", "from": [10.375, 5.1975, 9.0725], "to": [11.25, 5.375, 9.25], "rotation": {"angle": 45, "axis": "x", "origin": [11.25, 5.375, 9.25]}, "faces": { "north": {"uv": [1.5, 2, 4.5, 4.5], "texture": "#texture"}, "east": {"uv": [1, 1.5, 4, 4], "texture": "#texture"}, "south": {"uv": [1, 1.5, 4, 4.5], "texture": "#texture"}, "west": {"uv": [1.5, 2, 4.5, 4], "texture": "#texture"}, "up": {"uv": [2.5, 1.5, 5, 4.5], "rotation": 180, "texture": "#texture"}, "down": {"uv": [1, 1, 4.5, 3.5], "rotation": 180, "texture": "#texture"} } }, { "name": "Element", "from": [10.375, 6.25, 9.625], "to": [11.25, 7.625, 9.875], "rotation": {"angle": 0, "axis": "y", "origin": [8, 6, 8]}, "faces": { "north": {"uv": [1.5, 2, 4.5, 4.5], "texture": "#texture"}, "east": {"uv": [1, 1.5, 4, 4], "texture": "#texture"}, "south": {"uv": [1, 1.5, 4, 4.5], "texture": "#texture"}, "west": {"uv": [1.5, 2, 4.5, 4], "texture": "#texture"}, "up": {"uv": [2.5, 1.5, 5, 4.5], "rotation": 180, "texture": "#texture"}, "down": {"uv": [1, 1, 4.5, 3.5], "rotation": 180, "texture": "#texture"} } }, { "name": "Element", "from": [10.375, 6.25, 6.125], "to": [11.25, 7.625, 6.375], "rotation": {"angle": 0, "axis": "y", "origin": [8, 6, 8]}, "faces": { "north": {"uv": [1.5, 2, 4.5, 4.5], "texture": "#texture"}, "east": {"uv": [1, 1.5, 4, 4], "texture": "#texture"}, "south": {"uv": [1, 1.5, 4, 4.5], "texture": "#texture"}, "west": {"uv": [1.5, 2, 4.5, 4], "texture": "#texture"}, "up": {"uv": [2.5, 1.5, 5, 4.5], "rotation": 180, "texture": "#texture"}, "down": {"uv": [1, 1, 4.5, 3.5], "rotation": 180, "texture": "#texture"} } }, { "name": "Element", "from": [10.375, 4.875, 9.625], "to": [11.25, 6.25, 9.875], "rotation": {"angle": 45, "axis": "x", "origin": [11.25, 6.25, 9.875]}, "faces": { "north": {"uv": [1.5, 2, 4.5, 4.5], "texture": "#texture"}, "east": {"uv": [1, 1.5, 4, 4], "texture": "#texture"}, "south": {"uv": [1, 1.5, 4, 4.5], "texture": "#texture"}, "west": {"uv": [1.5, 2, 4.5, 4], "texture": "#texture"}, "up": {"uv": [2.5, 1.5, 5, 4.5], "rotation": 180, "texture": "#texture"}, "down": {"uv": [1, 1, 4.5, 3.5], "rotation": 180, "texture": "#texture"} } }, { "name": "Element", "from": [10.375, 5.0525, 6.0525], "to": [11.25, 6.4275, 6.3025], "rotation": {"angle": -45, "axis": "x", "origin": [11.25, 6.4275, 6.3025]}, "faces": { "north": {"uv": [1.5, 2, 4.5, 4.5], "texture": "#texture"}, "east": {"uv": [1, 1.5, 4, 4], "texture": "#texture"}, "south": {"uv": [1, 1.5, 4, 4.5], "texture": "#texture"}, "west": {"uv": [1.5, 2, 4.5, 4], "texture": "#texture"}, "up": {"uv": [2.5, 1.5, 5, 4.5], "rotation": 180, "texture": "#texture"}, "down": {"uv": [1, 1, 4.5, 3.5], "rotation": 180, "texture": "#texture"} } }, { "name": "Element", "from": [10.375, 8.125, 7], "to": [11.25, 8.375, 9], "rotation": {"angle": 0, "axis": "y", "origin": [8, 6, 8]}, "faces": { "north": {"uv": [1.5, 2, 4.5, 4.5], "texture": "#texture"}, "east": {"uv": [1, 1.5, 4, 4], "texture": "#texture"}, "south": {"uv": [1, 1.5, 4, 4.5], "texture": "#texture"}, "west": {"uv": [1.5, 2, 4.5, 4], "texture": "#texture"}, "up": {"uv": [2.5, 1.5, 5, 4.5], "rotation": 180, "texture": "#texture"}, "down": {"uv": [1, 1, 4.5, 3.5], "rotation": 180, "texture": "#texture"} } }, { "name": "Element", "from": [10.375, 7.58875, 9.4325], "to": [11.25, 8.08875, 9.6825], "rotation": {"angle": -22.5, "axis": "x", "origin": [11.25, 8.08875, 9.6825]}, "faces": { "north": {"uv": [1.5, 2, 4.5, 4.5], "texture": "#texture"}, "east": {"uv": [1, 1.5, 4, 4], "texture": "#texture"}, "south": {"uv": [1, 1.5, 4, 4.5], "texture": "#texture"}, "west": {"uv": [1.5, 2, 4.5, 4], "texture": "#texture"}, "up": {"uv": [2.5, 1.5, 5, 4.5], "rotation": 180, "texture": "#texture"}, "down": {"uv": [1, 1, 4.5, 3.5], "rotation": 180, "texture": "#texture"} } }, { "name": "Element", "from": [10.375, 7.49, 6.2975], "to": [11.25, 7.99, 6.5475], "rotation": {"angle": 22.5, "axis": "x", "origin": [11.25, 7.99, 6.5475]}, "faces": { "north": {"uv": [1.5, 2, 4.5, 4.5], "texture": "#texture"}, "east": {"uv": [1, 1.5, 4, 4], "texture": "#texture"}, "south": {"uv": [1, 1.5, 4, 4.5], "texture": "#texture"}, "west": {"uv": [1.5, 2, 4.5, 4], "texture": "#texture"}, "up": {"uv": [2.5, 1.5, 5, 4.5], "rotation": 180, "texture": "#texture"}, "down": {"uv": [1, 1, 4.5, 3.5], "rotation": 180, "texture": "#texture"} } }, { "name": "Element", "from": [10.375, 7.83875, 8.9325], "to": [11.25, 8.08875, 9.6825], "rotation": {"angle": 22.5, "axis": "x", "origin": [11.25, 8.08875, 9.6825]}, "faces": { "north": {"uv": [1.5, 2, 4.5, 4.5], "texture": "#texture"}, "east": {"uv": [1, 1.5, 4, 4], "texture": "#texture"}, "south": {"uv": [1, 1.5, 4, 4.5], "texture": "#texture"}, "west": {"uv": [1.5, 2, 4.5, 4], "texture": "#texture"}, "up": {"uv": [2.5, 1.5, 5, 4.5], "rotation": 180, "texture": "#texture"}, "down": {"uv": [1, 1, 4.5, 3.5], "rotation": 180, "texture": "#texture"} } }, { "name": "Element", "from": [10.375, 8.125, 6.26], "to": [11.25, 8.375, 7.01], "rotation": {"angle": -22.5, "axis": "x", "origin": [11.25, 8.375, 7.01]}, "faces": { "north": {"uv": [1.5, 2, 4.5, 4.5], "texture": "#texture"}, "east": {"uv": [1, 1.5, 4, 4], "texture": "#texture"}, "south": {"uv": [1, 1.5, 4, 4.5], "texture": "#texture"}, "west": {"uv": [1.5, 2, 4.5, 4], "texture": "#texture"}, "up": {"uv": [2.5, 1.5, 5, 4.5], "rotation": 180, "texture": "#texture"}, "down": {"uv": [1, 1, 4.5, 3.5], "rotation": 180, "texture": "#texture"} } }, { "name": "Element", "from": [10.84375, 6, 6.375], "to": [10.875, 8, 9.625], "rotation": {"angle": 0, "axis": "y", "origin": [8, 6, 8]}, "faces": { "north": {"uv": [1.25, 12.75, 2.75, 14.5], "texture": "#texture"}, "east": {"uv": [1, 13.25, 2.75, 14.5], "texture": "#texture"}, "south": {"uv": [1.25, 13.5, 2.75, 15.5], "texture": "#texture"}, "west": {"uv": [1.5, 13.25, 3, 14.5], "texture": "#texture"}, "up": {"uv": [5.5, 12.75, 6.75, 13.75], "rotation": 180, "texture": "#texture"}, "down": {"uv": [6.25, 12.25, 8.25, 14], "rotation": 180, "texture": "#texture"} } }, { "name": "Element", "from": [10.84375, 5.625, 6.75], "to": [10.875, 6, 9.25], "rotation": {"angle": 0, "axis": "y", "origin": [8, 6, 8]}, "faces": { "north": {"uv": [1.25, 12.75, 2.75, 14.5], "texture": "#texture"}, "east": {"uv": [1, 13.25, 2.75, 14.5], "texture": "#texture"}, "south": {"uv": [1.25, 13.5, 2.75, 15.5], "texture": "#texture"}, "west": {"uv": [1.5, 13.25, 3, 14.5], "texture": "#texture"}, "up": {"uv": [5.5, 12.75, 6.75, 13.75], "rotation": 180, "texture": "#texture"}, "down": {"uv": [6.25, 12.25, 8.25, 14], "rotation": 180, "texture": "#texture"} } }, { "name": "Element", "from": [10.84375, 5.375, 7.125], "to": [10.875, 5.625, 8.875], "rotation": {"angle": 0, "axis": "y", "origin": [8, 6, 8]}, "faces": { "north": {"uv": [1.25, 12.75, 2.75, 14.5], "texture": "#texture"}, "east": {"uv": [1, 13.25, 2.75, 14.5], "texture": "#texture"}, "south": {"uv": [1.25, 13.5, 2.75, 15.5], "texture": "#texture"}, "west": {"uv": [1.5, 13.25, 3, 14.5], "texture": "#texture"}, "up": {"uv": [5.5, 12.75, 6.75, 13.75], "rotation": 180, "texture": "#texture"}, "down": {"uv": [6.25, 12.25, 8.25, 14], "rotation": 180, "texture": "#texture"} } }, { "name": "Element", "from": [10.84375, 8, 6.75], "to": [10.875, 8.125, 9.25], "rotation": {"angle": 0, "axis": "y", "origin": [8, 6, 8]}, "faces": { "north": {"uv": [1.25, 12.75, 2.75, 14.5], "texture": "#texture"}, "east": {"uv": [1, 13.25, 2.75, 14.5], "texture": "#texture"}, "south": {"uv": [1.25, 13.5, 2.75, 15.5], "texture": "#texture"}, "west": {"uv": [1.5, 13.25, 3, 14.5], "texture": "#texture"}, "up": {"uv": [5.5, 12.75, 6.75, 13.75], "rotation": 180, "texture": "#texture"}, "down": {"uv": [6.25, 12.25, 8.25, 14], "rotation": 180, "texture": "#texture"} } }, { "name": "Element", "from": [10.84375, 6.375, 7.5], "to": [10.84766, 7.375, 8.5], "rotation": {"angle": 0, "axis": "y", "origin": [8, 6, 8]}, "faces": { "north": {"uv": [11, 10, 15, 12], "texture": "#1"}, "east": {"uv": [0.5, 0.5, 13, 13], "texture": "#1"}, "south": {"uv": [11, 10, 15, 12], "texture": "#1"}, "west": {"uv": [0.5, 0.5, 13, 13], "texture": "#1"}, "up": {"uv": [11, 10, 15, 12], "rotation": 180, "texture": "#1"}, "down": {"uv": [11, 10, 15, 12], "rotation": 180, "texture": "#1"} } }, { "name": "Element", "from": [4.625, 3, 7.375], "to": [5.625, 3.5, 8.625], "rotation": {"angle": 0, "axis": "y", "origin": [8, 6, 8]}, "faces": { "north": {"uv": [1.5, 2, 4.5, 4.5], "texture": "#texture"}, "east": {"uv": [1, 1.5, 4, 4], "texture": "#texture"}, "south": {"uv": [1, 1.5, 4, 4.5], "texture": "#texture"}, "west": {"uv": [1.5, 2, 4.5, 4], "texture": "#texture"}, "up": {"uv": [2.5, 1.5, 5, 4.5], "rotation": 180, "texture": "#texture"}, "down": {"uv": [1, 1, 4.5, 3.5], "rotation": 180, "texture": "#texture"} } }, { "name": "Element", "from": [4.25, 3, 7.5], "to": [5.75, 3.5, 8.5], "rotation": {"angle": 0, "axis": "y", "origin": [8, 6, 8]}, "faces": { "north": {"uv": [1.5, 2, 4.5, 4.5], "texture": "#texture"}, "east": {"uv": [1, 1.5, 4, 4], "texture": "#texture"}, "south": {"uv": [1, 1.5, 4, 4.5], "texture": "#texture"}, "west": {"uv": [1.5, 2, 4.5, 4], "texture": "#texture"}, "up": {"uv": [2.5, 1.5, 5, 4.5], "rotation": 180, "texture": "#texture"}, "down": {"uv": [1, 1, 4.5, 3.5], "rotation": 180, "texture": "#texture"} } }, { "name": "Element", "from": [4.5, 3, 7.25], "to": [5.5, 3.5, 8.75], "rotation": {"angle": 0, "axis": "y", "origin": [8, 6, 8]}, "faces": { "north": {"uv": [1.5, 2, 4.5, 4.5], "texture": "#texture"}, "east": {"uv": [1, 1.5, 4, 4], "texture": "#texture"}, "south": {"uv": [1, 1.5, 4, 4.5], "texture": "#texture"}, "west": {"uv": [1.5, 2, 4.5, 4], "texture": "#texture"}, "up": {"uv": [2.5, 1.5, 5, 4.5], "rotation": 180, "texture": "#texture"}, "down": {"uv": [1, 1, 4.5, 3.5], "rotation": 180, "texture": "#texture"} } }, { "name": "Element", "from": [4.1475, 3, 8.3975], "to": [4.5, 3.5, 8.75], "rotation": {"angle": -45, "axis": "y", "origin": [4.5, 3, 8.75]}, "faces": { "north": {"uv": [1.5, 2, 4.5, 4.5], "texture": "#texture"}, "east": {"uv": [1, 1.5, 4, 4], "texture": "#texture"}, "south": {"uv": [1, 1.5, 4, 4.5], "texture": "#texture"}, "west": {"uv": [1.5, 2, 4.5, 4], "texture": "#texture"}, "up": {"uv": [2.5, 1.5, 5, 4.5], "rotation": 180, "texture": "#texture"}, "down": {"uv": [1, 1, 4.5, 3.5], "rotation": 180, "texture": "#texture"} } }, { "name": "Element", "from": [5.3975, 3, 8.1475], "to": [5.75, 3.5, 8.5], "rotation": {"angle": 45, "axis": "y", "origin": [5.75, 3, 8.5]}, "faces": { "north": {"uv": [1.5, 2, 4.5, 4.5], "texture": "#texture"}, "east": {"uv": [1, 1.5, 4, 4], "texture": "#texture"}, "south": {"uv": [1, 1.5, 4, 4.5], "texture": "#texture"}, "west": {"uv": [1.5, 2, 4.5, 4], "texture": "#texture"}, "up": {"uv": [2.5, 1.5, 5, 4.5], "rotation": 180, "texture": "#texture"}, "down": {"uv": [1, 1, 4.5, 3.5], "rotation": 180, "texture": "#texture"} } }, { "name": "Element", "from": [5.3975, 3, 7.1475], "to": [5.75, 3.5, 7.5], "rotation": {"angle": 45, "axis": "y", "origin": [5.75, 3, 7.5]}, "faces": { "north": {"uv": [1.5, 2, 4.5, 4.5], "texture": "#texture"}, "east": {"uv": [1, 1.5, 4, 4], "texture": "#texture"}, "south": {"uv": [1, 1.5, 4, 4.5], "texture": "#texture"}, "west": {"uv": [1.5, 2, 4.5, 4], "texture": "#texture"}, "up": {"uv": [2.5, 1.5, 5, 4.5], "rotation": 180, "texture": "#texture"}, "down": {"uv": [1, 1, 4.5, 3.5], "rotation": 180, "texture": "#texture"} } }, { "name": "Element", "from": [4.1475, 3, 7.3975], "to": [4.5, 3.5, 7.75], "rotation": {"angle": -45, "axis": "y", "origin": [4.5, 3, 7.75]}, "faces": { "north": {"uv": [1.5, 2, 4.5, 4.5], "texture": "#texture"}, "east": {"uv": [1, 1.5, 4, 4], "texture": "#texture"}, "south": {"uv": [1, 1.5, 4, 4.5], "texture": "#texture"}, "west": {"uv": [1.5, 2, 4.5, 4], "texture": "#texture"}, "up": {"uv": [2.5, 1.5, 5, 4.5], "rotation": 180, "texture": "#texture"}, "down": {"uv": [1, 1, 4.5, 3.5], "rotation": 180, "texture": "#texture"} } }, { "name": "Element", "from": [4.25, 3.125, 8.375], "to": [4.875, 3.5, 9.25], "rotation": {"angle": -22.5, "axis": "y", "origin": [4.875, 3.125, 9.25]}, "faces": { "north": {"uv": [1.5, 2, 4.5, 4.5], "texture": "#texture"}, "east": {"uv": [1, 1.5, 4, 4], "texture": "#texture"}, "south": {"uv": [1, 1.5, 4, 4.5], "texture": "#texture"}, "west": {"uv": [1.5, 2, 4.5, 4], "texture": "#texture"}, "up": {"uv": [2.5, 1.5, 5, 4.5], "rotation": 180, "texture": "#texture"}, "down": {"uv": [1, 1, 4.5, 3.5], "rotation": 180, "texture": "#texture"} } }, { "name": "Element", "from": [4.6875, 3.125, 8.65625], "to": [4.8125, 3.5, 9.28125], "rotation": {"angle": -22.5, "axis": "y", "origin": [4.8125, 3.125, 9.28125]}, "faces": { "north": {"uv": [1.5, 2, 4.5, 4.5], "texture": "#texture"}, "east": {"uv": [1, 1.5, 4, 4], "texture": "#texture"}, "south": {"uv": [1, 1.5, 4, 4.5], "texture": "#texture"}, "west": {"uv": [1.5, 2, 4.5, 4], "texture": "#texture"}, "up": {"uv": [2.5, 1.5, 5, 4.5], "rotation": 180, "texture": "#texture"}, "down": {"uv": [1, 1, 4.5, 3.5], "rotation": 180, "texture": "#texture"} } }, { "name": "Element", "from": [4.5, 3.125, 8.59375], "to": [4.625, 3.5, 9.21875], "rotation": {"angle": -22.5, "axis": "y", "origin": [4.625, 3.125, 9.21875]}, "faces": { "north": {"uv": [1.5, 2, 4.5, 4.5], "texture": "#texture"}, "east": {"uv": [1, 1.5, 4, 4], "texture": "#texture"}, "south": {"uv": [1, 1.5, 4, 4.5], "texture": "#texture"}, "west": {"uv": [1.5, 2, 4.5, 4], "texture": "#texture"}, "up": {"uv": [2.5, 1.5, 5, 4.5], "rotation": 180, "texture": "#texture"}, "down": {"uv": [1, 1, 4.5, 3.5], "rotation": 180, "texture": "#texture"} } }, { "name": "Element", "from": [4.3125, 3.125, 8.5], "to": [4.4375, 3.5, 9.125], "rotation": {"angle": -22.5, "axis": "y", "origin": [4.4375, 3.125, 9.125]}, "faces": { "north": {"uv": [1.5, 2, 4.5, 4.5], "texture": "#texture"}, "east": {"uv": [1, 1.5, 4, 4], "texture": "#texture"}, "south": {"uv": [1, 1.5, 4, 4.5], "texture": "#texture"}, "west": {"uv": [1.5, 2, 4.5, 4], "texture": "#texture"}, "up": {"uv": [2.5, 1.5, 5, 4.5], "rotation": 180, "texture": "#texture"}, "down": {"uv": [1, 1, 4.5, 3.5], "rotation": 180, "texture": "#texture"} } }, { "name": "Element", "from": [7.875, 4.5, 6.75], "to": [9.375, 5, 9.25], "rotation": {"angle": 0, "axis": "y", "origin": [8, 6, 8]}, "faces": { "north": {"uv": [7, 7, 9.5, 9.25], "texture": "#texture"}, "east": {"uv": [7, 6.75, 9.5, 9], "texture": "#texture"}, "south": {"uv": [7.25, 7, 9.5, 9.5], "texture": "#texture"}, "west": {"uv": [6.75, 7.25, 9.25, 9.25], "texture": "#texture"}, "up": {"uv": [7.25, 6.75, 9, 9.25], "rotation": 180, "texture": "#texture"}, "down": {"uv": [7, 6.75, 9, 9], "rotation": 180, "texture": "#texture"} } }, { "name": "Element", "from": [7.375, 4.5, 7.25], "to": [9.875, 5, 8.75], "rotation": {"angle": 0, "axis": "y", "origin": [8, 6, 8]}, "faces": { "north": {"uv": [7, 7, 9.5, 9.25], "texture": "#texture"}, "east": {"uv": [7, 6.75, 9.5, 9], "texture": "#texture"}, "south": {"uv": [7.25, 7, 9.5, 9.5], "texture": "#texture"}, "west": {"uv": [6.75, 7.25, 9.25, 9.25], "texture": "#texture"}, "up": {"uv": [7.25, 6.75, 9, 9.25], "rotation": 180, "texture": "#texture"}, "down": {"uv": [7, 6.75, 9, 9], "rotation": 180, "texture": "#texture"} } }, { "name": "Element", "from": [9.1675, 4.5, 8.0425], "to": [9.875, 5, 8.75], "rotation": {"angle": 45, "axis": "y", "origin": [9.875, 4.5, 8.75]}, "faces": { "north": {"uv": [7, 7, 9.5, 9.25], "texture": "#texture"}, "east": {"uv": [7, 6.75, 9.5, 9], "texture": "#texture"}, "south": {"uv": [7.25, 7, 9.5, 9.5], "texture": "#texture"}, "west": {"uv": [6.75, 7.25, 9.25, 9.25], "texture": "#texture"}, "up": {"uv": [7.25, 6.75, 9, 9.25], "rotation": 180, "texture": "#texture"}, "down": {"uv": [7, 6.75, 9, 9], "rotation": 180, "texture": "#texture"} } }, { "name": "Element", "from": [7.1675, 4.5, 7.0425], "to": [7.875, 5, 7.75], "rotation": {"angle": -45, "axis": "y", "origin": [7.875, 4.5, 7.75]}, "faces": { "north": {"uv": [7, 7, 9.5, 9.25], "texture": "#texture"}, "east": {"uv": [7, 6.75, 9.5, 9], "texture": "#texture"}, "south": {"uv": [7.25, 7, 9.5, 9.5], "texture": "#texture"}, "west": {"uv": [6.75, 7.25, 9.25, 9.25], "texture": "#texture"}, "up": {"uv": [7.25, 6.75, 9, 9.25], "rotation": 180, "texture": "#texture"}, "down": {"uv": [7, 6.75, 9, 9], "rotation": 180, "texture": "#texture"} } }, { "name": "Element", "from": [9.1675, 4.5, 6.5425], "to": [9.875, 5, 7.25], "rotation": {"angle": 45, "axis": "y", "origin": [9.875, 4.5, 7.25]}, "faces": { "north": {"uv": [7, 7, 9.5, 9.25], "texture": "#texture"}, "east": {"uv": [7, 6.75, 9.5, 9], "texture": "#texture"}, "south": {"uv": [7.25, 7, 9.5, 9.5], "texture": "#texture"}, "west": {"uv": [6.75, 7.25, 9.25, 9.25], "texture": "#texture"}, "up": {"uv": [7.25, 6.75, 9, 9.25], "rotation": 180, "texture": "#texture"}, "down": {"uv": [7, 6.75, 9, 9], "rotation": 180, "texture": "#texture"} } }, { "name": "Element", "from": [7.1675, 4.5, 8.5425], "to": [7.875, 5, 9.25], "rotation": {"angle": -45, "axis": "y", "origin": [7.875, 4.5, 9.25]}, "faces": { "north": {"uv": [7, 7, 9.5, 9.25], "texture": "#texture"}, "east": {"uv": [7, 6.75, 9.5, 9], "texture": "#texture"}, "south": {"uv": [7.25, 7, 9.5, 9.5], "texture": "#texture"}, "west": {"uv": [6.75, 7.25, 9.25, 9.25], "texture": "#texture"}, "up": {"uv": [7.25, 6.75, 9, 9.25], "rotation": 180, "texture": "#texture"}, "down": {"uv": [7, 6.75, 9, 9], "rotation": 180, "texture": "#texture"} } }, { "name": "Element", "from": [8.75, 4.5, 6.625], "to": [9.375, 5, 9.375], "rotation": {"angle": 0, "axis": "y", "origin": [8, 6, 8]}, "faces": { "north": {"uv": [7, 7, 9.5, 9.25], "texture": "#texture"}, "east": {"uv": [7, 6.75, 9.5, 9], "texture": "#texture"}, "south": {"uv": [7.25, 7, 9.5, 9.5], "texture": "#texture"}, "west": {"uv": [6.75, 7.25, 9.25, 9.25], "texture": "#texture"}, "up": {"uv": [7.25, 6.75, 9, 9.25], "rotation": 180, "texture": "#texture"}, "down": {"uv": [7, 6.75, 9, 9], "rotation": 180, "texture": "#texture"} } }, { "name": "Element", "from": [7.875, 4.5, 6.625], "to": [8.5, 5, 9.375], "rotation": {"angle": 0, "axis": "y", "origin": [8, 6, 8]}, "faces": { "north": {"uv": [7, 7, 9.5, 9.25], "texture": "#texture"}, "east": {"uv": [7, 6.75, 9.5, 9], "texture": "#texture"}, "south": {"uv": [7.25, 7, 9.5, 9.5], "texture": "#texture"}, "west": {"uv": [6.75, 7.25, 9.25, 9.25], "texture": "#texture"}, "up": {"uv": [7.25, 6.75, 9, 9.25], "rotation": 180, "texture": "#texture"}, "down": {"uv": [7, 6.75, 9, 9], "rotation": 180, "texture": "#texture"} } }, { "name": "Element", "from": [7.25, 4.5, 8.125], "to": [10, 5, 8.75], "rotation": {"angle": 0, "axis": "y", "origin": [8, 6, 8]}, "faces": { "north": {"uv": [7, 7, 9.5, 9.25], "texture": "#texture"}, "east": {"uv": [7, 6.75, 9.5, 9], "texture": "#texture"}, "south": {"uv": [7.25, 7, 9.5, 9.5], "texture": "#texture"}, "west": {"uv": [6.75, 7.25, 9.25, 9.25], "texture": "#texture"}, "up": {"uv": [7.25, 6.75, 9, 9.25], "rotation": 180, "texture": "#texture"}, "down": {"uv": [7, 6.75, 9, 9], "rotation": 180, "texture": "#texture"} } }, { "name": "Element", "from": [7.25, 4.5, 7.25], "to": [10, 5, 7.875], "rotation": {"angle": 0, "axis": "y", "origin": [8, 6, 8]}, "faces": { "north": {"uv": [7, 7, 9.5, 9.25], "texture": "#texture"}, "east": {"uv": [7, 6.75, 9.5, 9], "texture": "#texture"}, "south": {"uv": [7.25, 7, 9.5, 9.5], "texture": "#texture"}, "west": {"uv": [6.75, 7.25, 9.25, 9.25], "texture": "#texture"}, "up": {"uv": [7.25, 6.75, 9, 9.25], "rotation": 180, "texture": "#texture"}, "down": {"uv": [7, 6.75, 9, 9], "rotation": 180, "texture": "#texture"} } }, { "name": "Element", "from": [9.40625, 4.5, 5.83125], "to": [9.90625, 5, 8.90625], "rotation": {"angle": 45, "axis": "y", "origin": [9.90625, 4.5, 8.90625]}, "faces": { "north": {"uv": [7, 7, 9.5, 9.25], "texture": "#texture"}, "east": {"uv": [7, 6.75, 9.5, 9], "texture": "#texture"}, "south": {"uv": [7.25, 7, 9.5, 9.5], "texture": "#texture"}, "west": {"uv": [6.75, 7.25, 9.25, 9.25], "texture": "#texture"}, "up": {"uv": [7.25, 6.75, 9, 9.25], "rotation": 180, "texture": "#texture"}, "down": {"uv": [7, 6.75, 9, 9], "rotation": 180, "texture": "#texture"} } }, { "name": "Element", "from": [7.21875, 4.5, 6.175], "to": [7.71875, 5, 9.25], "rotation": {"angle": -45, "axis": "y", "origin": [7.71875, 4.5, 9.25]}, "faces": { "north": {"uv": [7, 7, 9.5, 9.25], "texture": "#texture"}, "east": {"uv": [7, 6.75, 9.5, 9], "texture": "#texture"}, "south": {"uv": [7.25, 7, 9.5, 9.5], "texture": "#texture"}, "west": {"uv": [6.75, 7.25, 9.25, 9.25], "texture": "#texture"}, "up": {"uv": [7.25, 6.75, 9, 9.25], "rotation": 180, "texture": "#texture"}, "down": {"uv": [7, 6.75, 9, 9], "rotation": 180, "texture": "#texture"} } }, { "name": "Element", "from": [8.75, 4.875, 7], "to": [9.375, 5.125, 9], "rotation": {"angle": 0, "axis": "y", "origin": [8, 6, 8]}, "faces": { "north": {"uv": [2.25, 1.75, 4.75, 4], "texture": "#texture"}, "east": {"uv": [2.5, 2, 5, 4.25], "texture": "#texture"}, "south": {"uv": [1.75, 1.75, 4, 4.25], "texture": "#texture"}, "west": {"uv": [2.25, 1.5, 4.75, 3.5], "texture": "#texture"}, "up": {"uv": [2.5, 1.75, 4.25, 4.25], "rotation": 180, "texture": "#texture"}, "down": {"uv": [2, 2, 4, 4.25], "rotation": 180, "texture": "#texture"} } }, { "name": "Element", "from": [7.875, 4.875, 7], "to": [8.5, 5.125, 9], "rotation": {"angle": 0, "axis": "y", "origin": [8, 6, 8]}, "faces": { "north": {"uv": [2.25, 1.75, 4.75, 4], "texture": "#texture"}, "east": {"uv": [2.5, 2, 5, 4.25], "texture": "#texture"}, "south": {"uv": [1.75, 1.75, 4, 4.25], "texture": "#texture"}, "west": {"uv": [2.25, 1.5, 4.75, 3.5], "texture": "#texture"}, "up": {"uv": [2.5, 1.75, 4.25, 4.25], "rotation": 180, "texture": "#texture"}, "down": {"uv": [2, 2, 4, 4.25], "rotation": 180, "texture": "#texture"} } }, { "name": "Element", "from": [8.5, 4.875, 8.75], "to": [8.75, 5.125, 9], "rotation": {"angle": 0, "axis": "y", "origin": [8, 6, 8]}, "faces": { "north": {"uv": [2.25, 1.75, 4.75, 4], "texture": "#texture"}, "east": {"uv": [2.5, 2, 5, 4.25], "texture": "#texture"}, "south": {"uv": [1.75, 1.75, 4, 4.25], "texture": "#texture"}, "west": {"uv": [2.25, 1.5, 4.75, 3.5], "texture": "#texture"}, "up": {"uv": [2.5, 1.75, 4.25, 4.25], "rotation": 180, "texture": "#texture"}, "down": {"uv": [2, 2, 4, 4.25], "rotation": 180, "texture": "#texture"} } }, { "name": "Element", "from": [8.5, 4.875, 7], "to": [8.75, 5.125, 7.25], "rotation": {"angle": 0, "axis": "y", "origin": [8, 6, 8]}, "faces": { "north": {"uv": [2.25, 1.75, 4.75, 4], "texture": "#texture"}, "east": {"uv": [2.5, 2, 5, 4.25], "texture": "#texture"}, "south": {"uv": [1.75, 1.75, 4, 4.25], "texture": "#texture"}, "west": {"uv": [2.25, 1.5, 4.75, 3.5], "texture": "#texture"}, "up": {"uv": [2.5, 1.75, 4.25, 4.25], "rotation": 180, "texture": "#texture"}, "down": {"uv": [2, 2, 4, 4.25], "rotation": 180, "texture": "#texture"} } }, { "name": "Element", "from": [9.375, 4.875, 7.25], "to": [9.625, 5.125, 8.75], "rotation": {"angle": 0, "axis": "y", "origin": [8, 6, 8]}, "faces": { "north": {"uv": [2.25, 1.75, 4.75, 4], "texture": "#texture"}, "east": {"uv": [2.5, 2, 5, 4.25], "texture": "#texture"}, "south": {"uv": [1.75, 1.75, 4, 4.25], "texture": "#texture"}, "west": {"uv": [2.25, 1.5, 4.75, 3.5], "texture": "#texture"}, "up": {"uv": [2.5, 1.75, 4.25, 4.25], "rotation": 180, "texture": "#texture"}, "down": {"uv": [2, 2, 4, 4.25], "rotation": 180, "texture": "#texture"} } }, { "name": "Element", "from": [7.625, 4.875, 7.25], "to": [7.875, 5.125, 8.75], "rotation": {"angle": 0, "axis": "y", "origin": [8, 6, 8]}, "faces": { "north": {"uv": [2.25, 1.75, 4.75, 4], "texture": "#texture"}, "east": {"uv": [2.5, 2, 5, 4.25], "texture": "#texture"}, "south": {"uv": [1.75, 1.75, 4, 4.25], "texture": "#texture"}, "west": {"uv": [2.25, 1.5, 4.75, 3.5], "texture": "#texture"}, "up": {"uv": [2.5, 1.75, 4.25, 4.25], "rotation": 180, "texture": "#texture"}, "down": {"uv": [2, 2, 4, 4.25], "rotation": 180, "texture": "#texture"} } }, { "name": "Element", "from": [9.2725, 4.875, 8.3975], "to": [9.625, 5.125, 8.75], "rotation": {"angle": 45, "axis": "y", "origin": [9.625, 4.875, 8.75]}, "faces": { "north": {"uv": [2.25, 1.75, 4.75, 4], "texture": "#texture"}, "east": {"uv": [2.5, 2, 5, 4.25], "texture": "#texture"}, "south": {"uv": [1.75, 1.75, 4, 4.25], "texture": "#texture"}, "west": {"uv": [2.25, 1.5, 4.75, 3.5], "texture": "#texture"}, "up": {"uv": [2.5, 1.75, 4.25, 4.25], "rotation": 180, "texture": "#texture"}, "down": {"uv": [2, 2, 4, 4.25], "rotation": 180, "texture": "#texture"} } }, { "name": "Element", "from": [7.5225, 4.875, 7.1475], "to": [7.875, 5.125, 7.5], "rotation": {"angle": -45, "axis": "y", "origin": [7.875, 4.875, 7.5]}, "faces": { "north": {"uv": [2.25, 1.75, 4.75, 4], "texture": "#texture"}, "east": {"uv": [2.5, 2, 5, 4.25], "texture": "#texture"}, "south": {"uv": [1.75, 1.75, 4, 4.25], "texture": "#texture"}, "west": {"uv": [2.25, 1.5, 4.75, 3.5], "texture": "#texture"}, "up": {"uv": [2.5, 1.75, 4.25, 4.25], "rotation": 180, "texture": "#texture"}, "down": {"uv": [2, 2, 4, 4.25], "rotation": 180, "texture": "#texture"} } }, { "name": "Element", "from": [9.2725, 4.875, 6.8975], "to": [9.625, 5.125, 7.25], "rotation": {"angle": 45, "axis": "y", "origin": [9.625, 4.875, 7.25]}, "faces": { "north": {"uv": [2.25, 1.75, 4.75, 4], "texture": "#texture"}, "east": {"uv": [2.5, 2, 5, 4.25], "texture": "#texture"}, "south": {"uv": [1.75, 1.75, 4, 4.25], "texture": "#texture"}, "west": {"uv": [2.25, 1.5, 4.75, 3.5], "texture": "#texture"}, "up": {"uv": [2.5, 1.75, 4.25, 4.25], "rotation": 180, "texture": "#texture"}, "down": {"uv": [2, 2, 4, 4.25], "rotation": 180, "texture": "#texture"} } }, { "name": "Element", "from": [7.5225, 4.875, 8.6475], "to": [7.875, 5.125, 9], "rotation": {"angle": -45, "axis": "y", "origin": [7.875, 4.875, 9]}, "faces": { "north": {"uv": [2.25, 1.75, 4.75, 4], "texture": "#texture"}, "east": {"uv": [2.5, 2, 5, 4.25], "texture": "#texture"}, "south": {"uv": [1.75, 1.75, 4, 4.25], "texture": "#texture"}, "west": {"uv": [2.25, 1.5, 4.75, 3.5], "texture": "#texture"}, "up": {"uv": [2.5, 1.75, 4.25, 4.25], "rotation": 180, "texture": "#texture"}, "down": {"uv": [2, 2, 4, 4.25], "rotation": 180, "texture": "#texture"} } }, { "name": "Element", "from": [8.5, 4.875, 8.3975], "to": [8.75, 5.125, 8.75], "rotation": {"angle": -45, "axis": "x", "origin": [8.75, 5.125, 8.75]}, "faces": { "north": {"uv": [2.25, 1.75, 4.75, 4], "texture": "#texture"}, "east": {"uv": [2.5, 2, 5, 4.25], "texture": "#texture"}, "south": {"uv": [1.75, 1.75, 4, 4.25], "texture": "#texture"}, "west": {"uv": [2.25, 1.5, 4.75, 3.5], "texture": "#texture"}, "up": {"uv": [2.5, 1.75, 4.25, 4.25], "rotation": 180, "texture": "#texture"}, "down": {"uv": [2, 2, 4, 4.25], "rotation": 180, "texture": "#texture"} } }, { "name": "Element", "from": [8.5, 4.625, 7.1475], "to": [8.75, 4.875, 7.5], "rotation": {"angle": 45, "axis": "x", "origin": [8.75, 4.875, 7.5]}, "faces": { "north": {"uv": [2.25, 1.75, 4.75, 4], "texture": "#texture"}, "east": {"uv": [2.5, 2, 5, 4.25], "texture": "#texture"}, "south": {"uv": [1.75, 1.75, 4, 4.25], "texture": "#texture"}, "west": {"uv": [2.25, 1.5, 4.75, 3.5], "texture": "#texture"}, "up": {"uv": [2.5, 1.75, 4.25, 4.25], "rotation": 180, "texture": "#texture"}, "down": {"uv": [2, 2, 4, 4.25], "rotation": 180, "texture": "#texture"} } }, { "name": "Element", "from": [6.25, 3.625, 6.625], "to": [6.625, 4.5, 9.375], "rotation": {"angle": 0, "axis": "y", "origin": [8, 6, 8]}, "faces": { "north": {"uv": [7, 7, 9.5, 9.25], "texture": "#texture"}, "east": {"uv": [7, 6.75, 9.5, 9], "texture": "#texture"}, "south": {"uv": [7.25, 7, 9.5, 9.5], "texture": "#texture"}, "west": {"uv": [6.75, 7.25, 9.25, 9.25], "texture": "#texture"}, "up": {"uv": [7.25, 6.75, 9, 9.25], "rotation": 180, "texture": "#texture"}, "down": {"uv": [7, 6.75, 9, 9], "rotation": 180, "texture": "#texture"} } }, { "name": "Element", "from": [6, 3.875, 6.625], "to": [6.875, 4.25, 9.375], "rotation": {"angle": 0, "axis": "y", "origin": [8, 6, 8]}, "faces": { "north": {"uv": [7, 7, 9.5, 9.25], "texture": "#texture"}, "east": {"uv": [7, 6.75, 9.5, 9], "texture": "#texture"}, "south": {"uv": [7.25, 7, 9.5, 9.5], "texture": "#texture"}, "west": {"uv": [6.75, 7.25, 9.25, 9.25], "texture": "#texture"}, "up": {"uv": [7.25, 6.75, 9, 9.25], "rotation": 180, "texture": "#texture"}, "down": {"uv": [7, 6.75, 9, 9], "rotation": 180, "texture": "#texture"} } }, { "name": "Element", "from": [6.5225, 3.8975, 6.625], "to": [6.875, 4.25, 9.375], "rotation": {"angle": -45, "axis": "z", "origin": [6.875, 4.25, 9.375]}, "faces": { "north": {"uv": [7, 7, 9.5, 9.25], "texture": "#texture"}, "east": {"uv": [7, 6.75, 9.5, 9], "texture": "#texture"}, "south": {"uv": [7.25, 7, 9.5, 9.5], "texture": "#texture"}, "west": {"uv": [6.75, 7.25, 9.25, 9.25], "texture": "#texture"}, "up": {"uv": [7.25, 6.75, 9, 9.25], "rotation": 180, "texture": "#texture"}, "down": {"uv": [7, 6.75, 9, 9], "rotation": 180, "texture": "#texture"} } }, { "name": "Element", "from": [5.8975, 4.1475, 6.625], "to": [6.25, 4.5, 9.375], "rotation": {"angle": 45, "axis": "z", "origin": [6.25, 4.5, 9.375]}, "faces": { "north": {"uv": [7, 7, 9.5, 9.25], "texture": "#texture"}, "east": {"uv": [7, 6.75, 9.5, 9], "texture": "#texture"}, "south": {"uv": [7.25, 7, 9.5, 9.5], "texture": "#texture"}, "west": {"uv": [6.75, 7.25, 9.25, 9.25], "texture": "#texture"}, "up": {"uv": [7.25, 6.75, 9, 9.25], "rotation": 180, "texture": "#texture"}, "down": {"uv": [7, 6.75, 9, 9], "rotation": 180, "texture": "#texture"} } }, { "name": "Element", "from": [6.5225, 3.5225, 6.625], "to": [6.875, 3.875, 9.375], "rotation": {"angle": -45, "axis": "z", "origin": [6.875, 3.875, 9.375]}, "faces": { "north": {"uv": [7, 7, 9.5, 9.25], "texture": "#texture"}, "east": {"uv": [7, 6.75, 9.5, 9], "texture": "#texture"}, "south": {"uv": [7.25, 7, 9.5, 9.5], "texture": "#texture"}, "west": {"uv": [6.75, 7.25, 9.25, 9.25], "texture": "#texture"}, "up": {"uv": [7.25, 6.75, 9, 9.25], "rotation": 180, "texture": "#texture"}, "down": {"uv": [7, 6.75, 9, 9], "rotation": 180, "texture": "#texture"} } }, { "name": "Element", "from": [5.8975, 3.7725, 6.625], "to": [6.25, 4.125, 9.375], "rotation": {"angle": 45, "axis": "z", "origin": [6.25, 4.125, 9.375]}, "faces": { "north": {"uv": [7, 7, 9.5, 9.25], "texture": "#texture"}, "east": {"uv": [7, 6.75, 9.5, 9], "texture": "#texture"}, "south": {"uv": [7.25, 7, 9.5, 9.5], "texture": "#texture"}, "west": {"uv": [6.75, 7.25, 9.25, 9.25], "texture": "#texture"}, "up": {"uv": [7.25, 6.75, 9, 9.25], "rotation": 180, "texture": "#texture"}, "down": {"uv": [7, 6.75, 9, 9], "rotation": 180, "texture": "#texture"} } }, { "name": "screw", "from": [6.625, 2.75, 6.5], "to": [7.375, 3, 6.75], "rotation": {"angle": 0, "axis": "y", "origin": [8, 6, 8]}, "faces": { "north": {"uv": [7, 7, 9.5, 9.25], "texture": "#texture"}, "east": {"uv": [7, 6.75, 9.5, 9], "texture": "#texture"}, "south": {"uv": [7.25, 7, 9.5, 9.5], "texture": "#texture"}, "west": {"uv": [6.75, 7.25, 9.25, 9.25], "texture": "#texture"}, "up": {"uv": [7.25, 6.75, 9, 9.25], "rotation": 180, "texture": "#texture"}, "down": {"uv": [7, 6.75, 9, 9], "rotation": 180, "texture": "#texture"} } }, { "name": "screw", "from": [6.875, 2.5, 6.5], "to": [7.125, 3.25, 6.75], "rotation": {"angle": 0, "axis": "y", "origin": [8, 6, 8]}, "faces": { "north": {"uv": [7, 7, 9.5, 9.25], "texture": "#texture"}, "east": {"uv": [7, 6.75, 9.5, 9], "texture": "#texture"}, "south": {"uv": [7.25, 7, 9.5, 9.5], "texture": "#texture"}, "west": {"uv": [6.75, 7.25, 9.25, 9.25], "texture": "#texture"}, "up": {"uv": [7.25, 6.75, 9, 9.25], "rotation": 180, "texture": "#texture"}, "down": {"uv": [7, 6.75, 9, 9], "rotation": 180, "texture": "#texture"} } }, { "name": "screw", "from": [6.5225, 2.6475, 6.5], "to": [6.875, 3, 6.75], "rotation": {"angle": 45, "axis": "z", "origin": [6.875, 3, 6.75]}, "faces": { "north": {"uv": [7, 7, 9.5, 9.25], "texture": "#texture"}, "east": {"uv": [7, 6.75, 9.5, 9], "texture": "#texture"}, "south": {"uv": [7.25, 7, 9.5, 9.5], "texture": "#texture"}, "west": {"uv": [6.75, 7.25, 9.25, 9.25], "texture": "#texture"}, "up": {"uv": [7.25, 6.75, 9, 9.25], "rotation": 180, "texture": "#texture"}, "down": {"uv": [7, 6.75, 9, 9], "rotation": 180, "texture": "#texture"} } }, { "name": "screw", "from": [7.0225, 2.3975, 6.5], "to": [7.375, 2.75, 6.75], "rotation": {"angle": -45, "axis": "z", "origin": [7.375, 2.75, 6.75]}, "faces": { "north": {"uv": [7, 7, 9.5, 9.25], "texture": "#texture"}, "east": {"uv": [7, 6.75, 9.5, 9], "texture": "#texture"}, "south": {"uv": [7.25, 7, 9.5, 9.5], "texture": "#texture"}, "west": {"uv": [6.75, 7.25, 9.25, 9.25], "texture": "#texture"}, "up": {"uv": [7.25, 6.75, 9, 9.25], "rotation": 180, "texture": "#texture"}, "down": {"uv": [7, 6.75, 9, 9], "rotation": 180, "texture": "#texture"} } }, { "name": "screw", "from": [7.0225, 2.6475, 6.5], "to": [7.375, 3, 6.75], "rotation": {"angle": -45, "axis": "z", "origin": [7.375, 3, 6.75]}, "faces": { "north": {"uv": [7, 7, 9.5, 9.25], "texture": "#texture"}, "east": {"uv": [7, 6.75, 9.5, 9], "texture": "#texture"}, "south": {"uv": [7.25, 7, 9.5, 9.5], "texture": "#texture"}, "west": {"uv": [6.75, 7.25, 9.25, 9.25], "texture": "#texture"}, "up": {"uv": [7.25, 6.75, 9, 9.25], "rotation": 180, "texture": "#texture"}, "down": {"uv": [7, 6.75, 9, 9], "rotation": 180, "texture": "#texture"} } }, { "name": "screw", "from": [6.5225, 2.8975, 6.5], "to": [6.875, 3.25, 6.75], "rotation": {"angle": 45, "axis": "z", "origin": [6.875, 3.25, 6.75]}, "faces": { "north": {"uv": [7, 7, 9.5, 9.25], "texture": "#texture"}, "east": {"uv": [7, 6.75, 9.5, 9], "texture": "#texture"}, "south": {"uv": [7.25, 7, 9.5, 9.5], "texture": "#texture"}, "west": {"uv": [6.75, 7.25, 9.25, 9.25], "texture": "#texture"}, "up": {"uv": [7.25, 6.75, 9, 9.25], "rotation": 180, "texture": "#texture"}, "down": {"uv": [7, 6.75, 9, 9], "rotation": 180, "texture": "#texture"} } }, { "name": "screw*", "from": [10.125, 2.75, 9.25], "to": [10.875, 3, 9.5], "rotation": {"angle": 0, "axis": "y", "origin": [8, 6, 8]}, "faces": { "north": {"uv": [7, 7, 9.5, 9.25], "texture": "#texture"}, "east": {"uv": [7, 6.75, 9.5, 9], "texture": "#texture"}, "south": {"uv": [7.25, 7, 9.5, 9.5], "texture": "#texture"}, "west": {"uv": [6.75, 7.25, 9.25, 9.25], "texture": "#texture"}, "up": {"uv": [7.25, 6.75, 9, 9.25], "rotation": 180, "texture": "#texture"}, "down": {"uv": [7, 6.75, 9, 9], "rotation": 180, "texture": "#texture"} } }, { "name": "screw*", "from": [10.375, 2.5, 9.25], "to": [10.625, 3.25, 9.5], "rotation": {"angle": 0, "axis": "y", "origin": [8, 6, 8]}, "faces": { "north": {"uv": [7, 7, 9.5, 9.25], "texture": "#texture"}, "east": {"uv": [7, 6.75, 9.5, 9], "texture": "#texture"}, "south": {"uv": [7.25, 7, 9.5, 9.5], "texture": "#texture"}, "west": {"uv": [6.75, 7.25, 9.25, 9.25], "texture": "#texture"}, "up": {"uv": [7.25, 6.75, 9, 9.25], "rotation": 180, "texture": "#texture"}, "down": {"uv": [7, 6.75, 9, 9], "rotation": 180, "texture": "#texture"} } }, { "name": "screw*", "from": [10.0225, 2.6475, 9.25], "to": [10.375, 3, 9.5], "rotation": {"angle": 45, "axis": "z", "origin": [10.375, 3, 9.5]}, "faces": { "north": {"uv": [7, 7, 9.5, 9.25], "texture": "#texture"}, "east": {"uv": [7, 6.75, 9.5, 9], "texture": "#texture"}, "south": {"uv": [7.25, 7, 9.5, 9.5], "texture": "#texture"}, "west": {"uv": [6.75, 7.25, 9.25, 9.25], "texture": "#texture"}, "up": {"uv": [7.25, 6.75, 9, 9.25], "rotation": 180, "texture": "#texture"}, "down": {"uv": [7, 6.75, 9, 9], "rotation": 180, "texture": "#texture"} } }, { "name": "screw*", "from": [10.5225, 2.3975, 9.25], "to": [10.875, 2.75, 9.5], "rotation": {"angle": -45, "axis": "z", "origin": [10.875, 2.75, 9.5]}, "faces": { "north": {"uv": [7, 7, 9.5, 9.25], "texture": "#texture"}, "east": {"uv": [7, 6.75, 9.5, 9], "texture": "#texture"}, "south": {"uv": [7.25, 7, 9.5, 9.5], "texture": "#texture"}, "west": {"uv": [6.75, 7.25, 9.25, 9.25], "texture": "#texture"}, "up": {"uv": [7.25, 6.75, 9, 9.25], "rotation": 180, "texture": "#texture"}, "down": {"uv": [7, 6.75, 9, 9], "rotation": 180, "texture": "#texture"} } }, { "name": "screw*", "from": [10.5225, 2.6475, 9.25], "to": [10.875, 3, 9.5], "rotation": {"angle": -45, "axis": "z", "origin": [10.875, 3, 9.5]}, "faces": { "north": {"uv": [7, 7, 9.5, 9.25], "texture": "#texture"}, "east": {"uv": [7, 6.75, 9.5, 9], "texture": "#texture"}, "south": {"uv": [7.25, 7, 9.5, 9.5], "texture": "#texture"}, "west": {"uv": [6.75, 7.25, 9.25, 9.25], "texture": "#texture"}, "up": {"uv": [7.25, 6.75, 9, 9.25], "rotation": 180, "texture": "#texture"}, "down": {"uv": [7, 6.75, 9, 9], "rotation": 180, "texture": "#texture"} } }, { "name": "screw*", "from": [10.0225, 2.8975, 9.25], "to": [10.375, 3.25, 9.5], "rotation": {"angle": 45, "axis": "z", "origin": [10.375, 3.25, 9.5]}, "faces": { "north": {"uv": [7, 7, 9.5, 9.25], "texture": "#texture"}, "east": {"uv": [7, 6.75, 9.5, 9], "texture": "#texture"}, "south": {"uv": [7.25, 7, 9.5, 9.5], "texture": "#texture"}, "west": {"uv": [6.75, 7.25, 9.25, 9.25], "texture": "#texture"}, "up": {"uv": [7.25, 6.75, 9, 9.25], "rotation": 180, "texture": "#texture"}, "down": {"uv": [7, 6.75, 9, 9], "rotation": 180, "texture": "#texture"} } }, { "name": "screw*", "from": [6.625, 2.75, 9.25], "to": [7.375, 3, 9.5], "rotation": {"angle": 0, "axis": "y", "origin": [8, 6, 8]}, "faces": { "north": {"uv": [7, 7, 9.5, 9.25], "texture": "#texture"}, "east": {"uv": [7, 6.75, 9.5, 9], "texture": "#texture"}, "south": {"uv": [7.25, 7, 9.5, 9.5], "texture": "#texture"}, "west": {"uv": [6.75, 7.25, 9.25, 9.25], "texture": "#texture"}, "up": {"uv": [7.25, 6.75, 9, 9.25], "rotation": 180, "texture": "#texture"}, "down": {"uv": [7, 6.75, 9, 9], "rotation": 180, "texture": "#texture"} } }, { "name": "screw*", "from": [6.875, 2.5, 9.25], "to": [7.125, 3.25, 9.5], "rotation": {"angle": 0, "axis": "y", "origin": [8, 6, 8]}, "faces": { "north": {"uv": [7, 7, 9.5, 9.25], "texture": "#texture"}, "east": {"uv": [7, 6.75, 9.5, 9], "texture": "#texture"}, "south": {"uv": [7.25, 7, 9.5, 9.5], "texture": "#texture"}, "west": {"uv": [6.75, 7.25, 9.25, 9.25], "texture": "#texture"}, "up": {"uv": [7.25, 6.75, 9, 9.25], "rotation": 180, "texture": "#texture"}, "down": {"uv": [7, 6.75, 9, 9], "rotation": 180, "texture": "#texture"} } }, { "name": "screw*", "from": [6.5225, 2.6475, 9.25], "to": [6.875, 3, 9.5], "rotation": {"angle": 45, "axis": "z", "origin": [6.875, 3, 9.5]}, "faces": { "north": {"uv": [7, 7, 9.5, 9.25], "texture": "#texture"}, "east": {"uv": [7, 6.75, 9.5, 9], "texture": "#texture"}, "south": {"uv": [7.25, 7, 9.5, 9.5], "texture": "#texture"}, "west": {"uv": [6.75, 7.25, 9.25, 9.25], "texture": "#texture"}, "up": {"uv": [7.25, 6.75, 9, 9.25], "rotation": 180, "texture": "#texture"}, "down": {"uv": [7, 6.75, 9, 9], "rotation": 180, "texture": "#texture"} } }, { "name": "screw*", "from": [7.0225, 2.3975, 9.25], "to": [7.375, 2.75, 9.5], "rotation": {"angle": -45, "axis": "z", "origin": [7.375, 2.75, 9.5]}, "faces": { "north": {"uv": [7, 7, 9.5, 9.25], "texture": "#texture"}, "east": {"uv": [7, 6.75, 9.5, 9], "texture": "#texture"}, "south": {"uv": [7.25, 7, 9.5, 9.5], "texture": "#texture"}, "west": {"uv": [6.75, 7.25, 9.25, 9.25], "texture": "#texture"}, "up": {"uv": [7.25, 6.75, 9, 9.25], "rotation": 180, "texture": "#texture"}, "down": {"uv": [7, 6.75, 9, 9], "rotation": 180, "texture": "#texture"} } }, { "name": "screw*", "from": [7.0225, 2.6475, 9.25], "to": [7.375, 3, 9.5], "rotation": {"angle": -45, "axis": "z", "origin": [7.375, 3, 9.5]}, "faces": { "north": {"uv": [7, 7, 9.5, 9.25], "texture": "#texture"}, "east": {"uv": [7, 6.75, 9.5, 9], "texture": "#texture"}, "south": {"uv": [7.25, 7, 9.5, 9.5], "texture": "#texture"}, "west": {"uv": [6.75, 7.25, 9.25, 9.25], "texture": "#texture"}, "up": {"uv": [7.25, 6.75, 9, 9.25], "rotation": 180, "texture": "#texture"}, "down": {"uv": [7, 6.75, 9, 9], "rotation": 180, "texture": "#texture"} } }, { "name": "screw*", "from": [6.5225, 2.8975, 9.25], "to": [6.875, 3.25, 9.5], "rotation": {"angle": 45, "axis": "z", "origin": [6.875, 3.25, 9.5]}, "faces": { "north": {"uv": [7, 7, 9.5, 9.25], "texture": "#texture"}, "east": {"uv": [7, 6.75, 9.5, 9], "texture": "#texture"}, "south": {"uv": [7.25, 7, 9.5, 9.5], "texture": "#texture"}, "west": {"uv": [6.75, 7.25, 9.25, 9.25], "texture": "#texture"}, "up": {"uv": [7.25, 6.75, 9, 9.25], "rotation": 180, "texture": "#texture"}, "down": {"uv": [7, 6.75, 9, 9], "rotation": 180, "texture": "#texture"} } }, { "name": "screw*", "from": [10.125, 2.75, 6.5], "to": [10.875, 3, 6.75], "rotation": {"angle": 0, "axis": "y", "origin": [8, 6, 8]}, "faces": { "north": {"uv": [7, 7, 9.5, 9.25], "texture": "#texture"}, "east": {"uv": [7, 6.75, 9.5, 9], "texture": "#texture"}, "south": {"uv": [7.25, 7, 9.5, 9.5], "texture": "#texture"}, "west": {"uv": [6.75, 7.25, 9.25, 9.25], "texture": "#texture"}, "up": {"uv": [7.25, 6.75, 9, 9.25], "rotation": 180, "texture": "#texture"}, "down": {"uv": [7, 6.75, 9, 9], "rotation": 180, "texture": "#texture"} } }, { "name": "screw*", "from": [10.375, 2.5, 6.5], "to": [10.625, 3.25, 6.75], "rotation": {"angle": 0, "axis": "y", "origin": [8, 6, 8]}, "faces": { "north": {"uv": [7, 7, 9.5, 9.25], "texture": "#texture"}, "east": {"uv": [7, 6.75, 9.5, 9], "texture": "#texture"}, "south": {"uv": [7.25, 7, 9.5, 9.5], "texture": "#texture"}, "west": {"uv": [6.75, 7.25, 9.25, 9.25], "texture": "#texture"}, "up": {"uv": [7.25, 6.75, 9, 9.25], "rotation": 180, "texture": "#texture"}, "down": {"uv": [7, 6.75, 9, 9], "rotation": 180, "texture": "#texture"} } }, { "name": "screw*", "from": [10.0225, 2.6475, 6.5], "to": [10.375, 3, 6.75], "rotation": {"angle": 45, "axis": "z", "origin": [10.375, 3, 6.75]}, "faces": { "north": {"uv": [7, 7, 9.5, 9.25], "texture": "#texture"}, "east": {"uv": [7, 6.75, 9.5, 9], "texture": "#texture"}, "south": {"uv": [7.25, 7, 9.5, 9.5], "texture": "#texture"}, "west": {"uv": [6.75, 7.25, 9.25, 9.25], "texture": "#texture"}, "up": {"uv": [7.25, 6.75, 9, 9.25], "rotation": 180, "texture": "#texture"}, "down": {"uv": [7, 6.75, 9, 9], "rotation": 180, "texture": "#texture"} } }, { "name": "screw*", "from": [10.5225, 2.3975, 6.5], "to": [10.875, 2.75, 6.75], "rotation": {"angle": -45, "axis": "z", "origin": [10.875, 2.75, 6.75]}, "faces": { "north": {"uv": [7, 7, 9.5, 9.25], "texture": "#texture"}, "east": {"uv": [7, 6.75, 9.5, 9], "texture": "#texture"}, "south": {"uv": [7.25, 7, 9.5, 9.5], "texture": "#texture"}, "west": {"uv": [6.75, 7.25, 9.25, 9.25], "texture": "#texture"}, "up": {"uv": [7.25, 6.75, 9, 9.25], "rotation": 180, "texture": "#texture"}, "down": {"uv": [7, 6.75, 9, 9], "rotation": 180, "texture": "#texture"} } }, { "name": "screw*", "from": [10.5225, 2.6475, 6.5], "to": [10.875, 3, 6.75], "rotation": {"angle": -45, "axis": "z", "origin": [10.875, 3, 6.75]}, "faces": { "north": {"uv": [7, 7, 9.5, 9.25], "texture": "#texture"}, "east": {"uv": [7, 6.75, 9.5, 9], "texture": "#texture"}, "south": {"uv": [7.25, 7, 9.5, 9.5], "texture": "#texture"}, "west": {"uv": [6.75, 7.25, 9.25, 9.25], "texture": "#texture"}, "up": {"uv": [7.25, 6.75, 9, 9.25], "rotation": 180, "texture": "#texture"}, "down": {"uv": [7, 6.75, 9, 9], "rotation": 180, "texture": "#texture"} } }, { "name": "screw*", "from": [10.0225, 2.8975, 6.5], "to": [10.375, 3.25, 6.75], "rotation": {"angle": 45, "axis": "z", "origin": [10.375, 3.25, 6.75]}, "faces": { "north": {"uv": [7, 7, 9.5, 9.25], "texture": "#texture"}, "east": {"uv": [7, 6.75, 9.5, 9], "texture": "#texture"}, "south": {"uv": [7.25, 7, 9.5, 9.5], "texture": "#texture"}, "west": {"uv": [6.75, 7.25, 9.25, 9.25], "texture": "#texture"}, "up": {"uv": [7.25, 6.75, 9, 9.25], "rotation": 180, "texture": "#texture"}, "down": {"uv": [7, 6.75, 9, 9], "rotation": 180, "texture": "#texture"} } }, { "name": "Element", "from": [5.625, 3.625, 7.5], "to": [7.25, 4.375, 8.5], "rotation": {"angle": -22.5, "axis": "z", "origin": [7.25, 4.375, 8.5]}, "faces": { "north": {"uv": [1.5, 2, 4.5, 4.5], "texture": "#texture"}, "east": {"uv": [1, 1.5, 4, 4], "texture": "#texture"}, "south": {"uv": [1, 1.5, 4, 4.5], "texture": "#texture"}, "west": {"uv": [1.5, 2, 4.5, 4], "texture": "#texture"}, "up": {"uv": [2.5, 1.5, 5, 4.5], "rotation": 180, "texture": "#texture"}, "down": {"uv": [1, 1, 4.5, 3.5], "rotation": 180, "texture": "#texture"} } } ], "display": { "thirdperson_righthand": { "rotation": [0, -45, -20], "translation": [0, 3.75, 1], "scale": [0.77734, 0.59375, 0.57813] }, "thirdperson_lefthand": { "rotation": [0, 135, 20], "translation": [0, 1, 1], "scale": [0.25, 0.25, 0.25] }, "firstperson_righthand": { "rotation": [0, -70, 15], "translation": [3, 0, -4], "scale": [0.4, 0.4, 0.4] }, "firstperson_lefthand": { "rotation": [0, 110, -15], "translation": [3, 0, -4], "scale": [0.4, 0.4, 0.4] }, "ground": { "translation": [0, 1.25, 0], "scale": [0.83984, 0.75195, 0.82617] }, "gui": { "rotation": [30, 45, 0], "translation": [0, 2.5, 0], "scale": [1.27305, 1.02109, 1.03672] }, "head": { "scale": [0.0001, 0.0001, 0.0001] }, "fixed": { "rotation": [0, 180, 0], "translation": [0, 0, -2.75], "scale": [1.39102, 0.76211, 0.96914] } } }