{ "credit": "Made with Blockbench", "textures": { "1": "guns/glasspanetexture", "particle": "guns/glasspanetexture", "texture": "guns/nulls_light_gray" }, "elements": [ { "name": "scope", "from": [3.75, 5.75, 7.25], "to": [10.5, 6.75, 7.5], "faces": { "north": {"uv": [1, 5, 3, 6.5], "texture": "#texture"}, "east": {"uv": [1, 5.5, 2.75, 7], "texture": "#texture"}, "south": {"uv": [1, 5.25, 2.5, 6.75], "texture": "#texture"}, "west": {"uv": [1.5, 5.25, 3, 6.25], "texture": "#texture"}, "up": {"uv": [1, 5.25, 3, 6.75], "texture": "#texture"}, "down": {"uv": [0.75, 5, 2.75, 6.75], "texture": "#texture"} } }, { "name": "scope", "from": [3.75, 5.75, 8.5], "to": [10.5, 6.75, 8.75], "faces": { "north": {"uv": [1, 5, 3, 6.5], "texture": "#texture"}, "east": {"uv": [1, 5.5, 2.75, 7], "texture": "#texture"}, "south": {"uv": [1, 5.25, 2.5, 6.75], "texture": "#texture"}, "west": {"uv": [1.5, 5.25, 3, 6.25], "texture": "#texture"}, "up": {"uv": [1, 5.25, 3, 6.75], "texture": "#texture"}, "down": {"uv": [0.75, 5, 2.75, 6.75], "texture": "#texture"} } }, { "name": "scope", "from": [3.75, 6.75, 7.5], "to": [10.5, 7, 8.5], "faces": { "north": {"uv": [1, 5, 3, 6.5], "texture": "#texture"}, "east": {"uv": [1, 5.5, 2.75, 7], "texture": "#texture"}, "south": {"uv": [1, 5.25, 2.5, 6.75], "texture": "#texture"}, "west": {"uv": [1.5, 5.25, 3, 6.25], "texture": "#texture"}, "up": {"uv": [1, 5.25, 3, 6.75], "texture": "#texture"}, "down": {"uv": [0.75, 5, 2.75, 6.75], "texture": "#texture"} } }, { "name": "scope", "from": [3.75, 5.5, 7.5], "to": [10.5, 5.75, 8.5], "faces": { "north": {"uv": [1, 5, 3, 6.5], "texture": "#texture"}, "east": {"uv": [1, 5.5, 2.75, 7], "texture": "#texture"}, "south": {"uv": [1, 5.25, 2.5, 6.75], "texture": "#texture"}, "west": {"uv": [1.5, 5.25, 3, 6.25], "texture": "#texture"}, "up": {"uv": [1, 5.25, 3, 6.75], "texture": "#texture"}, "down": {"uv": [0.75, 5, 2.75, 6.75], "texture": "#texture"} } }, { "name": "scope", "from": [3.75, 7.42013, 4.77513], "to": [12.75, 7.77513, 5.13013], "rotation": {"angle": -45, "axis": "x", "origin": [3.75, 10.25, 7.25]}, "faces": { "north": {"uv": [1, 5, 3, 6.5], "texture": "#texture"}, "east": {"uv": [1, 5.5, 2.75, 7], "texture": "#texture"}, "south": {"uv": [1, 5.25, 2.5, 6.75], "texture": "#texture"}, "west": {"uv": [1.5, 5.25, 3, 6.25], "texture": "#texture"}, "up": {"uv": [1, 5.25, 3, 6.75], "texture": "#texture"}, "down": {"uv": [0.75, 5, 2.75, 6.75], "texture": "#texture"} } }, { "name": "scope", "from": [3.75, 7.67013, 10.97487], "to": [12.75, 8.02513, 11.32987], "rotation": {"angle": 45, "axis": "x", "origin": [3.75, 10.5, 8.5]}, "faces": { "north": {"uv": [1, 5, 3, 6.5], "texture": "#texture"}, "east": {"uv": [1, 5.5, 2.75, 7], "texture": "#texture"}, "south": {"uv": [1, 5.25, 2.5, 6.75], "texture": "#texture"}, "west": {"uv": [1.5, 5.25, 3, 6.25], "texture": "#texture"}, "up": {"uv": [1, 5.25, 3, 6.75], "texture": "#texture"}, "down": {"uv": [0.75, 5, 2.75, 6.75], "texture": "#texture"} } }, { "name": "scope", "from": [10.5, 5.75, 7], "to": [12.75, 6.75, 7.5], "faces": { "north": {"uv": [1, 5, 3, 6.5], "texture": "#texture"}, "east": {"uv": [1, 5.5, 2.75, 7], "texture": "#texture"}, "south": {"uv": [1, 5.25, 2.5, 6.75], "texture": "#texture"}, "west": {"uv": [1.5, 5.25, 3, 6.25], "texture": "#texture"}, "up": {"uv": [1, 5.25, 3, 6.75], "texture": "#texture"}, "down": {"uv": [0.75, 5, 2.75, 6.75], "texture": "#texture"} } }, { "name": "scope", "from": [10.5, 5.75, 8.5], "to": [12.75, 6.75, 9], "faces": { "north": {"uv": [1, 5, 3, 6.5], "texture": "#texture"}, "east": {"uv": [1, 5.5, 2.75, 7], "texture": "#texture"}, "south": {"uv": [1, 5.25, 2.5, 6.75], "texture": "#texture"}, "west": {"uv": [1.5, 5.25, 3, 6.25], "texture": "#texture"}, "up": {"uv": [1, 5.25, 3, 6.75], "texture": "#texture"}, "down": {"uv": [0.75, 5, 2.75, 6.75], "texture": "#texture"} } }, { "name": "scope", "from": [10.5, 6.75, 7.5], "to": [12.75, 7.25, 8.5], "faces": { "north": {"uv": [1, 5, 3, 6.5], "texture": "#texture"}, "east": {"uv": [1, 5.5, 2.75, 7], "texture": "#texture"}, "south": {"uv": [1, 5.25, 2.5, 6.75], "texture": "#texture"}, "west": {"uv": [1.5, 5.25, 3, 6.25], "texture": "#texture"}, "up": {"uv": [1, 5.25, 3, 6.75], "texture": "#texture"}, "down": {"uv": [0.75, 5, 2.75, 6.75], "texture": "#texture"} } }, { "name": "scope", "from": [10.5, 5.25, 7.5], "to": [12.75, 5.75, 8.5], "faces": { "north": {"uv": [1, 5, 3, 6.5], "texture": "#texture"}, "east": {"uv": [1, 5.5, 2.75, 7], "texture": "#texture"}, "south": {"uv": [1, 5.25, 2.5, 6.75], "texture": "#texture"}, "west": {"uv": [1.5, 5.25, 3, 6.25], "texture": "#texture"}, "up": {"uv": [1, 5.25, 3, 6.75], "texture": "#texture"}, "down": {"uv": [0.75, 5, 2.75, 6.75], "texture": "#texture"} } }, { "name": "scope", "from": [10.5, 6.17013, 5.77513], "to": [12.75, 6.52513, 6.48013], "rotation": {"angle": -45, "axis": "x", "origin": [10.5, 9, 8.25]}, "faces": { "north": {"uv": [1, 5, 3, 6.5], "texture": "#texture"}, "east": {"uv": [1, 5.5, 2.75, 7], "texture": "#texture"}, "south": {"uv": [1, 5.25, 2.5, 6.75], "texture": "#texture"}, "west": {"uv": [1.5, 5.25, 3, 6.25], "texture": "#texture"}, "up": {"uv": [1, 5.25, 3, 6.75], "texture": "#texture"}, "down": {"uv": [0.75, 5, 2.75, 6.75], "texture": "#texture"} } }, { "name": "scope", "from": [10.5, 6.67013, 9.72487], "to": [12.75, 7.02513, 10.42987], "rotation": {"angle": 45, "axis": "x", "origin": [10.5, 9.5, 7.25]}, "faces": { "north": {"uv": [1, 5, 3, 6.5], "texture": "#texture"}, "east": {"uv": [1, 5.5, 2.75, 7], "texture": "#texture"}, "south": {"uv": [1, 5.25, 2.5, 6.75], "texture": "#texture"}, "west": {"uv": [1.5, 5.25, 3, 6.25], "texture": "#texture"}, "up": {"uv": [1, 5.25, 3, 6.75], "texture": "#texture"}, "down": {"uv": [0.75, 5, 2.75, 6.75], "texture": "#texture"} } }, { "name": "scope", "from": [10.5, 7.42013, 4.52513], "to": [12.75, 7.77513, 5.23013], "rotation": {"angle": -45, "axis": "x", "origin": [10.5, 10.25, 7]}, "faces": { "north": {"uv": [1, 5, 3, 6.5], "texture": "#texture"}, "east": {"uv": [1, 5.5, 2.75, 7], "texture": "#texture"}, "south": {"uv": [1, 5.25, 2.5, 6.75], "texture": "#texture"}, "west": {"uv": [1.5, 5.25, 3, 6.25], "texture": "#texture"}, "up": {"uv": [1, 5.25, 3, 6.75], "texture": "#texture"}, "down": {"uv": [0.75, 5, 2.75, 6.75], "texture": "#texture"} } }, { "name": "scope", "from": [10.5, 7.92013, 10.97487], "to": [12.75, 8.27513, 11.67987], "rotation": {"angle": 45, "axis": "x", "origin": [10.5, 10.75, 8.5]}, "faces": { "north": {"uv": [1, 5, 3, 6.5], "texture": "#texture"}, "east": {"uv": [1, 5.5, 2.75, 7], "texture": "#texture"}, "south": {"uv": [1, 5.25, 2.5, 6.75], "texture": "#texture"}, "west": {"uv": [1.5, 5.25, 3, 6.25], "texture": "#texture"}, "up": {"uv": [1, 5.25, 3, 6.75], "texture": "#texture"}, "down": {"uv": [0.75, 5, 2.75, 6.75], "texture": "#texture"} } }, { "name": "scope", "from": [3.75, 6.67013, 10.97487], "to": [12.75, 7.02513, 11.32987], "rotation": {"angle": 45, "axis": "x", "origin": [3.75, 9.5, 8.5]}, "faces": { "north": {"uv": [1, 5, 3, 6.5], "texture": "#texture"}, "east": {"uv": [1, 5.5, 2.75, 7], "texture": "#texture"}, "south": {"uv": [1, 5.25, 2.5, 6.75], "texture": "#texture"}, "west": {"uv": [1.5, 5.25, 3, 6.25], "texture": "#texture"}, "up": {"uv": [1, 5.25, 3, 6.75], "texture": "#texture"}, "down": {"uv": [0.75, 5, 2.75, 6.75], "texture": "#texture"} } }, { "name": "scope", "from": [3.75, 6.42013, 4.77513], "to": [12.75, 6.77513, 5.13013], "rotation": {"angle": -45, "axis": "x", "origin": [3.75, 9.25, 7.25]}, "faces": { "north": {"uv": [1, 5, 3, 6.5], "texture": "#texture"}, "east": {"uv": [1, 5.5, 2.75, 7], "texture": "#texture"}, "south": {"uv": [1, 5.25, 2.5, 6.75], "texture": "#texture"}, "west": {"uv": [1.5, 5.25, 3, 6.25], "texture": "#texture"}, "up": {"uv": [1, 5.25, 3, 6.75], "texture": "#texture"}, "down": {"uv": [0.75, 5, 2.75, 6.75], "texture": "#texture"} } }, { "name": "scope*", "from": [12.25, 7.25, 7.5], "to": [12.75, 7.75, 8.5], "faces": { "north": {"uv": [1, 5, 3, 6.5], "texture": "#texture"}, "east": {"uv": [1, 5.5, 2.75, 7], "texture": "#texture"}, "south": {"uv": [1, 5.25, 2.5, 6.75], "texture": "#texture"}, "west": {"uv": [1.5, 5.25, 3, 6.25], "texture": "#texture"}, "up": {"uv": [1, 5.25, 3, 6.75], "texture": "#texture"}, "down": {"uv": [0.75, 5, 2.75, 6.75], "texture": "#texture"} } }, { "name": "scope*", "from": [14.72487, 8.02513, 7.5], "to": [15.22487, 8.77513, 8.5], "rotation": {"angle": -45, "axis": "z", "origin": [12.25, 11.25, 7.5]}, "faces": { "north": {"uv": [1, 5, 3, 6.5], "texture": "#texture"}, "east": {"uv": [1, 5.5, 2.75, 7], "texture": "#texture"}, "south": {"uv": [1, 5.25, 2.5, 6.75], "texture": "#texture"}, "west": {"uv": [1.5, 5.25, 3, 6.25], "texture": "#texture"}, "up": {"uv": [1, 5.25, 3, 6.75], "texture": "#texture"}, "down": {"uv": [0.75, 5, 2.75, 6.75], "texture": "#texture"} } }, { "name": "scope*", "from": [3.75, 7, 7.5], "to": [4.25, 7.5, 8.5], "faces": { "north": {"uv": [1, 5, 3, 6.5], "texture": "#texture"}, "east": {"uv": [1, 5.5, 2.75, 7], "texture": "#texture"}, "south": {"uv": [1, 5.25, 2.5, 6.75], "texture": "#texture"}, "west": {"uv": [1.5, 5.25, 3, 6.25], "texture": "#texture"}, "up": {"uv": [1, 5.25, 3, 6.75], "texture": "#texture"}, "down": {"uv": [0.75, 5, 2.75, 6.75], "texture": "#texture"} } }, { "name": "scope*", "from": [5.58939, 7.26642, 7.5], "to": [6.27689, 7.76642, 8.5], "rotation": {"angle": -22.5, "axis": "z", "origin": [4.25, 11, 7.5]}, "faces": { "north": {"uv": [1, 5, 3, 6.5], "texture": "#texture"}, "east": {"uv": [1, 5.5, 2.75, 7], "texture": "#texture"}, "south": {"uv": [1, 5.25, 2.5, 6.75], "texture": "#texture"}, "west": {"uv": [1.5, 5.25, 3, 6.25], "texture": "#texture"}, "up": {"uv": [1, 5.25, 3, 6.75], "texture": "#texture"}, "down": {"uv": [0.75, 5, 2.75, 6.75], "texture": "#texture"} } }, { "name": "scope*", "from": [5.58939, 7.51642, 7.5], "to": [6.83939, 7.76642, 8.5], "rotation": {"angle": -22.5, "axis": "z", "origin": [4.25, 11, 7.5]}, "faces": { "north": {"uv": [1, 5, 3, 6.5], "texture": "#texture"}, "east": {"uv": [1, 5.5, 2.75, 7], "texture": "#texture"}, "south": {"uv": [1, 5.25, 2.5, 6.75], "texture": "#texture"}, "west": {"uv": [1.5, 5.25, 3, 6.25], "texture": "#texture"}, "up": {"uv": [1, 5.25, 3, 6.75], "texture": "#texture"}, "down": {"uv": [0.75, 5, 2.75, 6.75], "texture": "#texture"} } }, { "name": "scope*", "from": [8.25, 5.75, 8.75], "to": [8.75, 6.75, 9.25], "faces": { "north": {"uv": [8.5, 5.25, 10.5, 6.75], "texture": "#texture"}, "east": {"uv": [8.75, 5.5, 10.5, 7], "texture": "#texture"}, "south": {"uv": [10, 5.25, 11.5, 6.75], "texture": "#texture"}, "west": {"uv": [9, 5.5, 11, 7], "texture": "#texture"}, "up": {"uv": [8.75, 5, 10.75, 6.5], "texture": "#texture"}, "down": {"uv": [8.75, 5, 10.75, 6.75], "texture": "#texture"} } }, { "name": "scope*", "from": [8, 6, 8.75], "to": [9, 6.5, 9.25], "faces": { "north": {"uv": [8.5, 5.25, 10.5, 6.75], "texture": "#texture"}, "east": {"uv": [8.75, 5.5, 10.5, 7], "texture": "#texture"}, "south": {"uv": [10, 5.25, 11.5, 6.75], "texture": "#texture"}, "west": {"uv": [9, 5.5, 11, 7], "texture": "#texture"}, "up": {"uv": [8.75, 5, 10.75, 6.5], "texture": "#texture"}, "down": {"uv": [8.75, 5, 10.75, 6.75], "texture": "#texture"} } }, { "name": "scope*", "from": [5.52513, 6.46513, 8.75], "to": [5.88013, 7.52513, 9.25], "rotation": {"angle": 45, "axis": "z", "origin": [8, 10, 8.75]}, "faces": { "north": {"uv": [8.5, 5.25, 10.5, 6.75], "texture": "#texture"}, "east": {"uv": [8.75, 5.5, 10.5, 7], "texture": "#texture"}, "south": {"uv": [10, 5.25, 11.5, 6.75], "texture": "#texture"}, "west": {"uv": [9, 5.5, 11, 7], "texture": "#texture"}, "up": {"uv": [8.75, 5, 10.75, 6.5], "texture": "#texture"}, "down": {"uv": [8.75, 5, 10.75, 6.75], "texture": "#texture"} } }, { "name": "scope*", "from": [11.22487, 6.71513, 8.75], "to": [11.57987, 7.77513, 9.25], "rotation": {"angle": -45, "axis": "z", "origin": [8.75, 10.25, 8.75]}, "faces": { "north": {"uv": [8.5, 5.25, 10.5, 6.75], "texture": "#texture"}, "east": {"uv": [8.75, 5.5, 10.5, 7], "texture": "#texture"}, "south": {"uv": [10, 5.25, 11.5, 6.75], "texture": "#texture"}, "west": {"uv": [9, 5.5, 11, 7], "texture": "#texture"}, "up": {"uv": [8.75, 5, 10.75, 6.5], "texture": "#texture"}, "down": {"uv": [8.75, 5, 10.75, 6.75], "texture": "#texture"} } }, { "name": "scope*", "from": [8.25, 5.75, 6.75], "to": [8.75, 6.75, 7.25], "faces": { "north": {"uv": [8.5, 5.25, 10.5, 6.75], "texture": "#texture"}, "east": {"uv": [8.75, 5.5, 10.5, 7], "texture": "#texture"}, "south": {"uv": [10, 5.25, 11.5, 6.75], "texture": "#texture"}, "west": {"uv": [9, 5.5, 11, 7], "texture": "#texture"}, "up": {"uv": [8.75, 5, 10.75, 6.5], "texture": "#texture"}, "down": {"uv": [8.75, 5, 10.75, 6.75], "texture": "#texture"} } }, { "name": "scope*", "from": [8, 6, 6.75], "to": [9, 6.5, 7.25], "faces": { "north": {"uv": [8.5, 5.25, 10.5, 6.75], "texture": "#texture"}, "east": {"uv": [8.75, 5.5, 10.5, 7], "texture": "#texture"}, "south": {"uv": [10, 5.25, 11.5, 6.75], "texture": "#texture"}, "west": {"uv": [9, 5.5, 11, 7], "texture": "#texture"}, "up": {"uv": [8.75, 5, 10.75, 6.5], "texture": "#texture"}, "down": {"uv": [8.75, 5, 10.75, 6.75], "texture": "#texture"} } }, { "name": "scope*", "from": [5.52513, 6.46513, 6.75], "to": [5.88013, 7.52513, 7.25], "rotation": {"angle": 45, "axis": "z", "origin": [8, 10, 6.75]}, "faces": { "north": {"uv": [8.5, 5.25, 10.5, 6.75], "texture": "#texture"}, "east": {"uv": [8.75, 5.5, 10.5, 7], "texture": "#texture"}, "south": {"uv": [10, 5.25, 11.5, 6.75], "texture": "#texture"}, "west": {"uv": [9, 5.5, 11, 7], "texture": "#texture"}, "up": {"uv": [8.75, 5, 10.75, 6.5], "texture": "#texture"}, "down": {"uv": [8.75, 5, 10.75, 6.75], "texture": "#texture"} } }, { "name": "scope*", "from": [11.22487, 6.71513, 6.75], "to": [11.57987, 7.77513, 7.25], "rotation": {"angle": -45, "axis": "z", "origin": [8.75, 10.25, 6.75]}, "faces": { "north": {"uv": [8.5, 5.25, 10.5, 6.75], "texture": "#texture"}, "east": {"uv": [8.75, 5.5, 10.5, 7], "texture": "#texture"}, "south": {"uv": [10, 5.25, 11.5, 6.75], "texture": "#texture"}, "west": {"uv": [9, 5.5, 11, 7], "texture": "#texture"}, "up": {"uv": [8.75, 5, 10.75, 6.5], "texture": "#texture"}, "down": {"uv": [8.75, 5, 10.75, 6.75], "texture": "#texture"} } }, { "name": "barrel*", "from": [13.47487, 9.02513, 7.875], "to": [14.97487, 9.27513, 8.125], "rotation": {"angle": -45, "axis": "z", "origin": [11, 11.75, 7.875]}, "faces": { "north": {"uv": [1.375, 1.25, 3.375, 2.75], "texture": "#texture"}, "east": {"uv": [0.5, 0.875, 2.25, 2.375], "texture": "#texture"}, "south": {"uv": [0.75, 1.125, 2.25, 2.625], "texture": "#texture"}, "west": {"uv": [1.625, 1.5, 3.125, 2.5], "texture": "#texture"}, "up": {"uv": [1.25, 1.5, 3.25, 3], "texture": "#texture"}, "down": {"uv": [0.875, 1.125, 2.875, 2.875], "texture": "#texture"} } }, { "name": "barrel*", "from": [5.5, 8, 7.875], "to": [11, 8.25, 8.125], "faces": { "north": {"uv": [1.375, 1.25, 3.375, 2.75], "texture": "#texture"}, "east": {"uv": [0.5, 0.875, 2.25, 2.375], "texture": "#texture"}, "south": {"uv": [0.75, 1.125, 2.25, 2.625], "texture": "#texture"}, "west": {"uv": [1.625, 1.5, 3.125, 2.5], "texture": "#texture"}, "up": {"uv": [1.25, 1.5, 3.25, 3], "texture": "#texture"}, "down": {"uv": [0.875, 1.125, 2.875, 2.875], "texture": "#texture"} } }, { "name": "barrel*", "from": [2.02513, 8.02513, 7.875], "to": [3.44013, 8.27513, 8.125], "rotation": {"angle": 45, "axis": "z", "origin": [4.5, 10.75, 7.875]}, "faces": { "north": {"uv": [1.375, 1.25, 3.375, 2.75], "texture": "#texture"}, "east": {"uv": [0.5, 0.875, 2.25, 2.375], "texture": "#texture"}, "south": {"uv": [0.75, 1.125, 2.25, 2.625], "texture": "#texture"}, "west": {"uv": [1.625, 1.5, 3.125, 2.5], "texture": "#texture"}, "up": {"uv": [1.25, 1.5, 3.25, 3], "texture": "#texture"}, "down": {"uv": [0.875, 1.125, 2.875, 2.875], "texture": "#texture"} } }, { "name": "barrel*", "from": [7, 4.25, 8.25], "to": [7.25, 5.5, 8.75], "faces": { "north": {"uv": [1.375, 1.25, 3.375, 2.75], "texture": "#texture"}, "east": {"uv": [0.5, 0.875, 2.25, 2.375], "texture": "#texture"}, "south": {"uv": [0.75, 1.125, 2.25, 2.625], "texture": "#texture"}, "west": {"uv": [1.625, 1.5, 3.125, 2.5], "texture": "#texture"}, "up": {"uv": [1.25, 1.5, 3.25, 3], "texture": "#texture"}, "down": {"uv": [0.875, 1.125, 2.875, 2.875], "texture": "#texture"} } }, { "name": "barrel*", "from": [7, 6.42013, 11.22487], "to": [7.25, 6.77513, 11.57987], "rotation": {"angle": 45, "axis": "x", "origin": [7, 9.25, 8.75]}, "faces": { "north": {"uv": [1.375, 1.25, 3.375, 2.75], "texture": "#texture"}, "east": {"uv": [0.5, 0.875, 2.25, 2.375], "texture": "#texture"}, "south": {"uv": [0.75, 1.125, 2.25, 2.625], "texture": "#texture"}, "west": {"uv": [1.625, 1.5, 3.125, 2.5], "texture": "#texture"}, "up": {"uv": [1.25, 1.5, 3.25, 3], "texture": "#texture"}, "down": {"uv": [0.875, 1.125, 2.875, 2.875], "texture": "#texture"} } }, { "name": "barrel*", "from": [7, 5.5, 8.75], "to": [7.25, 6.75, 9], "faces": { "north": {"uv": [1.375, 1.25, 3.375, 2.75], "texture": "#texture"}, "east": {"uv": [0.5, 0.875, 2.25, 2.375], "texture": "#texture"}, "south": {"uv": [0.75, 1.125, 2.25, 2.625], "texture": "#texture"}, "west": {"uv": [1.625, 1.5, 3.125, 2.5], "texture": "#texture"}, "up": {"uv": [1.25, 1.5, 3.25, 3], "texture": "#texture"}, "down": {"uv": [0.875, 1.125, 2.875, 2.875], "texture": "#texture"} } }, { "name": "barrel*", "from": [7, 8.02513, 10.97487], "to": [7.25, 8.27513, 11.67987], "rotation": {"angle": 45, "axis": "x", "origin": [7, 10.75, 8.5]}, "faces": { "north": {"uv": [1.375, 1.25, 3.375, 2.75], "texture": "#texture"}, "east": {"uv": [0.5, 0.875, 2.25, 2.375], "texture": "#texture"}, "south": {"uv": [0.75, 1.125, 2.25, 2.625], "texture": "#texture"}, "west": {"uv": [1.625, 1.5, 3.125, 2.5], "texture": "#texture"}, "up": {"uv": [1.25, 1.5, 3.25, 3], "texture": "#texture"}, "down": {"uv": [0.875, 1.125, 2.875, 2.875], "texture": "#texture"} } }, { "name": "barrel*", "from": [7, 7, 7.5], "to": [7.25, 7.25, 8.5], "faces": { "north": {"uv": [1.375, 1.25, 3.375, 2.75], "texture": "#texture"}, "east": {"uv": [0.5, 0.875, 2.25, 2.375], "texture": "#texture"}, "south": {"uv": [0.75, 1.125, 2.25, 2.625], "texture": "#texture"}, "west": {"uv": [1.625, 1.5, 3.125, 2.5], "texture": "#texture"}, "up": {"uv": [1.25, 1.5, 3.25, 3], "texture": "#texture"}, "down": {"uv": [0.875, 1.125, 2.875, 2.875], "texture": "#texture"} } }, { "name": "barrel*", "from": [7, 7.52513, 4.52513], "to": [7.25, 7.77513, 5.23013], "rotation": {"angle": -45, "axis": "x", "origin": [7, 10.25, 7]}, "faces": { "north": {"uv": [1.375, 1.25, 3.375, 2.75], "texture": "#texture"}, "east": {"uv": [0.5, 0.875, 2.25, 2.375], "texture": "#texture"}, "south": {"uv": [0.75, 1.125, 2.25, 2.625], "texture": "#texture"}, "west": {"uv": [1.625, 1.5, 3.125, 2.5], "texture": "#texture"}, "up": {"uv": [1.25, 1.5, 3.25, 3], "texture": "#texture"}, "down": {"uv": [0.875, 1.125, 2.875, 2.875], "texture": "#texture"} } }, { "name": "barrel*", "from": [10, 5.5, 8.75], "to": [10.25, 6.75, 9], "faces": { "north": {"uv": [1.375, 1.25, 3.375, 2.75], "texture": "#texture"}, "east": {"uv": [0.5, 0.875, 2.25, 2.375], "texture": "#texture"}, "south": {"uv": [0.75, 1.125, 2.25, 2.625], "texture": "#texture"}, "west": {"uv": [1.625, 1.5, 3.125, 2.5], "texture": "#texture"}, "up": {"uv": [1.25, 1.5, 3.25, 3], "texture": "#texture"}, "down": {"uv": [0.875, 1.125, 2.875, 2.875], "texture": "#texture"} } }, { "name": "barrel*", "from": [10, 8.02513, 10.97487], "to": [10.25, 8.27513, 11.67987], "rotation": {"angle": 45, "axis": "x", "origin": [10, 10.75, 8.5]}, "faces": { "north": {"uv": [1.375, 1.25, 3.375, 2.75], "texture": "#texture"}, "east": {"uv": [0.5, 0.875, 2.25, 2.375], "texture": "#texture"}, "south": {"uv": [0.75, 1.125, 2.25, 2.625], "texture": "#texture"}, "west": {"uv": [1.625, 1.5, 3.125, 2.5], "texture": "#texture"}, "up": {"uv": [1.25, 1.5, 3.25, 3], "texture": "#texture"}, "down": {"uv": [0.875, 1.125, 2.875, 2.875], "texture": "#texture"} } }, { "name": "barrel*", "from": [10, 7, 7.5], "to": [10.25, 7.25, 8.5], "faces": { "north": {"uv": [1.375, 1.25, 3.375, 2.75], "texture": "#texture"}, "east": {"uv": [0.5, 0.875, 2.25, 2.375], "texture": "#texture"}, "south": {"uv": [0.75, 1.125, 2.25, 2.625], "texture": "#texture"}, "west": {"uv": [1.625, 1.5, 3.125, 2.5], "texture": "#texture"}, "up": {"uv": [1.25, 1.5, 3.25, 3], "texture": "#texture"}, "down": {"uv": [0.875, 1.125, 2.875, 2.875], "texture": "#texture"} } }, { "name": "barrel*", "from": [10, 6.42013, 11.22487], "to": [10.25, 6.77513, 11.57987], "rotation": {"angle": 45, "axis": "x", "origin": [10, 9.25, 8.75]}, "faces": { "north": {"uv": [1.375, 1.25, 3.375, 2.75], "texture": "#texture"}, "east": {"uv": [0.5, 0.875, 2.25, 2.375], "texture": "#texture"}, "south": {"uv": [0.75, 1.125, 2.25, 2.625], "texture": "#texture"}, "west": {"uv": [1.625, 1.5, 3.125, 2.5], "texture": "#texture"}, "up": {"uv": [1.25, 1.5, 3.25, 3], "texture": "#texture"}, "down": {"uv": [0.875, 1.125, 2.875, 2.875], "texture": "#texture"} } }, { "name": "barrel*", "from": [10, 4.25, 8.25], "to": [10.25, 5.5, 8.75], "faces": { "north": {"uv": [1.375, 1.25, 3.375, 2.75], "texture": "#texture"}, "east": {"uv": [0.5, 0.875, 2.25, 2.375], "texture": "#texture"}, "south": {"uv": [0.75, 1.125, 2.25, 2.625], "texture": "#texture"}, "west": {"uv": [1.625, 1.5, 3.125, 2.5], "texture": "#texture"}, "up": {"uv": [1.25, 1.5, 3.25, 3], "texture": "#texture"}, "down": {"uv": [0.875, 1.125, 2.875, 2.875], "texture": "#texture"} } }, { "name": "barrel*", "from": [7, 4.25, 7.25], "to": [7.25, 5.5, 7.75], "faces": { "north": {"uv": [1.375, 1.25, 3.375, 2.75], "texture": "#texture"}, "east": {"uv": [0.5, 0.875, 2.25, 2.375], "texture": "#texture"}, "south": {"uv": [0.75, 1.125, 2.25, 2.625], "texture": "#texture"}, "west": {"uv": [1.625, 1.5, 3.125, 2.5], "texture": "#texture"}, "up": {"uv": [1.25, 1.5, 3.25, 3], "texture": "#texture"}, "down": {"uv": [0.875, 1.125, 2.875, 2.875], "texture": "#texture"} } }, { "name": "barrel*", "from": [7, 6.17013, 4.52513], "to": [7.25, 6.52513, 4.88013], "rotation": {"angle": -45, "axis": "x", "origin": [7, 9, 7]}, "faces": { "north": {"uv": [1.375, 1.25, 3.375, 2.75], "texture": "#texture"}, "east": {"uv": [0.5, 0.875, 2.25, 2.375], "texture": "#texture"}, "south": {"uv": [0.75, 1.125, 2.25, 2.625], "texture": "#texture"}, "west": {"uv": [1.625, 1.5, 3.125, 2.5], "texture": "#texture"}, "up": {"uv": [1.25, 1.5, 3.25, 3], "texture": "#texture"}, "down": {"uv": [0.875, 1.125, 2.875, 2.875], "texture": "#texture"} } }, { "name": "barrel*", "from": [7, 5.5, 7], "to": [7.25, 6.75, 7.25], "faces": { "north": {"uv": [1.375, 1.25, 3.375, 2.75], "texture": "#texture"}, "east": {"uv": [0.5, 0.875, 2.25, 2.375], "texture": "#texture"}, "south": {"uv": [0.75, 1.125, 2.25, 2.625], "texture": "#texture"}, "west": {"uv": [1.625, 1.5, 3.125, 2.5], "texture": "#texture"}, "up": {"uv": [1.25, 1.5, 3.25, 3], "texture": "#texture"}, "down": {"uv": [0.875, 1.125, 2.875, 2.875], "texture": "#texture"} } }, { "name": "barrel*", "from": [10, 5.5, 7], "to": [10.25, 6.75, 7.25], "faces": { "north": {"uv": [1.375, 1.25, 3.375, 2.75], "texture": "#texture"}, "east": {"uv": [0.5, 0.875, 2.25, 2.375], "texture": "#texture"}, "south": {"uv": [0.75, 1.125, 2.25, 2.625], "texture": "#texture"}, "west": {"uv": [1.625, 1.5, 3.125, 2.5], "texture": "#texture"}, "up": {"uv": [1.25, 1.5, 3.25, 3], "texture": "#texture"}, "down": {"uv": [0.875, 1.125, 2.875, 2.875], "texture": "#texture"} } }, { "name": "barrel*", "from": [10, 7.52513, 4.52513], "to": [10.25, 7.77513, 5.23013], "rotation": {"angle": -45, "axis": "x", "origin": [10, 10.25, 7]}, "faces": { "north": {"uv": [1.375, 1.25, 3.375, 2.75], "texture": "#texture"}, "east": {"uv": [0.5, 0.875, 2.25, 2.375], "texture": "#texture"}, "south": {"uv": [0.75, 1.125, 2.25, 2.625], "texture": "#texture"}, "west": {"uv": [1.625, 1.5, 3.125, 2.5], "texture": "#texture"}, "up": {"uv": [1.25, 1.5, 3.25, 3], "texture": "#texture"}, "down": {"uv": [0.875, 1.125, 2.875, 2.875], "texture": "#texture"} } }, { "name": "barrel*", "from": [10, 6.17013, 4.52513], "to": [10.25, 6.52513, 4.88013], "rotation": {"angle": -45, "axis": "x", "origin": [10, 9, 7]}, "faces": { "north": {"uv": [1.375, 1.25, 3.375, 2.75], "texture": "#texture"}, "east": {"uv": [0.5, 0.875, 2.25, 2.375], "texture": "#texture"}, "south": {"uv": [0.75, 1.125, 2.25, 2.625], "texture": "#texture"}, "west": {"uv": [1.625, 1.5, 3.125, 2.5], "texture": "#texture"}, "up": {"uv": [1.25, 1.5, 3.25, 3], "texture": "#texture"}, "down": {"uv": [0.875, 1.125, 2.875, 2.875], "texture": "#texture"} } }, { "name": "barrel*", "from": [10, 4.25, 7.25], "to": [10.25, 5.5, 7.75], "faces": { "north": {"uv": [1.375, 1.25, 3.375, 2.75], "texture": "#texture"}, "east": {"uv": [0.5, 0.875, 2.25, 2.375], "texture": "#texture"}, "south": {"uv": [0.75, 1.125, 2.25, 2.625], "texture": "#texture"}, "west": {"uv": [1.625, 1.5, 3.125, 2.5], "texture": "#texture"}, "up": {"uv": [1.25, 1.5, 3.25, 3], "texture": "#texture"}, "down": {"uv": [0.875, 1.125, 2.875, 2.875], "texture": "#texture"} } }, { "name": "barrel*", "from": [10, 3.94302, 5.48223], "to": [10.25, 4.56802, 5.85723], "rotation": {"angle": -45, "axis": "x", "origin": [10, 7.75, 7.25]}, "faces": { "north": {"uv": [1.375, 1.25, 3.375, 2.75], "texture": "#texture"}, "east": {"uv": [0.5, 0.875, 2.25, 2.375], "texture": "#texture"}, "south": {"uv": [0.75, 1.125, 2.25, 2.625], "texture": "#texture"}, "west": {"uv": [1.625, 1.5, 3.125, 2.5], "texture": "#texture"}, "up": {"uv": [1.25, 1.5, 3.25, 3], "texture": "#texture"}, "down": {"uv": [0.875, 1.125, 2.875, 2.875], "texture": "#texture"} } }, { "name": "barrel*", "from": [10, 3.94302, 10.14277], "to": [10.25, 4.56802, 10.51777], "rotation": {"angle": 45, "axis": "x", "origin": [10, 7.75, 8.75]}, "faces": { "north": {"uv": [2.25, 1.125, 0.75, 2.625], "texture": "#texture"}, "east": {"uv": [2.25, 0.875, 0.5, 2.375], "texture": "#texture"}, "south": {"uv": [3.375, 1.25, 1.375, 2.75], "texture": "#texture"}, "west": {"uv": [3.125, 1.5, 1.625, 2.5], "texture": "#texture"}, "up": {"uv": [1.25, 3, 3.25, 1.5], "texture": "#texture"}, "down": {"uv": [0.875, 2.875, 2.875, 1.125], "texture": "#texture"} } }, { "name": "barrel*", "from": [7, 3.94302, 5.48223], "to": [7.25, 4.56802, 5.85723], "rotation": {"angle": -45, "axis": "x", "origin": [10, 7.75, 7.25]}, "faces": { "north": {"uv": [1.375, 1.25, 3.375, 2.75], "texture": "#texture"}, "east": {"uv": [0.5, 0.875, 2.25, 2.375], "texture": "#texture"}, "south": {"uv": [0.75, 1.125, 2.25, 2.625], "texture": "#texture"}, "west": {"uv": [1.625, 1.5, 3.125, 2.5], "texture": "#texture"}, "up": {"uv": [1.25, 1.5, 3.25, 3], "texture": "#texture"}, "down": {"uv": [0.875, 1.125, 2.875, 2.875], "texture": "#texture"} } }, { "name": "barrel*", "from": [7, 3.94302, 10.14277], "to": [7.25, 4.56802, 10.51777], "rotation": {"angle": 45, "axis": "x", "origin": [10, 7.75, 8.75]}, "faces": { "north": {"uv": [2.25, 1.125, 0.75, 2.625], "texture": "#texture"}, "east": {"uv": [2.25, 0.875, 0.5, 2.375], "texture": "#texture"}, "south": {"uv": [3.375, 1.25, 1.375, 2.75], "texture": "#texture"}, "west": {"uv": [3.125, 1.5, 1.625, 2.5], "texture": "#texture"}, "up": {"uv": [1.25, 3, 3.25, 1.5], "texture": "#texture"}, "down": {"uv": [0.875, 2.875, 2.875, 1.125], "texture": "#texture"} } }, { "name": "glass", "from": [4, 5.75, 7.5], "to": [4.25, 6.75, 8.5], "faces": { "north": {"uv": [12.875, 9.125, 14.375, 11.375], "texture": "#1"}, "east": {"uv": [12.25, 2.25, 14.5, 4.25], "texture": "#1"}, "south": {"uv": [12.375, 2.25, 14.375, 4.75], "texture": "#1"}, "west": {"uv": [2.5, 2, 3.75, 4], "texture": "#1"}, "up": {"uv": [13.375, 10.625, 14.875, 12.125], "texture": "#1"}, "down": {"uv": [12.25, 11.5, 14.75, 13], "texture": "#1"} } }, { "name": "glass", "from": [12.25, 5.75, 7.5], "to": [12.5, 6.75, 8.5], "faces": { "north": {"uv": [13.125, 2, 14.625, 4.25], "texture": "#1"}, "east": {"uv": [0.125, 0.125, 11.75, 11.75], "texture": "#1"}, "south": {"uv": [12.5, 2.25, 14.5, 4.75], "texture": "#1"}, "west": {"uv": [13.25, 2.875, 15.125, 4.125], "texture": "#1"}, "up": {"uv": [13.625, 2.25, 15.125, 3.75], "texture": "#1"}, "down": {"uv": [12.5, 2.5, 15, 4], "texture": "#1"} } } ], "display": { "thirdperson_righthand": { "rotation": [-33, -90, 0], "translation": [0, 1, -1] }, "thirdperson_lefthand": { "rotation": [-33, -90, 0], "translation": [0, 1, -1], "scale": [-1, 1, -1] }, "firstperson_righthand": { "rotation": [50, -75, 0], "translation": [-3.5, 6, 4.25], "scale": [0.9, 1, 1] }, "firstperson_lefthand": { "rotation": [50, -75, 0], "translation": [-3.5, 6, 4.25], "scale": [-0.9, 1, -1] }, "ground": { "rotation": [-90, 0, 0], "translation": [0.5, 0.25, 0], "scale": [0.46289, 0.4082, 0.48242] }, "gui": { "rotation": [30, 45, 0], "translation": [-0.75, 3.25, 0], "scale": [2, 2, 2] }, "head": { "rotation": [0, 0, -45], "translation": [3.75, -17.25, 4.25] }, "fixed": { "rotation": [0, -180, 0], "translation": [1, 2.5, -1.5] } }, "groups": [ { "name": "scope", "origin": [8, 8, 8], "children": [0, 1, 2, 3, 4, 5, 6, 7, 8, 9, 10, 11, 12, 13, 14, 15, 16, 17, 18, 19, 20, 21, 22, 23, 24, 25, 26, 27, 28, 29, 30, 31, 32, 33, 34, 35, 36, 37, 38, 39, 40, 41, 42, 43, 44, 45, 46, 47, 48, 49, 50, 51, 52, 53, 54, 55] } ] }