{ "credit": "Made with Blockbench", "textures": { "1": "attachments/glass", "particle": "attachments/glass", "texture": "guns/nulls_light_black" }, "elements": [ { "from": [5, 4.5, 6.5], "to": [5.75, 5, 9.5], "faces": { "north": {"uv": [6.5, 1, 9, 3], "texture": "#texture"}, "east": {"uv": [7, 1, 9.5, 3.5], "texture": "#texture"}, "west": {"uv": [6, 1, 9, 4], "texture": "#texture"}, "up": {"uv": [6, 1.5, 8.5, 3.5], "texture": "#texture"}, "down": {"uv": [6.5, 1.5, 9, 4], "texture": "#texture"} } }, { "from": [8.25, 4.5, 6.5], "to": [9, 5, 9.5], "faces": { "north": {"uv": [6.5, 1, 9, 3], "texture": "#texture"}, "east": {"uv": [7, 1, 9.5, 3.5], "texture": "#texture"}, "west": {"uv": [6, 1, 9, 4], "texture": "#texture"}, "up": {"uv": [6, 1.5, 8.5, 3.5], "texture": "#texture"}, "down": {"uv": [6.5, 1.5, 9, 4], "texture": "#texture"} } }, { "from": [5.75, 4.5, 7], "to": [9, 5, 9], "faces": { "north": {"uv": [6.5, 1, 9, 3], "texture": "#texture"}, "south": {"uv": [6.5, 1.5, 9, 4], "texture": "#texture"}, "up": {"uv": [6, 1.5, 8.5, 3.5], "texture": "#texture"}, "down": {"uv": [6.5, 1.5, 9, 4], "texture": "#texture"} } }, { "from": [5, 3, 6], "to": [5.75, 4.5, 6.5], "faces": { "north": {"uv": [6.5, 1, 9, 3], "texture": "#texture"}, "east": {"uv": [7, 1, 9.5, 3.5], "texture": "#texture"}, "south": {"uv": [6.5, 1.5, 9, 4], "texture": "#texture"}, "west": {"uv": [6, 1, 9, 4], "texture": "#texture"}, "down": {"uv": [6.5, 1.5, 9, 4], "texture": "#texture"} } }, { "from": [5, 3, 9.5], "to": [5.75, 4.5, 10], "faces": { "north": {"uv": [6.5, 1, 9, 3], "texture": "#texture"}, "east": {"uv": [7, 1, 9.5, 3.5], "texture": "#texture"}, "south": {"uv": [6.5, 1.5, 9, 4], "texture": "#texture"}, "west": {"uv": [6, 1, 9, 4], "texture": "#texture"}, "up": {"uv": [6, 1.5, 8.5, 3.5], "texture": "#texture"}, "down": {"uv": [6.5, 1.5, 9, 4], "texture": "#texture"} } }, { "from": [5, 4.295, 9.5], "to": [5.75, 5, 10.205], "rotation": {"angle": 45, "axis": "x", "origin": [5, 5, 9.5]}, "faces": { "east": {"uv": [7, 1, 9.5, 3.5], "texture": "#texture"}, "south": {"uv": [6.5, 1.5, 9, 4], "texture": "#texture"}, "west": {"uv": [6, 1, 9, 4], "texture": "#texture"}, "up": {"uv": [6, 1.5, 8.5, 3.5], "texture": "#texture"}, "down": {"uv": [6.5, 1.5, 9, 4], "texture": "#texture"} } }, { "from": [5, 3.795, 6], "to": [5.75, 4.5, 6.705], "rotation": {"angle": -45, "axis": "x", "origin": [5, 4.5, 6]}, "faces": { "east": {"uv": [7, 1, 9.5, 3.5], "texture": "#texture"}, "south": {"uv": [6.5, 1.5, 9, 4], "texture": "#texture"}, "west": {"uv": [6, 1, 9, 4], "texture": "#texture"}, "up": {"uv": [6, 1.5, 8.5, 3.5], "texture": "#texture"}, "down": {"uv": [6.5, 1.5, 9, 4], "texture": "#texture"} } }, { "from": [8.25, 3, 9.5], "to": [9, 4.5, 10], "faces": { "north": {"uv": [6.5, 1, 9, 3], "texture": "#texture"}, "east": {"uv": [7, 1, 9.5, 3.5], "texture": "#texture"}, "south": {"uv": [6.5, 1.5, 9, 4], "texture": "#texture"}, "west": {"uv": [6, 1, 9, 4], "texture": "#texture"}, "up": {"uv": [6, 1.5, 8.5, 3.5], "texture": "#texture"}, "down": {"uv": [6.5, 1.5, 9, 4], "texture": "#texture"} } }, { "from": [8.25, 3, 6], "to": [9, 4.5, 6.5], "faces": { "north": {"uv": [6.5, 1, 9, 3], "texture": "#texture"}, "east": {"uv": [7, 1, 9.5, 3.5], "texture": "#texture"}, "south": {"uv": [6.5, 1.5, 9, 4], "texture": "#texture"}, "west": {"uv": [6, 1, 9, 4], "texture": "#texture"}, "down": {"uv": [6.5, 1.5, 9, 4], "texture": "#texture"} } }, { "from": [8.25, 4.295, 9.5], "to": [9, 5, 10.205], "rotation": {"angle": 45, "axis": "x", "origin": [8.25, 5, 9.5]}, "faces": { "east": {"uv": [7, 1, 9.5, 3.5], "texture": "#texture"}, "south": {"uv": [6.5, 1.5, 9, 4], "texture": "#texture"}, "west": {"uv": [6, 1, 9, 4], "texture": "#texture"}, "up": {"uv": [6, 1.5, 8.5, 3.5], "texture": "#texture"}, "down": {"uv": [6.5, 1.5, 9, 4], "texture": "#texture"} } }, { "from": [8.25, 3.795, 6], "to": [9, 4.5, 6.705], "rotation": {"angle": -45, "axis": "x", "origin": [8.25, 4.5, 6]}, "faces": { "east": {"uv": [7, 1, 9.5, 3.5], "texture": "#texture"}, "south": {"uv": [6.5, 1.5, 9, 4], "texture": "#texture"}, "west": {"uv": [6, 1, 9, 4], "texture": "#texture"}, "up": {"uv": [6, 1.5, 8.5, 3.5], "texture": "#texture"}, "down": {"uv": [6.5, 1.5, 9, 4], "texture": "#texture"} } }, { "from": [11, 5, 7.25], "to": [12.5, 5.5, 8.75], "faces": { "north": {"uv": [6.5, 1, 9, 3], "texture": "#texture"}, "east": {"uv": [7, 1, 9.5, 3.5], "texture": "#texture"}, "south": {"uv": [6.5, 1.5, 9, 4], "texture": "#texture"}, "west": {"uv": [6, 1, 9, 4], "texture": "#texture"}, "up": {"uv": [6, 1.5, 8.5, 3.5], "texture": "#texture"}, "down": {"uv": [6.5, 1.5, 9, 4], "texture": "#texture"} } }, { "from": [12, 4.795, 7.25], "to": [12.705, 5.5, 8.75], "rotation": {"angle": -45, "axis": "z", "origin": [12, 5.5, 7.25]}, "faces": { "north": {"uv": [6.5, 1, 9, 3], "texture": "#texture"}, "east": {"uv": [7, 1, 9.5, 3.5], "texture": "#texture"}, "south": {"uv": [6.5, 1.5, 9, 4], "texture": "#texture"} } }, { "from": [10.5, 4.295, 7.25], "to": [11.205, 5, 8.75], "rotation": {"angle": 45, "axis": "z", "origin": [10.5, 5, 7.25]}, "faces": { "north": {"uv": [6.5, 1, 9, 3], "texture": "#texture"}, "east": {"uv": [7, 1, 9.5, 3.5], "texture": "#texture"}, "south": {"uv": [6.5, 1.5, 9, 4], "texture": "#texture"}, "up": {"uv": [6, 1.5, 8.5, 3.5], "texture": "#texture"} } }, { "from": [11.75, 5.5, 7.25], "to": [12.5, 8.5, 8.75], "faces": { "north": {"uv": [6.5, 1, 9, 3], "texture": "#texture"}, "east": {"uv": [7, 1, 9.5, 3.5], "texture": "#texture"}, "south": {"uv": [6.5, 1.5, 9, 4], "texture": "#texture"}, "west": {"uv": [6, 1, 9, 4], "texture": "#texture"}, "up": {"uv": [6, 1.5, 8.5, 3.5], "texture": "#texture"} } }, { "from": [9, 4.5, 7.25], "to": [12, 5, 8.75], "faces": { "north": {"uv": [6.5, 1, 9, 3], "texture": "#texture"}, "east": {"uv": [7, 1, 9.5, 3.5], "texture": "#texture"}, "south": {"uv": [6.5, 1.5, 9, 4], "texture": "#texture"}, "up": {"uv": [6, 1.5, 8.5, 3.5], "texture": "#texture"}, "down": {"uv": [6.5, 1.5, 9, 4], "texture": "#texture"} } }, { "from": [11.75, 6.25, 6.5], "to": [12.5, 7.25, 9.5], "faces": { "north": {"uv": [6.5, 1, 9, 3], "texture": "#texture"}, "east": {"uv": [7, 1, 9.5, 3.5], "texture": "#texture"}, "south": {"uv": [6.5, 1.5, 9, 4], "texture": "#texture"}, "west": {"uv": [6, 1, 9, 4], "texture": "#texture"}, "up": {"uv": [6, 1.5, 8.5, 3.5], "texture": "#texture"}, "down": {"uv": [6.5, 1.5, 9, 4], "texture": "#texture"} } }, { "from": [11.75, 6.69, 6.5], "to": [12.5, 7.75, 7.56], "rotation": {"angle": -45, "axis": "x", "origin": [11.75, 7.75, 6.5]}, "faces": { "east": {"uv": [7, 1, 9.5, 3.5], "texture": "#texture"}, "south": {"uv": [6.5, 1.5, 9, 4], "texture": "#texture"}, "west": {"uv": [6, 1, 9, 4], "texture": "#texture"}, "up": {"uv": [6, 1.5, 8.5, 3.5], "texture": "#texture"} } }, { "from": [11.75, 7.44, 8.75], "to": [12.5, 8.5, 9.81], "rotation": {"angle": 45, "axis": "x", "origin": [11.75, 8.5, 8.75]}, "faces": { "east": {"uv": [7, 1, 9.5, 3.5], "texture": "#texture"}, "south": {"uv": [6.5, 1.5, 9, 4], "texture": "#texture"}, "west": {"uv": [6, 1, 9, 4], "texture": "#texture"}, "up": {"uv": [6, 1.5, 8.5, 3.5], "texture": "#texture"} } }, { "from": [11.75, 5.94, 8.75], "to": [12.5, 7, 9.81], "rotation": {"angle": 45, "axis": "x", "origin": [11.75, 7, 8.75]}, "faces": { "east": {"uv": [7, 1, 9.5, 3.5], "texture": "#texture"}, "south": {"uv": [6.5, 1.5, 9, 4], "texture": "#texture"}, "west": {"uv": [6, 1, 9, 4], "texture": "#texture"} } }, { "from": [11.75, 5.19, 6.5], "to": [12.5, 6.25, 7.56], "rotation": {"angle": -45, "axis": "x", "origin": [11.75, 6.25, 6.5]}, "faces": { "north": {"uv": [6.5, 1, 9, 3], "texture": "#texture"}, "east": {"uv": [7, 1, 9.5, 3.5], "texture": "#texture"}, "west": {"uv": [6, 1, 9, 4], "texture": "#texture"}, "down": {"uv": [6.5, 1.5, 9, 4], "texture": "#texture"} } }, { "from": [5, 5, 7.25], "to": [6.5, 5.5, 8.75], "faces": { "north": {"uv": [6.5, 1, 9, 3], "texture": "#texture"}, "south": {"uv": [6.5, 1.5, 9, 4], "texture": "#texture"}, "west": {"uv": [6, 1, 9, 4], "texture": "#texture"}, "up": {"uv": [6, 1.5, 8.5, 3.5], "texture": "#texture"} } }, { "from": [6.5, 4.795, 7.25], "to": [7.205, 5.5, 8.75], "rotation": {"angle": -45, "axis": "z", "origin": [6.5, 5.5, 7.25]}, "faces": { "north": {"uv": [6.5, 1, 9, 3], "texture": "#texture"}, "east": {"uv": [7, 1, 9.5, 3.5], "texture": "#texture"}, "south": {"uv": [6.5, 1.5, 9, 4], "texture": "#texture"}, "up": {"uv": [6, 1.5, 8.5, 3.5], "texture": "#texture"} } }, { "from": [5, 5.5, 7.25], "to": [5.75, 8.5, 8.75], "faces": { "north": {"uv": [6.5, 1, 9, 3], "texture": "#texture"}, "east": {"uv": [7, 1, 9.5, 3.5], "texture": "#texture"}, "south": {"uv": [6.5, 1.5, 9, 4], "texture": "#texture"}, "west": {"uv": [6, 1, 9, 4], "texture": "#texture"}, "up": {"uv": [6, 1.5, 8.5, 3.5], "texture": "#texture"} } }, { "from": [5, 6.25, 6.5], "to": [5.75, 7.25, 9.5], "faces": { "north": {"uv": [6.5, 1, 9, 3], "texture": "#texture"}, "east": {"uv": [7, 1, 9.5, 3.5], "texture": "#texture"}, "south": {"uv": [6.5, 1.5, 9, 4], "texture": "#texture"}, "west": {"uv": [6, 1, 9, 4], "texture": "#texture"}, "up": {"uv": [6, 1.5, 8.5, 3.5], "texture": "#texture"}, "down": {"uv": [6.5, 1.5, 9, 4], "texture": "#texture"} } }, { "from": [5, 7.44, 8.75], "to": [5.75, 8.5, 9.81], "rotation": {"angle": 45, "axis": "x", "origin": [5, 8.5, 8.75]}, "faces": { "east": {"uv": [7, 1, 9.5, 3.5], "texture": "#texture"}, "south": {"uv": [6.5, 1.5, 9, 4], "texture": "#texture"}, "west": {"uv": [6, 1, 9, 4], "texture": "#texture"}, "up": {"uv": [6, 1.5, 8.5, 3.5], "texture": "#texture"} } }, { "from": [5, 6.69, 6.5], "to": [5.75, 7.75, 7.56], "rotation": {"angle": -45, "axis": "x", "origin": [5, 7.75, 6.5]}, "faces": { "east": {"uv": [7, 1, 9.5, 3.5], "texture": "#texture"}, "south": {"uv": [6.5, 1.5, 9, 4], "texture": "#texture"}, "west": {"uv": [6, 1, 9, 4], "texture": "#texture"}, "up": {"uv": [6, 1.5, 8.5, 3.5], "texture": "#texture"} } }, { "from": [5, 5.94, 8.75], "to": [5.75, 7, 9.81], "rotation": {"angle": 45, "axis": "x", "origin": [5, 7, 8.75]}, "faces": { "east": {"uv": [7, 1, 9.5, 3.5], "texture": "#texture"}, "south": {"uv": [6.5, 1.5, 9, 4], "texture": "#texture"}, "west": {"uv": [6, 1, 9, 4], "texture": "#texture"} } }, { "from": [5, 5.19, 6.5], "to": [5.75, 6.25, 7.56], "rotation": {"angle": -45, "axis": "x", "origin": [5, 6.25, 6.5]}, "faces": { "north": {"uv": [6.5, 1, 9, 3], "texture": "#texture"}, "east": {"uv": [7, 1, 9.5, 3.5], "texture": "#texture"}, "west": {"uv": [6, 1, 9, 4], "texture": "#texture"}, "down": {"uv": [6.5, 1.5, 9, 4], "texture": "#texture"} } }, { "from": [1.25, 5.75, 7.5], "to": [14, 8.25, 8.5], "faces": { "north": {"uv": [11.75, 1.75, 14.25, 3.75], "texture": "#texture"}, "south": {"uv": [12.25, 1.25, 14.75, 3.75], "texture": "#texture"}, "west": {"uv": [12.5, 0.75, 15.5, 3.75], "texture": "#texture"}, "up": {"uv": [12.75, 1.25, 15.25, 3.25], "texture": "#texture"}, "down": {"uv": [12.25, 1.5, 14.75, 4], "texture": "#texture"} } }, { "from": [1.25, 6.5, 6.75], "to": [14, 7.5, 9.25], "faces": { "north": {"uv": [11.75, 1.75, 14.25, 3.75], "texture": "#texture"}, "south": {"uv": [12.25, 1.25, 14.75, 3.75], "texture": "#texture"}, "west": {"uv": [12.5, 0.75, 15.5, 3.75], "texture": "#texture"}, "up": {"uv": [12.75, 1.25, 15.25, 3.25], "texture": "#texture"}, "down": {"uv": [12.25, 1.5, 14.75, 4], "texture": "#texture"} } }, { "from": [1.25, 6.44, 6.75], "to": [14, 7.5, 7.81], "rotation": {"angle": -45, "axis": "x", "origin": [1.25, 7.5, 6.75]}, "faces": { "east": {"uv": [12.25, 1.25, 14.75, 3.75], "texture": "#texture"}, "south": {"uv": [12.25, 1.25, 14.75, 3.75], "texture": "#texture"}, "west": {"uv": [12.5, 0.75, 15.5, 3.75], "texture": "#texture"}, "up": {"uv": [12.75, 1.25, 15.25, 3.25], "texture": "#texture"} } }, { "from": [1.25, 7.19, 8.5], "to": [14, 8.25, 9.56], "rotation": {"angle": 45, "axis": "x", "origin": [1.25, 8.25, 8.5]}, "faces": { "east": {"uv": [12.25, 1.25, 14.75, 3.75], "texture": "#texture"}, "south": {"uv": [12.25, 1.25, 14.75, 3.75], "texture": "#texture"}, "west": {"uv": [12.5, 0.75, 15.5, 3.75], "texture": "#texture"}, "up": {"uv": [12.75, 1.25, 15.25, 3.25], "texture": "#texture"} } }, { "from": [1.25, 6.19, 8.5], "to": [14, 7.25, 9.56], "rotation": {"angle": 45, "axis": "x", "origin": [1.25, 7.25, 8.5]}, "faces": { "east": {"uv": [12.25, 1.25, 14.75, 3.75], "texture": "#texture"}, "south": {"uv": [12.25, 1.25, 14.75, 3.75], "texture": "#texture"}, "west": {"uv": [12.5, 0.75, 15.5, 3.75], "texture": "#texture"} } }, { "from": [1.25, 5.44, 6.75], "to": [14, 6.5, 7.81], "rotation": {"angle": -45, "axis": "x", "origin": [1.25, 6.5, 6.75]}, "faces": { "north": {"uv": [11.75, 1.75, 14.25, 3.75], "texture": "#texture"}, "east": {"uv": [12.25, 1.25, 14.75, 3.75], "texture": "#texture"}, "west": {"uv": [12.5, 0.75, 15.5, 3.75], "texture": "#texture"}, "down": {"uv": [12.25, 1.5, 14.75, 4], "texture": "#texture"} } }, { "from": [14, 6.25, 6.5], "to": [14.75, 7.75, 9.5], "faces": { "north": {"uv": [11.75, 1.75, 14.25, 3.75], "texture": "#texture"}, "south": {"uv": [12.25, 1.25, 14.75, 3.75], "texture": "#texture"}, "west": {"uv": [12.5, 0.75, 15.5, 3.75], "texture": "#texture"}, "up": {"uv": [12.75, 1.25, 15.25, 3.25], "texture": "#texture"}, "down": {"uv": [12.25, 1.5, 14.75, 4], "texture": "#texture"} } }, { "from": [14, 5.5, 7.25], "to": [14.75, 8.5, 8.75], "faces": { "north": {"uv": [11.75, 1.75, 14.25, 3.75], "texture": "#texture"}, "south": {"uv": [12.25, 1.25, 14.75, 3.75], "texture": "#texture"}, "west": {"uv": [12.5, 0.75, 15.5, 3.75], "texture": "#texture"}, "up": {"uv": [12.75, 1.25, 15.25, 3.25], "texture": "#texture"}, "down": {"uv": [12.25, 1.5, 14.75, 4], "texture": "#texture"} } }, { "from": [14, 6.69, 6.5], "to": [14.75, 7.75, 7.56], "rotation": {"angle": -45, "axis": "x", "origin": [14, 7.75, 6.5]}, "faces": { "east": {"uv": [12.25, 1.25, 14.75, 3.75], "texture": "#texture"}, "south": {"uv": [12.25, 1.25, 14.75, 3.75], "texture": "#texture"}, "west": {"uv": [12.5, 0.75, 15.5, 3.75], "texture": "#texture"}, "up": {"uv": [12.75, 1.25, 15.25, 3.25], "texture": "#texture"} } }, { "from": [14, 7.44, 8.75], "to": [14.75, 8.5, 9.81], "rotation": {"angle": 45, "axis": "x", "origin": [14, 8.5, 8.75]}, "faces": { "east": {"uv": [12.25, 1.25, 14.75, 3.75], "texture": "#texture"}, "south": {"uv": [12.25, 1.25, 14.75, 3.75], "texture": "#texture"}, "west": {"uv": [12.5, 0.75, 15.5, 3.75], "texture": "#texture"}, "up": {"uv": [12.75, 1.25, 15.25, 3.25], "texture": "#texture"} } }, { "from": [14, 5.94, 8.75], "to": [14.75, 7, 9.81], "rotation": {"angle": 45, "axis": "x", "origin": [14, 7, 8.75]}, "faces": { "east": {"uv": [12.25, 1.25, 14.75, 3.75], "texture": "#texture"}, "south": {"uv": [12.25, 1.25, 14.75, 3.75], "texture": "#texture"}, "west": {"uv": [12.5, 0.75, 15.5, 3.75], "texture": "#texture"} } }, { "from": [14, 5.19, 6.5], "to": [14.75, 6.25, 7.56], "rotation": {"angle": -45, "axis": "x", "origin": [14, 6.25, 6.5]}, "faces": { "north": {"uv": [11.75, 1.75, 14.25, 3.75], "texture": "#texture"}, "east": {"uv": [12.25, 1.25, 14.75, 3.75], "texture": "#texture"}, "west": {"uv": [12.5, 0.75, 15.5, 3.75], "texture": "#texture"}, "down": {"uv": [12.25, 1.5, 14.75, 4], "texture": "#texture"} } }, { "from": [14.75, 5.25, 7], "to": [15.25, 8.75, 9], "faces": { "north": {"uv": [11.75, 1.75, 14.25, 3.75], "texture": "#texture"}, "south": {"uv": [12.25, 1.25, 14.75, 3.75], "texture": "#texture"}, "west": {"uv": [12.5, 0.75, 15.5, 3.75], "texture": "#texture"}, "up": {"uv": [12.75, 1.25, 15.25, 3.25], "texture": "#texture"}, "down": {"uv": [12.25, 1.5, 14.75, 4], "texture": "#texture"} } }, { "from": [14.75, 6, 6.25], "to": [15.25, 8, 9.75], "faces": { "north": {"uv": [11.75, 1.75, 14.25, 3.75], "texture": "#texture"}, "south": {"uv": [12.25, 1.25, 14.75, 3.75], "texture": "#texture"}, "west": {"uv": [12.5, 0.75, 15.5, 3.75], "texture": "#texture"}, "up": {"uv": [12.75, 1.25, 15.25, 3.25], "texture": "#texture"}, "down": {"uv": [12.25, 1.5, 14.75, 4], "texture": "#texture"} } }, { "from": [14.75, 6.94, 6.25], "to": [15.25, 8, 7.31], "rotation": {"angle": -45, "axis": "x", "origin": [14.75, 8, 6.25]}, "faces": { "south": {"uv": [12.25, 1.25, 14.75, 3.75], "texture": "#texture"}, "west": {"uv": [12.5, 0.75, 15.5, 3.75], "texture": "#texture"}, "up": {"uv": [12.75, 1.25, 15.25, 3.25], "texture": "#texture"} } }, { "from": [14.75, 7.69, 9], "to": [15.25, 8.75, 10.06], "rotation": {"angle": 45, "axis": "x", "origin": [14.75, 8.75, 9]}, "faces": { "south": {"uv": [12.25, 1.25, 14.75, 3.75], "texture": "#texture"}, "west": {"uv": [12.5, 0.75, 15.5, 3.75], "texture": "#texture"}, "up": {"uv": [12.75, 1.25, 15.25, 3.25], "texture": "#texture"} } }, { "from": [14.75, 5.69, 9], "to": [15.25, 6.75, 10.06], "rotation": {"angle": 45, "axis": "x", "origin": [14.75, 6.75, 9]}, "faces": { "south": {"uv": [12.25, 1.25, 14.75, 3.75], "texture": "#texture"}, "west": {"uv": [12.5, 0.75, 15.5, 3.75], "texture": "#texture"} } }, { "from": [14.75, 4.94, 6.25], "to": [15.25, 6, 7.31], "rotation": {"angle": -45, "axis": "x", "origin": [14.75, 6, 6.25]}, "faces": { "north": {"uv": [11.75, 1.75, 14.25, 3.75], "texture": "#texture"}, "west": {"uv": [12.5, 0.75, 15.5, 3.75], "texture": "#texture"}, "down": {"uv": [12.25, 1.5, 14.75, 4], "texture": "#texture"} } }, { "from": [7.75, 6, 6.25], "to": [9.75, 8, 9.75], "faces": { "north": {"uv": [11.75, 1.75, 14.25, 3.75], "texture": "#texture"}, "east": {"uv": [12.25, 1.25, 14.75, 3.75], "texture": "#texture"}, "south": {"uv": [12.25, 1.25, 14.75, 3.75], "texture": "#texture"}, "west": {"uv": [12.5, 0.75, 15.5, 3.75], "texture": "#texture"}, "up": {"uv": [12.75, 1.25, 15.25, 3.25], "texture": "#texture"}, "down": {"uv": [12.25, 1.5, 14.75, 4], "texture": "#texture"} } }, { "from": [7.75, 5.25, 7], "to": [9.75, 8.75, 9], "faces": { "north": {"uv": [11.75, 1.75, 14.25, 3.75], "texture": "#texture"}, "east": {"uv": [12.25, 1.25, 14.75, 3.75], "texture": "#texture"}, "south": {"uv": [12.25, 1.25, 14.75, 3.75], "texture": "#texture"}, "west": {"uv": [12.5, 0.75, 15.5, 3.75], "texture": "#texture"}, "up": {"uv": [12.75, 1.25, 15.25, 3.25], "texture": "#texture"}, "down": {"uv": [12.25, 1.5, 14.75, 4], "texture": "#texture"} } }, { "from": [7.75, 6.94, 6.25], "to": [9.75, 8, 7.31], "rotation": {"angle": -45, "axis": "x", "origin": [7.75, 8, 6.25]}, "faces": { "east": {"uv": [12.25, 1.25, 14.75, 3.75], "texture": "#texture"}, "south": {"uv": [12.25, 1.25, 14.75, 3.75], "texture": "#texture"}, "west": {"uv": [12.5, 0.75, 15.5, 3.75], "texture": "#texture"}, "up": {"uv": [12.75, 1.25, 15.25, 3.25], "texture": "#texture"} } }, { "from": [7.75, 5.69, 9], "to": [9.75, 6.75, 10.06], "rotation": {"angle": 45, "axis": "x", "origin": [7.75, 6.75, 9]}, "faces": { "east": {"uv": [12.25, 1.25, 14.75, 3.75], "texture": "#texture"}, "south": {"uv": [12.25, 1.25, 14.75, 3.75], "texture": "#texture"}, "west": {"uv": [12.5, 0.75, 15.5, 3.75], "texture": "#texture"} } }, { "from": [7.75, 4.94, 6.25], "to": [9.75, 6, 7.31], "rotation": {"angle": -45, "axis": "x", "origin": [7.75, 6, 6.25]}, "faces": { "north": {"uv": [11.75, 1.75, 14.25, 3.75], "texture": "#texture"}, "east": {"uv": [12.25, 1.25, 14.75, 3.75], "texture": "#texture"}, "west": {"uv": [12.5, 0.75, 15.5, 3.75], "texture": "#texture"}, "down": {"uv": [12.25, 1.5, 14.75, 4], "texture": "#texture"} } }, { "from": [7, 6, 7], "to": [10.5, 8, 9], "faces": { "north": {"uv": [11.75, 1.75, 14.25, 3.75], "texture": "#texture"}, "east": {"uv": [12.25, 1.25, 14.75, 3.75], "texture": "#texture"}, "south": {"uv": [12.25, 1.25, 14.75, 3.75], "texture": "#texture"}, "west": {"uv": [12.5, 0.75, 15.5, 3.75], "texture": "#texture"}, "up": {"uv": [12.75, 1.25, 15.25, 3.25], "texture": "#texture"}, "down": {"uv": [12.25, 1.5, 14.75, 4], "texture": "#texture"} } }, { "from": [7, 6.94, 7], "to": [8.06, 8, 9], "rotation": {"angle": 45, "axis": "z", "origin": [7, 8, 7]}, "faces": { "north": {"uv": [11.75, 1.75, 14.25, 3.75], "texture": "#texture"}, "east": {"uv": [12.25, 1.25, 14.75, 3.75], "texture": "#texture"}, "south": {"uv": [12.25, 1.25, 14.75, 3.75], "texture": "#texture"}, "up": {"uv": [12.75, 1.25, 15.25, 3.25], "texture": "#texture"} } }, { "from": [9.75, 7.69, 7], "to": [10.81, 8.75, 9], "rotation": {"angle": -45, "axis": "z", "origin": [9.75, 8.75, 7]}, "faces": { "north": {"uv": [11.75, 1.75, 14.25, 3.75], "texture": "#texture"}, "east": {"uv": [12.25, 1.25, 14.75, 3.75], "texture": "#texture"}, "south": {"uv": [12.25, 1.25, 14.75, 3.75], "texture": "#texture"}, "up": {"uv": [12.75, 1.25, 15.25, 3.25], "texture": "#texture"} } }, { "from": [9.75, 5.69, 7], "to": [10.81, 6.75, 9], "rotation": {"angle": -45, "axis": "z", "origin": [9.75, 6.75, 7]}, "faces": { "north": {"uv": [11.75, 1.75, 14.25, 3.75], "texture": "#texture"}, "east": {"uv": [12.25, 1.25, 14.75, 3.75], "texture": "#texture"}, "south": {"uv": [12.25, 1.25, 14.75, 3.75], "texture": "#texture"} } }, { "from": [7, 4.94, 7], "to": [8.06, 6, 9], "rotation": {"angle": 45, "axis": "z", "origin": [7, 6, 7]}, "faces": { "north": {"uv": [11.75, 1.75, 14.25, 3.75], "texture": "#texture"}, "south": {"uv": [12.25, 1.25, 14.75, 3.75], "texture": "#texture"}, "west": {"uv": [12.5, 0.75, 15.5, 3.75], "texture": "#texture"}, "down": {"uv": [12.25, 1.5, 14.75, 4], "texture": "#texture"} } }, { "from": [7, 6, 7], "to": [8.06, 8, 8.06], "rotation": {"angle": 45, "axis": "y", "origin": [7, 6, 7]}, "faces": { "north": {"uv": [11.75, 1.75, 14.25, 3.75], "texture": "#texture"}, "east": {"uv": [12.25, 1.25, 14.75, 3.75], "texture": "#texture"}, "up": {"uv": [12.75, 1.25, 15.25, 3.25], "texture": "#texture"}, "down": {"uv": [12.25, 1.5, 14.75, 4], "texture": "#texture"} } }, { "from": [9.75, 6, 6.25], "to": [10.81, 8, 7.31], "rotation": {"angle": -45, "axis": "y", "origin": [9.75, 6, 6.25]}, "faces": { "north": {"uv": [11.75, 1.75, 14.25, 3.75], "texture": "#texture"}, "east": {"uv": [12.25, 1.25, 14.75, 3.75], "texture": "#texture"}, "up": {"uv": [12.75, 1.25, 15.25, 3.25], "texture": "#texture"}, "down": {"uv": [12.25, 1.5, 14.75, 4], "texture": "#texture"} } }, { "from": [9.75, 6, 8.25], "to": [10.81, 8, 9.31], "rotation": {"angle": -45, "axis": "y", "origin": [9.75, 6, 8.25]}, "faces": { "east": {"uv": [12.25, 1.25, 14.75, 3.75], "texture": "#texture"}, "up": {"uv": [12.75, 1.25, 15.25, 3.25], "texture": "#texture"}, "down": {"uv": [12.25, 1.5, 14.75, 4], "texture": "#texture"} } }, { "from": [7, 6, 9], "to": [8.06, 8, 10.06], "rotation": {"angle": 45, "axis": "y", "origin": [7, 6, 9]}, "faces": { "south": {"uv": [12.25, 1.25, 14.75, 3.75], "texture": "#texture"}, "west": {"uv": [12.5, 0.75, 15.5, 3.75], "texture": "#texture"}, "up": {"uv": [12.75, 1.25, 15.25, 3.25], "texture": "#texture"}, "down": {"uv": [12.25, 1.5, 14.75, 4], "texture": "#texture"} } }, { "from": [8, 6.75, 5.5], "to": [9.5, 7.25, 10.5], "faces": { "north": {"uv": [6.5, 1, 9, 3], "texture": "#texture"}, "east": {"uv": [7, 1, 9.5, 3.5], "texture": "#texture"}, "south": {"uv": [6.5, 1.5, 9, 4], "texture": "#texture"}, "west": {"uv": [6, 1, 9, 4], "texture": "#texture"}, "up": {"uv": [6, 1.5, 8.5, 3.5], "texture": "#texture"}, "down": {"uv": [6.5, 1.5, 9, 4], "texture": "#texture"} } }, { "from": [8.5, 6.25, 5.5], "to": [9, 7.75, 10.5], "faces": { "north": {"uv": [6.5, 1, 9, 3], "texture": "#texture"}, "south": {"uv": [6.5, 1.5, 9, 4], "texture": "#texture"}, "west": {"uv": [6, 1, 9, 4], "texture": "#texture"}, "up": {"uv": [6, 1.5, 8.5, 3.5], "texture": "#texture"}, "down": {"uv": [6.5, 1.5, 9, 4], "texture": "#texture"} } }, { "from": [8, 5.835, 5.5], "to": [8.705, 7.25, 10.5], "rotation": {"angle": 45, "axis": "z", "origin": [8, 7.25, 5.5]}, "faces": { "north": {"uv": [6.5, 1, 9, 3], "texture": "#texture"}, "east": {"uv": [7, 1, 9.5, 3.5], "texture": "#texture"}, "south": {"uv": [6.5, 1.5, 9, 4], "texture": "#texture"}, "west": {"uv": [6, 1, 9, 4], "texture": "#texture"}, "up": {"uv": [6, 1.5, 8.5, 3.5], "texture": "#texture"}, "down": {"uv": [6.5, 1.5, 9, 4], "texture": "#texture"} } }, { "from": [9, 6.335, 5.5], "to": [9.705, 7.75, 10.5], "rotation": {"angle": -45, "axis": "z", "origin": [9, 7.75, 5.5]}, "faces": { "north": {"uv": [6.5, 1, 9, 3], "texture": "#texture"}, "east": {"uv": [7, 1, 9.5, 3.5], "texture": "#texture"}, "south": {"uv": [6.5, 1.5, 9, 4], "texture": "#texture"}, "west": {"uv": [6, 1, 9, 4], "texture": "#texture"}, "up": {"uv": [6, 1.5, 8.5, 3.5], "texture": "#texture"}, "down": {"uv": [6.5, 1.5, 9, 4], "texture": "#texture"} } }, { "from": [5, 7.5, 6.5], "to": [5.75, 7.75, 9.5], "faces": { "north": {"uv": [6.5, 1, 9, 3], "texture": "#texture"}, "east": {"uv": [7, 1, 9.5, 3.5], "texture": "#texture"}, "south": {"uv": [6.5, 1.5, 9, 4], "texture": "#texture"}, "west": {"uv": [6, 1, 9, 4], "texture": "#texture"}, "up": {"uv": [6, 1.5, 8.5, 3.5], "texture": "#texture"}, "down": {"uv": [6.5, 1.5, 9, 4], "texture": "#texture"} } }, { "from": [7.75, 7.69, 9], "to": [9.75, 8.75, 10.06], "rotation": {"angle": 45, "axis": "x", "origin": [7.75, 8.75, 9]}, "faces": { "east": {"uv": [12.25, 1.25, 14.75, 3.75], "texture": "#texture"}, "south": {"uv": [12.25, 1.25, 14.75, 3.75], "texture": "#texture"}, "west": {"uv": [12.5, 0.75, 15.5, 3.75], "texture": "#texture"}, "up": {"uv": [12.75, 1.25, 15.25, 3.25], "texture": "#texture"} } }, { "from": [5, 7.25, 6.625], "to": [5.75, 7.5, 9.375], "faces": { "north": {"uv": [6.5, 1, 9, 3], "texture": "#texture"}, "east": {"uv": [7, 1, 9.5, 3.5], "texture": "#texture"}, "south": {"uv": [6.5, 1.5, 9, 4], "texture": "#texture"}, "west": {"uv": [6, 1, 9, 4], "texture": "#texture"} } }, { "from": [11.75, 7.5, 6.5], "to": [12.5, 7.75, 9.5], "faces": { "north": {"uv": [6.5, 1, 9, 3], "texture": "#texture"}, "east": {"uv": [7, 1, 9.5, 3.5], "texture": "#texture"}, "south": {"uv": [6.5, 1.5, 9, 4], "texture": "#texture"}, "west": {"uv": [6, 1, 9, 4], "texture": "#texture"}, "up": {"uv": [6, 1.5, 8.5, 3.5], "texture": "#texture"}, "down": {"uv": [6.5, 1.5, 9, 4], "texture": "#texture"} } }, { "from": [11.75, 7.25, 6.625], "to": [12.5, 7.5, 9.375], "faces": { "north": {"uv": [6.5, 1, 9, 3], "texture": "#texture"}, "east": {"uv": [7, 1, 9.5, 3.5], "texture": "#texture"}, "south": {"uv": [6.5, 1.5, 9, 4], "texture": "#texture"}, "west": {"uv": [6, 1, 9, 4], "texture": "#texture"} } }, { "from": [5.4375, 7.625, 6.5625], "to": [5.6875, 8.0625, 9.4375], "faces": { "north": {"uv": [11.75, 1.75, 14.25, 3.75], "texture": "#texture"}, "east": {"uv": [12.25, 1.25, 14.75, 3.75], "texture": "#texture"}, "south": {"uv": [12.25, 1.25, 14.75, 3.75], "texture": "#texture"}, "west": {"uv": [12.5, 0.75, 15.5, 3.75], "texture": "#texture"}, "up": {"uv": [12.75, 1.25, 15.25, 3.25], "texture": "#texture"} } }, { "from": [5.0625, 7.625, 6.5625], "to": [5.3125, 8.0625, 9.4375], "faces": { "north": {"uv": [11.75, 1.75, 14.25, 3.75], "texture": "#texture"}, "east": {"uv": [12.25, 1.25, 14.75, 3.75], "texture": "#texture"}, "south": {"uv": [12.25, 1.25, 14.75, 3.75], "texture": "#texture"}, "west": {"uv": [12.5, 0.75, 15.5, 3.75], "texture": "#texture"}, "up": {"uv": [12.75, 1.25, 15.25, 3.25], "texture": "#texture"} } }, { "from": [11.8125, 7.625, 6.5625], "to": [12.0625, 8.0625, 9.4375], "faces": { "north": {"uv": [11.75, 1.75, 14.25, 3.75], "texture": "#texture"}, "east": {"uv": [12.25, 1.25, 14.75, 3.75], "texture": "#texture"}, "south": {"uv": [12.25, 1.25, 14.75, 3.75], "texture": "#texture"}, "west": {"uv": [12.5, 0.75, 15.5, 3.75], "texture": "#texture"}, "up": {"uv": [12.75, 1.25, 15.25, 3.25], "texture": "#texture"} } }, { "from": [12.1875, 7.625, 6.5625], "to": [12.4375, 8.0625, 9.4375], "faces": { "north": {"uv": [11.75, 1.75, 14.25, 3.75], "texture": "#texture"}, "east": {"uv": [12.25, 1.25, 14.75, 3.75], "texture": "#texture"}, "south": {"uv": [12.25, 1.25, 14.75, 3.75], "texture": "#texture"}, "west": {"uv": [12.5, 0.75, 15.5, 3.75], "texture": "#texture"}, "up": {"uv": [12.75, 1.25, 15.25, 3.25], "texture": "#texture"} } }, { "name": "scope_front", "from": [15.25, 5.25, 7], "to": [15.75, 8.75, 9], "faces": { "north": {"uv": [7.75, 7, 10.25, 9], "texture": "#texture"}, "south": {"uv": [7.5, 6.75, 10, 9.25], "texture": "#texture"}, "up": {"uv": [6.75, 6.5, 9.25, 8.5], "texture": "#texture"}, "down": {"uv": [7.25, 6.75, 9.75, 9.25], "texture": "#texture"} } }, { "name": "scope_front", "from": [15.25, 6, 6.25], "to": [15.75, 8, 9.75], "faces": { "north": {"uv": [7.75, 7, 10.25, 9], "texture": "#texture"}, "south": {"uv": [7.5, 6.75, 10, 9.25], "texture": "#texture"}, "up": {"uv": [6.75, 6.5, 9.25, 8.5], "texture": "#texture"}, "down": {"uv": [7.25, 6.75, 9.75, 9.25], "texture": "#texture"} } }, { "name": "scope_front", "from": [15.25, 6.94, 6.25], "to": [15.75, 8, 7.31], "rotation": {"angle": -45, "axis": "x", "origin": [15.25, 8, 6.25]}, "faces": { "south": {"uv": [7.5, 6.75, 10, 9.25], "texture": "#texture"}, "up": {"uv": [6.75, 6.5, 9.25, 8.5], "texture": "#texture"} } }, { "name": "scope_front", "from": [15.25, 7.69, 9], "to": [15.75, 8.75, 10.06], "rotation": {"angle": 45, "axis": "x", "origin": [15.25, 8.75, 9]}, "faces": { "south": {"uv": [7.5, 6.75, 10, 9.25], "texture": "#texture"}, "up": {"uv": [6.75, 6.5, 9.25, 8.5], "texture": "#texture"} } }, { "name": "scope_front", "from": [15.25, 5.69, 9], "to": [15.75, 6.75, 10.06], "rotation": {"angle": 45, "axis": "x", "origin": [15.25, 6.75, 9]}, "faces": { "south": {"uv": [7.5, 6.75, 10, 9.25], "texture": "#texture"} } }, { "name": "scope_front", "from": [15.25, 4.94, 6.25], "to": [15.75, 6, 7.31], "rotation": {"angle": -45, "axis": "x", "origin": [15.25, 6, 6.25]}, "faces": { "north": {"uv": [7.75, 7, 10.25, 9], "texture": "#texture"}, "down": {"uv": [7.25, 6.75, 9.75, 9.25], "texture": "#texture"} } }, { "from": [15.75, 5.25, 7], "to": [17.75, 8.75, 9], "faces": { "north": {"uv": [11.75, 1.75, 14.25, 3.75], "texture": "#texture"}, "east": {"uv": [12.25, 1.25, 14.75, 3.75], "texture": "#texture"}, "south": {"uv": [12.25, 1.25, 14.75, 3.75], "texture": "#texture"}, "up": {"uv": [12.75, 1.25, 15.25, 3.25], "texture": "#texture"}, "down": {"uv": [12.25, 1.5, 14.75, 4], "texture": "#texture"} } }, { "from": [15.75, 6, 6.25], "to": [17.75, 8, 9.75], "faces": { "north": {"uv": [11.75, 1.75, 14.25, 3.75], "texture": "#texture"}, "east": {"uv": [12.25, 1.25, 14.75, 3.75], "texture": "#texture"}, "south": {"uv": [12.25, 1.25, 14.75, 3.75], "texture": "#texture"}, "up": {"uv": [12.75, 1.25, 15.25, 3.25], "texture": "#texture"}, "down": {"uv": [12.25, 1.5, 14.75, 4], "texture": "#texture"} } }, { "from": [15.75, 6.94, 6.25], "to": [17.75, 8, 7.31], "rotation": {"angle": -45, "axis": "x", "origin": [15.75, 8, 6.25]}, "faces": { "east": {"uv": [12.25, 1.25, 14.75, 3.75], "texture": "#texture"}, "south": {"uv": [12.25, 1.25, 14.75, 3.75], "texture": "#texture"}, "up": {"uv": [12.75, 1.25, 15.25, 3.25], "texture": "#texture"} } }, { "from": [15.75, 7.69, 9], "to": [17.75, 8.75, 10.06], "rotation": {"angle": 45, "axis": "x", "origin": [15.75, 8.75, 9]}, "faces": { "east": {"uv": [12.25, 1.25, 14.75, 3.75], "texture": "#texture"}, "south": {"uv": [12.25, 1.25, 14.75, 3.75], "texture": "#texture"}, "up": {"uv": [12.75, 1.25, 15.25, 3.25], "texture": "#texture"} } }, { "from": [15.75, 5.69, 9], "to": [17.75, 6.75, 10.06], "rotation": {"angle": 45, "axis": "x", "origin": [15.75, 6.75, 9]}, "faces": { "east": {"uv": [12.25, 1.25, 14.75, 3.75], "texture": "#texture"}, "south": {"uv": [12.25, 1.25, 14.75, 3.75], "texture": "#texture"} } }, { "from": [15.75, 4.94, 6.25], "to": [17.75, 6, 7.31], "rotation": {"angle": -45, "axis": "x", "origin": [15.75, 6, 6.25]}, "faces": { "north": {"uv": [11.75, 1.75, 14.25, 3.75], "texture": "#texture"}, "east": {"uv": [12.25, 1.25, 14.75, 3.75], "texture": "#texture"}, "down": {"uv": [12.25, 1.5, 14.75, 4], "texture": "#texture"} } }, { "name": "scope_front*", "from": [17.75, 8.5, 7], "to": [18.25, 9, 9], "faces": { "east": {"uv": [7.25, 7.75, 9.75, 10.25], "texture": "#texture"}, "west": {"uv": [6.75, 6.75, 9.75, 9.75], "texture": "#texture"}, "up": {"uv": [6.75, 6.5, 9.25, 8.5], "texture": "#texture"}, "down": {"uv": [7.25, 6.75, 9.75, 9.25], "texture": "#texture"} } }, { "name": "scope_front*", "from": [17.75, 6, 6], "to": [18.25, 8, 6.5], "faces": { "north": {"uv": [7.75, 7, 10.25, 9], "texture": "#texture"}, "east": {"uv": [7.25, 7.75, 9.75, 10.25], "texture": "#texture"}, "south": {"uv": [7.5, 6.75, 10, 9.25], "texture": "#texture"}, "west": {"uv": [6.75, 6.75, 9.75, 9.75], "texture": "#texture"}, "down": {"uv": [7.25, 6.75, 9.75, 9.25], "texture": "#texture"} } }, { "name": "scope_front*", "from": [17.75, 7.47, 6], "to": [18.25, 8, 7.415], "rotation": {"angle": -45, "axis": "x", "origin": [17.75, 8, 6]}, "faces": { "east": {"uv": [7.25, 7.75, 9.75, 10.25], "texture": "#texture"}, "south": {"uv": [7.5, 6.75, 10, 9.25], "texture": "#texture"}, "west": {"uv": [6.75, 6.75, 9.75, 9.75], "texture": "#texture"}, "up": {"uv": [6.75, 6.5, 9.25, 8.5], "texture": "#texture"}, "down": {"uv": [7.25, 6.75, 9.75, 9.25], "texture": "#texture"} } }, { "name": "scope_front*", "from": [17.75, 8.47, 9], "to": [18.25, 9, 10.415], "rotation": {"angle": 45, "axis": "x", "origin": [17.75, 9, 9]}, "faces": { "east": {"uv": [7.25, 7.75, 9.75, 10.25], "texture": "#texture"}, "south": {"uv": [7.5, 6.75, 10, 9.25], "texture": "#texture"}, "west": {"uv": [6.75, 6.75, 9.75, 9.75], "texture": "#texture"}, "up": {"uv": [6.75, 6.5, 9.25, 8.5], "texture": "#texture"}, "down": {"uv": [7.25, 6.75, 9.75, 9.25], "texture": "#texture"} } }, { "name": "scope_front*", "from": [17.75, 4.845, 8.625], "to": [18.25, 5.375, 10.04], "rotation": {"angle": -45, "axis": "x", "origin": [17.75, 5.375, 8.625]}, "faces": { "east": {"uv": [7.25, 7.75, 9.75, 10.25], "texture": "#texture"}, "south": {"uv": [7.5, 6.75, 10, 9.25], "texture": "#texture"}, "west": {"uv": [6.75, 6.75, 9.75, 9.75], "texture": "#texture"}, "up": {"uv": [6.75, 6.5, 9.25, 8.5], "texture": "#texture"}, "down": {"uv": [7.25, 6.75, 9.75, 9.25], "texture": "#texture"} } }, { "name": "scope_front*", "from": [17.75, 5.845, 6.375], "to": [18.25, 6.375, 7.79], "rotation": {"angle": 45, "axis": "x", "origin": [17.75, 6.375, 6.375]}, "faces": { "east": {"uv": [7.25, 7.75, 9.75, 10.25], "texture": "#texture"}, "south": {"uv": [7.5, 6.75, 10, 9.25], "texture": "#texture"}, "west": {"uv": [6.75, 6.75, 9.75, 9.75], "texture": "#texture"}, "up": {"uv": [6.75, 6.5, 9.25, 8.5], "texture": "#texture"}, "down": {"uv": [7.25, 6.75, 9.75, 9.25], "texture": "#texture"} } }, { "from": [-0.75, 6.25, 6.5], "to": [1.25, 7.75, 7], "faces": { "north": {"uv": [11.75, 1.75, 14.25, 3.75], "texture": "#texture"}, "east": {"uv": [12.25, 1.25, 14.75, 3.75], "texture": "#texture"}, "south": {"uv": [12.25, 1.25, 14.75, 3.75], "texture": "#texture"}, "west": {"uv": [12.5, 0.75, 15.5, 3.75], "texture": "#texture"}, "down": {"uv": [12.25, 1.5, 14.75, 4], "texture": "#texture"} } }, { "from": [-0.75, 8, 7.25], "to": [1.25, 8.5, 8.75], "faces": { "north": {"uv": [11.75, 1.75, 14.25, 3.75], "texture": "#texture"}, "east": {"uv": [12.25, 1.25, 14.75, 3.75], "texture": "#texture"}, "west": {"uv": [12.5, 0.75, 15.5, 3.75], "texture": "#texture"}, "up": {"uv": [12.75, 1.25, 15.25, 3.25], "texture": "#texture"}, "down": {"uv": [12.25, 1.5, 14.75, 4], "texture": "#texture"} } }, { "from": [-0.75, 7.22, 6.5], "to": [1.25, 7.75, 7.56], "rotation": {"angle": -45, "axis": "x", "origin": [-0.75, 7.75, 6.5]}, "faces": { "east": {"uv": [12.25, 1.25, 14.75, 3.75], "texture": "#texture"}, "south": {"uv": [12.25, 1.25, 14.75, 3.75], "texture": "#texture"}, "west": {"uv": [12.5, 0.75, 15.5, 3.75], "texture": "#texture"}, "up": {"uv": [12.75, 1.25, 15.25, 3.25], "texture": "#texture"}, "down": {"uv": [12.25, 1.5, 14.75, 4], "texture": "#texture"} } }, { "from": [-0.75, 7.97, 8.75], "to": [1.25, 8.5, 9.81], "rotation": {"angle": 45, "axis": "x", "origin": [-0.75, 8.5, 8.75]}, "faces": { "east": {"uv": [12.25, 1.25, 14.75, 3.75], "texture": "#texture"}, "south": {"uv": [12.25, 1.25, 14.75, 3.75], "texture": "#texture"}, "west": {"uv": [12.5, 0.75, 15.5, 3.75], "texture": "#texture"}, "up": {"uv": [12.75, 1.25, 15.25, 3.25], "texture": "#texture"}, "down": {"uv": [12.25, 1.5, 14.75, 4], "texture": "#texture"} } }, { "from": [-0.75, 5.345, 8.375], "to": [1.25, 5.875, 9.435], "rotation": {"angle": -45, "axis": "x", "origin": [-0.75, 5.875, 8.375]}, "faces": { "east": {"uv": [12.25, 1.25, 14.75, 3.75], "texture": "#texture"}, "south": {"uv": [12.25, 1.25, 14.75, 3.75], "texture": "#texture"}, "west": {"uv": [12.5, 0.75, 15.5, 3.75], "texture": "#texture"}, "up": {"uv": [12.75, 1.25, 15.25, 3.25], "texture": "#texture"}, "down": {"uv": [12.25, 1.5, 14.75, 4], "texture": "#texture"} } }, { "from": [-0.75, 6.095, 6.875], "to": [1.25, 6.625, 7.935], "rotation": {"angle": 45, "axis": "x", "origin": [-0.75, 6.625, 6.875]}, "faces": { "east": {"uv": [12.25, 1.25, 14.75, 3.75], "texture": "#texture"}, "south": {"uv": [12.25, 1.25, 14.75, 3.75], "texture": "#texture"}, "west": {"uv": [12.5, 0.75, 15.5, 3.75], "texture": "#texture"}, "up": {"uv": [12.75, 1.25, 15.25, 3.25], "texture": "#texture"}, "down": {"uv": [12.25, 1.5, 14.75, 4], "texture": "#texture"} } }, { "name": "scope_front*", "from": [17.5, 8.75, 7.25], "to": [18.25, 9.25, 8.75], "faces": { "north": {"uv": [7.75, 7, 10.25, 9], "texture": "#texture"}, "east": {"uv": [7.25, 7.75, 9.75, 10.25], "texture": "#texture"}, "south": {"uv": [7.5, 6.75, 10, 9.25], "texture": "#texture"}, "west": {"uv": [6.75, 6.75, 9.75, 9.75], "texture": "#texture"}, "up": {"uv": [6.75, 6.5, 9.25, 8.5], "texture": "#texture"} } }, { "name": "scope_front*", "from": [-0.75, 8.5, 7.25], "to": [0, 9, 8.75], "faces": { "north": {"uv": [7.75, 7, 10.25, 9], "texture": "#texture"}, "east": {"uv": [7.25, 7.75, 9.75, 10.25], "texture": "#texture"}, "south": {"uv": [7.5, 6.75, 10, 9.25], "texture": "#texture"}, "west": {"uv": [6.75, 6.75, 9.75, 9.75], "texture": "#texture"}, "up": {"uv": [6.75, 6.5, 9.25, 8.5], "texture": "#texture"} } }, { "name": "scope_front*", "from": [-0.25, 9.145, 7.25], "to": [0.75, 9.5, 7.5], "rotation": {"angle": -22.5, "axis": "z", "origin": [-0.25, 9.5, 7.25]}, "faces": { "north": {"uv": [7.25, 2.75, 9.75, 4.75], "texture": "#texture"}, "south": {"uv": [7, 2.75, 9.5, 5.25], "texture": "#texture"}, "up": {"uv": [7.25, 1.75, 9.75, 3.75], "texture": "#texture"}, "down": {"uv": [6.75, 2, 9.25, 4.5], "texture": "#texture"} } }, { "name": "scope_front*", "from": [-0.5, 9.25, 7.5], "to": [-0.25, 9.5, 8.5], "faces": { "up": {"uv": [6.75, 6.5, 9.25, 8.5], "texture": "#texture"} } }, { "name": "scope_front*", "from": [-0.75, 9, 7.5], "to": [0, 9.25, 8.5], "faces": { "north": {"uv": [7.75, 7, 10.25, 9], "texture": "#texture"}, "east": {"uv": [7.25, 7.75, 9.75, 10.25], "texture": "#texture"}, "south": {"uv": [7.5, 6.75, 10, 9.25], "texture": "#texture"}, "west": {"uv": [6.75, 6.75, 9.75, 9.75], "texture": "#texture"} } }, { "name": "scope_front*", "from": [-0.75, 8.895, 7.5], "to": [-0.395, 9.25, 8.5], "rotation": {"angle": 45, "axis": "z", "origin": [-0.75, 9.25, 7.5]}, "faces": { "north": {"uv": [7.75, 7, 10.25, 9], "texture": "#texture"}, "east": {"uv": [7.25, 7.75, 9.75, 10.25], "texture": "#texture"}, "south": {"uv": [7.5, 6.75, 10, 9.25], "texture": "#texture"}, "up": {"uv": [6.75, 6.5, 9.25, 8.5], "texture": "#texture"} } }, { "name": "scope_front*", "from": [-0.25, 9.145, 7.5], "to": [0.105, 9.5, 8.5], "rotation": {"angle": -45, "axis": "z", "origin": [-0.25, 9.5, 7.5]}, "faces": { "north": {"uv": [7.75, 7, 10.25, 9], "texture": "#texture"}, "east": {"uv": [7.25, 7.75, 9.75, 10.25], "texture": "#texture"}, "south": {"uv": [7.5, 6.75, 10, 9.25], "texture": "#texture"}, "up": {"uv": [6.75, 6.5, 9.25, 8.5], "texture": "#texture"} } }, { "name": "scope_front*", "from": [17.5, 9.25, 7.5], "to": [18.25, 9.5, 8.5], "faces": { "north": {"uv": [7.75, 7, 10.25, 9], "texture": "#texture"}, "east": {"uv": [7.25, 7.75, 9.75, 10.25], "texture": "#texture"}, "south": {"uv": [7.5, 6.75, 10, 9.25], "texture": "#texture"}, "west": {"uv": [6.75, 6.75, 9.75, 9.75], "texture": "#texture"} } }, { "name": "scope_front*", "from": [17.75, 9.5, 7.5], "to": [18, 9.75, 8.5], "faces": { "up": {"uv": [6.75, 6.5, 9.25, 8.5], "texture": "#texture"} } }, { "name": "scope_front*", "from": [18, 9.395, 7.5], "to": [18.355, 9.75, 8.5], "rotation": {"angle": -45, "axis": "z", "origin": [18, 9.75, 7.5]}, "faces": { "north": {"uv": [7.75, 7, 10.25, 9], "texture": "#texture"}, "east": {"uv": [7.25, 7.75, 9.75, 10.25], "texture": "#texture"}, "south": {"uv": [7.5, 6.75, 10, 9.25], "texture": "#texture"}, "up": {"uv": [6.75, 6.5, 9.25, 8.5], "texture": "#texture"} } }, { "name": "scope_cap", "from": [17.5, 9.145, 7.5], "to": [17.855, 9.5, 8.5], "rotation": {"angle": 45, "axis": "z", "origin": [17.5, 9.5, 7.5]}, "faces": { "north": {"uv": [7.75, 7, 10.25, 9], "texture": "#texture"}, "east": {"uv": [7.25, 7.75, 9.75, 10.25], "texture": "#texture"}, "south": {"uv": [7.5, 6.75, 10, 9.25], "texture": "#texture"}, "up": {"uv": [6.75, 6.5, 9.25, 8.5], "texture": "#texture"} } }, { "name": "scope_cap", "from": [-0.25, 9.145, 8.5], "to": [0.75, 9.5, 8.75], "rotation": {"angle": -22.5, "axis": "z", "origin": [-0.25, 9.5, 8.5]}, "faces": { "north": {"uv": [7.25, 2.75, 9.75, 4.75], "texture": "#texture"}, "south": {"uv": [7, 2.75, 9.5, 5.25], "texture": "#texture"}, "up": {"uv": [7.25, 1.75, 9.75, 3.75], "texture": "#texture"}, "down": {"uv": [6.75, 2, 9.25, 4.5], "texture": "#texture"} } }, { "name": "scope_cap*", "from": [-0.5, 9, 8.5], "to": [-0.25, 9.5, 8.75], "faces": { "east": {"uv": [6.75, 1.5, 9.25, 4], "texture": "#texture"}, "south": {"uv": [7, 2.75, 9.5, 5.25], "texture": "#texture"}, "west": {"uv": [6.5, 1, 9.5, 4], "texture": "#texture"}, "up": {"uv": [7.25, 1.75, 9.75, 3.75], "texture": "#texture"} } }, { "name": "scope_cap*", "from": [-0.5, 9, 7.25], "to": [-0.25, 9.5, 7.5], "faces": { "north": {"uv": [7.25, 2.75, 9.75, 4.75], "texture": "#texture"}, "east": {"uv": [6.75, 1.5, 9.25, 4], "texture": "#texture"}, "west": {"uv": [6.5, 1, 9.5, 4], "texture": "#texture"}, "up": {"uv": [7.25, 1.75, 9.75, 3.75], "texture": "#texture"} } }, { "name": "scope_cap*", "from": [0.25, 8.875, 7.25], "to": [0.75, 9.375, 8.75], "rotation": {"angle": -22.5, "axis": "z", "origin": [0.25, 9.375, 7.25]}, "faces": { "north": {"uv": [7.25, 2.75, 9.75, 4.75], "texture": "#texture"}, "east": {"uv": [6.75, 1.5, 9.25, 4], "texture": "#texture"}, "south": {"uv": [7, 2.75, 9.5, 5.25], "texture": "#texture"}, "west": {"uv": [6.5, 1, 9.5, 4], "texture": "#texture"}, "up": {"uv": [7.25, 1.75, 9.75, 3.75], "texture": "#texture"}, "down": {"uv": [6.75, 2, 9.25, 4.5], "texture": "#texture"} } }, { "from": [0.375, 9.75, 6.5], "to": [0.625, 11.25, 9.5], "faces": { "north": {"uv": [11.75, 1.75, 14.25, 3.75], "texture": "#texture"}, "east": {"uv": [12.25, 1.25, 14.75, 3.75], "texture": "#texture"}, "south": {"uv": [12.25, 1.25, 14.75, 3.75], "texture": "#texture"}, "west": {"uv": [12.5, 0.75, 15.5, 3.75], "texture": "#texture"}, "up": {"uv": [12.75, 1.25, 15.25, 3.25], "texture": "#texture"}, "down": {"uv": [12.25, 1.5, 14.75, 4], "texture": "#texture"} } }, { "from": [0.375, 10.19, 6.5], "to": [0.625, 11.25, 7.56], "rotation": {"angle": -45, "axis": "x", "origin": [0.375, 11.25, 6.5]}, "faces": { "east": {"uv": [12.25, 1.25, 14.75, 3.75], "texture": "#texture"}, "south": {"uv": [12.25, 1.25, 14.75, 3.75], "texture": "#texture"}, "west": {"uv": [12.5, 0.75, 15.5, 3.75], "texture": "#texture"}, "up": {"uv": [12.75, 1.25, 15.25, 3.25], "texture": "#texture"} } }, { "from": [0.375, 10.94, 8.75], "to": [0.625, 12, 9.81], "rotation": {"angle": 45, "axis": "x", "origin": [0.375, 12, 8.75]}, "faces": { "east": {"uv": [12.25, 1.25, 14.75, 3.75], "texture": "#texture"}, "south": {"uv": [12.25, 1.25, 14.75, 3.75], "texture": "#texture"}, "west": {"uv": [12.5, 0.75, 15.5, 3.75], "texture": "#texture"}, "up": {"uv": [12.75, 1.25, 15.25, 3.25], "texture": "#texture"} } }, { "from": [0.375, 8.69, 6.5], "to": [0.625, 9.75, 7.56], "rotation": {"angle": -45, "axis": "x", "origin": [0.375, 9.75, 6.5]}, "faces": { "north": {"uv": [11.75, 1.75, 14.25, 3.75], "texture": "#texture"}, "east": {"uv": [12.25, 1.25, 14.75, 3.75], "texture": "#texture"}, "west": {"uv": [12.5, 0.75, 15.5, 3.75], "texture": "#texture"}, "down": {"uv": [12.25, 1.5, 14.75, 4], "texture": "#texture"} } }, { "from": [0.375, 9.44, 8.75], "to": [0.625, 10.5, 9.81], "rotation": {"angle": 45, "axis": "x", "origin": [0.375, 10.5, 8.75]}, "faces": { "east": {"uv": [12.25, 1.25, 14.75, 3.75], "texture": "#texture"}, "south": {"uv": [12.25, 1.25, 14.75, 3.75], "texture": "#texture"}, "west": {"uv": [12.5, 0.75, 15.5, 3.75], "texture": "#texture"} } }, { "from": [0.375, 9, 7.25], "to": [0.625, 12, 8.75], "faces": { "north": {"uv": [11.75, 1.75, 14.25, 3.75], "texture": "#texture"}, "east": {"uv": [12.25, 1.25, 14.75, 3.75], "texture": "#texture"}, "south": {"uv": [12.25, 1.25, 14.75, 3.75], "texture": "#texture"}, "west": {"uv": [12.5, 0.75, 15.5, 3.75], "texture": "#texture"}, "up": {"uv": [12.75, 1.25, 15.25, 3.25], "texture": "#texture"} } }, { "name": "cap_inner", "from": [0.125, 11.25, 7.25], "to": [0.375, 11.5, 8.75], "faces": { "west": {"uv": [7, 7, 10, 10], "texture": "#texture"}, "up": {"uv": [7.25, 6.75, 9.75, 8.75], "texture": "#texture"}, "down": {"uv": [7, 6, 9.5, 8.5], "texture": "#texture"} } }, { "name": "cap_inner", "from": [0.125, 9.5, 7.25], "to": [0.375, 9.75, 8.75], "faces": { "west": {"uv": [7, 7, 10, 10], "texture": "#texture"}, "up": {"uv": [7.25, 6.75, 9.75, 8.75], "texture": "#texture"}, "down": {"uv": [7, 6, 9.5, 8.5], "texture": "#texture"} } }, { "name": "cap_inner", "from": [0.125, 9.75, 7], "to": [0.375, 11.25, 7.25], "faces": { "north": {"uv": [7.25, 6.75, 9.75, 8.75], "texture": "#texture"}, "south": {"uv": [6.75, 7.25, 9.25, 9.75], "texture": "#texture"}, "west": {"uv": [7, 7, 10, 10], "texture": "#texture"} } }, { "name": "cap_inner", "from": [0.125, 9.75, 8.75], "to": [0.375, 11.25, 9], "faces": { "north": {"uv": [7.25, 6.75, 9.75, 8.75], "texture": "#texture"}, "south": {"uv": [6.75, 7.25, 9.25, 9.75], "texture": "#texture"}, "west": {"uv": [7, 7, 10, 10], "texture": "#texture"} } }, { "name": "cap_inner", "from": [0.125, 10.895, 7], "to": [0.375, 11.25, 7.355], "rotation": {"angle": -45, "axis": "x", "origin": [0.125, 11.25, 7]}, "faces": { "north": {"uv": [7.25, 6.75, 9.75, 8.75], "texture": "#texture"}, "south": {"uv": [6.75, 7.25, 9.25, 9.75], "texture": "#texture"}, "west": {"uv": [7, 7, 10, 10], "texture": "#texture"}, "up": {"uv": [7.25, 6.75, 9.75, 8.75], "texture": "#texture"}, "down": {"uv": [7, 6, 9.5, 8.5], "texture": "#texture"} } }, { "name": "cap_inner", "from": [0.125, 11.145, 8.75], "to": [0.375, 11.5, 9.105], "rotation": {"angle": 45, "axis": "x", "origin": [0.125, 11.5, 8.75]}, "faces": { "north": {"uv": [7.25, 6.75, 9.75, 8.75], "texture": "#texture"}, "south": {"uv": [6.75, 7.25, 9.25, 9.75], "texture": "#texture"}, "west": {"uv": [7, 7, 10, 10], "texture": "#texture"}, "up": {"uv": [7.25, 6.75, 9.75, 8.75], "texture": "#texture"}, "down": {"uv": [7, 6, 9.5, 8.5], "texture": "#texture"} } }, { "name": "cap_inner", "from": [0.125, 9.645, 8.75], "to": [0.375, 10, 9.105], "rotation": {"angle": 45, "axis": "x", "origin": [0.125, 10, 8.75]}, "faces": { "north": {"uv": [7.25, 6.75, 9.75, 8.75], "texture": "#texture"}, "south": {"uv": [6.75, 7.25, 9.25, 9.75], "texture": "#texture"}, "west": {"uv": [7, 7, 10, 10], "texture": "#texture"}, "up": {"uv": [7.25, 6.75, 9.75, 8.75], "texture": "#texture"}, "down": {"uv": [7, 6, 9.5, 8.5], "texture": "#texture"} } }, { "name": "cap_inner", "from": [0.125, 9.395, 7], "to": [0.375, 9.75, 7.355], "rotation": {"angle": -45, "axis": "x", "origin": [0.125, 9.75, 7]}, "faces": { "north": {"uv": [7.25, 6.75, 9.75, 8.75], "texture": "#texture"}, "south": {"uv": [6.75, 7.25, 9.25, 9.75], "texture": "#texture"}, "west": {"uv": [7, 7, 10, 10], "texture": "#texture"}, "up": {"uv": [7.25, 6.75, 9.75, 8.75], "texture": "#texture"}, "down": {"uv": [7, 6, 9.5, 8.5], "texture": "#texture"} } }, { "name": "scope_cap*", "from": [17.75, 9.25, 8.5], "to": [18, 9.75, 8.75], "faces": { "east": {"uv": [6.75, 1.5, 9.25, 4], "texture": "#texture"}, "south": {"uv": [7, 2.75, 9.5, 5.25], "texture": "#texture"}, "west": {"uv": [6.5, 1, 9.5, 4], "texture": "#texture"}, "up": {"uv": [7.25, 1.75, 9.75, 3.75], "texture": "#texture"} } }, { "name": "scope_cap*", "from": [17.75, 9.25, 7.25], "to": [18, 9.75, 7.5], "faces": { "north": {"uv": [7.25, 2.75, 9.75, 4.75], "texture": "#texture"}, "east": {"uv": [6.75, 1.5, 9.25, 4], "texture": "#texture"}, "west": {"uv": [6.5, 1, 9.5, 4], "texture": "#texture"}, "up": {"uv": [7.25, 1.75, 9.75, 3.75], "texture": "#texture"} } }, { "name": "scope_cap*", "from": [16.7625, 9.01, 8.5], "to": [17.7625, 9.365, 8.75], "rotation": {"angle": 22.5, "axis": "z", "origin": [16.7625, 9.365, 8.5]}, "faces": { "north": {"uv": [7.25, 2.75, 9.75, 4.75], "texture": "#texture"}, "east": {"uv": [6.75, 1.5, 9.25, 4], "texture": "#texture"}, "south": {"uv": [7, 2.75, 9.5, 5.25], "texture": "#texture"}, "up": {"uv": [7.25, 1.75, 9.75, 3.75], "texture": "#texture"}, "down": {"uv": [6.75, 2, 9.25, 4.5], "texture": "#texture"} } }, { "name": "scope_cap*", "from": [16.825, 9.01, 7.25], "to": [17.825, 9.365, 7.5], "rotation": {"angle": 22.5, "axis": "z", "origin": [16.825, 9.365, 7.25]}, "faces": { "north": {"uv": [7.25, 2.75, 9.75, 4.75], "texture": "#texture"}, "east": {"uv": [6.75, 1.5, 9.25, 4], "texture": "#texture"}, "south": {"uv": [7, 2.75, 9.5, 5.25], "texture": "#texture"}, "up": {"uv": [7.25, 1.75, 9.75, 3.75], "texture": "#texture"}, "down": {"uv": [6.75, 2, 9.25, 4.5], "texture": "#texture"} } }, { "name": "scope_cap*", "from": [16.6875, 8.875, 7.25], "to": [17.1875, 9.375, 8.75], "rotation": {"angle": 22.5, "axis": "z", "origin": [16.6875, 9.375, 7.25]}, "faces": { "north": {"uv": [7.25, 2.75, 9.75, 4.75], "texture": "#texture"}, "east": {"uv": [6.75, 1.5, 9.25, 4], "texture": "#texture"}, "south": {"uv": [7, 2.75, 9.5, 5.25], "texture": "#texture"}, "west": {"uv": [6.5, 1, 9.5, 4], "texture": "#texture"}, "up": {"uv": [7.25, 1.75, 9.75, 3.75], "texture": "#texture"}, "down": {"uv": [6.75, 2, 9.25, 4.5], "texture": "#texture"} } }, { "from": [16.75, 10, 6.25], "to": [17, 12, 9.75], "faces": { "north": {"uv": [11.75, 1.75, 14.25, 3.75], "texture": "#texture"}, "east": {"uv": [12.25, 1.25, 14.75, 3.75], "texture": "#texture"}, "south": {"uv": [12.25, 1.25, 14.75, 3.75], "texture": "#texture"}, "west": {"uv": [12.5, 0.75, 15.5, 3.75], "texture": "#texture"}, "up": {"uv": [12.75, 1.25, 15.25, 3.25], "texture": "#texture"}, "down": {"uv": [12.25, 1.5, 14.75, 4], "texture": "#texture"} } }, { "from": [16.75, 10.94, 6.25], "to": [17, 12, 7.31], "rotation": {"angle": -45, "axis": "x", "origin": [16.75, 12, 6.25]}, "faces": { "east": {"uv": [12.25, 1.25, 14.75, 3.75], "texture": "#texture"}, "south": {"uv": [12.25, 1.25, 14.75, 3.75], "texture": "#texture"}, "west": {"uv": [12.5, 0.75, 15.5, 3.75], "texture": "#texture"}, "up": {"uv": [12.75, 1.25, 15.25, 3.25], "texture": "#texture"} } }, { "from": [16.75, 9.69, 9], "to": [17, 10.75, 10.06], "rotation": {"angle": 45, "axis": "x", "origin": [16.75, 10.75, 9]}, "faces": { "east": {"uv": [12.25, 1.25, 14.75, 3.75], "texture": "#texture"}, "south": {"uv": [12.25, 1.25, 14.75, 3.75], "texture": "#texture"}, "west": {"uv": [12.5, 0.75, 15.5, 3.75], "texture": "#texture"} } }, { "from": [16.75, 8.94, 6.25], "to": [17, 10, 7.31], "rotation": {"angle": -45, "axis": "x", "origin": [16.75, 10, 6.25]}, "faces": { "north": {"uv": [11.75, 1.75, 14.25, 3.75], "texture": "#texture"}, "east": {"uv": [12.25, 1.25, 14.75, 3.75], "texture": "#texture"}, "west": {"uv": [12.5, 0.75, 15.5, 3.75], "texture": "#texture"}, "down": {"uv": [12.25, 1.5, 14.75, 4], "texture": "#texture"} } }, { "from": [16.75, 11.69, 9], "to": [17, 12.75, 10.06], "rotation": {"angle": 45, "axis": "x", "origin": [16.75, 12.75, 9]}, "faces": { "east": {"uv": [12.25, 1.25, 14.75, 3.75], "texture": "#texture"}, "south": {"uv": [12.25, 1.25, 14.75, 3.75], "texture": "#texture"}, "west": {"uv": [12.5, 0.75, 15.5, 3.75], "texture": "#texture"}, "up": {"uv": [12.75, 1.25, 15.25, 3.25], "texture": "#texture"} } }, { "from": [16.75, 9.25, 7], "to": [17, 12.75, 9], "faces": { "north": {"uv": [11.75, 1.75, 14.25, 3.75], "texture": "#texture"}, "east": {"uv": [12.25, 1.25, 14.75, 3.75], "texture": "#texture"}, "south": {"uv": [12.25, 1.25, 14.75, 3.75], "texture": "#texture"}, "west": {"uv": [12.5, 0.75, 15.5, 3.75], "texture": "#texture"}, "up": {"uv": [12.75, 1.25, 15.25, 3.25], "texture": "#texture"}, "down": {"uv": [12.25, 1.5, 14.75, 4], "texture": "#texture"} } }, { "name": "cap_inner*", "from": [17, 12, 7.25], "to": [17.25, 12.25, 8.75], "faces": { "north": {"uv": [7.25, 6.75, 9.75, 8.75], "texture": "#texture"}, "east": {"uv": [7, 7, 9.5, 9.5], "texture": "#texture"}, "up": {"uv": [7.25, 6.75, 9.75, 8.75], "texture": "#texture"}, "down": {"uv": [7, 6, 9.5, 8.5], "texture": "#texture"} } }, { "name": "cap_inner*", "from": [17, 9.75, 7.25], "to": [17.25, 10, 8.75], "faces": { "north": {"uv": [7.25, 6.75, 9.75, 8.75], "texture": "#texture"}, "east": {"uv": [7, 7, 9.5, 9.5], "texture": "#texture"}, "up": {"uv": [7.25, 6.75, 9.75, 8.75], "texture": "#texture"}, "down": {"uv": [7, 6, 9.5, 8.5], "texture": "#texture"} } }, { "name": "cap_inner*", "from": [17, 10.25, 6.75], "to": [17.25, 11.75, 7], "faces": { "north": {"uv": [7.25, 6.75, 9.75, 8.75], "texture": "#texture"}, "east": {"uv": [7, 7, 9.5, 9.5], "texture": "#texture"}, "south": {"uv": [6.75, 7.25, 9.25, 9.75], "texture": "#texture"} } }, { "name": "cap_inner*", "from": [17, 10.25, 9], "to": [17.25, 11.75, 9.25], "faces": { "north": {"uv": [7.25, 6.75, 9.75, 8.75], "texture": "#texture"}, "east": {"uv": [7, 7, 9.5, 9.5], "texture": "#texture"}, "south": {"uv": [6.75, 7.25, 9.25, 9.75], "texture": "#texture"}, "up": {"uv": [7.25, 6.75, 9.75, 8.75], "texture": "#texture"}, "down": {"uv": [7, 6, 9.5, 8.5], "texture": "#texture"} } }, { "name": "cap_inner*", "from": [17, 11.395, 6.75], "to": [17.25, 11.75, 7.455], "rotation": {"angle": -45, "axis": "x", "origin": [17, 11.75, 6.75]}, "faces": { "north": {"uv": [7.25, 6.75, 9.75, 8.75], "texture": "#texture"}, "east": {"uv": [7, 7, 9.5, 9.5], "texture": "#texture"}, "south": {"uv": [6.75, 7.25, 9.25, 9.75], "texture": "#texture"}, "up": {"uv": [7.25, 6.75, 9.75, 8.75], "texture": "#texture"}, "down": {"uv": [7, 6, 9.5, 8.5], "texture": "#texture"} } }, { "name": "cap_inner*", "from": [17, 11.895, 8.75], "to": [17.25, 12.25, 9.455], "rotation": {"angle": 45, "axis": "x", "origin": [17, 12.25, 8.75]}, "faces": { "north": {"uv": [7.25, 6.75, 9.75, 8.75], "texture": "#texture"}, "east": {"uv": [7, 7, 9.5, 9.5], "texture": "#texture"}, "south": {"uv": [6.75, 7.25, 9.25, 9.75], "texture": "#texture"}, "up": {"uv": [7.25, 6.75, 9.75, 8.75], "texture": "#texture"}, "down": {"uv": [7, 6, 9.5, 8.5], "texture": "#texture"} } }, { "name": "cap_inner*", "from": [17, 9.645, 8.5], "to": [17.25, 10, 9.205], "rotation": {"angle": -45, "axis": "x", "origin": [17, 10, 8.5]}, "faces": { "north": {"uv": [7.25, 6.75, 9.75, 8.75], "texture": "#texture"}, "east": {"uv": [7, 7, 9.5, 9.5], "texture": "#texture"}, "south": {"uv": [6.75, 7.25, 9.25, 9.75], "texture": "#texture"}, "west": {"uv": [7, 7, 10, 10], "texture": "#texture"}, "up": {"uv": [7.25, 6.75, 9.75, 8.75], "texture": "#texture"}, "down": {"uv": [7, 6, 9.5, 8.5], "texture": "#texture"} } }, { "name": "cap_inner*", "from": [17, 10.145, 7], "to": [17.25, 10.5, 7.705], "rotation": {"angle": 45, "axis": "x", "origin": [17, 10.5, 7]}, "faces": { "north": {"uv": [7.25, 6.75, 9.75, 8.75], "texture": "#texture"}, "east": {"uv": [7, 7, 9.5, 9.5], "texture": "#texture"}, "south": {"uv": [6.75, 7.25, 9.25, 9.75], "texture": "#texture"}, "west": {"uv": [7, 7, 10, 10], "texture": "#texture"}, "up": {"uv": [7.25, 6.75, 9.75, 8.75], "texture": "#texture"}, "down": {"uv": [7, 6, 9.5, 8.5], "texture": "#texture"} } }, { "name": "scope_front*", "from": [15.25, 6.75, 9.25], "to": [15.75, 7.25, 10.5], "faces": { "east": {"uv": [7.25, 7.75, 9.75, 10.25], "texture": "#texture"}, "south": {"uv": [7.5, 6.75, 10, 9.25], "texture": "#texture"}, "west": {"uv": [6.75, 6.75, 9.75, 9.75], "texture": "#texture"}, "up": {"uv": [6.75, 6.5, 9.25, 8.5], "texture": "#texture"}, "down": {"uv": [7.25, 6.75, 9.75, 9.25], "texture": "#texture"} } }, { "name": "scope_front*", "from": [15.25, 7.135, 9.5725], "to": [15.75, 7.635, 10.5725], "rotation": {"angle": 22.5, "axis": "x", "origin": [15.25, 7.635, 9.5725]}, "faces": { "east": {"uv": [7.25, 7.75, 9.75, 10.25], "texture": "#texture"}, "south": {"uv": [7.5, 6.75, 10, 9.25], "texture": "#texture"}, "west": {"uv": [6.75, 6.75, 9.75, 9.75], "texture": "#texture"}, "up": {"uv": [6.75, 6.5, 9.25, 8.5], "texture": "#texture"} } }, { "name": "scope_front*", "from": [15.25, 6.3325, 9.385], "to": [15.75, 6.8325, 10.385], "rotation": {"angle": -22.5, "axis": "x", "origin": [15.25, 6.8325, 9.385]}, "faces": { "east": {"uv": [7.25, 7.75, 9.75, 10.25], "texture": "#texture"}, "south": {"uv": [7.5, 6.75, 10, 9.25], "texture": "#texture"}, "west": {"uv": [6.75, 6.75, 9.75, 9.75], "texture": "#texture"}, "down": {"uv": [7.25, 6.75, 9.75, 9.25], "texture": "#texture"} } }, { "from": [7.75, 8.75, 7.5], "to": [9.75, 9.25, 8.5], "faces": { "north": {"uv": [6.5, 1, 9, 3], "texture": "#texture"}, "east": {"uv": [7, 1, 9.5, 3.5], "texture": "#texture"}, "south": {"uv": [6.5, 1.5, 9, 4], "texture": "#texture"}, "west": {"uv": [6, 1, 9, 4], "texture": "#texture"}, "up": {"uv": [6, 1.5, 8.5, 3.5], "texture": "#texture"} } }, { "from": [8.25, 8.75, 7], "to": [9.25, 9.25, 9], "faces": { "north": {"uv": [6.5, 1, 9, 3], "texture": "#texture"}, "east": {"uv": [7, 1, 9.5, 3.5], "texture": "#texture"}, "south": {"uv": [6.5, 1.5, 9, 4], "texture": "#texture"}, "west": {"uv": [6, 1, 9, 4], "texture": "#texture"}, "up": {"uv": [6, 1.5, 8.5, 3.5], "texture": "#texture"} } }, { "from": [7.75, 8.75, 7.5], "to": [8.455, 9.25, 8.205], "rotation": {"angle": 45, "axis": "y", "origin": [7.75, 8.75, 7.5]}, "faces": { "north": {"uv": [6.5, 1, 9, 3], "texture": "#texture"}, "east": {"uv": [7, 1, 9.5, 3.5], "texture": "#texture"}, "up": {"uv": [6, 1.5, 8.5, 3.5], "texture": "#texture"}, "down": {"uv": [6.5, 1.5, 9, 4], "texture": "#texture"} } }, { "from": [9.25, 8.75, 7], "to": [9.955, 9.25, 7.705], "rotation": {"angle": -45, "axis": "y", "origin": [9.25, 8.75, 7]}, "faces": { "north": {"uv": [6.5, 1, 9, 3], "texture": "#texture"}, "east": {"uv": [7, 1, 9.5, 3.5], "texture": "#texture"}, "up": {"uv": [6, 1.5, 8.5, 3.5], "texture": "#texture"}, "down": {"uv": [6.5, 1.5, 9, 4], "texture": "#texture"} } }, { "from": [9.25, 8.75, 8], "to": [9.955, 9.25, 8.705], "rotation": {"angle": -45, "axis": "y", "origin": [9.25, 8.75, 8]}, "faces": { "east": {"uv": [7, 1, 9.5, 3.5], "texture": "#texture"}, "up": {"uv": [6, 1.5, 8.5, 3.5], "texture": "#texture"}, "down": {"uv": [6.5, 1.5, 9, 4], "texture": "#texture"} } }, { "from": [7.75, 8.75, 8.5], "to": [8.455, 9.25, 9.205], "rotation": {"angle": 45, "axis": "y", "origin": [7.75, 8.75, 8.5]}, "faces": { "south": {"uv": [6.5, 1.5, 9, 4], "texture": "#texture"}, "west": {"uv": [6, 1, 9, 4], "texture": "#texture"}, "up": {"uv": [6, 1.5, 8.5, 3.5], "texture": "#texture"}, "down": {"uv": [6.5, 1.5, 9, 4], "texture": "#texture"} } }, { "from": [-0.75, 5.5, 7.25], "to": [1.25, 6, 8.75], "faces": { "north": {"uv": [11.75, 1.75, 14.25, 3.75], "texture": "#texture"}, "east": {"uv": [12.25, 1.25, 14.75, 3.75], "texture": "#texture"}, "south": {"uv": [12.25, 1.25, 14.75, 3.75], "texture": "#texture"}, "west": {"uv": [12.5, 0.75, 15.5, 3.75], "texture": "#texture"}, "up": {"uv": [12.75, 1.25, 15.25, 3.25], "texture": "#texture"}, "down": {"uv": [12.25, 1.5, 14.75, 4], "texture": "#texture"} } }, { "from": [-0.75, 6.25, 9], "to": [1.25, 7.75, 9.5], "faces": { "north": {"uv": [11.75, 1.75, 14.25, 3.75], "texture": "#texture"}, "east": {"uv": [12.25, 1.25, 14.75, 3.75], "texture": "#texture"}, "south": {"uv": [12.25, 1.25, 14.75, 3.75], "texture": "#texture"}, "west": {"uv": [12.5, 0.75, 15.5, 3.75], "texture": "#texture"}, "up": {"uv": [12.75, 1.25, 15.25, 3.25], "texture": "#texture"}, "down": {"uv": [12.25, 1.5, 14.75, 4], "texture": "#texture"} } }, { "name": "scope_front*", "from": [17.75, 6, 9.5], "to": [18.25, 8, 10], "faces": { "north": {"uv": [7.75, 7, 10.25, 9], "texture": "#texture"}, "east": {"uv": [7.25, 7.75, 9.75, 10.25], "texture": "#texture"}, "south": {"uv": [7.5, 6.75, 10, 9.25], "texture": "#texture"}, "west": {"uv": [6.75, 6.75, 9.75, 9.75], "texture": "#texture"}, "down": {"uv": [7.25, 6.75, 9.75, 9.25], "texture": "#texture"} } }, { "name": "scope_front*", "from": [17.75, 5, 7], "to": [18.25, 5.5, 9], "faces": { "north": {"uv": [7.75, 7, 10.25, 9], "texture": "#texture"}, "east": {"uv": [7.25, 7.75, 9.75, 10.25], "texture": "#texture"}, "south": {"uv": [7.5, 6.75, 10, 9.25], "texture": "#texture"}, "west": {"uv": [6.75, 6.75, 9.75, 9.75], "texture": "#texture"}, "up": {"uv": [6.75, 6.5, 9.25, 8.5], "texture": "#texture"}, "down": {"uv": [7.25, 6.75, 9.75, 9.25], "texture": "#texture"} } }, { "from": [18, 5.5, 6.5], "to": [18.0625, 8.5, 9.5], "faces": { "north": {"uv": [0.75, 0.75, 2.75, 2.75], "texture": "#1"}, "east": {"uv": [8, 2.5, 10, 4], "texture": "#1"}, "south": {"uv": [1.5, 1.75, 3.75, 3.25], "texture": "#1"}, "west": {"uv": [0.25, 0.75, 3.25, 2.5], "texture": "#1"}, "down": {"uv": [1, 0.25, 3, 2.25], "texture": "#1"} } }, { "from": [0, 6, 7], "to": [0.25, 8, 9], "faces": { "east": {"uv": [1, 1.25, 3, 2.75], "texture": "#1"}, "west": {"uv": [8, 2.5, 10, 4], "texture": "#1"} } } ], "display": { "thirdperson_righthand": { "rotation": [-60, -115, 0], "scale": [0.35, 0.35, 0.35] }, "thirdperson_lefthand": { "rotation": [-60, -115, 0], "scale": [-0.35, 0.35, -0.35] }, "firstperson_righthand": { "rotation": [50, 100, 0], "translation": [3.5, 0, -3.5] }, "firstperson_lefthand": { "rotation": [50, 100, 0], "translation": [3.5, 0, -3.5], "scale": [-1, 1, -1] }, "ground": { "translation": [0, -1.25, 0], "scale": [0.97305, 0.49648, 0.57852] }, "gui": { "rotation": [30, 45, 0], "translation": [-0.5, -0.25, 0], "scale": [0.9, 0.9, 0.9] }, "head": { "rotation": [0, 0, 45], "translation": [0, -20.75, 4], "scale": [0.5, 0.5, 0.5] }, "fixed": { "translation": [0, 0, -1], "scale": [0.5, 0.5, 0.5] } } }