{ "credit": "Made with Blockbench", "textures": { "texture": "colors/gray - dirty" }, "elements": [ { "name": "Element", "from": [10.25, 7.75, 8.5], "to": [10.625, 10, 9.25], "rotation": {"angle": 0, "axis": "y", "origin": [-6, 2, 8]}, "faces": { "north": {"uv": [7.25, 1.875, 9.125, 4.125], "rotation": 270, "texture": "#texture"}, "east": {"uv": [6.625, 1.125, 9.5, 4.25], "rotation": 90, "texture": "#texture"}, "south": {"uv": [7.25, 2.125, 10.25, 4.5], "rotation": 90, "texture": "#texture"}, "west": {"uv": [7.625, 1.75, 10.25, 4.375], "rotation": 90, "texture": "#texture"}, "up": {"uv": [7.125, 1.25, 9.375, 4.25], "rotation": 90, "texture": "#texture"}, "down": {"uv": [7, 1.875, 9.375, 4.25], "rotation": 90, "texture": "#texture"} } }, { "name": "Element", "from": [10.25, 6.6464, 1.1486], "to": [10.625, 7.3514, 1.8536], "rotation": {"angle": 45, "axis": "x", "origin": [1.5, -0.25, 8.75]}, "faces": { "east": {"uv": [6.625, 1.125, 9.5, 4.25], "rotation": 90, "texture": "#texture"}, "south": {"uv": [7.25, 2.125, 10.25, 4.5], "rotation": 90, "texture": "#texture"}, "west": {"uv": [7.625, 1.75, 10.25, 4.375], "rotation": 90, "texture": "#texture"}, "up": {"uv": [7.125, 1.25, 9.375, 4.25], "rotation": 90, "texture": "#texture"} } }, { "name": "Element", "from": [10.25, 9.75, 7.25], "to": [10.625, 10.5, 8.75], "rotation": {"angle": 0, "axis": "y", "origin": [-6, 2, 8]}, "faces": { "east": {"uv": [6.625, 1.125, 9.5, 4.25], "rotation": 90, "texture": "#texture"}, "west": {"uv": [7.625, 1.75, 10.25, 4.375], "rotation": 90, "texture": "#texture"}, "up": {"uv": [7.125, 1.25, 9.375, 4.25], "rotation": 90, "texture": "#texture"}, "down": {"uv": [7, 1.875, 9.375, 4.25], "rotation": 90, "texture": "#texture"} } }, { "name": "Element", "from": [10.25, 6.6464, -0.3514], "to": [10.625, 7.3514, 0.3536], "rotation": {"angle": 45, "axis": "x", "origin": [1.5, -0.25, 7.25]}, "faces": { "north": {"uv": [7.25, 1.875, 9.125, 4.125], "rotation": 270, "texture": "#texture"}, "east": {"uv": [6.625, 1.125, 9.5, 4.25], "rotation": 90, "texture": "#texture"}, "west": {"uv": [7.625, 1.75, 10.25, 4.375], "rotation": 90, "texture": "#texture"}, "down": {"uv": [7, 1.875, 9.375, 4.25], "rotation": 90, "texture": "#texture"} } }, { "name": "Element", "from": [10.25, 7.75, 6.75], "to": [10.625, 10, 7.5], "rotation": {"angle": 0, "axis": "y", "origin": [-6, 2, 8]}, "faces": { "north": {"uv": [7.25, 1.875, 9.125, 4.125], "rotation": 270, "texture": "#texture"}, "east": {"uv": [6.625, 1.125, 9.5, 4.25], "rotation": 90, "texture": "#texture"}, "south": {"uv": [7.25, 2.125, 10.25, 4.5], "rotation": 90, "texture": "#texture"}, "west": {"uv": [7.625, 1.75, 10.25, 4.375], "rotation": 90, "texture": "#texture"}, "up": {"uv": [7.125, 1.25, 9.375, 4.25], "rotation": 90, "texture": "#texture"}, "down": {"uv": [7, 1.875, 9.375, 4.25], "rotation": 90, "texture": "#texture"} } }, { "name": "stock_right", "from": [14.04154, 3.58322, 6.75], "to": [14.38529, 4.77072, 7.5], "rotation": {"angle": 22.5, "axis": "z", "origin": [2.1875, -2.6875, 6.75]}, "faces": { "north": {"uv": [7.25, 1.875, 9.125, 4.125], "rotation": 270, "texture": "#texture"}, "east": {"uv": [6.625, 1.125, 9.5, 4.25], "rotation": 90, "texture": "#texture"}, "south": {"uv": [7.25, 2.125, 10.25, 4.5], "rotation": 90, "texture": "#texture"} } }, { "name": "stock_left", "from": [13.63529, 0.83322, 8.5], "to": [14.38529, 3.89572, 9.25], "rotation": {"angle": 22.5, "axis": "z", "origin": [2.1875, -2.6875, 8.5]}, "faces": { "north": {"uv": [7.25, 1.875, 9.125, 4.125], "rotation": 270, "texture": "#texture"}, "east": {"uv": [6.625, 1.125, 9.5, 4.25], "rotation": 90, "texture": "#texture"}, "south": {"uv": [7.25, 2.125, 10.25, 4.5], "rotation": 90, "texture": "#texture"}, "west": {"uv": [7.625, 1.75, 10.25, 4.375], "rotation": 90, "texture": "#texture"}, "up": {"uv": [7.125, 1.25, 9.375, 4.25], "rotation": 90, "texture": "#texture"} } }, { "name": "stock_left", "from": [14.04154, 3.58322, 8.5], "to": [14.38529, 4.77072, 9.25], "rotation": {"angle": 22.5, "axis": "z", "origin": [2.1875, -2.6875, 8.5]}, "faces": { "north": {"uv": [7.25, 1.875, 9.125, 4.125], "rotation": 270, "texture": "#texture"}, "east": {"uv": [6.625, 1.125, 9.5, 4.25], "rotation": 90, "texture": "#texture"}, "south": {"uv": [7.25, 2.125, 10.25, 4.5], "rotation": 90, "texture": "#texture"} } }, { "name": "stock_right", "from": [13.63529, 0.83322, 6.75], "to": [14.38529, 3.89572, 7.5], "rotation": {"angle": 22.5, "axis": "z", "origin": [2.1875, -2.6875, 6.75]}, "faces": { "north": {"uv": [7.25, 1.875, 9.125, 4.125], "rotation": 270, "texture": "#texture"}, "east": {"uv": [6.625, 1.125, 9.5, 4.25], "rotation": 90, "texture": "#texture"}, "south": {"uv": [7.25, 2.125, 10.25, 4.5], "rotation": 90, "texture": "#texture"}, "west": {"uv": [7.625, 1.75, 10.25, 4.375], "rotation": 90, "texture": "#texture"}, "up": {"uv": [7.125, 1.25, 9.375, 4.25], "rotation": 90, "texture": "#texture"} } }, { "name": "stock_right", "from": [11.375, 3.375, 6.75], "to": [12.125, 5.25, 7.5], "rotation": {"angle": 0, "axis": "y", "origin": [-6, 2, 8]}, "faces": { "north": {"uv": [7.25, 1.875, 9.125, 4.125], "rotation": 270, "texture": "#texture"}, "east": {"uv": [6.625, 1.125, 9.5, 4.25], "rotation": 90, "texture": "#texture"}, "south": {"uv": [7.25, 2.125, 10.25, 4.5], "rotation": 90, "texture": "#texture"}, "west": {"uv": [7.625, 1.75, 10.25, 4.375], "rotation": 90, "texture": "#texture"}, "up": {"uv": [7.125, 1.25, 9.375, 4.25], "rotation": 90, "texture": "#texture"} } }, { "name": "stock_left", "from": [11.375, 3.375, 8.5], "to": [12.125, 5.25, 9.25], "rotation": {"angle": 0, "axis": "y", "origin": [-6, 2, 8]}, "faces": { "north": {"uv": [7.25, 1.875, 9.125, 4.125], "rotation": 270, "texture": "#texture"}, "east": {"uv": [6.625, 1.125, 9.5, 4.25], "rotation": 90, "texture": "#texture"}, "south": {"uv": [7.25, 2.125, 10.25, 4.5], "rotation": 90, "texture": "#texture"}, "west": {"uv": [7.625, 1.75, 10.25, 4.375], "rotation": 90, "texture": "#texture"}, "up": {"uv": [7.125, 1.25, 9.375, 4.25], "rotation": 90, "texture": "#texture"} } }, { "name": "stock_left", "from": [1.25579, 5.35358, 8.5], "to": [1.96079, 6.41358, 9.25], "rotation": {"angle": -45, "axis": "z", "origin": [3.375, -7.375, 8.5]}, "faces": { "north": {"uv": [7.25, 1.875, 9.125, 4.125], "rotation": 270, "texture": "#texture"}, "east": {"uv": [6.625, 1.125, 9.5, 4.25], "rotation": 90, "texture": "#texture"}, "south": {"uv": [7.25, 2.125, 10.25, 4.5], "rotation": 90, "texture": "#texture"}, "west": {"uv": [7.625, 1.75, 10.25, 4.375], "rotation": 90, "texture": "#texture"}, "down": {"uv": [7, 1.875, 9.375, 4.25], "rotation": 90, "texture": "#texture"} } }, { "name": "stock_right", "from": [1.25579, 5.35358, 6.75], "to": [1.96079, 6.41358, 7.5], "rotation": {"angle": -45, "axis": "z", "origin": [3.375, -7.375, 6.75]}, "faces": { "north": {"uv": [7.25, 1.875, 9.125, 4.125], "rotation": 270, "texture": "#texture"}, "east": {"uv": [6.625, 1.125, 9.5, 4.25], "rotation": 90, "texture": "#texture"}, "south": {"uv": [7.25, 2.125, 10.25, 4.5], "rotation": 90, "texture": "#texture"}, "west": {"uv": [7.625, 1.75, 10.25, 4.375], "rotation": 90, "texture": "#texture"}, "down": {"uv": [7, 1.875, 9.375, 4.25], "rotation": 90, "texture": "#texture"} } }, { "name": "stock_right", "from": [7.25, 2.625, 6.75], "to": [11.375, 3.375, 7.5], "rotation": {"angle": 0, "axis": "y", "origin": [-6, 2, 8]}, "faces": { "north": {"uv": [7.25, 1.875, 9.125, 4.125], "rotation": 270, "texture": "#texture"}, "east": {"uv": [6.625, 1.125, 9.5, 4.25], "rotation": 90, "texture": "#texture"}, "south": {"uv": [7.25, 2.125, 10.25, 4.5], "rotation": 90, "texture": "#texture"}, "up": {"uv": [7.125, 1.25, 9.375, 4.25], "rotation": 90, "texture": "#texture"}, "down": {"uv": [7, 1.875, 9.375, 4.25], "rotation": 90, "texture": "#texture"} } }, { "name": "stock_left", "from": [7.25, 2.625, 8.5], "to": [11.375, 3.375, 9.25], "rotation": {"angle": 0, "axis": "y", "origin": [-6, 2, 8]}, "faces": { "north": {"uv": [7.25, 1.875, 9.125, 4.125], "rotation": 270, "texture": "#texture"}, "east": {"uv": [6.625, 1.125, 9.5, 4.25], "rotation": 90, "texture": "#texture"}, "south": {"uv": [7.25, 2.125, 10.25, 4.5], "rotation": 90, "texture": "#texture"}, "up": {"uv": [7.125, 1.25, 9.375, 4.25], "rotation": 90, "texture": "#texture"}, "down": {"uv": [7, 1.875, 9.375, 4.25], "rotation": 90, "texture": "#texture"} } }, { "name": "stock_left", "from": [4.58218, 2.625, 2.81282], "to": [4.93718, 3.375, 3.16782], "rotation": {"angle": -45, "axis": "y", "origin": [-1.25, -7.375, 9]}, "faces": { "east": {"uv": [6.625, 1.125, 9.5, 4.25], "rotation": 90, "texture": "#texture"}, "south": {"uv": [7.25, 2.125, 10.25, 4.5], "rotation": 90, "texture": "#texture"}, "up": {"uv": [7.125, 1.25, 9.375, 4.25], "rotation": 90, "texture": "#texture"}, "down": {"uv": [7, 1.875, 9.375, 4.25], "rotation": 90, "texture": "#texture"} } }, { "name": "stock_left", "from": [4.33218, 2.625, 14.68718], "to": [4.68718, 3.375, 15.04218], "rotation": {"angle": 45, "axis": "y", "origin": [-1.5, -7.375, 8.5]}, "faces": { "north": {"uv": [7.25, 1.875, 9.125, 4.125], "rotation": 270, "texture": "#texture"}, "up": {"uv": [7.125, 1.25, 9.375, 4.25], "rotation": 90, "texture": "#texture"}, "down": {"uv": [7, 1.875, 9.375, 4.25], "rotation": 90, "texture": "#texture"} } }, { "name": "stock_left", "from": [6.75, 2.625, 8.75], "to": [7.25, 3.375, 9], "rotation": {"angle": 0, "axis": "y", "origin": [-6, 2, 8]}, "faces": { "north": {"uv": [7.25, 1.875, 9.125, 4.125], "rotation": 270, "texture": "#texture"}, "south": {"uv": [7.25, 2.125, 10.25, 4.5], "rotation": 90, "texture": "#texture"}, "up": {"uv": [7.125, 1.25, 9.375, 4.25], "rotation": 90, "texture": "#texture"}, "down": {"uv": [7, 1.875, 9.375, 4.25], "rotation": 90, "texture": "#texture"} } }, { "name": "stock_left", "from": [11.43358, -6.56579, 8.75], "to": [11.78858, -6.21079, 9], "rotation": {"angle": 45, "axis": "z", "origin": [-2, -7.625, 8.75]}, "faces": { "north": {"uv": [7.25, 1.875, 9.125, 4.125], "rotation": 270, "texture": "#texture"}, "south": {"uv": [7.25, 2.125, 10.25, 4.5], "rotation": 90, "texture": "#texture"}, "west": {"uv": [7.625, 1.75, 10.25, 4.375], "rotation": 90, "texture": "#texture"}, "down": {"uv": [7, 1.875, 9.375, 4.25], "rotation": 90, "texture": "#texture"} } }, { "name": "stock_right", "from": [11.43358, -6.56579, 7], "to": [11.78858, -6.21079, 7.25], "rotation": {"angle": 45, "axis": "z", "origin": [-2, -7.625, 7]}, "faces": { "north": {"uv": [7.25, 1.875, 9.125, 4.125], "rotation": 270, "texture": "#texture"}, "south": {"uv": [7.25, 2.125, 10.25, 4.5], "rotation": 90, "texture": "#texture"}, "west": {"uv": [7.625, 1.75, 10.25, 4.375], "rotation": 90, "texture": "#texture"}, "down": {"uv": [7, 1.875, 9.375, 4.25], "rotation": 90, "texture": "#texture"} } }, { "name": "stock_right", "from": [4.58218, 2.625, 1.06282], "to": [4.93718, 3.375, 1.41782], "rotation": {"angle": -45, "axis": "y", "origin": [-1.25, -7.375, 7.25]}, "faces": { "east": {"uv": [6.625, 1.125, 9.5, 4.25], "rotation": 90, "texture": "#texture"}, "south": {"uv": [7.25, 2.125, 10.25, 4.5], "rotation": 90, "texture": "#texture"}, "up": {"uv": [7.125, 1.25, 9.375, 4.25], "rotation": 90, "texture": "#texture"}, "down": {"uv": [7, 1.875, 9.375, 4.25], "rotation": 90, "texture": "#texture"} } }, { "name": "stock_right", "from": [4.33218, 2.625, 12.93718], "to": [4.68718, 3.375, 13.29218], "rotation": {"angle": 45, "axis": "y", "origin": [-1.5, -7.375, 6.75]}, "faces": { "north": {"uv": [7.25, 1.875, 9.125, 4.125], "rotation": 270, "texture": "#texture"}, "up": {"uv": [7.125, 1.25, 9.375, 4.25], "rotation": 90, "texture": "#texture"}, "down": {"uv": [7, 1.875, 9.375, 4.25], "rotation": 90, "texture": "#texture"} } }, { "name": "stock_right", "from": [6.75, 2.625, 7], "to": [7.25, 3.375, 7.25], "rotation": {"angle": 0, "axis": "y", "origin": [-6, 2, 8]}, "faces": { "north": {"uv": [7.25, 1.875, 9.125, 4.125], "rotation": 270, "texture": "#texture"}, "south": {"uv": [7.25, 2.125, 10.25, 4.5], "rotation": 90, "texture": "#texture"}, "up": {"uv": [7.125, 1.25, 9.375, 4.25], "rotation": 90, "texture": "#texture"}, "down": {"uv": [7, 1.875, 9.375, 4.25], "rotation": 90, "texture": "#texture"} } }, { "name": "stock_right", "from": [11.43358, -6.31579, 7], "to": [11.78858, -5.96079, 7.25], "rotation": {"angle": 45, "axis": "z", "origin": [-2, -7.375, 7]}, "faces": { "north": {"uv": [7.25, 1.875, 9.125, 4.125], "rotation": 270, "texture": "#texture"}, "south": {"uv": [7.25, 2.125, 10.25, 4.5], "rotation": 90, "texture": "#texture"}, "up": {"uv": [7.125, 1.25, 9.375, 4.25], "rotation": 90, "texture": "#texture"} } }, { "name": "stock_right", "from": [3.5, 2.75, 7], "to": [7.25, 3.25, 7.25], "rotation": {"angle": 0, "axis": "y", "origin": [-6, 2, 8]}, "faces": { "north": {"uv": [7.25, 1.875, 9.125, 4.125], "rotation": 270, "texture": "#texture"}, "south": {"uv": [7.25, 2.125, 10.25, 4.5], "rotation": 90, "texture": "#texture"}, "up": {"uv": [7.125, 1.25, 9.375, 4.25], "rotation": 90, "texture": "#texture"}, "down": {"uv": [7, 1.875, 9.375, 4.25], "rotation": 90, "texture": "#texture"} } }, { "name": "stock_left", "from": [11.43358, -6.31579, 8.75], "to": [11.78858, -5.96079, 9], "rotation": {"angle": 45, "axis": "z", "origin": [-2, -7.375, 8.75]}, "faces": { "north": {"uv": [7.25, 1.875, 9.125, 4.125], "rotation": 270, "texture": "#texture"}, "south": {"uv": [7.25, 2.125, 10.25, 4.5], "rotation": 90, "texture": "#texture"}, "up": {"uv": [7.125, 1.25, 9.375, 4.25], "rotation": 90, "texture": "#texture"} } }, { "name": "stock_left", "from": [3.5, 2.75, 8.75], "to": [7.25, 3.25, 9], "rotation": {"angle": 0, "axis": "y", "origin": [-6, 2, 8]}, "faces": { "north": {"uv": [7.25, 1.875, 9.125, 4.125], "rotation": 270, "texture": "#texture"}, "south": {"uv": [7.25, 2.125, 10.25, 4.5], "rotation": 90, "texture": "#texture"}, "up": {"uv": [7.125, 1.25, 9.375, 4.25], "rotation": 90, "texture": "#texture"}, "down": {"uv": [7, 1.875, 9.375, 4.25], "rotation": 90, "texture": "#texture"} } }, { "name": "stock_right", "from": [4, 2.5, 7], "to": [4.5, 3.5, 7.25], "rotation": {"angle": 0, "axis": "y", "origin": [-6, 2, 8]}, "faces": { "south": {"uv": [7.25, 2.125, 10.25, 4.5], "rotation": 90, "texture": "#texture"}, "up": {"uv": [7.125, 1.25, 9.375, 4.25], "rotation": 90, "texture": "#texture"}, "down": {"uv": [7, 1.875, 9.375, 4.25], "rotation": 90, "texture": "#texture"} } }, { "name": "stock_right", "from": [9.18358, -6.19079, 7], "to": [9.53858, -5.83579, 7.25], "rotation": {"angle": 45, "axis": "z", "origin": [-4.25, -7.25, 7]}, "faces": { "north": {"uv": [7.25, 1.875, 9.125, 4.125], "rotation": 270, "texture": "#texture"}, "east": {"uv": [6.625, 1.125, 9.5, 4.25], "rotation": 90, "texture": "#texture"}, "south": {"uv": [7.25, 2.125, 10.25, 4.5], "rotation": 90, "texture": "#texture"} } }, { "name": "stock_right", "from": [-5.76921, 5.43358, 7], "to": [-5.41421, 5.78858, 7.25], "rotation": {"angle": -45, "axis": "z", "origin": [-4, -8, 7]}, "faces": { "north": {"uv": [7.25, 1.875, 9.125, 4.125], "rotation": 270, "texture": "#texture"}, "east": {"uv": [6.625, 1.125, 9.5, 4.25], "rotation": 90, "texture": "#texture"}, "south": {"uv": [7.25, 2.125, 10.25, 4.5], "rotation": 90, "texture": "#texture"}, "down": {"uv": [7, 1.875, 9.375, 4.25], "rotation": 90, "texture": "#texture"} } }, { "name": "stock_left", "from": [4, 2.5, 8.75], "to": [4.5, 3.5, 9], "rotation": {"angle": 0, "axis": "y", "origin": [-6, 2, 8]}, "faces": { "north": {"uv": [7.25, 1.875, 9.125, 4.125], "rotation": 270, "texture": "#texture"}, "up": {"uv": [7.125, 1.25, 9.375, 4.25], "rotation": 90, "texture": "#texture"}, "down": {"uv": [7, 1.875, 9.375, 4.25], "rotation": 90, "texture": "#texture"} } }, { "name": "stock_left", "from": [9.18358, -6.19079, 8.75], "to": [9.53858, -5.83579, 9], "rotation": {"angle": 45, "axis": "z", "origin": [-4.25, -7.25, 8.75]}, "faces": { "north": {"uv": [7.25, 1.875, 9.125, 4.125], "rotation": 270, "texture": "#texture"}, "east": {"uv": [6.625, 1.125, 9.5, 4.25], "rotation": 90, "texture": "#texture"}, "south": {"uv": [7.25, 2.125, 10.25, 4.5], "rotation": 90, "texture": "#texture"} } }, { "name": "stock_left", "from": [-5.76921, 5.43358, 8.75], "to": [-5.41421, 5.78858, 9], "rotation": {"angle": -45, "axis": "z", "origin": [-4, -8, 8.75]}, "faces": { "north": {"uv": [7.25, 1.875, 9.125, 4.125], "rotation": 270, "texture": "#texture"}, "east": {"uv": [6.625, 1.125, 9.5, 4.25], "rotation": 90, "texture": "#texture"}, "south": {"uv": [7.25, 2.125, 10.25, 4.5], "rotation": 90, "texture": "#texture"}, "down": {"uv": [7, 1.875, 9.375, 4.25], "rotation": 90, "texture": "#texture"} } } ], "display": { "thirdperson_righthand": { "rotation": [0, -90, -10], "translation": [-0.25, 2.805, 0.5], "scale": [0.4, 0.4, 0.4] }, "thirdperson_lefthand": { "rotation": [0, -90, -10], "translation": [0, -0.695, 0.5], "scale": [-0.4, 0.4, -0.4] }, "firstperson_righthand": { "rotation": [2, -90, 0], "translation": [4, -7, -17] }, "firstperson_lefthand": { "rotation": [2, -90, 0], "translation": [4, -7, -17], "scale": [-1, 1, -1] }, "ground": { "rotation": [-90, 0, 0], "translation": [0, -0.5, 0], "scale": [0.80977, 0.68672, 0.53633] }, "gui": { "rotation": [30, 45, 0], "translation": [-0.75, 0.75, 0], "scale": [1.00156, 0.71836, 1.04453] }, "head": { "rotation": [0, 0, -45], "translation": [-1.25, -18.75, 4], "scale": [0.6, 0.6, 0.6] }, "fixed": { "rotation": [0, 180, 0], "translation": [0, 0.5, -1.25], "scale": [0.6, 0.6, 0.6] } }, "groups": [ { "name": "stock", "origin": [18, 10, 8.75], "children": [0, 1, 2, 3, 4, 5, 6, 7, 8, 9, 10, 11, 12, 13, 14, 15, 16, 17, 18, 19, 20, 21, 22, 23, 24, 25, 26, 27, 28, 29, 30, 31, 32] } ] }