{ "credit": "Made with Blockbench", "textures": { "0": "guns/nulls_black", "particle": "guns/nulls_black" }, "elements": [ { "name": "barrel_front_1", "from": [10.5, 1.875, 7.5], "to": [11, 2.375, 8.5], "rotation": {"angle": 0, "axis": "y", "origin": [29, 0, 8]}, "faces": { "north": {"uv": [6.125, 2.25, 9.125, 3.75], "texture": "#0"}, "east": {"uv": [0, 0, 0, 0], "texture": "#0"}, "south": {"uv": [6.875, 1.875, 8.875, 4.375], "texture": "#0"}, "west": {"uv": [0, 0, 0, 0], "texture": "#0"}, "up": {"uv": [0, 0, 0, 0], "texture": "#0"}, "down": {"uv": [0, 0, 0, 0], "texture": "#0"} } }, { "name": "barrel_front_1", "from": [10.5, 1.625, 7.75], "to": [11, 2.625, 8.25], "rotation": {"angle": 0, "axis": "y", "origin": [29, 0, 8]}, "faces": { "north": {"uv": [0, 0, 0, 0], "texture": "#0"}, "east": {"uv": [0, 0, 0, 0], "texture": "#0"}, "south": {"uv": [0, 0, 0, 0], "texture": "#0"}, "west": {"uv": [0, 0, 0, 0], "texture": "#0"}, "up": {"uv": [7.125, 1.25, 9.625, 3.75], "texture": "#0"}, "down": {"uv": [6.875, 1.375, 9.375, 3.875], "texture": "#0"} } }, { "name": "barrel_front_1", "from": [10.5, 1.77, 8.25], "to": [11, 2.125, 8.605], "rotation": {"angle": 45, "axis": "x", "origin": [10.5, 2.125, 8.25]}, "faces": { "north": {"uv": [0, 0, 0, 0], "texture": "#0"}, "east": {"uv": [0, 0, 0, 0], "texture": "#0"}, "south": {"uv": [6.875, 1.875, 8.875, 4.375], "texture": "#0"}, "west": {"uv": [6.75, 0.75, 9.25, 2.75], "texture": "#0"}, "up": {"uv": [7.125, 1.25, 9.625, 3.75], "texture": "#0"}, "down": {"uv": [6.875, 1.375, 9.375, 3.875], "texture": "#0"} } }, { "name": "barrel_front_1", "from": [10.5, 2.02, 7.5], "to": [11, 2.375, 7.855], "rotation": {"angle": -45, "axis": "x", "origin": [10.5, 2.375, 7.5]}, "faces": { "north": {"uv": [0, 0, 0, 0], "texture": "#0"}, "east": {"uv": [0, 0, 0, 0], "texture": "#0"}, "south": {"uv": [6.875, 1.875, 8.875, 4.375], "texture": "#0"}, "west": {"uv": [6.75, 0.75, 9.25, 2.75], "texture": "#0"}, "up": {"uv": [7.125, 1.25, 9.625, 3.75], "texture": "#0"}, "down": {"uv": [0, 0, 0, 0], "texture": "#0"} } }, { "name": "barrel_front_1", "from": [10.5, 1.52, 7.5], "to": [11, 1.875, 7.855], "rotation": {"angle": -45, "axis": "x", "origin": [10.5, 1.875, 7.5]}, "faces": { "north": {"uv": [6.125, 2.25, 9.125, 3.75], "texture": "#0"}, "east": {"uv": [0, 0, 0, 0], "texture": "#0"}, "south": {"uv": [0, 0, 0, 0], "texture": "#0"}, "west": {"uv": [6.75, 0.75, 9.25, 2.75], "texture": "#0"}, "up": {"uv": [0, 0, 0, 0], "texture": "#0"}, "down": {"uv": [6.875, 1.375, 9.375, 3.875], "texture": "#0"} } }, { "name": "barrel_front_1", "from": [10.5, 2.27, 8.25], "to": [11, 2.625, 8.605], "rotation": {"angle": 45, "axis": "x", "origin": [10.5, 2.625, 8.25]}, "faces": { "north": {"uv": [0, 0, 0, 0], "texture": "#0"}, "east": {"uv": [0, 0, 0, 0], "texture": "#0"}, "south": {"uv": [6.875, 1.875, 8.875, 4.375], "texture": "#0"}, "west": {"uv": [6.75, 0.75, 9.25, 2.75], "texture": "#0"}, "up": {"uv": [7.125, 1.25, 9.625, 3.75], "texture": "#0"}, "down": {"uv": [0, 0, 0, 0], "texture": "#0"} } }, { "name": "barrel_end*", "from": [8.25, 1.875, 7.5], "to": [10.5, 2.375, 7.75], "rotation": {"angle": 0, "axis": "y", "origin": [29, 0, 8]}, "faces": { "north": {"uv": [6.125, 2.25, 9.125, 3.75], "texture": "#0"}, "east": {"uv": [0, 0, 0, 0], "texture": "#0"}, "south": {"uv": [6.875, 1.875, 8.875, 4.375], "texture": "#0"}, "west": {"uv": [6.75, 0.75, 9.25, 2.75], "texture": "#0"}, "up": {"uv": [7.125, 1.25, 9.625, 3.75], "texture": "#0"}, "down": {"uv": [6.875, 1.375, 9.375, 3.875], "texture": "#0"} } }, { "name": "barrel_end*", "from": [8.25, 2.375, 7.75], "to": [10.5, 2.625, 8.25], "rotation": {"angle": 0, "axis": "y", "origin": [29, 0, 8]}, "faces": { "north": {"uv": [6.125, 2.25, 9.125, 3.75], "texture": "#0"}, "east": {"uv": [0, 0, 0, 0], "texture": "#0"}, "south": {"uv": [6.875, 1.875, 8.875, 4.375], "texture": "#0"}, "west": {"uv": [6.75, 0.75, 9.25, 2.75], "texture": "#0"}, "up": {"uv": [7.125, 1.25, 9.625, 3.75], "texture": "#0"}, "down": {"uv": [6.875, 1.375, 9.375, 3.875], "texture": "#0"} } }, { "name": "barrel_end*", "from": [8.25, 1.77, 8.25], "to": [8.5, 2.125, 8.605], "rotation": {"angle": 45, "axis": "x", "origin": [8.25, 2.125, 8.25]}, "faces": { "north": {"uv": [6.125, 2.25, 9.125, 3.75], "texture": "#0"}, "east": {"uv": [7, 1.75, 9.5, 4.25], "texture": "#0"}, "south": {"uv": [6.875, 1.875, 8.875, 4.375], "texture": "#0"}, "west": {"uv": [6.75, 0.75, 9.25, 2.75], "texture": "#0"}, "up": {"uv": [7.125, 1.25, 9.625, 3.75], "texture": "#0"}, "down": {"uv": [6.875, 1.375, 9.375, 3.875], "texture": "#0"} } }, { "name": "barrel_end*", "from": [8.25, 2.02, 7.5], "to": [8.5, 2.375, 7.855], "rotation": {"angle": -45, "axis": "x", "origin": [8.25, 2.375, 7.5]}, "faces": { "north": {"uv": [0, 0, 0, 0], "texture": "#0"}, "east": {"uv": [7, 1.75, 9.5, 4.25], "texture": "#0"}, "south": {"uv": [6.875, 1.875, 8.875, 4.375], "texture": "#0"}, "west": {"uv": [6.75, 0.75, 9.25, 2.75], "texture": "#0"}, "up": {"uv": [7.125, 1.25, 9.625, 3.75], "texture": "#0"}, "down": {"uv": [6.875, 1.375, 9.375, 3.875], "texture": "#0"} } }, { "name": "barrel_end*", "from": [8.25, 1.52, 7.5], "to": [8.5, 1.875, 7.855], "rotation": {"angle": -45, "axis": "x", "origin": [8.25, 1.875, 7.5]}, "faces": { "north": {"uv": [6.125, 2.25, 9.125, 3.75], "texture": "#0"}, "east": {"uv": [7, 1.75, 9.5, 4.25], "texture": "#0"}, "south": {"uv": [6.875, 1.875, 8.875, 4.375], "texture": "#0"}, "west": {"uv": [6.75, 0.75, 9.25, 2.75], "texture": "#0"}, "up": {"uv": [0, 0, 0, 0], "texture": "#0"}, "down": {"uv": [6.875, 1.375, 9.375, 3.875], "texture": "#0"} } }, { "name": "barrel_end*", "from": [8.25, 2.27, 8.25], "to": [8.5, 2.625, 8.605], "rotation": {"angle": 45, "axis": "x", "origin": [8.25, 2.625, 8.25]}, "faces": { "north": {"uv": [0, 0, 0, 0], "texture": "#0"}, "east": {"uv": [7, 1.75, 9.5, 4.25], "texture": "#0"}, "south": {"uv": [6.875, 1.875, 8.875, 4.375], "texture": "#0"}, "west": {"uv": [6.75, 0.75, 9.25, 2.75], "texture": "#0"}, "up": {"uv": [7.125, 1.25, 9.625, 3.75], "texture": "#0"}, "down": {"uv": [6.875, 1.375, 9.375, 3.875], "texture": "#0"} } }, { "name": "barrel_end*", "from": [8.25, 1.625, 7.75], "to": [10.5, 1.875, 8.25], "rotation": {"angle": 0, "axis": "y", "origin": [29, 0, 8]}, "faces": { "north": {"uv": [6.125, 2.25, 9.125, 3.75], "texture": "#0"}, "east": {"uv": [0, 0, 0, 0], "texture": "#0"}, "south": {"uv": [6.875, 1.875, 8.875, 4.375], "texture": "#0"}, "west": {"uv": [6.75, 0.75, 9.25, 2.75], "texture": "#0"}, "up": {"uv": [7.125, 1.25, 9.625, 3.75], "texture": "#0"}, "down": {"uv": [6.875, 1.375, 9.375, 3.875], "texture": "#0"} } }, { "name": "barrel_end*", "from": [8.25, 1.875, 8.25], "to": [10.5, 2.375, 8.5], "rotation": {"angle": 0, "axis": "y", "origin": [29, 0, 8]}, "faces": { "north": {"uv": [6.125, 2.25, 9.125, 3.75], "texture": "#0"}, "east": {"uv": [0, 0, 0, 0], "texture": "#0"}, "south": {"uv": [6.875, 1.875, 8.875, 4.375], "texture": "#0"}, "west": {"uv": [6.75, 0.75, 9.25, 2.75], "texture": "#0"}, "up": {"uv": [7.125, 1.25, 9.625, 3.75], "texture": "#0"}, "down": {"uv": [6.875, 1.375, 9.375, 3.875], "texture": "#0"} } } ], "display": { "thirdperson_righthand": { "rotation": [-49.5, -90, 0], "translation": [-0.25, 3.25, -6.5], "scale": [1.34688, 1.1457, 1.32344] }, "thirdperson_lefthand": { "rotation": [5, -90, 0], "translation": [0, 0.25, -4.25], "scale": [-0.8, 0.8, -0.8] }, "firstperson_righthand": { "rotation": [0, -25.75, -2], "translation": [-3.5, 3.75, -4.5] }, "firstperson_lefthand": { "rotation": [0, -90, -2], "translation": [-2.75, 3, -4.5], "scale": [-1, 1, -1] }, "ground": { "rotation": [90, 0, 0], "translation": [-3, -0.25, 8.25], "scale": [1.7832, 1.46094, 1.58789] }, "gui": { "rotation": [45, 55, 0], "translation": [-2.35, 5.4, 0], "scale": [2.51016, 1.92617, 2.13125] }, "head": { "rotation": [0, 0, -40], "translation": [-2.5, -15, 4] }, "fixed": { "rotation": [0, -180, 0], "translation": [1, 4.75, -1.75], "scale": [0.8, 0.8, 0.8] } }, "groups": [ { "name": "slider", "origin": [3.875, 10, 6.875], "children": [0, 1, 2, 3, 4, 5, 6, 7, 8, 9, 10, 11, 12, 13] } ] }