{ "credit": "Made with Blockbench", "textures": { "0": "block/ayumuchainsaw" }, "elements": [ { "from": [4.09375, 8, 0.3125], "to": [4.90625, 10.8125, 0.8125], "rotation": {"angle": 0, "axis": "y", "origin": [12, 19.125, 7.8125]}, "faces": { "north": {"uv": [8.5, 11.5, 10.407, 13.219], "texture": "#0"}, "east": {"uv": [8.5, 11.5, 10.407, 13.219], "texture": "#0"}, "south": {"uv": [8.5, 11.5, 10.407, 13.219], "texture": "#0"}, "west": {"uv": [8.5, 11.5, 10.407, 13.219], "texture": "#0"}, "up": {"uv": [8.5, 11.5, 10.407, 13.219], "texture": "#0"}, "down": {"uv": [8.5, 11.5, 10.407, 13.219], "texture": "#0"} } }, { "from": [4, 8, 4.5], "to": [4.9375, 10.125, 5], "rotation": {"angle": 0, "axis": "y", "origin": [12, 19.125, 12]}, "faces": { "north": {"uv": [8.5, 11.5, 10.407, 13.219], "texture": "#0"}, "east": {"uv": [8.5, 11.5, 10.407, 13.219], "texture": "#0"}, "south": {"uv": [8.5, 11.5, 10.407, 13.219], "texture": "#0"}, "west": {"uv": [8.5, 11.5, 10.407, 13.219], "texture": "#0"}, "up": {"uv": [8.5, 11.5, 10.407, 13.219], "texture": "#0"}, "down": {"uv": [8.5, 11.5, 10.407, 13.219], "texture": "#0"} } }, { "from": [4.04688, 10.09375, 0.8125], "to": [4.95313, 10.8125, 5], "rotation": {"angle": 0, "axis": "y", "origin": [12, 18.125, 9.8125]}, "faces": { "north": {"uv": [8.5, 11.5, 10.407, 13.219], "texture": "#0"}, "east": {"uv": [8.5, 11.5, 10.407, 13.219], "texture": "#0"}, "south": {"uv": [8.5, 11.5, 10.407, 13.219], "texture": "#0"}, "west": {"uv": [8.5, 11.5, 10.407, 13.219], "texture": "#0"}, "up": {"uv": [8.5, 11.5, 10.407, 13.219], "texture": "#0"}, "down": {"uv": [8.5, 11.5, 10.407, 13.219], "texture": "#0"} } }, { "from": [4.09375, 10.79343, 0.26431], "to": [4.90625, 11.52781, 2.60806], "rotation": {"angle": -22.5, "axis": "x", "origin": [4.5, 10.85593, 4.35806]}, "faces": { "north": {"uv": [8.5, 11.5, 10.407, 13.219], "texture": "#0"}, "east": {"uv": [8.5, 11.5, 10.407, 13.219], "texture": "#0"}, "south": {"uv": [8.5, 11.5, 10.407, 13.219], "texture": "#0"}, "west": {"uv": [8.5, 11.5, 10.407, 13.219], "texture": "#0"}, "up": {"uv": [8.5, 11.5, 10.407, 13.219], "texture": "#0"}, "down": {"uv": [8.5, 11.5, 10.407, 13.219], "texture": "#0"} } }, { "from": [4, 7.5, 0.3125], "to": [5, 8, 5], "rotation": {"angle": 0, "axis": "y", "origin": [12, 15, 8.8125]}, "faces": { "north": {"uv": [8.5, 11.5, 10.407, 13.219], "texture": "#0"}, "east": {"uv": [8.5, 11.5, 10.407, 13.219], "texture": "#0"}, "south": {"uv": [8.5, 11.5, 10.407, 13.219], "texture": "#0"}, "west": {"uv": [8.5, 11.5, 10.407, 13.219], "texture": "#0"}, "up": {"uv": [8.5, 11.5, 10.407, 13.219], "texture": "#0"}, "down": {"uv": [8.5, 11.5, 10.407, 13.219], "texture": "#0"} } }, { "name": "body", "from": [2.8125, 7.25, 5], "to": [6.3125, 12, 11.75], "rotation": {"angle": 0, "axis": "y", "origin": [12, 19, 12.5]}, "faces": { "north": {"uv": [7, 5.5, 9.625, 7.25], "texture": "#0"}, "east": {"uv": [7, 5.5, 9.625, 7.25], "texture": "#0"}, "south": {"uv": [7, 5.5, 9.625, 7.25], "texture": "#0"}, "west": {"uv": [7, 5.5, 9.625, 7.25], "texture": "#0"}, "up": {"uv": [7, 5.5, 9.625, 7.25], "texture": "#0"}, "down": {"uv": [7, 5.5, 9.625, 7.25], "texture": "#0"} } }, { "name": "body", "from": [3.25, 7.5, 11.75], "to": [5.875, 9.25, 12.20313], "rotation": {"angle": 0, "axis": "y", "origin": [12, 19.25, 19.25]}, "faces": { "north": {"uv": [7, 5.5, 9.625, 7.25], "texture": "#0"}, "east": {"uv": [7, 5.5, 9.625, 7.25], "texture": "#0"}, "south": {"uv": [7, 5.5, 9.625, 7.25], "texture": "#0"}, "west": {"uv": [7, 5.5, 9.625, 7.25], "texture": "#0"}, "up": {"uv": [7, 5.5, 9.625, 7.25], "texture": "#0"}, "down": {"uv": [7, 5.5, 9.625, 7.25], "texture": "#0"} } }, { "name": "body", "from": [2.8125, 11.92061, 4.92877], "to": [6.3125, 12.48311, 6.42877], "rotation": {"angle": -22.5, "axis": "x", "origin": [4.5625, 12.42061, 6.17877]}, "faces": { "north": {"uv": [6.5, 5, 10.5, 7.375], "texture": "#0"}, "east": {"uv": [6.5, 5, 10.5, 7.375], "texture": "#0"}, "south": {"uv": [6.5, 5, 10.5, 7.375], "texture": "#0"}, "west": {"uv": [6.5, 5, 10.5, 7.375], "texture": "#0"}, "up": {"uv": [6.5, 5, 10.5, 7.375], "texture": "#0"}, "down": {"uv": [6.5, 5, 10.5, 7.375], "texture": "#0"} } }, { "name": "body", "from": [2.8125, 11.9959, 6.38582], "to": [6.3125, 12.57403, 11.76082], "rotation": {"angle": 0, "axis": "y", "origin": [4.5625, 12.51153, 7.63582]}, "faces": { "north": {"uv": [6.5, 5, 10.5, 7.375], "texture": "#0"}, "east": {"uv": [6.5, 5, 10.5, 7.375], "texture": "#0"}, "south": {"uv": [6.5, 5, 10.5, 7.375], "texture": "#0"}, "west": {"uv": [6.5, 5, 10.5, 7.375], "texture": "#0"}, "up": {"uv": [6.5, 5, 10.5, 7.375], "texture": "#0"}, "down": {"uv": [6.5, 5, 10.5, 7.375], "texture": "#0"} } }, { "name": "body", "from": [2.9375, 12.5584, 9.01082], "to": [6.1875, 12.94903, 11.63582], "rotation": {"angle": 0, "axis": "y", "origin": [4.5625, 13.07403, 7.63582]}, "faces": { "north": {"uv": [6.5, 5, 10.5, 7.375], "texture": "#0"}, "east": {"uv": [6.5, 5, 10.5, 7.375], "texture": "#0"}, "south": {"uv": [6.5, 5, 10.5, 7.375], "texture": "#0"}, "west": {"uv": [6.5, 5, 10.5, 7.375], "texture": "#0"}, "up": {"uv": [6.5, 5, 10.5, 7.375], "texture": "#0"}, "down": {"uv": [6.5, 5, 10.5, 7.375], "texture": "#0"} } }, { "name": "body", "from": [2.9375, 11.01815, 8.22059], "to": [6.1875, 11.40878, 9.26747], "rotation": {"angle": -22.5, "axis": "x", "origin": [4.5625, 11.53378, 5.26747]}, "faces": { "north": {"uv": [6.5, 5, 10.5, 7.375], "texture": "#0"}, "east": {"uv": [6.5, 5, 10.5, 7.375], "texture": "#0"}, "south": {"uv": [6.5, 5, 10.5, 7.375], "texture": "#0"}, "west": {"uv": [6.5, 5, 10.5, 7.375], "texture": "#0"}, "up": {"uv": [6.5, 5, 10.5, 7.375], "texture": "#0"}, "down": {"uv": [6.5, 5, 10.5, 7.375], "texture": "#0"} } }, { "from": [6.3125, 9.60983, 10.70267], "to": [6.54688, 9.98483, 10.95267], "rotation": {"angle": 0, "axis": "y", "origin": [6.8125, 10.10983, 10.45267]}, "faces": { "north": {"uv": [1, 6.5, 3.235, 7.938], "texture": "#0"}, "east": {"uv": [1, 6.5, 3.235, 7.938], "texture": "#0"}, "south": {"uv": [1, 6.5, 3.235, 7.938], "texture": "#0"}, "west": {"uv": [1, 6.5, 3.235, 7.938], "texture": "#0"}, "up": {"uv": [1, 6.5, 3.235, 7.938], "texture": "#0"}, "down": {"uv": [1, 6.5, 3.235, 7.938], "texture": "#0"} } }, { "from": [6.54688, 9.58127, 10.77811], "to": [6.78125, 10.01877, 11.02811], "rotation": {"angle": 0, "axis": "y", "origin": [7.04688, 10.08127, 10.52811]}, "faces": { "north": {"uv": [1, 6.5, 3.235, 7.938], "texture": "#0"}, "east": {"uv": [1, 6.5, 3.235, 7.938], "texture": "#0"}, "south": {"uv": [1, 6.5, 3.235, 7.938], "texture": "#0"}, "west": {"uv": [1, 6.5, 3.235, 7.938], "texture": "#0"}, "up": {"uv": [1, 6.5, 3.235, 7.938], "texture": "#0"}, "down": {"uv": [1, 6.5, 3.235, 7.938], "texture": "#0"} } }, { "from": [6.1875, 8.15403, 7.48614], "to": [6.42188, 8.84153, 7.73614], "rotation": {"angle": 0, "axis": "y", "origin": [6.6875, 8.65403, 7.23614]}, "faces": { "north": {"uv": [1.5, 6, 3.657, 7.782], "texture": "#0"}, "east": {"uv": [1.5, 6, 3.657, 7.782], "texture": "#0"}, "south": {"uv": [1.5, 6, 3.657, 7.782], "texture": "#0"}, "west": {"uv": [1.5, 6, 3.657, 7.782], "texture": "#0"}, "up": {"uv": [1.5, 6, 3.657, 7.782], "texture": "#0"}, "down": {"uv": [1.5, 6, 3.657, 7.782], "texture": "#0"} } }, { "from": [2.1875, 14.18126, 11.35531], "to": [6.9375, 14.68126, 11.98031], "rotation": {"angle": 0, "axis": "x", "origin": [5.125, 14.43126, 11.60531]}, "faces": { "north": {"uv": [6, 12, 7.5, 13.25], "rotation": 90, "texture": "#0"}, "east": {"uv": [6, 12, 7.5, 13.25], "rotation": 90, "texture": "#0"}, "south": {"uv": [6, 12, 7.5, 13.25], "rotation": 90, "texture": "#0"}, "west": {"uv": [6, 12, 7.5, 13.25], "rotation": 90, "texture": "#0"}, "up": {"uv": [6, 12, 7.5, 13.25], "rotation": 90, "texture": "#0"}, "down": {"uv": [6, 12, 7.5, 13.25], "rotation": 90, "texture": "#0"} } }, { "from": [6.3125, 14.18126, 11.29281], "to": [7, 14.74376, 12.04281], "rotation": {"angle": 0, "axis": "x", "origin": [5.125, 14.43126, 11.60531]}, "faces": { "north": {"uv": [6, 12, 7.5, 13.25], "rotation": 90, "texture": "#0"}, "east": {"uv": [6, 12, 7.5, 13.25], "rotation": 90, "texture": "#0"}, "south": {"uv": [6, 12, 7.5, 13.25], "rotation": 90, "texture": "#0"}, "west": {"uv": [6, 12, 7.5, 13.25], "rotation": 90, "texture": "#0"}, "up": {"uv": [6, 12, 7.5, 13.25], "rotation": 90, "texture": "#0"}, "down": {"uv": [6, 12, 7.5, 13.25], "rotation": 90, "texture": "#0"} } }, { "from": [6.3125, 11.43126, 11.29281], "to": [7, 11.99376, 12.04281], "rotation": {"angle": 0, "axis": "x", "origin": [5.125, 11.68126, 11.60531]}, "faces": { "north": {"uv": [6, 12, 7.5, 13.25], "rotation": 90, "texture": "#0"}, "east": {"uv": [6, 12, 7.5, 13.25], "rotation": 90, "texture": "#0"}, "south": {"uv": [6, 12, 7.5, 13.25], "rotation": 90, "texture": "#0"}, "west": {"uv": [6, 12, 7.5, 13.25], "rotation": 90, "texture": "#0"}, "up": {"uv": [6, 12, 7.5, 13.25], "rotation": 90, "texture": "#0"}, "down": {"uv": [6, 12, 7.5, 13.25], "rotation": 90, "texture": "#0"} } }, { "from": [2.125, 14.18126, 11.29281], "to": [2.8125, 14.74376, 12.04281], "rotation": {"angle": 0, "axis": "x", "origin": [0.9375, 14.43126, 11.60531]}, "faces": { "north": {"uv": [6, 12, 7.5, 13.25], "rotation": 90, "texture": "#0"}, "east": {"uv": [6, 12, 7.5, 13.25], "rotation": 90, "texture": "#0"}, "south": {"uv": [6, 12, 7.5, 13.25], "rotation": 90, "texture": "#0"}, "west": {"uv": [6, 12, 7.5, 13.25], "rotation": 90, "texture": "#0"}, "up": {"uv": [6, 12, 7.5, 13.25], "rotation": 90, "texture": "#0"}, "down": {"uv": [6, 12, 7.5, 13.25], "rotation": 90, "texture": "#0"} } }, { "from": [2.125, 11.43126, 11.29281], "to": [2.8125, 11.99376, 12.04281], "rotation": {"angle": 0, "axis": "x", "origin": [0.9375, 11.68126, 11.60531]}, "faces": { "north": {"uv": [6, 12, 7.5, 13.25], "rotation": 90, "texture": "#0"}, "east": {"uv": [6, 12, 7.5, 13.25], "rotation": 90, "texture": "#0"}, "south": {"uv": [6, 12, 7.5, 13.25], "rotation": 90, "texture": "#0"}, "west": {"uv": [6, 12, 7.5, 13.25], "rotation": 90, "texture": "#0"}, "up": {"uv": [6, 12, 7.5, 13.25], "rotation": 90, "texture": "#0"}, "down": {"uv": [6, 12, 7.5, 13.25], "rotation": 90, "texture": "#0"} } }, { "from": [6.4375, 11.49376, 11.35531], "to": [6.9375, 14.18126, 11.98031], "rotation": {"angle": 0, "axis": "z", "origin": [6.6875, 12.24376, 11.60531]}, "faces": { "north": {"uv": [6, 12, 7.5, 13.25], "rotation": 180, "texture": "#0"}, "east": {"uv": [6, 12, 7.5, 13.25], "rotation": 180, "texture": "#0"}, "south": {"uv": [6, 12, 7.5, 13.25], "rotation": 180, "texture": "#0"}, "west": {"uv": [6, 12, 7.5, 13.25], "rotation": 180, "texture": "#0"}, "up": {"uv": [6, 12, 7.5, 13.25], "rotation": 180, "texture": "#0"}, "down": {"uv": [6, 12, 7.5, 13.25], "rotation": 180, "texture": "#0"} } }, { "from": [2.6875, 11.49376, 11.35531], "to": [6.4375, 11.99376, 11.98031], "rotation": {"angle": 0, "axis": "x", "origin": [5.125, 11.74376, 11.60531]}, "faces": { "north": {"uv": [6, 12, 7.5, 13.25], "rotation": 90, "texture": "#0"}, "east": {"uv": [6, 12, 7.5, 13.25], "rotation": 90, "texture": "#0"}, "south": {"uv": [6, 12, 7.5, 13.25], "rotation": 90, "texture": "#0"}, "west": {"uv": [6, 12, 7.5, 13.25], "rotation": 90, "texture": "#0"}, "up": {"uv": [6, 12, 7.5, 13.25], "rotation": 90, "texture": "#0"}, "down": {"uv": [6, 12, 7.5, 13.25], "rotation": 90, "texture": "#0"} } }, { "from": [2.1875, 11.49376, 11.35531], "to": [2.6875, 14.18126, 11.98031], "rotation": {"angle": 0, "axis": "z", "origin": [2.4375, 12.24376, 11.60531]}, "faces": { "north": {"uv": [6, 12, 7.5, 13.25], "rotation": 180, "texture": "#0"}, "east": {"uv": [6, 12, 7.5, 13.25], "rotation": 180, "texture": "#0"}, "south": {"uv": [6, 12, 7.5, 13.25], "rotation": 180, "texture": "#0"}, "west": {"uv": [6, 12, 7.5, 13.25], "rotation": 180, "texture": "#0"}, "up": {"uv": [6, 12, 7.5, 13.25], "rotation": 180, "texture": "#0"}, "down": {"uv": [6, 12, 7.5, 13.25], "rotation": 180, "texture": "#0"} } }, { "from": [6.45488, 8.15403, 7.67616], "to": [6.59551, 8.84153, 7.91053], "rotation": {"angle": -22.5, "axis": "y", "origin": [6.95488, 8.65403, 7.42616]}, "faces": { "north": {"uv": [1.5, 6, 3.657, 7.782], "texture": "#0"}, "east": {"uv": [1.5, 6, 3.657, 7.782], "texture": "#0"}, "south": {"uv": [1.5, 6, 3.657, 7.782], "texture": "#0"}, "west": {"uv": [1.5, 6, 3.657, 7.782], "texture": "#0"}, "up": {"uv": [1.5, 6, 3.657, 7.782], "texture": "#0"}, "down": {"uv": [1.5, 6, 3.657, 7.782], "texture": "#0"} } }, { "from": [6.3125, 7.95895, 11.16605], "to": [6.8125, 8.45895, 11.41605], "rotation": {"angle": 0, "axis": "y", "origin": [6.8125, 8.45895, 10.91605]}, "faces": { "north": {"uv": [6, 12, 7.5, 13.25], "texture": "#0"}, "east": {"uv": [6, 12, 7.5, 13.25], "texture": "#0"}, "south": {"uv": [6, 12, 7.5, 13.25], "texture": "#0"}, "west": {"uv": [6, 12, 7.5, 13.25], "texture": "#0"}, "up": {"uv": [6, 12, 7.5, 13.25], "texture": "#0"}, "down": {"uv": [6, 12, 7.5, 13.25], "texture": "#0"} } }, { "from": [6.8125, 7.83395, 6.79105], "to": [7.3125, 8.58395, 11.16605], "rotation": {"angle": 0, "axis": "y", "origin": [7.3125, 8.45895, 10.79105]}, "faces": { "north": {"uv": [6.5, 10, 8, 11.25], "texture": "#0"}, "east": {"uv": [6.5, 10, 8, 11.25], "texture": "#0"}, "south": {"uv": [6.5, 10, 8, 11.25], "texture": "#0"}, "west": {"uv": [6.5, 10, 8, 11.25], "texture": "#0"}, "up": {"uv": [6.5, 10, 8, 11.25], "texture": "#0"}, "down": {"uv": [6.5, 10, 8, 11.25], "texture": "#0"} } }, { "from": [6.3125, 7.89645, 6.85355], "to": [6.8125, 8.52145, 7.54105], "rotation": {"angle": 0, "axis": "y", "origin": [6.8125, 8.45895, 10.79105]}, "faces": { "north": {"uv": [6, 12, 7.5, 13.25], "texture": "#0"}, "east": {"uv": [6, 12, 7.5, 13.25], "texture": "#0"}, "south": {"uv": [6, 12, 7.5, 13.25], "texture": "#0"}, "west": {"uv": [6, 12, 7.5, 13.25], "texture": "#0"}, "up": {"uv": [6, 12, 7.5, 13.25], "texture": "#0"}, "down": {"uv": [6, 12, 7.5, 13.25], "texture": "#0"} } }, { "from": [2.3125, 7.89645, 6.85355], "to": [2.8125, 8.52145, 7.54105], "rotation": {"angle": 0, "axis": "y", "origin": [2.8125, 8.45895, 10.79105]}, "faces": { "north": {"uv": [6, 11.5, 7.5, 13.125], "texture": "#0"}, "east": {"uv": [6, 11.5, 7.5, 13.125], "texture": "#0"}, "south": {"uv": [6, 11.5, 7.5, 13.125], "texture": "#0"}, "west": {"uv": [6, 11.5, 7.5, 13.125], "texture": "#0"}, "up": {"uv": [6, 11.5, 7.5, 13.125], "texture": "#0"}, "down": {"uv": [6, 11.5, 7.5, 13.125], "texture": "#0"} } }, { "from": [1.8125, 7.83395, 6.79105], "to": [2.3125, 8.58395, 11.16605], "rotation": {"angle": 0, "axis": "y", "origin": [2.3125, 8.45895, 10.79105]}, "faces": { "north": {"uv": [6, 12, 7.5, 13.25], "texture": "#0"}, "east": {"uv": [6, 12, 7.5, 13.25], "texture": "#0"}, "south": {"uv": [6, 12, 7.5, 13.25], "texture": "#0"}, "west": {"uv": [6, 12, 7.5, 13.25], "texture": "#0"}, "up": {"uv": [6, 12, 7.5, 13.25], "texture": "#0"}, "down": {"uv": [6, 12, 7.5, 13.25], "texture": "#0"} } }, { "from": [6.8125, 8.27393, 7.59963], "to": [7.3125, 13.89893, 8.34963], "rotation": {"angle": 22.5, "axis": "x", "origin": [7.0625, 10.46143, 7.97463]}, "faces": { "north": {"uv": [6.5, 10, 8, 11.25], "texture": "#0"}, "east": {"uv": [6.5, 10, 8, 11.25], "texture": "#0"}, "south": {"uv": [6.5, 10, 8, 11.25], "texture": "#0"}, "west": {"uv": [6.5, 10, 8, 11.25], "texture": "#0"}, "up": {"uv": [6.5, 10, 8, 11.25], "texture": "#0"}, "down": {"uv": [6.5, 10, 8, 11.25], "texture": "#0"} } }, { "from": [1.8125, 13.49376, 8.88656], "to": [7.3125, 13.99376, 9.63656], "rotation": {"angle": 0, "axis": "x", "origin": [5.125, 13.74376, 9.26156]}, "faces": { "north": {"uv": [6, 12, 7.5, 13.25], "rotation": 90, "texture": "#0"}, "east": {"uv": [6, 12, 7.5, 13.25], "rotation": 90, "texture": "#0"}, "south": {"uv": [6, 12, 7.5, 13.25], "rotation": 90, "texture": "#0"}, "west": {"uv": [6, 12, 7.5, 13.25], "rotation": 90, "texture": "#0"}, "up": {"uv": [6, 12, 7.5, 13.25], "rotation": 90, "texture": "#0"}, "down": {"uv": [6, 12, 7.5, 13.25], "rotation": 90, "texture": "#0"} } }, { "from": [1.8125, 8.27393, 7.59963], "to": [2.3125, 13.89893, 8.34963], "rotation": {"angle": 22.5, "axis": "x", "origin": [2.0625, 10.46143, 7.97463]}, "faces": { "north": {"uv": [6, 12, 7.5, 13.25], "texture": "#0"}, "east": {"uv": [6, 12, 7.5, 13.25], "texture": "#0"}, "south": {"uv": [6, 12, 7.5, 13.25], "texture": "#0"}, "west": {"uv": [6, 12, 7.5, 13.25], "texture": "#0"}, "up": {"uv": [6, 12, 7.5, 13.25], "texture": "#0"}, "down": {"uv": [6, 12, 7.5, 13.25], "texture": "#0"} } }, { "from": [2.26563, 7.89645, 11.16605], "to": [2.76563, 8.39645, 11.41605], "rotation": {"angle": 0, "axis": "y", "origin": [2.26563, 8.39645, 10.91605]}, "faces": { "north": {"uv": [6, 12, 7.5, 13.25], "texture": "#0"}, "east": {"uv": [6, 12, 7.5, 13.25], "texture": "#0"}, "south": {"uv": [6, 12, 7.5, 13.25], "texture": "#0"}, "west": {"uv": [6, 12, 7.5, 13.25], "texture": "#0"}, "up": {"uv": [6, 12, 7.5, 13.25], "texture": "#0"}, "down": {"uv": [6, 12, 7.5, 13.25], "texture": "#0"} } }, { "from": [6.3125, 9.60983, 10.04733], "to": [6.54688, 9.98483, 10.29733], "rotation": {"angle": 0, "axis": "y", "origin": [6.8125, 10.10983, 9.79733]}, "faces": { "north": {"uv": [1, 6.5, 3.235, 7.938], "texture": "#0"}, "east": {"uv": [1, 6.5, 3.235, 7.938], "texture": "#0"}, "south": {"uv": [1, 6.5, 3.235, 7.938], "texture": "#0"}, "west": {"uv": [1, 6.5, 3.235, 7.938], "texture": "#0"}, "up": {"uv": [1, 6.5, 3.235, 7.938], "texture": "#0"}, "down": {"uv": [1, 6.5, 3.235, 7.938], "texture": "#0"} } }, { "from": [6.54688, 9.58127, 9.97189], "to": [6.78125, 10.01877, 10.90939], "rotation": {"angle": 0, "axis": "y", "origin": [7.04688, 10.08127, 9.72189]}, "faces": { "north": {"uv": [1, 6.5, 3.235, 7.938], "texture": "#0"}, "east": {"uv": [1, 6.5, 3.235, 7.938], "texture": "#0"}, "south": {"uv": [1, 6.5, 3.235, 7.938], "texture": "#0"}, "west": {"uv": [1, 6.5, 3.235, 7.938], "texture": "#0"}, "up": {"uv": [1, 6.5, 3.235, 7.938], "texture": "#0"}, "down": {"uv": [1, 6.5, 3.235, 7.938], "texture": "#0"} } }, { "from": [6.1875, 8.15403, 5.38886], "to": [6.42188, 8.84153, 5.71699], "rotation": {"angle": 0, "axis": "y", "origin": [6.6875, 8.65403, 5.13886]}, "faces": { "north": {"uv": [1.5, 6, 3.657, 7.782], "texture": "#0"}, "east": {"uv": [1.5, 6, 3.657, 7.782], "texture": "#0"}, "south": {"uv": [1.5, 6, 3.657, 7.782], "texture": "#0"}, "west": {"uv": [1.5, 6, 3.657, 7.782], "texture": "#0"}, "up": {"uv": [1.5, 6, 3.657, 7.782], "texture": "#0"}, "down": {"uv": [1.5, 6, 3.657, 7.782], "texture": "#0"} } }, { "from": [6.39486, 8.15403, 5.66314], "to": [6.53548, 8.84153, 7.52252], "rotation": {"angle": 0, "axis": "y", "origin": [6.89486, 8.65403, 5.38189]}, "faces": { "north": {"uv": [1.5, 6, 3.657, 7.782], "texture": "#0"}, "east": {"uv": [1.5, 6, 3.657, 7.782], "texture": "#0"}, "south": {"uv": [1.5, 6, 3.657, 7.782], "texture": "#0"}, "west": {"uv": [1.5, 6, 3.657, 7.782], "texture": "#0"}, "up": {"uv": [1.5, 6, 3.657, 7.782], "texture": "#0"}, "down": {"uv": [1.5, 6, 3.657, 7.782], "texture": "#0"} } }, { "from": [6.14626, 8.15403, 5.27275], "to": [6.28689, 8.84153, 5.56962], "rotation": {"angle": 22.5, "axis": "y", "origin": [6.64626, 8.65403, 4.9915]}, "faces": { "north": {"uv": [1.5, 6, 3.657, 7.782], "texture": "#0"}, "east": {"uv": [1.5, 6, 3.657, 7.782], "texture": "#0"}, "south": {"uv": [1.5, 6, 3.657, 7.782], "texture": "#0"}, "west": {"uv": [1.5, 6, 3.657, 7.782], "texture": "#0"}, "up": {"uv": [1.5, 6, 3.657, 7.782], "texture": "#0"}, "down": {"uv": [1.5, 6, 3.657, 7.782], "texture": "#0"} } }, { "from": [6.3125, 7.95895, 10.20895], "to": [6.8125, 8.45895, 10.45895], "rotation": {"angle": 0, "axis": "y", "origin": [6.8125, 8.45895, 9.95895]}, "faces": { "north": {"uv": [6, 12, 7.5, 13.25], "texture": "#0"}, "east": {"uv": [6, 12, 7.5, 13.25], "texture": "#0"}, "south": {"uv": [6, 12, 7.5, 13.25], "texture": "#0"}, "west": {"uv": [6, 12, 7.5, 13.25], "texture": "#0"}, "up": {"uv": [6, 12, 7.5, 13.25], "texture": "#0"}, "down": {"uv": [6, 12, 7.5, 13.25], "texture": "#0"} } }, { "from": [2.26563, 7.89645, 10.20895], "to": [2.76563, 8.39645, 10.45895], "rotation": {"angle": 0, "axis": "y", "origin": [2.26563, 8.39645, 9.95895]}, "faces": { "north": {"uv": [6, 12, 7.5, 13.25], "texture": "#0"}, "east": {"uv": [6, 12, 7.5, 13.25], "texture": "#0"}, "south": {"uv": [6, 12, 7.5, 13.25], "texture": "#0"}, "west": {"uv": [6, 12, 7.5, 13.25], "texture": "#0"}, "up": {"uv": [6, 12, 7.5, 13.25], "texture": "#0"}, "down": {"uv": [6, 12, 7.5, 13.25], "texture": "#0"} } }, { "from": [6.3125, 9.34467, 10.3125], "to": [6.54688, 9.59467, 10.6875], "rotation": {"angle": 0, "axis": "y", "origin": [6.8125, 9.84467, 10.6875]}, "faces": { "north": {"uv": [1, 6.5, 3.235, 7.938], "texture": "#0"}, "east": {"uv": [1, 6.5, 3.235, 7.938], "texture": "#0"}, "south": {"uv": [1, 6.5, 3.235, 7.938], "texture": "#0"}, "west": {"uv": [1, 6.5, 3.235, 7.938], "texture": "#0"}, "up": {"uv": [1, 6.5, 3.235, 7.938], "texture": "#0"}, "down": {"uv": [1, 6.5, 3.235, 7.938], "texture": "#0"} } }, { "from": [6.54688, 9.27191, 10.28125], "to": [6.78125, 9.52191, 10.71875], "rotation": {"angle": 0, "axis": "y", "origin": [7.04688, 9.77191, 10.71875]}, "faces": { "north": {"uv": [1, 6.5, 3.235, 7.938], "texture": "#0"}, "east": {"uv": [1, 6.5, 3.235, 7.938], "texture": "#0"}, "south": {"uv": [1, 6.5, 3.235, 7.938], "texture": "#0"}, "west": {"uv": [1, 6.5, 3.235, 7.938], "texture": "#0"}, "up": {"uv": [1, 6.5, 3.235, 7.938], "texture": "#0"}, "down": {"uv": [1, 6.5, 3.235, 7.938], "texture": "#0"} } }, { "from": [6.36496, 7.86999, 5.875], "to": [6.52121, 8.15124, 7.25], "rotation": {"angle": 0, "axis": "y", "origin": [6.86496, 8.33874, 7.25]}, "faces": { "north": {"uv": [1.5, 6, 3.657, 7.782], "texture": "#0"}, "east": {"uv": [1.5, 6, 3.657, 7.782], "texture": "#0"}, "south": {"uv": [1.5, 6, 3.657, 7.782], "texture": "#0"}, "west": {"uv": [1.5, 6, 3.657, 7.782], "texture": "#0"}, "up": {"uv": [1.5, 6, 3.657, 7.782], "texture": "#0"}, "down": {"uv": [1.5, 6, 3.657, 7.782], "texture": "#0"} } }, { "from": [6.36496, 8.83874, 5.875], "to": [6.52121, 9.11999, 7.25], "rotation": {"angle": 0, "axis": "y", "origin": [6.86496, 9.30749, 7.25]}, "faces": { "north": {"uv": [1.5, 6, 3.657, 7.782], "texture": "#0"}, "east": {"uv": [1.5, 6, 3.657, 7.782], "texture": "#0"}, "south": {"uv": [1.5, 6, 3.657, 7.782], "texture": "#0"}, "west": {"uv": [1.5, 6, 3.657, 7.782], "texture": "#0"}, "up": {"uv": [1.5, 6, 3.657, 7.782], "texture": "#0"}, "down": {"uv": [1.5, 6, 3.657, 7.782], "texture": "#0"} } }, { "from": [6.36496, 8.83874, 5.78125], "to": [6.52121, 9.11999, 5.875], "rotation": {"angle": 0, "axis": "y", "origin": [6.86496, 9.30749, 5.875]}, "faces": { "north": {"uv": [1.5, 5, 3.657, 7.594], "texture": "#0"}, "east": {"uv": [1.5, 5, 3.657, 7.594], "texture": "#0"}, "south": {"uv": [1.5, 5, 3.657, 7.594], "texture": "#0"}, "west": {"uv": [1.5, 5, 3.657, 7.594], "texture": "#0"}, "up": {"uv": [1.5, 5, 3.657, 7.594], "texture": "#0"}, "down": {"uv": [1.5, 5, 3.657, 7.594], "texture": "#0"} } }, { "from": [6.36496, 8.83874, 7.25], "to": [6.52121, 9.11999, 7.34375], "rotation": {"angle": 0, "axis": "y", "origin": [6.86496, 9.30749, 7.34375]}, "faces": { "north": {"uv": [1.5, 5, 3.657, 7.594], "texture": "#0"}, "east": {"uv": [1.5, 5, 3.657, 7.594], "texture": "#0"}, "south": {"uv": [1.5, 5, 3.657, 7.594], "texture": "#0"}, "west": {"uv": [1.5, 5, 3.657, 7.594], "texture": "#0"}, "up": {"uv": [1.5, 5, 3.657, 7.594], "texture": "#0"}, "down": {"uv": [1.5, 5, 3.657, 7.594], "texture": "#0"} } }, { "from": [6.36496, 7.86999, 5.78125], "to": [6.52121, 8.15124, 5.875], "rotation": {"angle": 0, "axis": "y", "origin": [6.86496, 8.33874, 5.875]}, "faces": { "north": {"uv": [1.5, 5, 3.657, 7.594], "texture": "#0"}, "east": {"uv": [1.5, 5, 3.657, 7.594], "texture": "#0"}, "south": {"uv": [1.5, 5, 3.657, 7.594], "texture": "#0"}, "west": {"uv": [1.5, 5, 3.657, 7.594], "texture": "#0"}, "up": {"uv": [1.5, 5, 3.657, 7.594], "texture": "#0"}, "down": {"uv": [1.5, 5, 3.657, 7.594], "texture": "#0"} } }, { "from": [6.36496, 7.86999, 7.25], "to": [6.52121, 8.15124, 7.34375], "rotation": {"angle": 0, "axis": "y", "origin": [6.86496, 8.33874, 7.34375]}, "faces": { "north": {"uv": [1.5, 5, 3.657, 7.594], "texture": "#0"}, "east": {"uv": [1.5, 5, 3.657, 7.594], "texture": "#0"}, "south": {"uv": [1.5, 5, 3.657, 7.594], "texture": "#0"}, "west": {"uv": [1.5, 5, 3.657, 7.594], "texture": "#0"}, "up": {"uv": [1.5, 5, 3.657, 7.594], "texture": "#0"}, "down": {"uv": [1.5, 5, 3.657, 7.594], "texture": "#0"} } }, { "from": [6.36496, 8.83874, 5.6875], "to": [6.52121, 9.01062, 5.78125], "rotation": {"angle": 0, "axis": "y", "origin": [6.86496, 9.30749, 5.78125]}, "faces": { "north": {"uv": [1.5, 5, 3.657, 7.594], "texture": "#0"}, "east": {"uv": [1.5, 5, 3.657, 7.594], "texture": "#0"}, "south": {"uv": [1.5, 5, 3.657, 7.594], "texture": "#0"}, "west": {"uv": [1.5, 5, 3.657, 7.594], "texture": "#0"}, "up": {"uv": [1.5, 5, 3.657, 7.594], "texture": "#0"}, "down": {"uv": [1.5, 5, 3.657, 7.594], "texture": "#0"} } }, { "from": [6.36496, 8.02624, 5.6875], "to": [6.52121, 8.19812, 5.78125], "rotation": {"angle": 0, "axis": "y", "origin": [6.86496, 8.49499, 5.78125]}, "faces": { "north": {"uv": [1.5, 5, 3.657, 7.594], "texture": "#0"}, "east": {"uv": [1.5, 5, 3.657, 7.594], "texture": "#0"}, "south": {"uv": [1.5, 5, 3.657, 7.594], "texture": "#0"}, "west": {"uv": [1.5, 5, 3.657, 7.594], "texture": "#0"}, "up": {"uv": [1.5, 5, 3.657, 7.594], "texture": "#0"}, "down": {"uv": [1.5, 5, 3.657, 7.594], "texture": "#0"} } }, { "from": [6.36496, 8.83874, 7.34375], "to": [6.52121, 9.01062, 7.4375], "rotation": {"angle": 0, "axis": "y", "origin": [6.86496, 9.30749, 7.4375]}, "faces": { "north": {"uv": [1.5, 5, 3.657, 7.594], "texture": "#0"}, "east": {"uv": [1.5, 5, 3.657, 7.594], "texture": "#0"}, "south": {"uv": [1.5, 5, 3.657, 7.594], "texture": "#0"}, "west": {"uv": [1.5, 5, 3.657, 7.594], "texture": "#0"}, "up": {"uv": [1.5, 5, 3.657, 7.594], "texture": "#0"}, "down": {"uv": [1.5, 5, 3.657, 7.594], "texture": "#0"} } }, { "from": [6.43328, 7.49468, 5.875], "to": [6.5739, 7.71343, 7.25], "rotation": {"angle": -22.5, "axis": "z", "origin": [6.93328, 7.96343, 7.25]}, "faces": { "north": {"uv": [1.5, 6, 3.657, 7.782], "texture": "#0"}, "east": {"uv": [1.5, 6, 3.657, 7.782], "texture": "#0"}, "south": {"uv": [1.5, 6, 3.657, 7.782], "texture": "#0"}, "west": {"uv": [1.5, 6, 3.657, 7.782], "texture": "#0"}, "up": {"uv": [1.5, 6, 3.657, 7.782], "texture": "#0"}, "down": {"uv": [1.5, 6, 3.657, 7.782], "texture": "#0"} } }, { "from": [6.3125, 7.60539, 10.5625], "to": [6.8125, 7.85539, 11.0625], "rotation": {"angle": 0, "axis": "y", "origin": [6.8125, 8.10539, 11.0625]}, "faces": { "north": {"uv": [6, 12, 7.5, 13.25], "texture": "#0"}, "east": {"uv": [6, 12, 7.5, 13.25], "texture": "#0"}, "south": {"uv": [6, 12, 7.5, 13.25], "texture": "#0"}, "west": {"uv": [6, 12, 7.5, 13.25], "texture": "#0"}, "up": {"uv": [6, 12, 7.5, 13.25], "texture": "#0"}, "down": {"uv": [6, 12, 7.5, 13.25], "texture": "#0"} } }, { "from": [2.26563, 7.54289, 10.5625], "to": [2.76563, 7.79289, 11.0625], "rotation": {"angle": 0, "axis": "y", "origin": [2.26563, 8.04289, 11.0625]}, "faces": { "north": {"uv": [6, 12, 7.5, 13.25], "texture": "#0"}, "east": {"uv": [6, 12, 7.5, 13.25], "texture": "#0"}, "south": {"uv": [6, 12, 7.5, 13.25], "texture": "#0"}, "west": {"uv": [6, 12, 7.5, 13.25], "texture": "#0"}, "up": {"uv": [6, 12, 7.5, 13.25], "texture": "#0"}, "down": {"uv": [6, 12, 7.5, 13.25], "texture": "#0"} } }, { "from": [6.3125, 10, 10.3125], "to": [6.54688, 10.25, 10.6875], "rotation": {"angle": 0, "axis": "y", "origin": [6.8125, 10.5, 10.6875]}, "faces": { "north": {"uv": [1, 6.5, 3.235, 7.938], "texture": "#0"}, "east": {"uv": [1, 6.5, 3.235, 7.938], "texture": "#0"}, "south": {"uv": [1, 6.5, 3.235, 7.938], "texture": "#0"}, "west": {"uv": [1, 6.5, 3.235, 7.938], "texture": "#0"}, "up": {"uv": [1, 6.5, 3.235, 7.938], "texture": "#0"}, "down": {"uv": [1, 6.5, 3.235, 7.938], "texture": "#0"} } }, { "from": [6.54688, 9.45313, 10.28125], "to": [6.78125, 10.32813, 10.71875], "rotation": {"angle": 0, "axis": "y", "origin": [7.04688, 10.57813, 10.71875]}, "faces": { "north": {"uv": [1, 6.5, 3.235, 7.938], "texture": "#0"}, "east": {"uv": [1, 6.5, 3.235, 7.938], "texture": "#0"}, "south": {"uv": [1, 6.5, 3.235, 7.938], "texture": "#0"}, "west": {"uv": [1, 6.5, 3.235, 7.938], "texture": "#0"}, "up": {"uv": [1, 6.5, 3.235, 7.938], "texture": "#0"}, "down": {"uv": [1, 6.5, 3.235, 7.938], "texture": "#0"} } }, { "from": [6.1875, 9.07767, 5.875], "to": [6.42188, 9.32767, 7.25], "rotation": {"angle": 0, "axis": "y", "origin": [6.6875, 9.57767, 7.25]}, "faces": { "north": {"uv": [1.5, 6, 3.657, 7.782], "texture": "#0"}, "east": {"uv": [1.5, 6, 3.657, 7.782], "texture": "#0"}, "south": {"uv": [1.5, 6, 3.657, 7.782], "texture": "#0"}, "west": {"uv": [1.5, 6, 3.657, 7.782], "texture": "#0"}, "up": {"uv": [1.5, 6, 3.657, 7.782], "texture": "#0"}, "down": {"uv": [1.5, 6, 3.657, 7.782], "texture": "#0"} } }, { "from": [6.1875, 7.67142, 5.875], "to": [6.42188, 7.92142, 7.25], "rotation": {"angle": 0, "axis": "y", "origin": [6.6875, 8.17142, 7.25]}, "faces": { "north": {"uv": [1.5, 6, 3.657, 7.782], "texture": "#0"}, "east": {"uv": [1.5, 6, 3.657, 7.782], "texture": "#0"}, "south": {"uv": [1.5, 6, 3.657, 7.782], "texture": "#0"}, "west": {"uv": [1.5, 6, 3.657, 7.782], "texture": "#0"}, "up": {"uv": [1.5, 6, 3.657, 7.782], "texture": "#0"}, "down": {"uv": [1.5, 6, 3.657, 7.782], "texture": "#0"} } }, { "from": [6.15224, 9.2106, 5.875], "to": [6.29287, 9.44497, 7.25], "rotation": {"angle": 22.5, "axis": "z", "origin": [6.65224, 9.7106, 7.25]}, "faces": { "north": {"uv": [1.5, 6, 3.657, 7.782], "texture": "#0"}, "east": {"uv": [1.5, 6, 3.657, 7.782], "texture": "#0"}, "south": {"uv": [1.5, 6, 3.657, 7.782], "texture": "#0"}, "west": {"uv": [1.5, 6, 3.657, 7.782], "texture": "#0"}, "up": {"uv": [1.5, 6, 3.657, 7.782], "texture": "#0"}, "down": {"uv": [1.5, 6, 3.657, 7.782], "texture": "#0"} } }, { "from": [6.3125, 8.5625, 10.5625], "to": [6.8125, 8.8125, 11.0625], "rotation": {"angle": 0, "axis": "y", "origin": [6.8125, 9.0625, 11.0625]}, "faces": { "north": {"uv": [6, 12, 7.5, 13.25], "texture": "#0"}, "east": {"uv": [6, 12, 7.5, 13.25], "texture": "#0"}, "south": {"uv": [6, 12, 7.5, 13.25], "texture": "#0"}, "west": {"uv": [6, 12, 7.5, 13.25], "texture": "#0"}, "up": {"uv": [6, 12, 7.5, 13.25], "texture": "#0"}, "down": {"uv": [6, 12, 7.5, 13.25], "texture": "#0"} } }, { "from": [2.26563, 8.5, 10.5625], "to": [2.76563, 8.75, 11.0625], "rotation": {"angle": 0, "axis": "y", "origin": [2.26563, 9, 11.0625]}, "faces": { "north": {"uv": [6, 12, 7.5, 13.25], "texture": "#0"}, "east": {"uv": [6, 12, 7.5, 13.25], "texture": "#0"}, "south": {"uv": [6, 12, 7.5, 13.25], "texture": "#0"}, "west": {"uv": [6, 12, 7.5, 13.25], "texture": "#0"}, "up": {"uv": [6, 12, 7.5, 13.25], "texture": "#0"}, "down": {"uv": [6, 12, 7.5, 13.25], "texture": "#0"} } }, { "from": [6.3125, 9.66161, 10.75444], "to": [6.54688, 9.91161, 11.12944], "rotation": {"angle": 45, "axis": "x", "origin": [6.8125, 10.16161, 11.12944]}, "faces": { "north": {"uv": [1, 6.5, 3.235, 7.938], "texture": "#0"}, "east": {"uv": [1, 6.5, 3.235, 7.938], "texture": "#0"}, "south": {"uv": [1, 6.5, 3.235, 7.938], "texture": "#0"}, "west": {"uv": [1, 6.5, 3.235, 7.938], "texture": "#0"}, "up": {"uv": [1, 6.5, 3.235, 7.938], "texture": "#0"}, "down": {"uv": [1, 6.5, 3.235, 7.938], "texture": "#0"} } }, { "from": [6.54688, 9.69554, 10.76739], "to": [6.78125, 9.94554, 11.20489], "rotation": {"angle": 45, "axis": "x", "origin": [7.04688, 10.19554, 11.20489]}, "faces": { "north": {"uv": [1, 6.5, 3.235, 7.938], "texture": "#0"}, "east": {"uv": [1, 6.5, 3.235, 7.938], "texture": "#0"}, "south": {"uv": [1, 6.5, 3.235, 7.938], "texture": "#0"}, "west": {"uv": [1, 6.5, 3.235, 7.938], "texture": "#0"}, "up": {"uv": [1, 6.5, 3.235, 7.938], "texture": "#0"}, "down": {"uv": [1, 6.5, 3.235, 7.938], "texture": "#0"} } }, { "from": [6.1875, 8.51831, 7.22541], "to": [6.42188, 8.76831, 7.91291], "rotation": {"angle": 45, "axis": "x", "origin": [6.6875, 9.01831, 7.91291]}, "faces": { "north": {"uv": [1.5, 6, 3.657, 7.782], "texture": "#0"}, "east": {"uv": [1.5, 6, 3.657, 7.782], "texture": "#0"}, "south": {"uv": [1.5, 6, 3.657, 7.782], "texture": "#0"}, "west": {"uv": [1.5, 6, 3.657, 7.782], "texture": "#0"}, "up": {"uv": [1.5, 6, 3.657, 7.782], "texture": "#0"}, "down": {"uv": [1.5, 6, 3.657, 7.782], "texture": "#0"} } }, { "from": [6.3125, 8.13572, 11.09283], "to": [6.8125, 8.38572, 11.59283], "rotation": {"angle": 45, "axis": "x", "origin": [6.8125, 8.63572, 11.59283]}, "faces": { "north": {"uv": [6, 12, 7.5, 13.25], "texture": "#0"}, "east": {"uv": [6, 12, 7.5, 13.25], "texture": "#0"}, "south": {"uv": [6, 12, 7.5, 13.25], "texture": "#0"}, "west": {"uv": [6, 12, 7.5, 13.25], "texture": "#0"}, "up": {"uv": [6, 12, 7.5, 13.25], "texture": "#0"}, "down": {"uv": [6, 12, 7.5, 13.25], "texture": "#0"} } }, { "from": [2.26563, 8.07322, 11.09283], "to": [2.76563, 8.32322, 11.59283], "rotation": {"angle": 45, "axis": "x", "origin": [2.26563, 8.57322, 11.59283]}, "faces": { "north": {"uv": [6, 12, 7.5, 13.25], "texture": "#0"}, "east": {"uv": [6, 12, 7.5, 13.25], "texture": "#0"}, "south": {"uv": [6, 12, 7.5, 13.25], "texture": "#0"}, "west": {"uv": [6, 12, 7.5, 13.25], "texture": "#0"}, "up": {"uv": [6, 12, 7.5, 13.25], "texture": "#0"}, "down": {"uv": [6, 12, 7.5, 13.25], "texture": "#0"} } }, { "from": [6.3125, 9.19822, 10.29105], "to": [6.54688, 9.44822, 10.66605], "rotation": {"angle": 45, "axis": "x", "origin": [6.8125, 9.69822, 10.66605]}, "faces": { "north": {"uv": [1, 6.5, 3.235, 7.938], "texture": "#0"}, "east": {"uv": [1, 6.5, 3.235, 7.938], "texture": "#0"}, "south": {"uv": [1, 6.5, 3.235, 7.938], "texture": "#0"}, "west": {"uv": [1, 6.5, 3.235, 7.938], "texture": "#0"}, "up": {"uv": [1, 6.5, 3.235, 7.938], "texture": "#0"}, "down": {"uv": [1, 6.5, 3.235, 7.938], "texture": "#0"} } }, { "from": [6.54688, 9.12546, 10.1973], "to": [6.78125, 9.37546, 10.6348], "rotation": {"angle": 45, "axis": "x", "origin": [7.04688, 9.62546, 10.6348]}, "faces": { "north": {"uv": [1, 6.5, 3.235, 7.938], "texture": "#0"}, "east": {"uv": [1, 6.5, 3.235, 7.938], "texture": "#0"}, "south": {"uv": [1, 6.5, 3.235, 7.938], "texture": "#0"}, "west": {"uv": [1, 6.5, 3.235, 7.938], "texture": "#0"}, "up": {"uv": [1, 6.5, 3.235, 7.938], "texture": "#0"}, "down": {"uv": [1, 6.5, 3.235, 7.938], "texture": "#0"} } }, { "from": [6.1875, 7.52145, 5.54105], "to": [6.42188, 7.77145, 6.22855], "rotation": {"angle": 45, "axis": "x", "origin": [6.6875, 8.02145, 6.22855]}, "faces": { "north": {"uv": [1.5, 6, 3.657, 7.782], "texture": "#0"}, "east": {"uv": [1.5, 6, 3.657, 7.782], "texture": "#0"}, "south": {"uv": [1.5, 6, 3.657, 7.782], "texture": "#0"}, "west": {"uv": [1.5, 6, 3.657, 7.782], "texture": "#0"}, "up": {"uv": [1.5, 6, 3.657, 7.782], "texture": "#0"}, "down": {"uv": [1.5, 6, 3.657, 7.782], "texture": "#0"} } }, { "from": [6.3125, 7.45895, 10.41605], "to": [6.8125, 7.70895, 10.91605], "rotation": {"angle": 45, "axis": "x", "origin": [6.8125, 7.95895, 10.91605]}, "faces": { "north": {"uv": [6, 12, 7.5, 13.25], "texture": "#0"}, "east": {"uv": [6, 12, 7.5, 13.25], "texture": "#0"}, "south": {"uv": [6, 12, 7.5, 13.25], "texture": "#0"}, "west": {"uv": [6, 12, 7.5, 13.25], "texture": "#0"}, "up": {"uv": [6, 12, 7.5, 13.25], "texture": "#0"}, "down": {"uv": [6, 12, 7.5, 13.25], "texture": "#0"} } }, { "from": [2.26563, 7.39645, 10.41605], "to": [2.76563, 7.64645, 10.91605], "rotation": {"angle": 45, "axis": "x", "origin": [2.26563, 7.89645, 10.91605]}, "faces": { "north": {"uv": [6, 12, 7.5, 13.25], "texture": "#0"}, "east": {"uv": [6, 12, 7.5, 13.25], "texture": "#0"}, "south": {"uv": [6, 12, 7.5, 13.25], "texture": "#0"}, "west": {"uv": [6, 12, 7.5, 13.25], "texture": "#0"}, "up": {"uv": [6, 12, 7.5, 13.25], "texture": "#0"}, "down": {"uv": [6, 12, 7.5, 13.25], "texture": "#0"} } }, { "from": [6.3125, 10.01517, 9.72411], "to": [6.54688, 10.26517, 10.09911], "rotation": {"angle": -45, "axis": "x", "origin": [6.8125, 10.51517, 10.22411]}, "faces": { "north": {"uv": [1, 6.5, 3.235, 7.938], "texture": "#0"}, "east": {"uv": [1, 6.5, 3.235, 7.938], "texture": "#0"}, "south": {"uv": [1, 6.5, 3.235, 7.938], "texture": "#0"}, "west": {"uv": [1, 6.5, 3.235, 7.938], "texture": "#0"}, "up": {"uv": [1, 6.5, 3.235, 7.938], "texture": "#0"}, "down": {"uv": [1, 6.5, 3.235, 7.938], "texture": "#0"} } }, { "from": [6.54688, 10.0491, 9.64867], "to": [6.78125, 10.2991, 10.08617], "rotation": {"angle": -45, "axis": "x", "origin": [7.04688, 10.5491, 10.14867]}, "faces": { "north": {"uv": [1, 6.5, 3.235, 7.938], "texture": "#0"}, "east": {"uv": [1, 6.5, 3.235, 7.938], "texture": "#0"}, "south": {"uv": [1, 6.5, 3.235, 7.938], "texture": "#0"}, "west": {"uv": [1, 6.5, 3.235, 7.938], "texture": "#0"}, "up": {"uv": [1, 6.5, 3.235, 7.938], "texture": "#0"}, "down": {"uv": [1, 6.5, 3.235, 7.938], "texture": "#0"} } }, { "from": [6.78125, 9.1741, 9.96117], "to": [6.82813, 10.2366, 10.02367], "rotation": {"angle": -45, "axis": "x", "origin": [7.28125, 10.4866, 10.08617]}, "faces": { "north": {"uv": [1, 6.5, 3.235, 7.938], "texture": "#0"}, "east": {"uv": [1, 6.5, 3.235, 7.938], "texture": "#0"}, "south": {"uv": [1, 6.5, 3.235, 7.938], "texture": "#0"}, "west": {"uv": [1, 6.5, 3.235, 7.938], "texture": "#0"}, "up": {"uv": [1, 6.5, 3.235, 7.938], "texture": "#0"}, "down": {"uv": [1, 6.5, 3.235, 7.938], "texture": "#0"} } }, { "from": [6.78125, 9.0491, 9.83617], "to": [6.82813, 10.1116, 9.89867], "rotation": {"angle": -45, "axis": "x", "origin": [7.28125, 10.3616, 9.96117]}, "faces": { "north": {"uv": [1, 6.5, 3.235, 7.938], "texture": "#0"}, "east": {"uv": [1, 6.5, 3.235, 7.938], "texture": "#0"}, "south": {"uv": [1, 6.5, 3.235, 7.938], "texture": "#0"}, "west": {"uv": [1, 6.5, 3.235, 7.938], "texture": "#0"}, "up": {"uv": [1, 6.5, 3.235, 7.938], "texture": "#0"}, "down": {"uv": [1, 6.5, 3.235, 7.938], "texture": "#0"} } }, { "from": [6.1875, 8.87186, 5.06564], "to": [6.42188, 9.12186, 5.75314], "rotation": {"angle": -45, "axis": "x", "origin": [6.6875, 9.37186, 5.56564]}, "faces": { "north": {"uv": [1.5, 6, 3.657, 7.782], "texture": "#0"}, "east": {"uv": [1.5, 6, 3.657, 7.782], "texture": "#0"}, "south": {"uv": [1.5, 6, 3.657, 7.782], "texture": "#0"}, "west": {"uv": [1.5, 6, 3.657, 7.782], "texture": "#0"}, "up": {"uv": [1.5, 6, 3.657, 7.782], "texture": "#0"}, "down": {"uv": [1.5, 6, 3.657, 7.782], "texture": "#0"} } }, { "from": [6.3125, 8.48928, 9.88572], "to": [6.8125, 8.73928, 10.38572], "rotation": {"angle": -45, "axis": "x", "origin": [6.8125, 8.98928, 10.38572]}, "faces": { "north": {"uv": [6, 12, 7.5, 13.25], "texture": "#0"}, "east": {"uv": [6, 12, 7.5, 13.25], "texture": "#0"}, "south": {"uv": [6, 12, 7.5, 13.25], "texture": "#0"}, "west": {"uv": [6, 12, 7.5, 13.25], "texture": "#0"}, "up": {"uv": [6, 12, 7.5, 13.25], "texture": "#0"}, "down": {"uv": [6, 12, 7.5, 13.25], "texture": "#0"} } }, { "from": [2.26563, 8.42678, 9.88572], "to": [2.76563, 8.67678, 10.38572], "rotation": {"angle": -45, "axis": "x", "origin": [2.26563, 8.92678, 10.38572]}, "faces": { "north": {"uv": [6, 12, 7.5, 13.25], "texture": "#0"}, "east": {"uv": [6, 12, 7.5, 13.25], "texture": "#0"}, "south": {"uv": [6, 12, 7.5, 13.25], "texture": "#0"}, "west": {"uv": [6, 12, 7.5, 13.25], "texture": "#0"}, "up": {"uv": [6, 12, 7.5, 13.25], "texture": "#0"}, "down": {"uv": [6, 12, 7.5, 13.25], "texture": "#0"} } }, { "from": [6.3125, 9.55178, 10.1875], "to": [6.54688, 9.80178, 10.5625], "rotation": {"angle": -45, "axis": "x", "origin": [6.8125, 10.05178, 10.6875]}, "faces": { "north": {"uv": [1, 6.5, 3.235, 7.938], "texture": "#0"}, "east": {"uv": [1, 6.5, 3.235, 7.938], "texture": "#0"}, "south": {"uv": [1, 6.5, 3.235, 7.938], "texture": "#0"}, "west": {"uv": [1, 6.5, 3.235, 7.938], "texture": "#0"}, "up": {"uv": [1, 6.5, 3.235, 7.938], "texture": "#0"}, "down": {"uv": [1, 6.5, 3.235, 7.938], "texture": "#0"} } }, { "from": [6.54688, 9.47901, 10.21875], "to": [6.78125, 9.72901, 10.65625], "rotation": {"angle": -45, "axis": "x", "origin": [7.04688, 9.97901, 10.71875]}, "faces": { "north": {"uv": [1, 6.5, 3.235, 7.938], "texture": "#0"}, "east": {"uv": [1, 6.5, 3.235, 7.938], "texture": "#0"}, "south": {"uv": [1, 6.5, 3.235, 7.938], "texture": "#0"}, "west": {"uv": [1, 6.5, 3.235, 7.938], "texture": "#0"}, "up": {"uv": [1, 6.5, 3.235, 7.938], "texture": "#0"}, "down": {"uv": [1, 6.5, 3.235, 7.938], "texture": "#0"} } }, { "from": [6.1875, 7.875, 6.75], "to": [6.42188, 8.125, 7.4375], "rotation": {"angle": -45, "axis": "x", "origin": [6.6875, 8.375, 7.25]}, "faces": { "north": {"uv": [1.5, 6, 3.657, 7.782], "texture": "#0"}, "east": {"uv": [1.5, 6, 3.657, 7.782], "texture": "#0"}, "south": {"uv": [1.5, 6, 3.657, 7.782], "texture": "#0"}, "west": {"uv": [1.5, 6, 3.657, 7.782], "texture": "#0"}, "up": {"uv": [1.5, 6, 3.657, 7.782], "texture": "#0"}, "down": {"uv": [1.5, 6, 3.657, 7.782], "texture": "#0"} } }, { "from": [6.3125, 7.8125, 10.5625], "to": [6.8125, 8.0625, 11.0625], "rotation": {"angle": -45, "axis": "x", "origin": [6.8125, 8.3125, 11.0625]}, "faces": { "north": {"uv": [6, 12, 7.5, 13.25], "texture": "#0"}, "east": {"uv": [6, 12, 7.5, 13.25], "texture": "#0"}, "south": {"uv": [6, 12, 7.5, 13.25], "texture": "#0"}, "west": {"uv": [6, 12, 7.5, 13.25], "texture": "#0"}, "up": {"uv": [6, 12, 7.5, 13.25], "texture": "#0"}, "down": {"uv": [6, 12, 7.5, 13.25], "texture": "#0"} } }, { "from": [2.26563, 7.75, 10.5625], "to": [2.76563, 8, 11.0625], "rotation": {"angle": -45, "axis": "x", "origin": [2.26563, 8.25, 11.0625]}, "faces": { "north": {"uv": [6, 12, 7.5, 13.25], "texture": "#0"}, "east": {"uv": [6, 12, 7.5, 13.25], "texture": "#0"}, "south": {"uv": [6, 12, 7.5, 13.25], "texture": "#0"}, "west": {"uv": [6, 12, 7.5, 13.25], "texture": "#0"}, "up": {"uv": [6, 12, 7.5, 13.25], "texture": "#0"}, "down": {"uv": [6, 12, 7.5, 13.25], "texture": "#0"} } }, { "from": [2.9375, 7.46251, 11.35531], "to": [3.25, 9.30626, 25.93343], "rotation": {"angle": 0, "axis": "y", "origin": [3.3125, 7.55626, 13.79281]}, "faces": { "north": {"uv": [2, 0.5, 4.188, 2.563], "rotation": 90, "texture": "#0"}, "east": {"uv": [2, 0.5, 4.188, 2.563], "rotation": 90, "texture": "#0"}, "south": {"uv": [2, 0.5, 4.188, 2.563], "rotation": 90, "texture": "#0"}, "west": {"uv": [2, 0.5, 4.188, 2.563], "rotation": 90, "texture": "#0"}, "up": {"uv": [2, 0.5, 4.188, 2.563], "rotation": 90, "texture": "#0"}, "down": {"uv": [2, 0.5, 4.188, 2.563], "rotation": 90, "texture": "#0"} } }, { "from": [2.9375, 9.30626, 11.23031], "to": [3.25, 9.49376, 25.98031], "rotation": {"angle": 0, "axis": "y", "origin": [3.3125, 7.55626, 13.66781]}, "faces": { "north": {"uv": [7.5, 1.5, 9.672, 3.407], "rotation": 90, "texture": "#0"}, "east": {"uv": [7.5, 1.5, 9.672, 3.407], "rotation": 90, "texture": "#0"}, "south": {"uv": [7.5, 1.5, 9.672, 3.407], "rotation": 90, "texture": "#0"}, "west": {"uv": [7.5, 1.5, 9.672, 3.407], "rotation": 90, "texture": "#0"}, "up": {"uv": [7.5, 1.5, 9.672, 3.407], "rotation": 90, "texture": "#0"}, "down": {"uv": [7.5, 1.5, 9.672, 3.407], "rotation": 90, "texture": "#0"} } }, { "from": [2.9375, 7.30626, 11.26156], "to": [3.25, 7.46251, 25.98031], "rotation": {"angle": 0, "axis": "y", "origin": [3.3125, 5.49376, 13.69906]}, "faces": { "north": {"uv": [7.5, 1.5, 9.672, 3.407], "rotation": 90, "texture": "#0"}, "east": {"uv": [7.5, 1.5, 9.672, 3.407], "rotation": 90, "texture": "#0"}, "south": {"uv": [7.5, 1.5, 9.672, 3.407], "rotation": 90, "texture": "#0"}, "west": {"uv": [7.5, 1.5, 9.672, 3.407], "rotation": 90, "texture": "#0"}, "up": {"uv": [7.5, 1.5, 9.672, 3.407], "rotation": 90, "texture": "#0"}, "down": {"uv": [7.5, 1.5, 9.672, 3.407], "rotation": 90, "texture": "#0"} } }, { "from": [2.9375, 9.49376, 15.10531], "to": [3.25, 9.68126, 15.54281], "rotation": {"angle": 0, "axis": "y", "origin": [3.09375, 10.11876, 15.29281]}, "faces": { "north": {"uv": [9, 1.5, 10.188, 3.438], "rotation": 90, "texture": "#0"}, "east": {"uv": [9, 1.5, 10.188, 3.438], "rotation": 90, "texture": "#0"}, "south": {"uv": [9, 1.5, 10.188, 3.438], "rotation": 90, "texture": "#0"}, "west": {"uv": [9, 1.5, 10.188, 3.438], "rotation": 90, "texture": "#0"}, "up": {"uv": [9, 1.5, 10.188, 3.438], "rotation": 90, "texture": "#0"}, "down": {"uv": [9, 1.5, 10.188, 3.438], "rotation": 90, "texture": "#0"} } }, { "from": [2.9375, 7.11876, 15.10531], "to": [3.25, 7.30626, 15.54281], "rotation": {"angle": 0, "axis": "y", "origin": [3.09375, 7.68126, 15.29281]}, "faces": { "north": {"uv": [9, 1.5, 10.188, 3.438], "rotation": 90, "texture": "#0"}, "east": {"uv": [9, 1.5, 10.188, 3.438], "rotation": 90, "texture": "#0"}, "south": {"uv": [9, 1.5, 10.188, 3.438], "rotation": 90, "texture": "#0"}, "west": {"uv": [9, 1.5, 10.188, 3.438], "rotation": 90, "texture": "#0"}, "up": {"uv": [9, 1.5, 10.188, 3.438], "rotation": 90, "texture": "#0"}, "down": {"uv": [9, 1.5, 10.188, 3.438], "rotation": 90, "texture": "#0"} } }, { "from": [2.9375, 9.49376, 13.23031], "to": [3.25, 9.68126, 13.66781], "rotation": {"angle": 0, "axis": "y", "origin": [3.09375, 10.11876, 13.41781]}, "faces": { "north": {"uv": [9, 1.5, 10.188, 3.438], "rotation": 90, "texture": "#0"}, "east": {"uv": [9, 1.5, 10.188, 3.438], "rotation": 90, "texture": "#0"}, "south": {"uv": [9, 1.5, 10.188, 3.438], "rotation": 90, "texture": "#0"}, "west": {"uv": [9, 1.5, 10.188, 3.438], "rotation": 90, "texture": "#0"}, "up": {"uv": [9, 1.5, 10.188, 3.438], "rotation": 90, "texture": "#0"}, "down": {"uv": [9, 1.5, 10.188, 3.438], "rotation": 90, "texture": "#0"} } }, { "from": [2.9375, 7.11876, 13.23031], "to": [3.25, 7.30626, 13.66781], "rotation": {"angle": 0, "axis": "y", "origin": [3.09375, 7.68126, 13.41781]}, "faces": { "north": {"uv": [9, 1.5, 10.188, 3.438], "rotation": 90, "texture": "#0"}, "east": {"uv": [9, 1.5, 10.188, 3.438], "rotation": 90, "texture": "#0"}, "south": {"uv": [9, 1.5, 10.188, 3.438], "rotation": 90, "texture": "#0"}, "west": {"uv": [9, 1.5, 10.188, 3.438], "rotation": 90, "texture": "#0"}, "up": {"uv": [9, 1.5, 10.188, 3.438], "rotation": 90, "texture": "#0"}, "down": {"uv": [9, 1.5, 10.188, 3.438], "rotation": 90, "texture": "#0"} } }, { "from": [2.9375, 9.49376, 21.98031], "to": [3.25, 9.68126, 22.41781], "rotation": {"angle": 0, "axis": "y", "origin": [3.09375, 10.11876, 22.16781]}, "faces": { "north": {"uv": [9, 1.5, 10.188, 3.438], "rotation": 90, "texture": "#0"}, "east": {"uv": [9, 1.5, 10.188, 3.438], "rotation": 90, "texture": "#0"}, "south": {"uv": [9, 1.5, 10.188, 3.438], "rotation": 90, "texture": "#0"}, "west": {"uv": [9, 1.5, 10.188, 3.438], "rotation": 90, "texture": "#0"}, "up": {"uv": [9, 1.5, 10.188, 3.438], "rotation": 90, "texture": "#0"}, "down": {"uv": [9, 1.5, 10.188, 3.438], "rotation": 90, "texture": "#0"} } }, { "from": [2.9375, 9.49376, 23.68031], "to": [3.25, 9.68126, 24.11781], "rotation": {"angle": 0, "axis": "y", "origin": [3.09375, 10.11876, 23.86781]}, "faces": { "north": {"uv": [9, 1.5, 10.188, 3.438], "rotation": 90, "texture": "#0"}, "east": {"uv": [9, 1.5, 10.188, 3.438], "rotation": 90, "texture": "#0"}, "south": {"uv": [9, 1.5, 10.188, 3.438], "rotation": 90, "texture": "#0"}, "west": {"uv": [9, 1.5, 10.188, 3.438], "rotation": 90, "texture": "#0"}, "up": {"uv": [9, 1.5, 10.188, 3.438], "rotation": 90, "texture": "#0"}, "down": {"uv": [9, 1.5, 10.188, 3.438], "rotation": 90, "texture": "#0"} } }, { "from": [2.9375, 9.49376, 25.18031], "to": [3.25, 9.68126, 25.61781], "rotation": {"angle": 0, "axis": "y", "origin": [3.09375, 10.11876, 25.36781]}, "faces": { "north": {"uv": [9, 1.5, 10.188, 3.438], "rotation": 90, "texture": "#0"}, "east": {"uv": [9, 1.5, 10.188, 3.438], "rotation": 90, "texture": "#0"}, "south": {"uv": [9, 1.5, 10.188, 3.438], "rotation": 90, "texture": "#0"}, "west": {"uv": [9, 1.5, 10.188, 3.438], "rotation": 90, "texture": "#0"}, "up": {"uv": [9, 1.5, 10.188, 3.438], "rotation": 90, "texture": "#0"}, "down": {"uv": [9, 1.5, 10.188, 3.438], "rotation": 90, "texture": "#0"} } }, { "from": [2.9375, 7.11876, 21.98031], "to": [3.25, 7.30626, 22.41781], "rotation": {"angle": 0, "axis": "y", "origin": [3.09375, 7.68126, 22.16781]}, "faces": { "north": {"uv": [9, 1.5, 10.188, 3.438], "rotation": 90, "texture": "#0"}, "east": {"uv": [9, 1.5, 10.188, 3.438], "rotation": 90, "texture": "#0"}, "south": {"uv": [9, 1.5, 10.188, 3.438], "rotation": 90, "texture": "#0"}, "west": {"uv": [9, 1.5, 10.188, 3.438], "rotation": 90, "texture": "#0"}, "up": {"uv": [9, 1.5, 10.188, 3.438], "rotation": 90, "texture": "#0"}, "down": {"uv": [9, 1.5, 10.188, 3.438], "rotation": 90, "texture": "#0"} } }, { "from": [2.9375, 7.11876, 23.68031], "to": [3.25, 7.30626, 24.11781], "rotation": {"angle": 0, "axis": "y", "origin": [3.09375, 7.68126, 23.86781]}, "faces": { "north": {"uv": [9, 1.5, 10.188, 3.438], "rotation": 90, "texture": "#0"}, "east": {"uv": [9, 1.5, 10.188, 3.438], "rotation": 90, "texture": "#0"}, "south": {"uv": [9, 1.5, 10.188, 3.438], "rotation": 90, "texture": "#0"}, "west": {"uv": [9, 1.5, 10.188, 3.438], "rotation": 90, "texture": "#0"}, "up": {"uv": [9, 1.5, 10.188, 3.438], "rotation": 90, "texture": "#0"}, "down": {"uv": [9, 1.5, 10.188, 3.438], "rotation": 90, "texture": "#0"} } }, { "from": [2.9375, 7.11876, 25.18031], "to": [3.25, 7.30626, 25.61781], "rotation": {"angle": 0, "axis": "y", "origin": [3.09375, 7.68126, 25.36781]}, "faces": { "north": {"uv": [9, 1.5, 10.188, 3.438], "rotation": 90, "texture": "#0"}, "east": {"uv": [9, 1.5, 10.188, 3.438], "rotation": 90, "texture": "#0"}, "south": {"uv": [9, 1.5, 10.188, 3.438], "rotation": 90, "texture": "#0"}, "west": {"uv": [9, 1.5, 10.188, 3.438], "rotation": 90, "texture": "#0"}, "up": {"uv": [9, 1.5, 10.188, 3.438], "rotation": 90, "texture": "#0"}, "down": {"uv": [9, 1.5, 10.188, 3.438], "rotation": 90, "texture": "#0"} } }, { "from": [2.9375, 9.24376, 26.51156], "to": [3.25, 9.43126, 26.94906], "rotation": {"angle": 22.5, "axis": "x", "origin": [3.09375, 9.86876, 26.69906]}, "faces": { "north": {"uv": [9, 1.5, 10.188, 3.438], "rotation": 90, "texture": "#0"}, "east": {"uv": [9, 1.5, 10.188, 3.438], "rotation": 90, "texture": "#0"}, "south": {"uv": [9, 1.5, 10.188, 3.438], "rotation": 90, "texture": "#0"}, "west": {"uv": [9, 1.5, 10.188, 3.438], "rotation": 90, "texture": "#0"}, "up": {"uv": [9, 1.5, 10.188, 3.438], "rotation": 90, "texture": "#0"}, "down": {"uv": [9, 1.5, 10.188, 3.438], "rotation": 90, "texture": "#0"} } }, { "from": [2.9375, 9.2012, 26.13346], "to": [3.25, 9.3887, 27.19596], "rotation": {"angle": 22.5, "axis": "x", "origin": [3.09375, 9.8262, 26.32096]}, "faces": { "north": {"uv": [8, 1, 10.188, 3.063], "rotation": 90, "texture": "#0"}, "east": {"uv": [8, 1, 10.188, 3.063], "rotation": 90, "texture": "#0"}, "south": {"uv": [8, 1, 10.188, 3.063], "rotation": 90, "texture": "#0"}, "west": {"uv": [8, 1, 10.188, 3.063], "rotation": 90, "texture": "#0"}, "up": {"uv": [8, 1, 10.188, 3.063], "rotation": 90, "texture": "#0"}, "down": {"uv": [8, 1, 10.188, 3.063], "rotation": 90, "texture": "#0"} } }, { "from": [2.9375, 8.51235, 26.09296], "to": [3.25, 9.21547, 27.04608], "rotation": {"angle": 22.5, "axis": "x", "origin": [3.09375, 9.65297, 26.24921]}, "faces": { "north": {"uv": [2, 0.5, 4.188, 2.563], "rotation": 90, "texture": "#0"}, "east": {"uv": [2, 0.5, 4.188, 2.563], "rotation": 90, "texture": "#0"}, "south": {"uv": [2, 0.5, 4.188, 2.563], "rotation": 90, "texture": "#0"}, "west": {"uv": [2, 0.5, 4.188, 2.563], "rotation": 90, "texture": "#0"}, "up": {"uv": [2, 0.5, 4.188, 2.563], "rotation": 90, "texture": "#0"}, "down": {"uv": [2, 0.5, 4.188, 2.563], "rotation": 90, "texture": "#0"} } }, { "from": [2.9375, 7.7083, 26.98487], "to": [3.25, 8.2083, 27.17237], "rotation": {"angle": 22.5, "axis": "x", "origin": [3.09375, 8.23955, 27.07862]}, "faces": { "north": {"uv": [8, 1, 10.188, 3.063], "texture": "#0"}, "east": {"uv": [8, 1, 10.188, 3.063], "texture": "#0"}, "south": {"uv": [8, 1, 10.188, 3.063], "texture": "#0"}, "west": {"uv": [8, 1, 10.188, 3.063], "texture": "#0"}, "up": {"uv": [8, 1, 10.188, 3.063], "texture": "#0"}, "down": {"uv": [8, 1, 10.188, 3.063], "texture": "#0"} } }, { "from": [2.9375, 7.85817, 26.68664], "to": [3.25, 8.23317, 26.99914], "rotation": {"angle": 22.5, "axis": "x", "origin": [3.09375, 8.3113, 26.90539]}, "faces": { "north": {"uv": [2, 0.5, 4.188, 2.563], "texture": "#0"}, "east": {"uv": [2, 0.5, 4.188, 2.563], "texture": "#0"}, "south": {"uv": [2, 0.5, 4.188, 2.563], "texture": "#0"}, "west": {"uv": [2, 0.5, 4.188, 2.563], "texture": "#0"}, "up": {"uv": [2, 0.5, 4.188, 2.563], "texture": "#0"}, "down": {"uv": [2, 0.5, 4.188, 2.563], "texture": "#0"} } }, { "from": [2.9375, 8.5489, 26.76961], "to": [3.25, 9.0489, 26.95711], "rotation": {"angle": -22.5, "axis": "x", "origin": [3.09375, 9.08015, 26.86336]}, "faces": { "north": {"uv": [8, 1, 10.188, 3.063], "texture": "#0"}, "east": {"uv": [8, 1, 10.188, 3.063], "texture": "#0"}, "south": {"uv": [8, 1, 10.188, 3.063], "texture": "#0"}, "west": {"uv": [8, 1, 10.188, 3.063], "texture": "#0"}, "up": {"uv": [8, 1, 10.188, 3.063], "texture": "#0"}, "down": {"uv": [8, 1, 10.188, 3.063], "texture": "#0"} } }, { "from": [2.9375, 8.52402, 25.59638], "to": [3.25, 8.91465, 26.78388], "rotation": {"angle": -22.5, "axis": "x", "origin": [3.09375, 9.0084, 26.69013]}, "faces": { "north": {"uv": [2, 0.5, 4.188, 2.563], "texture": "#0"}, "east": {"uv": [2, 0.5, 4.188, 2.563], "texture": "#0"}, "south": {"uv": [2, 0.5, 4.188, 2.563], "texture": "#0"}, "west": {"uv": [2, 0.5, 4.188, 2.563], "texture": "#0"}, "up": {"uv": [2, 0.5, 4.188, 2.563], "texture": "#0"}, "down": {"uv": [2, 0.5, 4.188, 2.563], "texture": "#0"} } }, { "from": [2.9375, 7.33043, 25.72686], "to": [3.25, 7.50231, 26.78936], "rotation": {"angle": -22.5, "axis": "x", "origin": [3.09375, 7.95543, 25.91436]}, "faces": { "north": {"uv": [8, 1, 10.188, 3.063], "rotation": 90, "texture": "#0"}, "east": {"uv": [8, 1, 10.188, 3.063], "rotation": 90, "texture": "#0"}, "south": {"uv": [8, 1, 10.188, 3.063], "rotation": 90, "texture": "#0"}, "west": {"uv": [8, 1, 10.188, 3.063], "rotation": 90, "texture": "#0"}, "up": {"uv": [8, 1, 10.188, 3.063], "rotation": 90, "texture": "#0"}, "down": {"uv": [8, 1, 10.188, 3.063], "rotation": 90, "texture": "#0"} } }, { "from": [2.9375, 7.48804, 25.6551], "to": [3.25, 8.22241, 26.63948], "rotation": {"angle": -22.5, "axis": "x", "origin": [3.09375, 8.12866, 25.8426]}, "faces": { "north": {"uv": [2, 0.5, 4.188, 2.563], "rotation": 90, "texture": "#0"}, "east": {"uv": [2, 0.5, 4.188, 2.563], "rotation": 90, "texture": "#0"}, "south": {"uv": [2, 0.5, 4.188, 2.563], "rotation": 90, "texture": "#0"}, "west": {"uv": [2, 0.5, 4.188, 2.563], "rotation": 90, "texture": "#0"}, "up": {"uv": [2, 0.5, 4.188, 2.563], "rotation": 90, "texture": "#0"}, "down": {"uv": [2, 0.5, 4.188, 2.563], "rotation": 90, "texture": "#0"} } }, { "from": [2.9375, 8.18126, 27.15218], "to": [3.25, 8.61876, 27.33968], "rotation": {"angle": 0, "axis": "x", "origin": [3.09375, 8.40001, 27.24593]}, "faces": { "north": {"uv": [9, 1.5, 10.188, 3.438], "texture": "#0"}, "east": {"uv": [9, 1.5, 10.188, 3.438], "texture": "#0"}, "south": {"uv": [9, 1.5, 10.188, 3.438], "texture": "#0"}, "west": {"uv": [9, 1.5, 10.188, 3.438], "texture": "#0"}, "up": {"uv": [9, 1.5, 10.188, 3.438], "texture": "#0"}, "down": {"uv": [9, 1.5, 10.188, 3.438], "texture": "#0"} } }, { "from": [2.9375, 8.17209, 26.96577], "to": [3.25, 8.62522, 27.15327], "rotation": {"angle": 0, "axis": "x", "origin": [3.09375, 8.40647, 27.05952]}, "faces": { "north": {"uv": [8, 1, 10.188, 3.063], "texture": "#0"}, "east": {"uv": [8, 1, 10.188, 3.063], "texture": "#0"}, "south": {"uv": [8, 1, 10.188, 3.063], "texture": "#0"}, "west": {"uv": [8, 1, 10.188, 3.063], "texture": "#0"}, "up": {"uv": [8, 1, 10.188, 3.063], "texture": "#0"}, "down": {"uv": [8, 1, 10.188, 3.063], "texture": "#0"} } }, { "from": [2.9375, 8.20334, 25.6064], "to": [3.25, 8.59397, 26.96577], "rotation": {"angle": 0, "axis": "x", "origin": [3.09375, 8.40647, 26.87202]}, "faces": { "north": {"uv": [2, 0.5, 4.188, 2.563], "texture": "#0"}, "east": {"uv": [2, 0.5, 4.188, 2.563], "texture": "#0"}, "south": {"uv": [2, 0.5, 4.188, 2.563], "texture": "#0"}, "west": {"uv": [2, 0.5, 4.188, 2.563], "texture": "#0"}, "up": {"uv": [2, 0.5, 4.188, 2.563], "texture": "#0"}, "down": {"uv": [2, 0.5, 4.188, 2.563], "texture": "#0"} } }, { "from": [2.9375, 7.27501, 26.07406], "to": [3.25, 7.46251, 26.51156], "rotation": {"angle": -22.5, "axis": "x", "origin": [3.09375, 7.83751, 26.26156]}, "faces": { "north": {"uv": [9, 1.5, 10.188, 3.438], "rotation": 90, "texture": "#0"}, "east": {"uv": [9, 1.5, 10.188, 3.438], "rotation": 90, "texture": "#0"}, "south": {"uv": [9, 1.5, 10.188, 3.438], "rotation": 90, "texture": "#0"}, "west": {"uv": [9, 1.5, 10.188, 3.438], "rotation": 90, "texture": "#0"}, "up": {"uv": [9, 1.5, 10.188, 3.438], "rotation": 90, "texture": "#0"}, "down": {"uv": [9, 1.5, 10.188, 3.438], "rotation": 90, "texture": "#0"} } }, { "from": [2.9375, 9.49376, 16.91781], "to": [3.25, 9.68126, 17.35531], "rotation": {"angle": 0, "axis": "y", "origin": [3.09375, 10.11876, 17.10531]}, "faces": { "north": {"uv": [9, 1.5, 10.188, 3.438], "rotation": 90, "texture": "#0"}, "east": {"uv": [9, 1.5, 10.188, 3.438], "rotation": 90, "texture": "#0"}, "south": {"uv": [9, 1.5, 10.188, 3.438], "rotation": 90, "texture": "#0"}, "west": {"uv": [9, 1.5, 10.188, 3.438], "rotation": 90, "texture": "#0"}, "up": {"uv": [9, 1.5, 10.188, 3.438], "rotation": 90, "texture": "#0"}, "down": {"uv": [9, 1.5, 10.188, 3.438], "rotation": 90, "texture": "#0"} } }, { "from": [2.9375, 7.11876, 16.91781], "to": [3.25, 7.30626, 17.35531], "rotation": {"angle": 0, "axis": "y", "origin": [3.09375, 7.68126, 17.10531]}, "faces": { "north": {"uv": [9, 1.5, 10.188, 3.438], "rotation": 90, "texture": "#0"}, "east": {"uv": [9, 1.5, 10.188, 3.438], "rotation": 90, "texture": "#0"}, "south": {"uv": [9, 1.5, 10.188, 3.438], "rotation": 90, "texture": "#0"}, "west": {"uv": [9, 1.5, 10.188, 3.438], "rotation": 90, "texture": "#0"}, "up": {"uv": [9, 1.5, 10.188, 3.438], "rotation": 90, "texture": "#0"}, "down": {"uv": [9, 1.5, 10.188, 3.438], "rotation": 90, "texture": "#0"} } }, { "from": [2.9375, 9.49376, 18.66781], "to": [3.25, 9.68126, 19.10531], "rotation": {"angle": 0, "axis": "y", "origin": [3.09375, 10.11876, 18.85531]}, "faces": { "north": {"uv": [9, 1.5, 10.188, 3.438], "rotation": 90, "texture": "#0"}, "east": {"uv": [9, 1.5, 10.188, 3.438], "rotation": 90, "texture": "#0"}, "south": {"uv": [9, 1.5, 10.188, 3.438], "rotation": 90, "texture": "#0"}, "west": {"uv": [9, 1.5, 10.188, 3.438], "rotation": 90, "texture": "#0"}, "up": {"uv": [9, 1.5, 10.188, 3.438], "rotation": 90, "texture": "#0"}, "down": {"uv": [9, 1.5, 10.188, 3.438], "rotation": 90, "texture": "#0"} } }, { "from": [2.9375, 7.11876, 18.66781], "to": [3.25, 7.30626, 19.10531], "rotation": {"angle": 0, "axis": "y", "origin": [3.09375, 7.68126, 18.85531]}, "faces": { "north": {"uv": [9, 1.5, 10.188, 3.438], "rotation": 90, "texture": "#0"}, "east": {"uv": [9, 1.5, 10.188, 3.438], "rotation": 90, "texture": "#0"}, "south": {"uv": [9, 1.5, 10.188, 3.438], "rotation": 90, "texture": "#0"}, "west": {"uv": [9, 1.5, 10.188, 3.438], "rotation": 90, "texture": "#0"}, "up": {"uv": [9, 1.5, 10.188, 3.438], "rotation": 90, "texture": "#0"}, "down": {"uv": [9, 1.5, 10.188, 3.438], "rotation": 90, "texture": "#0"} } }, { "from": [2.9375, 9.49376, 20.35531], "to": [3.25, 9.68126, 20.79281], "rotation": {"angle": 0, "axis": "y", "origin": [3.09375, 10.11876, 20.54281]}, "faces": { "north": {"uv": [9, 1.5, 10.188, 3.438], "rotation": 90, "texture": "#0"}, "east": {"uv": [9, 1.5, 10.188, 3.438], "rotation": 90, "texture": "#0"}, "south": {"uv": [9, 1.5, 10.188, 3.438], "rotation": 90, "texture": "#0"}, "west": {"uv": [9, 1.5, 10.188, 3.438], "rotation": 90, "texture": "#0"}, "up": {"uv": [9, 1.5, 10.188, 3.438], "rotation": 90, "texture": "#0"}, "down": {"uv": [9, 1.5, 10.188, 3.438], "rotation": 90, "texture": "#0"} } }, { "from": [2.9375, 7.11876, 20.35531], "to": [3.25, 7.30626, 20.79281], "rotation": {"angle": 0, "axis": "y", "origin": [3.09375, 7.68126, 20.54281]}, "faces": { "north": {"uv": [9, 1.5, 10.188, 3.438], "rotation": 90, "texture": "#0"}, "east": {"uv": [9, 1.5, 10.188, 3.438], "rotation": 90, "texture": "#0"}, "south": {"uv": [9, 1.5, 10.188, 3.438], "rotation": 90, "texture": "#0"}, "west": {"uv": [9, 1.5, 10.188, 3.438], "rotation": 90, "texture": "#0"}, "up": {"uv": [9, 1.5, 10.188, 3.438], "rotation": 90, "texture": "#0"}, "down": {"uv": [9, 1.5, 10.188, 3.438], "rotation": 90, "texture": "#0"} } } ], "display": { "thirdperson_righthand": { "rotation": [82, -180, 0], "translation": [-3.25, -5.25, -5] }, "thirdperson_lefthand": { "rotation": [82, -180, 0], "translation": [3.75, -5.25, -5] }, "firstperson_righthand": { "rotation": [28, -180, 9], "translation": [-3, -2.25, 4.5] }, "firstperson_lefthand": { "rotation": [28, -180, 9], "translation": [4.25, -2.25, 4.5] }, "ground": { "rotation": [28, -180, 9], "translation": [-3, -2.25, 4.5] }, "gui": { "rotation": [-9, -84, 8], "translation": [3.5, 0, 0], "scale": [0.7, 0.7, 0.7] }, "head": { "rotation": [-52, 0, 0], "translation": [7.75, -10, -16.5], "scale": [1.5, 1.5, 1.5] }, "fixed": { "rotation": [-5, 90, 5], "translation": [-4.5, 0, -7] } }, "groups": [ { "name": "handle", "origin": [8, 8, 8], "color": 0, "children": [0, 1, 2, 3, 4] }, { "name": "body", "origin": [12, 19, 15], "color": 0, "children": [5, 6, 7, 8, 9, 10] }, { "name": "tubes", "origin": [8, 8, 8], "color": 0, "children": [ 11, 12, 13, 14, 15, 16, 17, 18, 19, 20, 21, 22, 23, 24, 25, 26, 27, 28, 29, 30, 31, 32, 33, 34, 35, 36, 37, 38, 39, 40, 41, 42, 43, 44, 45, 46, 47, 48, 49, 50, 51, 52, 53, 54, 55, 56, 57, 58, 59, 60, 61, 62, 63, 64, 65, 66, 67, 68, 69, 70, 71, 72, 73, 74, 75, 76, 77, 78, 79, 80, 81, 82, 83 ] }, { "name": "saw", "origin": [5.125, 11.74376, 13.79281], "color": 0, "children": [84, 85, 86, 87, 88, 89, 90, 91, 92, 93, 94, 95, 96, 97, 98, 99, 100, 101, 102, 103, 104, 105, 106, 107, 108, 109, 110, 111, 112, 113] }, { "name": "AYU", "origin": [3.09375, 9.93126, 20.54281], "color": 0, "children": [] } ] }