{ "parent": "item/generated", "textures": { "layer0": "item/brick" }, "overrides": [ { "predicate": { "custom_model_data": 1 }, "model": "item/brick/xiaomi_mi_10" }, { "predicate": { "custom_model_data": 2 }, "model": "item/brick/samsung_galaxy_s20" }, { "predicate": { "custom_model_data": 3 }, "model": "item/brick/realme_x50_pro" }, { "predicate": { "custom_model_data": 4 }, "model": "item/brick/poco_f2_pro" }, { "predicate": { "custom_model_data": 5 }, "model": "item/brick/oneplus_8" }, { "predicate": { "custom_model_data": 6 }, "model": "item/brick/nokia_3310" }, { "predicate": { "custom_model_data": 7 }, "model": "item/brick/lg_v60_thinq_5g" }, { "predicate": { "custom_model_data": 8 }, "model": "item/brick/huawei_mate_40_pro" }, { "predicate": { "custom_model_data": 9 }, "model": "item/brick/apple_iphone_12" } ] }