{ "parent": "minecraft:item/generated", "textures": { "layer0": "minecraft:item/cooked_beef" }, "overrides": [ { "predicate": { "custom_model_data": 10000 }, "model": "itembound:auto_generated/burger_beef" }, { "predicate": { "custom_model_data": 10001 }, "model": "itembound:auto_generated/burger_chicken" }, { "predicate": { "custom_model_data": 10002 }, "model": "itembound:auto_generated/burrito_beef" }, { "predicate": { "custom_model_data": 10003 }, "model": "itembound:auto_generated/roast_ham" }, { "predicate": { "custom_model_data": 10004 }, "model": "itembound:auto_generated/roast_turkey" }, { "predicate": { "custom_model_data": 10005 }, "model": "itembound:auto_generated/taco_beef" }, { "predicate": { "custom_model_data": 10006 }, "model": "minecraft:item/cooked_beef" } ] }