{"parent":"item/generated","textures":{"layer0":"item/crossbow_standby"},"overrides":[{"predicate":{"custom_model_data":1},"model":"item/guns/akm"},{"predicate":{"custom_model_data":2},"model":"item/aiming/akm"},{"predicate":{"custom_model_data":3},"model":"item/guns/barrett"},{"predicate":{"custom_model_data":4},"model":"item/aiming/barrett"},{"predicate":{"custom_model_data":5},"model":"item/guns/deagle"},{"predicate":{"custom_model_data":6},"model":"item/aiming/deagle"},{"predicate":{"custom_model_data":7},"model":"item/guns/dmr"},{"predicate":{"custom_model_data":8},"model":"item/aiming/dmr"},{"predicate":{"custom_model_data":9},"model":"item/guns/doubleshotgun"},{"predicate":{"custom_model_data":10},"model":"item/aiming/doubleshotgun"},{"predicate":{"custom_model_data":11},"model":"item/guns/dragunov"},{"predicate":{"custom_model_data":12},"model":"item/aiming/dragunov"},{"predicate":{"custom_model_data":13},"model":"item/guns/famas"},{"predicate":{"custom_model_data":14},"model":"item/aiming/famas"},{"predicate":{"custom_model_data":17},"model":"item/guns/kar98k"},{"predicate":{"custom_model_data":18},"model":"item/aiming/kar98k"},{"predicate":{"custom_model_data":19},"model":"item/guns/m4a1"},{"predicate":{"custom_model_data":20},"model":"item/aiming/m4a1"},{"predicate":{"custom_model_data":21},"model":"item/guns/m16a2"},{"predicate":{"custom_model_data":22},"model":"item/aiming/m16a2"},{"predicate":{"custom_model_data":23},"model":"item/guns/m1014"},{"predicate":{"custom_model_data":24},"model":"item/aiming/m1014"},{"predicate":{"custom_model_data":25},"model":"item/guns/m1911"},{"predicate":{"custom_model_data":26},"model":"item/aiming/m1911"},{"predicate":{"custom_model_data":27},"model":"item/guns/mp5a5"},{"predicate":{"custom_model_data":28},"model":"item/aiming/mp5a5"},{"predicate":{"custom_model_data":29},"model":"item/guns/p90"},{"predicate":{"custom_model_data":30},"model":"item/aiming/p90"},{"predicate":{"custom_model_data":31},"model":"item/guns/qbz95"},{"predicate":{"custom_model_data":32},"model":"item/aiming/qbz95"},{"predicate":{"custom_model_data":33},"model":"item/guns/remington"},{"predicate":{"custom_model_data":34},"model":"item/aiming/remington"},{"predicate":{"custom_model_data":35},"model":"item/guns/revolver"},{"predicate":{"custom_model_data":36},"model":"item/aiming/revolver"},{"predicate":{"custom_model_data":37},"model":"item/guns/ump45"},{"predicate":{"custom_model_data":38},"model":"item/aiming/ump45"},{"predicate":{"custom_model_data":39},"model":"item/guns/uzi"},{"predicate":{"custom_model_data":40},"model":"item/aiming/uzi"},{"predicate":{"custom_model_data":1000},"model":"item/guns_run_animation/akm"},{"predicate":{"custom_model_data":1001},"model":"item/guns_run_animation/barrett"},{"predicate":{"custom_model_data":1002},"model":"item/guns_run_animation/deagle"},{"predicate":{"custom_model_data":1003},"model":"item/guns_run_animation/dmr"},{"predicate":{"custom_model_data":1004},"model":"item/guns_run_animation/doubleshotgun"},{"predicate":{"custom_model_data":1005},"model":"item/guns_run_animation/dragunov"},{"predicate":{"custom_model_data":1006},"model":"item/guns_run_animation/famas"},{"predicate":{"custom_model_data":1007},"model":"item/guns_run_animation/kar98k"},{"predicate":{"custom_model_data":1008},"model":"item/guns_run_animation/m4a1"},{"predicate":{"custom_model_data":1009},"model":"item/guns_run_animation/m16a2"},{"predicate":{"custom_model_data":1010},"model":"item/guns_run_animation/m1014"},{"predicate":{"custom_model_data":1011},"model":"item/guns_run_animation/m1911"},{"predicate":{"custom_model_data":1012},"model":"item/guns_run_animation/mp5a5"},{"predicate":{"custom_model_data":1013},"model":"item/guns_run_animation/p90"},{"predicate":{"custom_model_data":1014},"model":"item/guns_run_animation/qbz95"},{"predicate":{"custom_model_data":1015},"model":"item/guns_run_animation/remington"},{"predicate":{"custom_model_data":1016},"model":"item/guns_run_animation/revolver"},{"predicate":{"custom_model_data":1017},"model":"item/guns_run_animation/ump45"},{"predicate":{"custom_model_data":1018},"model":"item/guns_run_animation/uzi"}]}