{ "parent": "item/generated", "textures": { "layer0": "item/diamond_hoe" }, "overrides": [ {"predicate": {"custom_model_data":1}, "model": "item/diamond_hoe/bike-1"}, {"predicate": {"custom_model_data":2}, "model": "item/diamond_hoe/bmw_1"}, {"predicate": {"custom_model_data":3}, "model": "item/diamond_hoe/motorcycle_5"}, {"predicate": {"custom_model_data":4}, "model": "item/diamond_hoe/civilian_vehicle_1"}, {"predicate": {"custom_model_data":5}, "model": "item/diamond_hoe/nissan_skyline_r34"}, {"predicate": {"custom_model_data":6}, "model": "item/diamond_hoe/police_car"}, {"predicate": {"custom_model_data":7}, "model": "item/diamond_hoe/taxi"}, {"predicate": {"custom_model_data":8}, "model": "item/diamond_hoe/sebxter_tesla_cybertruck"} ] }