{ "credit": "Made with Blockbench", "textures": { "0": "block/cigarette6" }, "elements": [ { "from": [7, 0, 9], "to": [8, 1, 12], "rotation": {"angle": 0, "axis": "y", "origin": [15, 8, 19]}, "faces": { "north": {"uv": [2, 2, 6, 6], "texture": "#0"}, "east": {"uv": [2, 2, 6, 6], "texture": "#0"}, "south": {"uv": [2, 2, 6, 6], "texture": "#0"}, "west": {"uv": [2, 2, 6, 6], "texture": "#0"}, "up": {"uv": [2, 2, 6, 6], "texture": "#0"}, "down": {"uv": [2, 2, 6, 6], "texture": "#0"} } }, { "from": [7, 0, 2], "to": [8, 1, 8], "rotation": {"angle": 0, "axis": "y", "origin": [15, 8, 19]}, "faces": { "north": {"uv": [8, 2, 8, 6], "texture": "#0"}, "east": {"uv": [8, 2, 8, 6], "texture": "#0"}, "south": {"uv": [8, 2, 8, 6], "texture": "#0"}, "west": {"uv": [8, 2, 8, 6], "texture": "#0"}, "up": {"uv": [8, 2, 8, 6], "texture": "#0"}, "down": {"uv": [8, 2, 8, 6], "texture": "#0"} } }, { "from": [7, 0, 8], "to": [8, 1, 9], "rotation": {"angle": 0, "axis": "y", "origin": [15, 8, 19]}, "faces": { "north": {"uv": [10, 2, 14, 6], "texture": "#0"}, "east": {"uv": [10, 2, 14, 6], "texture": "#0"}, "south": {"uv": [10, 2, 14, 6], "texture": "#0"}, "west": {"uv": [10, 2, 14, 6], "texture": "#0"}, "up": {"uv": [10, 2, 14, 6], "texture": "#0"}, "down": {"uv": [10, 2, 14, 6], "texture": "#0"} } } ], "display": { "thirdperson_righthand": { "rotation": [0, 54, 0], "translation": [0.5, 3, 0], "scale": [0.5, 0.5, 0.5] }, "thirdperson_lefthand": { "rotation": [0, 54, 0], "translation": [0.5, 3, 0], "scale": [-0.5, 0.5, 0.5] }, "firstperson_righthand": { "rotation": [0, 54, 0], "translation": [1, 5.5, 2.5], "scale": [0.5, 0.5, 0.5] }, "firstperson_lefthand": { "rotation": [0, 54, 0], "translation": [1, 5.5, 2.5], "scale": [-0.5, 0.5, 0.5] }, "ground": { "translation": [0, 3.75, 0.75], "scale": [0.65, 0.65, 0.65] }, "gui": { "rotation": [26, 113, 0], "translation": [0.75, 6.5, 0] }, "head": { "rotation": [-10, 18, 0], "translation": [-0.5, 0.125, -9.25], "scale": [0.65, 0.65, 0.6] }, "fixed": { "rotation": [90, 0, 0], "translation": [0, -0.25, 8] } } }