{ "credit": "Made with Blockbench", "textures": { "0": "block/satanicballisticmask" }, "elements": [ { "from": [4.8009, 2.17619, 6], "to": [12.8009, 9.17619, 6.8], "faces": { "north": {"uv": [1, 5, 3, 7], "texture": "#0"}, "east": {"uv": [1, 5, 3, 7], "texture": "#0"}, "south": {"uv": [1, 5, 3, 7], "texture": "#0"}, "west": {"uv": [1, 5, 3, 7], "texture": "#0"}, "up": {"uv": [1, 5, 3, 7], "texture": "#0"}, "down": {"uv": [1, 5, 3, 7], "texture": "#0"} } }, { "from": [4.1991, 2.17619, 6], "to": [5.1991, 9.17619, 6.8], "faces": { "north": {"uv": [1, 5, 3, 7], "texture": "#0"}, "east": {"uv": [1, 5, 3, 7], "texture": "#0"}, "south": {"uv": [1, 5, 3, 7], "texture": "#0"}, "west": {"uv": [1, 5, 3, 7], "texture": "#0"}, "up": {"uv": [1, 5, 3, 7], "texture": "#0"}, "down": {"uv": [1, 5, 3, 7], "texture": "#0"} } }, { "from": [3.8991, 7.37619, 5.9], "to": [4.3991, 8.37619, 15.7], "rotation": {"angle": 0, "axis": "y", "origin": [8, 9, 8]}, "faces": { "north": {"uv": [1, 1, 3, 3], "texture": "#0"}, "east": {"uv": [1, 1, 3, 3], "texture": "#0"}, "south": {"uv": [1, 1, 3, 3], "texture": "#0"}, "west": {"uv": [1, 1, 3, 3], "texture": "#0"}, "up": {"uv": [1, 1, 3, 3], "texture": "#0"}, "down": {"uv": [1, 1, 3, 3], "texture": "#0"} } }, { "from": [4.2991, 7.37619, 15.2], "to": [13.0991, 8.37619, 15.7], "rotation": {"angle": 0, "axis": "y", "origin": [7.9491, 5.47619, 15.45]}, "faces": { "north": {"uv": [1, 1, 3, 3], "texture": "#0"}, "east": {"uv": [1, 1, 3, 3], "texture": "#0"}, "south": {"uv": [1, 1, 3, 3], "texture": "#0"}, "west": {"uv": [1, 1, 3, 3], "texture": "#0"}, "up": {"uv": [1, 1, 3, 3], "rotation": 90, "texture": "#0"}, "down": {"uv": [1, 1, 3, 3], "rotation": 270, "texture": "#0"} } }, { "from": [6.9991, 6.77619, 15.2], "to": [9.7991, 8.77619, 15.7], "rotation": {"angle": 0, "axis": "y", "origin": [7.9491, 5.47619, 15.45]}, "faces": { "north": {"uv": [1, 1, 3, 3], "texture": "#0"}, "east": {"uv": [1, 1, 3, 3], "texture": "#0"}, "south": {"uv": [1, 1, 3, 3], "texture": "#0"}, "west": {"uv": [1, 1, 3, 3], "texture": "#0"}, "up": {"uv": [1, 1, 3, 3], "rotation": 90, "texture": "#0"}, "down": {"uv": [1, 1, 3, 3], "rotation": 270, "texture": "#0"} } }, { "from": [12.5991, 7.37619, 5.9], "to": [13.0991, 8.37619, 15.7], "rotation": {"angle": 0, "axis": "y", "origin": [16.5, 9, 8]}, "faces": { "north": {"uv": [1, 1, 3, 3], "texture": "#0"}, "east": {"uv": [1, 1, 3, 3], "texture": "#0"}, "south": {"uv": [1, 1, 3, 3], "texture": "#0"}, "west": {"uv": [1, 1, 3, 3], "texture": "#0"}, "up": {"uv": [1, 1, 3, 3], "texture": "#0"}, "down": {"uv": [1, 1, 3, 3], "texture": "#0"} } }, { "from": [3.8991, 2.57619, 5.9], "to": [4.3991, 3.57619, 15.7], "rotation": {"angle": 0, "axis": "y", "origin": [8, 4.2, 8]}, "faces": { "north": {"uv": [1, 1, 3, 3], "texture": "#0"}, "east": {"uv": [1, 1, 3, 3], "texture": "#0"}, "south": {"uv": [1, 1, 3, 3], "texture": "#0"}, "west": {"uv": [1, 1, 3, 3], "texture": "#0"}, "up": {"uv": [1, 1, 3, 3], "texture": "#0"}, "down": {"uv": [1, 1, 3, 3], "texture": "#0"} } }, { "from": [4.2991, 2.57619, 15.2], "to": [13.0991, 3.57619, 15.7], "rotation": {"angle": 0, "axis": "y", "origin": [7.9491, 5.47619, 15.45]}, "faces": { "north": {"uv": [1, 1, 3, 3], "texture": "#0"}, "east": {"uv": [1, 1, 3, 3], "texture": "#0"}, "south": {"uv": [1, 1, 3, 3], "texture": "#0"}, "west": {"uv": [1, 1, 3, 3], "texture": "#0"}, "up": {"uv": [1, 1, 3, 3], "rotation": 90, "texture": "#0"}, "down": {"uv": [1, 1, 3, 3], "rotation": 270, "texture": "#0"} } }, { "from": [6.9991, 1.97619, 15.2], "to": [9.7991, 3.97619, 15.7], "rotation": {"angle": 0, "axis": "y", "origin": [7.9491, 5.47619, 15.45]}, "faces": { "north": {"uv": [1, 1, 3, 3], "texture": "#0"}, "east": {"uv": [1, 1, 3, 3], "texture": "#0"}, "south": {"uv": [1, 1, 3, 3], "texture": "#0"}, "west": {"uv": [1, 1, 3, 3], "texture": "#0"}, "up": {"uv": [1, 1, 3, 3], "rotation": 90, "texture": "#0"}, "down": {"uv": [1, 1, 3, 3], "rotation": 270, "texture": "#0"} } }, { "from": [12.5991, 2.57619, 5.9], "to": [13.0991, 3.57619, 15.7], "rotation": {"angle": 0, "axis": "y", "origin": [16.5, 4.2, 8]}, "faces": { "north": {"uv": [1, 1, 3, 3], "texture": "#0"}, "east": {"uv": [1, 1, 3, 3], "texture": "#0"}, "south": {"uv": [1, 1, 3, 3], "texture": "#0"}, "west": {"uv": [1, 1, 3, 3], "texture": "#0"}, "up": {"uv": [1, 1, 3, 3], "texture": "#0"}, "down": {"uv": [1, 1, 3, 3], "texture": "#0"} } }, { "from": [9.54902, 8.49822, 6], "to": [12.54902, 9.49822, 6.8], "rotation": {"angle": 22.5, "axis": "z", "origin": [10.97078, 9.47035, 6.294]}, "faces": { "north": {"uv": [1, 5, 3, 7], "texture": "#0"}, "east": {"uv": [1, 5, 3, 7], "texture": "#0"}, "south": {"uv": [1, 5, 3, 7], "texture": "#0"}, "west": {"uv": [1, 5, 3, 7], "texture": "#0"}, "up": {"uv": [1, 5, 3, 7], "texture": "#0"}, "down": {"uv": [1, 5, 3, 7], "texture": "#0"} } }, { "from": [10.10927, 0.4144, 6], "to": [11.10927, 3.4144, 6.8], "rotation": {"angle": 22.5, "axis": "z", "origin": [11.0814, 1.99264, 6.294]}, "faces": { "north": {"uv": [1, 5, 3, 7], "rotation": 270, "texture": "#0"}, "east": {"uv": [1, 5, 3, 7], "rotation": 90, "texture": "#0"}, "south": {"uv": [1, 5, 3, 7], "rotation": 90, "texture": "#0"}, "west": {"uv": [1, 5, 3, 7], "rotation": 90, "texture": "#0"}, "up": {"uv": [1, 5, 3, 7], "rotation": 90, "texture": "#0"}, "down": {"uv": [1, 5, 3, 7], "rotation": 90, "texture": "#0"} } }, { "from": [4.44177, 1.8523, 6], "to": [7.44177, 2.8523, 6.8], "rotation": {"angle": 22.5, "axis": "z", "origin": [6.01995, 1.90424, 6.294]}, "faces": { "north": {"uv": [1, 5, 3, 7], "rotation": 180, "texture": "#0"}, "east": {"uv": [1, 5, 3, 7], "rotation": 180, "texture": "#0"}, "south": {"uv": [1, 5, 3, 7], "rotation": 180, "texture": "#0"}, "west": {"uv": [1, 5, 3, 7], "rotation": 180, "texture": "#0"}, "up": {"uv": [1, 5, 3, 7], "rotation": 180, "texture": "#0"}, "down": {"uv": [1, 5, 3, 7], "rotation": 180, "texture": "#0"} } }, { "from": [10.549, 7.93912, 6], "to": [11.549, 10.93912, 6.8], "rotation": {"angle": -45, "axis": "z", "origin": [10.97078, 9.47035, 6.294]}, "faces": { "north": {"uv": [1, 5, 3, 7], "rotation": 90, "texture": "#0"}, "east": {"uv": [1, 5, 3, 7], "rotation": 90, "texture": "#0"}, "south": {"uv": [1, 5, 3, 7], "rotation": 90, "texture": "#0"}, "west": {"uv": [1, 5, 3, 7], "rotation": 90, "texture": "#0"}, "up": {"uv": [1, 5, 3, 7], "rotation": 90, "texture": "#0"}, "down": {"uv": [1, 5, 3, 7], "rotation": 90, "texture": "#0"} } }, { "from": [9.55017, 1.41443, 6], "to": [12.55017, 2.41443, 6.8], "rotation": {"angle": -45, "axis": "z", "origin": [11.0814, 1.99264, 6.294]}, "faces": { "north": {"uv": [1, 5, 3, 7], "texture": "#0"}, "east": {"uv": [1, 5, 3, 7], "rotation": 180, "texture": "#0"}, "south": {"uv": [1, 5, 3, 7], "rotation": 180, "texture": "#0"}, "west": {"uv": [1, 5, 3, 7], "rotation": 180, "texture": "#0"}, "up": {"uv": [1, 5, 3, 7], "rotation": 180, "texture": "#0"}, "down": {"uv": [1, 5, 3, 7], "rotation": 180, "texture": "#0"} } }, { "from": [5.46401, 0.42631, 6], "to": [6.46401, 3.42631, 6.8], "rotation": {"angle": -45, "axis": "z", "origin": [6.01995, 1.90424, 6.294]}, "faces": { "north": {"uv": [1, 5, 3, 7], "rotation": 270, "texture": "#0"}, "east": {"uv": [1, 5, 3, 7], "rotation": 270, "texture": "#0"}, "south": {"uv": [1, 5, 3, 7], "rotation": 270, "texture": "#0"}, "west": {"uv": [1, 5, 3, 7], "rotation": 270, "texture": "#0"}, "up": {"uv": [1, 5, 3, 7], "rotation": 270, "texture": "#0"}, "down": {"uv": [1, 5, 3, 7], "rotation": 270, "texture": "#0"} } }, { "from": [10.14318, 8.98872, 6], "to": [11.14318, 10.98872, 6.8], "rotation": {"angle": -22.5, "axis": "z", "origin": [10.97078, 9.47035, 6.294]}, "faces": { "north": {"uv": [1, 5, 3, 7], "rotation": 90, "texture": "#0"}, "east": {"uv": [1, 5, 3, 7], "rotation": 90, "texture": "#0"}, "south": {"uv": [1, 5, 3, 7], "rotation": 90, "texture": "#0"}, "west": {"uv": [1, 5, 3, 7], "rotation": 90, "texture": "#0"}, "up": {"uv": [1, 5, 3, 7], "rotation": 90, "texture": "#0"}, "down": {"uv": [1, 5, 3, 7], "rotation": 90, "texture": "#0"} } }, { "from": [10.59977, 1.82024, 6], "to": [12.59977, 2.82024, 6.8], "rotation": {"angle": -22.5, "axis": "z", "origin": [11.0814, 1.99264, 6.294]}, "faces": { "north": {"uv": [1, 5, 3, 7], "texture": "#0"}, "east": {"uv": [1, 5, 3, 7], "rotation": 180, "texture": "#0"}, "south": {"uv": [1, 5, 3, 7], "rotation": 180, "texture": "#0"}, "west": {"uv": [1, 5, 3, 7], "rotation": 180, "texture": "#0"}, "up": {"uv": [1, 5, 3, 7], "rotation": 180, "texture": "#0"}, "down": {"uv": [1, 5, 3, 7], "rotation": 180, "texture": "#0"} } }, { "from": [5.86462, 0.36889, 6], "to": [6.86462, 2.36889, 6.8], "rotation": {"angle": -22.5, "axis": "z", "origin": [6.01995, 1.90424, 6.294]}, "faces": { "north": {"uv": [1, 5, 3, 7], "rotation": 270, "texture": "#0"}, "east": {"uv": [1, 5, 3, 7], "rotation": 270, "texture": "#0"}, "south": {"uv": [1, 5, 3, 7], "rotation": 270, "texture": "#0"}, "west": {"uv": [1, 5, 3, 7], "rotation": 270, "texture": "#0"}, "up": {"uv": [1, 5, 3, 7], "rotation": 270, "texture": "#0"}, "down": {"uv": [1, 5, 3, 7], "rotation": 270, "texture": "#0"} } }, { "from": [7.18723, 0.16252, 6], "to": [10.78723, 11.16252, 6.8], "rotation": {"angle": 0, "axis": "y", "origin": [8, 7.97266, 8]}, "faces": { "north": {"uv": [1, 5, 3, 7], "rotation": 90, "texture": "#0"}, "east": {"uv": [1, 5, 3, 7], "rotation": 90, "texture": "#0"}, "south": {"uv": [1, 5, 3, 7], "rotation": 90, "texture": "#0"}, "west": {"uv": [1, 5, 3, 7], "rotation": 90, "texture": "#0"}, "up": {"uv": [1, 5, 3, 7], "rotation": 90, "texture": "#0"}, "down": {"uv": [1, 5, 3, 7], "rotation": 90, "texture": "#0"} } }, { "from": [6.21277, 0.16252, 6], "to": [7.21277, 11.16252, 6.8], "rotation": {"angle": 0, "axis": "y", "origin": [8, 7.97266, 8]}, "faces": { "north": {"uv": [1, 5, 3, 7], "rotation": 270, "texture": "#0"}, "east": {"uv": [1, 5, 3, 7], "rotation": 270, "texture": "#0"}, "south": {"uv": [1, 5, 3, 7], "rotation": 270, "texture": "#0"}, "west": {"uv": [1, 5, 3, 7], "rotation": 270, "texture": "#0"}, "up": {"uv": [1, 5, 3, 7], "rotation": 270, "texture": "#0"}, "down": {"uv": [1, 5, 3, 7], "rotation": 270, "texture": "#0"} } }, { "from": [5.44217, 9.03657, 6], "to": [6.44217, 11.03657, 6.8], "rotation": {"angle": 22.5, "axis": "z", "origin": [5.94217, 10.53657, 6.5]}, "faces": { "north": {"uv": [1, 5, 3, 7], "rotation": 270, "texture": "#0"}, "east": {"uv": [1, 5, 3, 7], "rotation": 270, "texture": "#0"}, "south": {"uv": [1, 5, 3, 7], "rotation": 270, "texture": "#0"}, "west": {"uv": [1, 5, 3, 7], "rotation": 270, "texture": "#0"}, "up": {"uv": [1, 5, 3, 7], "rotation": 270, "texture": "#0"}, "down": {"uv": [1, 5, 3, 7], "rotation": 270, "texture": "#0"} } }, { "from": [4.78889, 8.60007, 6], "to": [5.78889, 10.60007, 6.8], "rotation": {"angle": 45, "axis": "z", "origin": [5.28889, 10.10007, 6.5]}, "faces": { "north": {"uv": [1, 5, 3, 7], "rotation": 270, "texture": "#0"}, "east": {"uv": [1, 5, 3, 7], "rotation": 270, "texture": "#0"}, "south": {"uv": [1, 5, 3, 7], "rotation": 270, "texture": "#0"}, "west": {"uv": [1, 5, 3, 7], "rotation": 270, "texture": "#0"}, "up": {"uv": [1, 5, 3, 7], "rotation": 270, "texture": "#0"}, "down": {"uv": [1, 5, 3, 7], "rotation": 270, "texture": "#0"} } }, { "from": [4.35238, 8.94678, 6], "to": [6.35238, 9.94678, 6.8], "rotation": {"angle": -22.5, "axis": "z", "origin": [4.85238, 9.44678, 6.5]}, "faces": { "north": {"uv": [1, 5, 3, 7], "texture": "#0"}, "east": {"uv": [1, 5, 3, 7], "texture": "#0"}, "south": {"uv": [1, 5, 3, 7], "texture": "#0"}, "west": {"uv": [1, 5, 3, 7], "texture": "#0"}, "up": {"uv": [1, 5, 3, 7], "texture": "#0"}, "down": {"uv": [1, 5, 3, 7], "texture": "#0"} } }, { "from": [4.92886, 2.26914, 5.804], "to": [12.60886, 9.10914, 6.572], "faces": { "north": {"uv": [0, 5.5, 3, 14.5], "texture": "#0"}, "east": {"uv": [0, 5.5, 3, 14.5], "texture": "#0"}, "south": {"uv": [0, 5.5, 3, 14.5], "texture": "#0"}, "west": {"uv": [0, 5.5, 3, 14.5], "texture": "#0"}, "up": {"uv": [0, 5.5, 3, 14.5], "texture": "#0"}, "down": {"uv": [0, 5.5, 3, 14.5], "texture": "#0"} } }, { "from": [9.92886, 3.86914, 5.704], "to": [12.30886, 4.30914, 6.572], "rotation": {"angle": 0, "axis": "y", "origin": [8, 8.6, 8]}, "faces": { "north": {"uv": [1, 1, 3, 3], "texture": "#0"}, "east": {"uv": [1, 1, 3, 3], "texture": "#0"}, "south": {"uv": [1, 1, 3, 3], "texture": "#0"}, "west": {"uv": [1, 1, 3, 3], "texture": "#0"}, "up": {"uv": [1, 1, 3, 3], "texture": "#0"}, "down": {"uv": [1, 1, 3, 3], "texture": "#0"} } }, { "from": [4.82886, 3.86914, 5.704], "to": [7.20886, 4.30914, 6.572], "rotation": {"angle": 0, "axis": "y", "origin": [3.4, 8.6, 8]}, "faces": { "north": {"uv": [1, 1, 3, 3], "texture": "#0"}, "east": {"uv": [1, 1, 3, 3], "texture": "#0"}, "south": {"uv": [1, 1, 3, 3], "texture": "#0"}, "west": {"uv": [1, 1, 3, 3], "texture": "#0"}, "up": {"uv": [1, 1, 3, 3], "texture": "#0"}, "down": {"uv": [1, 1, 3, 3], "texture": "#0"} } }, { "from": [9.92886, 4.46914, 5.704], "to": [12.30886, 4.90914, 6.572], "rotation": {"angle": 0, "axis": "y", "origin": [8, 9.2, 8]}, "faces": { "north": {"uv": [1, 1, 3, 3], "texture": "#0"}, "east": {"uv": [1, 1, 3, 3], "texture": "#0"}, "south": {"uv": [1, 1, 3, 3], "texture": "#0"}, "west": {"uv": [1, 1, 3, 3], "texture": "#0"}, "up": {"uv": [1, 1, 3, 3], "texture": "#0"}, "down": {"uv": [1, 1, 3, 3], "texture": "#0"} } }, { "from": [4.82886, 4.46914, 5.704], "to": [7.20886, 4.90914, 6.572], "rotation": {"angle": 0, "axis": "y", "origin": [3.4, 9.2, 8]}, "faces": { "north": {"uv": [1, 1, 3, 3], "texture": "#0"}, "east": {"uv": [1, 1, 3, 3], "texture": "#0"}, "south": {"uv": [1, 1, 3, 3], "texture": "#0"}, "west": {"uv": [1, 1, 3, 3], "texture": "#0"}, "up": {"uv": [1, 1, 3, 3], "texture": "#0"}, "down": {"uv": [1, 1, 3, 3], "texture": "#0"} } }, { "from": [4.35114, 2.26914, 5.804], "to": [5.31114, 9.10914, 6.572], "faces": { "north": {"uv": [1, 5, 3, 7], "texture": "#0"}, "east": {"uv": [1, 5, 3, 7], "texture": "#0"}, "south": {"uv": [1, 5, 3, 7], "texture": "#0"}, "west": {"uv": [1, 5, 3, 7], "texture": "#0"}, "up": {"uv": [1, 5, 3, 7], "texture": "#0"}, "down": {"uv": [1, 5, 3, 7], "texture": "#0"} } }, { "from": [9.46594, 8.50977, 5.804], "to": [12.34594, 9.46977, 6.572], "rotation": {"angle": 22.5, "axis": "z", "origin": [10.97078, 9.47035, 6.294]}, "faces": { "north": {"uv": [1, 5, 3, 7], "texture": "#0"}, "east": {"uv": [1, 5, 3, 7], "texture": "#0"}, "south": {"uv": [1, 5, 3, 7], "texture": "#0"}, "west": {"uv": [1, 5, 3, 7], "texture": "#0"}, "up": {"uv": [1, 5, 3, 7], "texture": "#0"}, "down": {"uv": [1, 5, 3, 7], "texture": "#0"} } }, { "from": [10.07637, 0.59895, 5.804], "to": [11.03637, 3.47895, 6.572], "rotation": {"angle": 22.5, "axis": "z", "origin": [11.03695, 1.9741, 6.294]}, "faces": { "north": {"uv": [1, 5, 3, 7], "rotation": 270, "texture": "#0"}, "east": {"uv": [1, 5, 3, 7], "rotation": 90, "texture": "#0"}, "south": {"uv": [1, 5, 3, 7], "rotation": 90, "texture": "#0"}, "west": {"uv": [1, 5, 3, 7], "rotation": 90, "texture": "#0"}, "up": {"uv": [1, 5, 3, 7], "rotation": 90, "texture": "#0"}, "down": {"uv": [1, 5, 3, 7], "rotation": 90, "texture": "#0"} } }, { "from": [4.62327, 1.91036, 5.804], "to": [7.50327, 2.87036, 6.572], "rotation": {"angle": 22.5, "axis": "z", "origin": [5.99849, 1.8857, 6.294]}, "faces": { "north": {"uv": [1, 5, 3, 7], "rotation": 180, "texture": "#0"}, "east": {"uv": [1, 5, 3, 7], "rotation": 180, "texture": "#0"}, "south": {"uv": [1, 5, 3, 7], "rotation": 180, "texture": "#0"}, "west": {"uv": [1, 5, 3, 7], "rotation": 180, "texture": "#0"}, "up": {"uv": [1, 5, 3, 7], "rotation": 180, "texture": "#0"}, "down": {"uv": [1, 5, 3, 7], "rotation": 180, "texture": "#0"} } }, { "from": [10.53758, 7.86061, 5.804], "to": [11.49758, 10.74061, 6.572], "rotation": {"angle": -45, "axis": "z", "origin": [10.97078, 9.47035, 6.294]}, "faces": { "north": {"uv": [1, 5, 3, 7], "rotation": 90, "texture": "#0"}, "east": {"uv": [1, 5, 3, 7], "rotation": 90, "texture": "#0"}, "south": {"uv": [1, 5, 3, 7], "rotation": 90, "texture": "#0"}, "west": {"uv": [1, 5, 3, 7], "rotation": 90, "texture": "#0"}, "up": {"uv": [1, 5, 3, 7], "rotation": 90, "texture": "#0"}, "down": {"uv": [1, 5, 3, 7], "rotation": 90, "texture": "#0"} } }, { "from": [9.42721, 1.44731, 5.804], "to": [12.30721, 2.40731, 6.572], "rotation": {"angle": -45, "axis": "z", "origin": [11.03695, 1.9741, 6.294]}, "faces": { "north": {"uv": [1, 5, 3, 7], "texture": "#0"}, "east": {"uv": [1, 5, 3, 7], "rotation": 180, "texture": "#0"}, "south": {"uv": [1, 5, 3, 7], "rotation": 180, "texture": "#0"}, "west": {"uv": [1, 5, 3, 7], "rotation": 180, "texture": "#0"}, "up": {"uv": [1, 5, 3, 7], "rotation": 180, "texture": "#0"}, "down": {"uv": [1, 5, 3, 7], "rotation": 180, "texture": "#0"} } }, { "from": [5.44942, 0.6246, 5.804], "to": [6.40942, 3.5046, 6.572], "rotation": {"angle": -45, "axis": "z", "origin": [5.99849, 1.8857, 6.294]}, "faces": { "north": {"uv": [1, 5, 3, 7], "rotation": 270, "texture": "#0"}, "east": {"uv": [1, 5, 3, 7], "rotation": 270, "texture": "#0"}, "south": {"uv": [1, 5, 3, 7], "rotation": 270, "texture": "#0"}, "west": {"uv": [1, 5, 3, 7], "rotation": 270, "texture": "#0"}, "up": {"uv": [1, 5, 3, 7], "rotation": 270, "texture": "#0"}, "down": {"uv": [1, 5, 3, 7], "rotation": 270, "texture": "#0"} } }, { "from": [10.09666, 8.8897, 5.804], "to": [11.05666, 10.8097, 6.572], "rotation": {"angle": -22.5, "axis": "z", "origin": [10.97078, 9.47035, 6.294]}, "faces": { "north": {"uv": [1, 5, 3, 7], "rotation": 90, "texture": "#0"}, "east": {"uv": [1, 5, 3, 7], "rotation": 90, "texture": "#0"}, "south": {"uv": [1, 5, 3, 7], "rotation": 90, "texture": "#0"}, "west": {"uv": [1, 5, 3, 7], "rotation": 90, "texture": "#0"}, "up": {"uv": [1, 5, 3, 7], "rotation": 90, "texture": "#0"}, "down": {"uv": [1, 5, 3, 7], "rotation": 90, "texture": "#0"} } }, { "from": [10.4563, 1.88823, 5.804], "to": [12.3763, 2.84823, 6.572], "rotation": {"angle": -22.5, "axis": "z", "origin": [11.03695, 1.9741, 6.294]}, "faces": { "north": {"uv": [1, 5, 3, 7], "texture": "#0"}, "east": {"uv": [1, 5, 3, 7], "rotation": 180, "texture": "#0"}, "south": {"uv": [1, 5, 3, 7], "rotation": 180, "texture": "#0"}, "west": {"uv": [1, 5, 3, 7], "rotation": 180, "texture": "#0"}, "up": {"uv": [1, 5, 3, 7], "rotation": 180, "texture": "#0"}, "down": {"uv": [1, 5, 3, 7], "rotation": 180, "texture": "#0"} } }, { "from": [5.89554, 0.56334, 5.804], "to": [6.85554, 2.48334, 6.572], "rotation": {"angle": -22.5, "axis": "z", "origin": [5.99849, 1.8857, 6.294]}, "faces": { "north": {"uv": [1, 5, 3, 7], "rotation": 270, "texture": "#0"}, "east": {"uv": [1, 5, 3, 7], "rotation": 270, "texture": "#0"}, "south": {"uv": [1, 5, 3, 7], "rotation": 270, "texture": "#0"}, "west": {"uv": [1, 5, 3, 7], "rotation": 270, "texture": "#0"}, "up": {"uv": [1, 5, 3, 7], "rotation": 270, "texture": "#0"}, "down": {"uv": [1, 5, 3, 7], "rotation": 270, "texture": "#0"} } }, { "from": [7.21974, 0.35026, 5.804], "to": [10.67574, 11.04226, 6.572], "faces": { "north": {"uv": [1, 5, 3, 7], "rotation": 90, "texture": "#0"}, "east": {"uv": [1, 5, 3, 7], "rotation": 90, "texture": "#0"}, "south": {"uv": [1, 5, 3, 7], "rotation": 90, "texture": "#0"}, "west": {"uv": [1, 5, 3, 7], "rotation": 90, "texture": "#0"}, "up": {"uv": [1, 5, 3, 7], "rotation": 90, "texture": "#0"}, "down": {"uv": [1, 5, 3, 7], "rotation": 90, "texture": "#0"} } }, { "from": [4.41974, -0.24974, 5.75], "to": [12.67574, 10.44226, 5.85], "rotation": {"angle": 0, "axis": "y", "origin": [8.2, 7.4, 8.05]}, "faces": { "north": {"uv": [7, 2.5, 16, 12.5], "rotation": 90, "texture": "#0"}, "east": {"uv": [10, 1.5, 12, 3.5], "rotation": 90, "texture": "#0"}, "south": {"uv": [10, 1.5, 12, 3.5], "rotation": 90, "texture": "#0"}, "west": {"uv": [10, 1.5, 12, 3.5], "rotation": 90, "texture": "#0"}, "up": {"uv": [10, 1.5, 12, 3.5], "rotation": 90, "texture": "#0"}, "down": {"uv": [10, 1.5, 12, 3.5], "rotation": 90, "texture": "#0"} } }, { "from": [8.31974, 7.85026, 5.75], "to": [8.77574, 10.84226, 5.85], "rotation": {"angle": 0, "axis": "y", "origin": [8.3, 8, 8.05]}, "faces": { "north": {"uv": [11, 7, 12, 8], "rotation": 90, "texture": "#0"}, "east": {"uv": [11, 7, 12, 8], "rotation": 90, "texture": "#0"}, "south": {"uv": [11, 7, 12, 8], "rotation": 90, "texture": "#0"}, "west": {"uv": [11, 7, 12, 8], "rotation": 90, "texture": "#0"}, "up": {"uv": [11, 7, 12, 8], "rotation": 90, "texture": "#0"}, "down": {"uv": [11, 7, 12, 8], "rotation": 90, "texture": "#0"} } }, { "from": [7.91974, 8.35026, 5.75], "to": [9.17574, 8.74226, 5.85], "rotation": {"angle": 0, "axis": "y", "origin": [8.3, 8, 8.05]}, "faces": { "north": {"uv": [11, 7, 12, 8], "rotation": 90, "texture": "#0"}, "east": {"uv": [11, 7, 12, 8], "rotation": 90, "texture": "#0"}, "south": {"uv": [11, 7, 12, 8], "rotation": 90, "texture": "#0"}, "west": {"uv": [11, 7, 12, 8], "rotation": 90, "texture": "#0"}, "up": {"uv": [11, 7, 12, 8], "rotation": 90, "texture": "#0"}, "down": {"uv": [11, 7, 12, 8], "rotation": 90, "texture": "#0"} } }, { "from": [6.28426, 0.35026, 5.804], "to": [7.24426, 11.04226, 6.572], "faces": { "north": {"uv": [1, 5, 3, 7], "rotation": 270, "texture": "#0"}, "east": {"uv": [1, 5, 3, 7], "rotation": 270, "texture": "#0"}, "south": {"uv": [1, 5, 3, 7], "rotation": 270, "texture": "#0"}, "west": {"uv": [1, 5, 3, 7], "rotation": 270, "texture": "#0"}, "up": {"uv": [1, 5, 3, 7], "rotation": 270, "texture": "#0"}, "down": {"uv": [1, 5, 3, 7], "rotation": 270, "texture": "#0"} } }, { "from": [5.54448, 8.97511, 5.804], "to": [6.50448, 10.89511, 6.572], "rotation": {"angle": 22.5, "axis": "z", "origin": [6.02448, 10.41511, 6.284]}, "faces": { "north": {"uv": [1, 5, 3, 7], "rotation": 270, "texture": "#0"}, "east": {"uv": [1, 5, 3, 7], "rotation": 270, "texture": "#0"}, "south": {"uv": [1, 5, 3, 7], "rotation": 270, "texture": "#0"}, "west": {"uv": [1, 5, 3, 7], "rotation": 270, "texture": "#0"}, "up": {"uv": [1, 5, 3, 7], "rotation": 270, "texture": "#0"}, "down": {"uv": [1, 5, 3, 7], "rotation": 270, "texture": "#0"} } }, { "from": [4.91733, 8.55606, 5.804], "to": [5.87733, 10.47606, 6.572], "rotation": {"angle": 45, "axis": "z", "origin": [5.39733, 9.99606, 6.284]}, "faces": { "north": {"uv": [1, 5, 3, 7], "rotation": 270, "texture": "#0"}, "east": {"uv": [1, 5, 3, 7], "rotation": 270, "texture": "#0"}, "south": {"uv": [1, 5, 3, 7], "rotation": 270, "texture": "#0"}, "west": {"uv": [1, 5, 3, 7], "rotation": 270, "texture": "#0"}, "up": {"uv": [1, 5, 3, 7], "rotation": 270, "texture": "#0"}, "down": {"uv": [1, 5, 3, 7], "rotation": 270, "texture": "#0"} } }, { "from": [4.49829, 8.88891, 5.804], "to": [6.41829, 9.84891, 6.572], "rotation": {"angle": -22.5, "axis": "z", "origin": [4.97829, 9.36891, 6.284]}, "faces": { "north": {"uv": [1, 5, 3, 7], "texture": "#0"}, "east": {"uv": [1, 5, 3, 7], "texture": "#0"}, "south": {"uv": [1, 5, 3, 7], "texture": "#0"}, "west": {"uv": [1, 5, 3, 7], "texture": "#0"}, "up": {"uv": [1, 5, 3, 7], "texture": "#0"}, "down": {"uv": [1, 5, 3, 7], "texture": "#0"} } } ], "display": { "thirdperson_righthand": { "rotation": [90, -90, 0], "translation": [1.25, -1.75, 9.5], "scale": [0.5, 0.5, 0.34] }, "thirdperson_lefthand": { "rotation": [90, -90, 0], "translation": [1.25, -2.25, 9.5], "scale": [0.5, 0.5, 0.34] }, "firstperson_righthand": { "rotation": [4, 133, 3], "translation": [1.25, 6, 0] }, "firstperson_lefthand": { "rotation": [4, 133, 3], "translation": [1.25, 6, 0] }, "ground": { "rotation": [90, -90, 0], "translation": [1.25, -2.5, 9.5], "scale": [0.5, 0.5, 0.34] }, "gui": { "rotation": [0, -180, 0], "translation": [0, 2.75, 0] }, "head": { "translation": [-0.5, 3.25, -4.5], "scale": [1.5, 1.5, 1.53] }, "fixed": { "translation": [0, 4, 3.5], "scale": [2, 2, 2] } } }