{ "credit": "Made with Blockbench", "textures": { "0": "block/adidasballistic" }, "elements": [ { "from": [1.5, 1.7, 0], "to": [14.5, 13.75, 0.5], "rotation": {"angle": 0, "axis": "y", "origin": [16, 8, 8]}, "faces": { "north": {"uv": [1, 6, 6, 7], "texture": "#0"}, "east": {"uv": [7, 6, 12, 7], "texture": "#0"}, "south": {"uv": [1, 1, 2, 1], "texture": "#0"}, "west": {"uv": [7, 7, 12, 8], "texture": "#0"}, "up": {"uv": [1, 6, 6, 7], "texture": "#0"}, "down": {"uv": [1, 6, 6, 7], "texture": "#0"} } }, { "from": [4.6, 7.75, -0.25], "to": [7.5, 9.65, 0], "rotation": {"angle": 0, "axis": "y", "origin": [12.5, 15.25, 8]}, "faces": { "north": {"uv": [5, 1, 4, 2], "texture": "#0"}, "east": {"uv": [5, 1, 4, 2], "texture": "#0"}, "south": {"uv": [5, 1, 4, 2], "texture": "#0"}, "west": {"uv": [5, 1, 4, 2], "texture": "#0"}, "up": {"uv": [5, 1, 4, 2], "texture": "#0"}, "down": {"uv": [5, 1, 4, 2], "texture": "#0"} } }, { "from": [8.25, 7.75, -0.25], "to": [11.15, 9.65, 0], "rotation": {"angle": 0, "axis": "y", "origin": [3.5, 15.25, 8]}, "faces": { "north": {"uv": [5, 1, 4, 2], "texture": "#0"}, "east": {"uv": [5, 1, 4, 2], "texture": "#0"}, "south": {"uv": [5, 1, 4, 2], "texture": "#0"}, "west": {"uv": [5, 1, 4, 2], "texture": "#0"}, "up": {"uv": [5, 1, 4, 2], "texture": "#0"}, "down": {"uv": [5, 1, 4, 2], "texture": "#0"} } }, { "from": [3.1, 7.5, -0.25], "to": [5.5, 9.4, 0], "rotation": {"angle": 0, "axis": "y", "origin": [10, 15, 8]}, "faces": { "north": {"uv": [5, 1, 4, 2], "texture": "#0"}, "east": {"uv": [5, 1, 4, 2], "texture": "#0"}, "south": {"uv": [5, 1, 4, 2], "texture": "#0"}, "west": {"uv": [5, 1, 4, 2], "texture": "#0"}, "up": {"uv": [5, 1, 4, 2], "texture": "#0"}, "down": {"uv": [5, 1, 4, 2], "texture": "#0"} } }, { "from": [10.25, 7.5, -0.25], "to": [12.9, 9.4, 0], "rotation": {"angle": 0, "axis": "y", "origin": [6, 15, 8]}, "faces": { "north": {"uv": [5, 1, 4, 2], "texture": "#0"}, "east": {"uv": [5, 1, 4, 2], "texture": "#0"}, "south": {"uv": [5, 1, 4, 2], "texture": "#0"}, "west": {"uv": [5, 1, 4, 2], "texture": "#0"}, "up": {"uv": [5, 1, 4, 2], "texture": "#0"}, "down": {"uv": [5, 1, 4, 2], "texture": "#0"} } }, { "from": [10.5, 8, -0.25], "to": [13.15, 9.4, 0], "rotation": {"angle": 0, "axis": "y", "origin": [6, 15, 8]}, "faces": { "north": {"uv": [5, 1, 4, 2], "texture": "#0"}, "east": {"uv": [5, 1, 4, 2], "texture": "#0"}, "south": {"uv": [5, 1, 4, 2], "texture": "#0"}, "west": {"uv": [5, 1, 4, 2], "texture": "#0"}, "up": {"uv": [5, 1, 4, 2], "texture": "#0"}, "down": {"uv": [5, 1, 4, 2], "texture": "#0"} } }, { "from": [2.85, 8, -0.25], "to": [5.5, 9.4, 0], "rotation": {"angle": 0, "axis": "y", "origin": [10, 15, 8]}, "faces": { "north": {"uv": [4, 1, 5, 2], "texture": "#0"}, "east": {"uv": [4, 1, 5, 2], "texture": "#0"}, "south": {"uv": [4, 1, 5, 2], "texture": "#0"}, "west": {"uv": [4, 1, 5, 2], "texture": "#0"}, "up": {"uv": [4, 1, 5, 2], "texture": "#0"}, "down": {"uv": [4, 1, 5, 2], "texture": "#0"} } }, { "from": [1.5, 1.2, 0.5], "to": [14.5, 1.7, 2.3], "rotation": {"angle": 0, "axis": "y", "origin": [16, 9.7, 8.5]}, "faces": { "north": {"uv": [1, 1, 2, 1], "texture": "#0"}, "east": {"uv": [1, 1, 2, 1], "texture": "#0"}, "south": {"uv": [1, 1, 2, 1], "texture": "#0"}, "west": {"uv": [1, 1, 2, 1], "texture": "#0"}, "up": {"uv": [1, 1, 2, 1], "texture": "#0"}, "down": {"uv": [1, 1, 2, 1], "texture": "#0"} } }, { "from": [3.5, 14.25, 1], "to": [12.5, 14.75, 2], "rotation": {"angle": 0, "axis": "y", "origin": [16, 6.75, 9]}, "faces": { "north": {"uv": [1, 1, 2, 1], "texture": "#0"}, "east": {"uv": [1, 1, 2, 1], "texture": "#0"}, "south": {"uv": [1, 1, 2, 1], "texture": "#0"}, "west": {"uv": [1, 1, 2, 1], "texture": "#0"}, "up": {"uv": [1, 1, 2, 1], "texture": "#0"}, "down": {"uv": [1, 1, 2, 1], "texture": "#0"} } }, { "from": [1.5, 13.75, 0.5], "to": [14.5, 14.25, 2.3], "rotation": {"angle": 0, "axis": "y", "origin": [16, 6.25, 8.5]}, "faces": { "north": {"uv": [1, 1, 2, 1], "texture": "#0"}, "east": {"uv": [1, 1, 2, 1], "texture": "#0"}, "south": {"uv": [1, 1, 2, 1], "texture": "#0"}, "west": {"uv": [1, 1, 2, 1], "texture": "#0"}, "up": {"uv": [1, 1, 2, 1], "texture": "#0"}, "down": {"uv": [1, 1, 2, 1], "texture": "#0"} } }, { "from": [14.5, 1.7, 0.5], "to": [15, 13.75, 2.3], "rotation": {"angle": 0, "axis": "y", "origin": [16, 8, 8.5]}, "faces": { "north": {"uv": [1, 1, 2, 1], "texture": "#0"}, "east": {"uv": [1, 1, 2, 1], "texture": "#0"}, "south": {"uv": [1, 1, 2, 1], "texture": "#0"}, "west": {"uv": [1, 1, 2, 1], "texture": "#0"}, "up": {"uv": [1, 1, 2, 1], "texture": "#0"}, "down": {"uv": [1, 1, 2, 1], "texture": "#0"} } }, { "from": [15, 3.7, 1], "to": [15.5, 11.75, 2], "rotation": {"angle": 0, "axis": "y", "origin": [16.5, 8, 9]}, "faces": { "north": {"uv": [1, 1, 2, 1], "texture": "#0"}, "east": {"uv": [1, 1, 2, 1], "texture": "#0"}, "south": {"uv": [1, 1, 2, 1], "texture": "#0"}, "west": {"uv": [1, 1, 2, 1], "texture": "#0"}, "up": {"uv": [1, 1, 2, 1], "texture": "#0"}, "down": {"uv": [1, 1, 2, 1], "texture": "#0"} } }, { "from": [15.5, 5.8, 1.5], "to": [15.7, 6.75, 14], "rotation": {"angle": 0, "axis": "y", "origin": [16.7, 9.3, 9.5]}, "faces": { "north": {"uv": [1, 1, 1, 2], "texture": "#0"}, "east": {"uv": [1, 1, 1, 2], "texture": "#0"}, "south": {"uv": [1, 1, 1, 2], "texture": "#0"}, "west": {"uv": [1, 1, 1, 2], "texture": "#0"}, "up": {"uv": [1, 1, 1, 2], "texture": "#0"}, "down": {"uv": [1, 1, 1, 2], "texture": "#0"} } }, { "from": [0.3, 5.8, 1.5], "to": [0.5, 6.75, 14], "rotation": {"angle": 0, "axis": "y", "origin": [-0.7, 9.3, 9.5]}, "faces": { "north": {"uv": [1, 1, 1, 2], "texture": "#0"}, "east": {"uv": [1, 1, 1, 2], "texture": "#0"}, "south": {"uv": [1, 1, 1, 2], "texture": "#0"}, "west": {"uv": [1, 1, 1, 2], "texture": "#0"}, "up": {"uv": [1, 1, 1, 2], "texture": "#0"}, "down": {"uv": [1, 1, 1, 2], "texture": "#0"} } }, { "from": [0.3, 5.8, 13.8], "to": [15.6, 6.75, 14], "rotation": {"angle": 0, "axis": "y", "origin": [8.3, 9.3, 15]}, "faces": { "north": {"uv": [1, 1, 1, 2], "rotation": 270, "texture": "#0"}, "east": {"uv": [1, 1, 1, 2], "rotation": 270, "texture": "#0"}, "south": {"uv": [1, 1, 1, 2], "rotation": 270, "texture": "#0"}, "west": {"uv": [1, 1, 1, 2], "rotation": 270, "texture": "#0"}, "up": {"uv": [1, 1, 1, 2], "rotation": 270, "texture": "#0"}, "down": {"uv": [1, 1, 1, 2], "rotation": 270, "texture": "#0"} } }, { "from": [6.075, 14.775, 1.6], "to": [7.025, 14.975, 14.1], "rotation": {"angle": 0, "axis": "y", "origin": [8, 14.875, 7.85]}, "faces": { "north": {"uv": [1, 1, 1, 2], "rotation": 90, "texture": "#0"}, "east": {"uv": [1, 1, 1, 2], "rotation": 90, "texture": "#0"}, "south": {"uv": [1, 1, 1, 2], "rotation": 90, "texture": "#0"}, "west": {"uv": [1, 1, 1, 2], "rotation": 90, "texture": "#0"}, "up": {"uv": [1, 1, 1, 2], "rotation": 90, "texture": "#0"}, "down": {"uv": [1, 1, 1, 2], "rotation": 90, "texture": "#0"} } }, { "from": [5.975, 14.725, 1.55], "to": [7.125, 15.025, 2.8], "rotation": {"angle": 0, "axis": "y", "origin": [8, 14.825, 7.8]}, "faces": { "north": {"uv": [10, 1, 10, 2], "rotation": 90, "texture": "#0"}, "east": {"uv": [10, 1, 10, 2], "rotation": 90, "texture": "#0"}, "south": {"uv": [10, 1, 10, 2], "rotation": 90, "texture": "#0"}, "west": {"uv": [10, 1, 10, 2], "rotation": 90, "texture": "#0"}, "up": {"uv": [10, 1, 10, 2], "rotation": 90, "texture": "#0"}, "down": {"uv": [10, 1, 10, 2], "rotation": 90, "texture": "#0"} } }, { "from": [15.5, 8.6, 1.45], "to": [15.8, 9.75, 2.7], "rotation": {"angle": 0, "axis": "y", "origin": [15.7, 7.725, 7.7]}, "faces": { "north": {"uv": [10, 2, 10, 1], "rotation": 180, "texture": "#0"}, "east": {"uv": [10, 2, 10, 1], "texture": "#0"}, "south": {"uv": [10, 2, 10, 1], "texture": "#0"}, "west": {"uv": [10, 2, 10, 1], "texture": "#0"}, "up": {"uv": [10, 2, 10, 1], "texture": "#0"}, "down": {"uv": [10, 2, 10, 1], "texture": "#0"} } }, { "from": [0.2, 8.6, 1.45], "to": [0.5, 9.75, 2.7], "rotation": {"angle": 0, "axis": "y", "origin": [0.3, 7.725, 7.7]}, "faces": { "north": {"uv": [10, 2, 10, 1], "rotation": 180, "texture": "#0"}, "east": {"uv": [10, 2, 10, 1], "texture": "#0"}, "south": {"uv": [10, 2, 10, 1], "texture": "#0"}, "west": {"uv": [10, 2, 10, 1], "texture": "#0"}, "up": {"uv": [10, 2, 10, 1], "texture": "#0"}, "down": {"uv": [10, 2, 10, 1], "texture": "#0"} } }, { "from": [6.075, 5.875, 13.9], "to": [7.025, 14.975, 14.1], "rotation": {"angle": 0, "axis": "y", "origin": [8, 8.725, 14]}, "faces": { "north": {"uv": [1, 1, 1, 2], "rotation": 90, "texture": "#0"}, "east": {"uv": [1, 1, 1, 2], "rotation": 90, "texture": "#0"}, "south": {"uv": [1, 1, 1, 2], "rotation": 90, "texture": "#0"}, "west": {"uv": [1, 1, 1, 2], "rotation": 90, "texture": "#0"}, "up": {"uv": [1, 1, 1, 2], "rotation": 90, "texture": "#0"}, "down": {"uv": [1, 1, 1, 2], "rotation": 90, "texture": "#0"} } }, { "from": [15.5, 8.7, 1.5], "to": [15.7, 9.65, 14], "rotation": {"angle": 0, "axis": "y", "origin": [16.7, 12.2, 9.5]}, "faces": { "north": {"uv": [1, 1, 1, 2], "texture": "#0"}, "east": {"uv": [1, 1, 1, 2], "texture": "#0"}, "south": {"uv": [1, 1, 1, 2], "texture": "#0"}, "west": {"uv": [1, 1, 1, 2], "texture": "#0"}, "up": {"uv": [1, 1, 1, 2], "texture": "#0"}, "down": {"uv": [1, 1, 1, 2], "texture": "#0"} } }, { "from": [0.3, 8.7, 1.5], "to": [0.5, 9.65, 14], "rotation": {"angle": 0, "axis": "y", "origin": [-0.7, 12.2, 9.5]}, "faces": { "north": {"uv": [1, 1, 1, 2], "texture": "#0"}, "east": {"uv": [1, 1, 1, 2], "texture": "#0"}, "south": {"uv": [1, 1, 1, 2], "texture": "#0"}, "west": {"uv": [1, 1, 1, 2], "texture": "#0"}, "up": {"uv": [1, 1, 1, 2], "texture": "#0"}, "down": {"uv": [1, 1, 1, 2], "texture": "#0"} } }, { "from": [0.3, 8.7, 13.8], "to": [15.6, 9.65, 14], "rotation": {"angle": 0, "axis": "y", "origin": [8.3, 12.2, 15]}, "faces": { "north": {"uv": [1, 1, 1, 2], "rotation": 270, "texture": "#0"}, "east": {"uv": [1, 1, 1, 2], "rotation": 270, "texture": "#0"}, "south": {"uv": [1, 1, 1, 2], "rotation": 270, "texture": "#0"}, "west": {"uv": [1, 1, 1, 2], "rotation": 270, "texture": "#0"}, "up": {"uv": [1, 1, 1, 2], "rotation": 270, "texture": "#0"}, "down": {"uv": [1, 1, 1, 2], "rotation": 270, "texture": "#0"} } }, { "from": [8.975, 14.775, 1.6], "to": [9.925, 14.975, 14.1], "rotation": {"angle": 0, "axis": "y", "origin": [8, 14.875, 7.85]}, "faces": { "north": {"uv": [1, 1, 1, 2], "rotation": 90, "texture": "#0"}, "east": {"uv": [1, 1, 1, 2], "rotation": 90, "texture": "#0"}, "south": {"uv": [1, 1, 1, 2], "rotation": 90, "texture": "#0"}, "west": {"uv": [1, 1, 1, 2], "rotation": 90, "texture": "#0"}, "up": {"uv": [1, 1, 1, 2], "rotation": 90, "texture": "#0"}, "down": {"uv": [1, 1, 1, 2], "rotation": 90, "texture": "#0"} } }, { "from": [8.875, 14.725, 1.55], "to": [10.025, 15.025, 2.8], "rotation": {"angle": 0, "axis": "y", "origin": [8, 14.825, 7.8]}, "faces": { "north": {"uv": [10, 1, 10, 2], "rotation": 90, "texture": "#0"}, "east": {"uv": [10, 1, 10, 2], "rotation": 90, "texture": "#0"}, "south": {"uv": [10, 1, 10, 2], "rotation": 90, "texture": "#0"}, "west": {"uv": [10, 1, 10, 2], "rotation": 90, "texture": "#0"}, "up": {"uv": [10, 1, 10, 2], "rotation": 90, "texture": "#0"}, "down": {"uv": [10, 1, 10, 2], "rotation": 90, "texture": "#0"} } }, { "from": [15.5, 5.7, 1.45], "to": [15.8, 6.85, 2.7], "rotation": {"angle": 0, "axis": "y", "origin": [15.7, 7.725, 7.7]}, "faces": { "north": {"uv": [10, 2, 10, 1], "rotation": 180, "texture": "#0"}, "east": {"uv": [10, 2, 10, 1], "texture": "#0"}, "south": {"uv": [10, 2, 10, 1], "texture": "#0"}, "west": {"uv": [10, 2, 10, 1], "texture": "#0"}, "up": {"uv": [10, 2, 10, 1], "texture": "#0"}, "down": {"uv": [10, 2, 10, 1], "texture": "#0"} } }, { "from": [0.2, 5.7, 1.45], "to": [0.5, 6.85, 2.7], "rotation": {"angle": 0, "axis": "y", "origin": [0.3, 7.725, 7.7]}, "faces": { "north": {"uv": [10, 2, 10, 1], "rotation": 180, "texture": "#0"}, "east": {"uv": [10, 2, 10, 1], "texture": "#0"}, "south": {"uv": [10, 2, 10, 1], "texture": "#0"}, "west": {"uv": [10, 2, 10, 1], "texture": "#0"}, "up": {"uv": [10, 2, 10, 1], "texture": "#0"}, "down": {"uv": [10, 2, 10, 1], "texture": "#0"} } }, { "from": [8.975, 5.875, 13.9], "to": [9.925, 14.975, 14.1], "rotation": {"angle": 0, "axis": "y", "origin": [8, 8.725, 14]}, "faces": { "north": {"uv": [1, 1, 1, 2], "rotation": 90, "texture": "#0"}, "east": {"uv": [1, 1, 1, 2], "rotation": 90, "texture": "#0"}, "south": {"uv": [1, 1, 1, 2], "rotation": 90, "texture": "#0"}, "west": {"uv": [1, 1, 1, 2], "rotation": 90, "texture": "#0"}, "up": {"uv": [1, 1, 1, 2], "rotation": 90, "texture": "#0"}, "down": {"uv": [1, 1, 1, 2], "rotation": 90, "texture": "#0"} } }, { "from": [0.5, 3.7, 1], "to": [1, 11.75, 2], "rotation": {"angle": 0, "axis": "y", "origin": [-0.5, 8, 9]}, "faces": { "north": {"uv": [1, 1, 2, 1], "texture": "#0"}, "east": {"uv": [1, 1, 2, 1], "texture": "#0"}, "south": {"uv": [1, 1, 2, 1], "texture": "#0"}, "west": {"uv": [1, 1, 2, 1], "texture": "#0"}, "up": {"uv": [1, 1, 2, 1], "texture": "#0"}, "down": {"uv": [1, 1, 2, 1], "texture": "#0"} } }, { "from": [1, 1.7, 0.5], "to": [1.5, 13.75, 2.3], "rotation": {"angle": 0, "axis": "y", "origin": [16, 8, 8.5]}, "faces": { "north": {"uv": [1, 1, 2, 1], "texture": "#0"}, "east": {"uv": [1, 1, 2, 1], "texture": "#0"}, "south": {"uv": [1, 1, 2, 1], "texture": "#0"}, "west": {"uv": [1, 1, 2, 1], "texture": "#0"}, "up": {"uv": [1, 1, 2, 1], "texture": "#0"}, "down": {"uv": [1, 1, 2, 1], "texture": "#0"} } } ], "display": { "thirdperson_righthand": { "rotation": [90.5, 24, 0], "translation": [1.75, -1.5, -1], "scale": [0.47, 0.47, 0.47] }, "thirdperson_lefthand": { "rotation": [90.5, 24, 0], "translation": [1.75, -1.5, -1], "scale": [0.47, 0.47, 0.47] }, "firstperson_righthand": { "rotation": [0, 117.5, -23], "translation": [2, 3.25, 1.5], "scale": [0.26, 0.26, 0.26] }, "firstperson_lefthand": { "rotation": [0, 117.5, -23], "translation": [2, 3.25, 1.5], "scale": [0.26, 0.26, 0.26] }, "ground": { "rotation": [17.75, 0, 0], "scale": [0.34, 0.34, 0.34] }, "gui": { "rotation": [177.5, 40.5, 166.75], "translation": [0.75, 0, 0], "scale": [0.73, 0.73, 0.73] }, "head": { "translation": [0, 0.25, 0.75], "scale": [1.08, 1.08, 1.08] }, "fixed": { "rotation": [-70, 0, 0], "translation": [0, 3.25, -5], "scale": [1.51, 1.51, 1.51] } } }