{ "credit": "Made with Blockbench", "ambientocclusion": false, "textures": { "0": "block/heartglasses2" }, "elements": [ { "from": [4.86486, 14.15023, 8], "to": [6.66486, 14.55023, 8.5], "rotation": {"angle": 0, "axis": "z", "origin": [5.76486, 14.25023, 8.35]}, "faces": { "north": {"uv": [13.032, 13.032, 14.968, 14.968], "rotation": 180, "texture": "#0"}, "east": {"uv": [13.032, 13.032, 14.968, 14.968], "rotation": 180, "texture": "#0"}, "south": {"uv": [13.032, 13.032, 14.968, 14.968], "rotation": 180, "texture": "#0"}, "west": {"uv": [13.032, 13.032, 14.968, 14.968], "rotation": 180, "texture": "#0"}, "up": {"uv": [13.032, 13.032, 14.968, 14.968], "rotation": 180, "texture": "#0"}, "down": {"uv": [13.032, 13.032, 14.968, 14.968], "rotation": 180, "texture": "#0"} } }, { "from": [3.74818, 13.82865, 8], "to": [5.04818, 14.22865, 8.5], "rotation": {"angle": 22.5, "axis": "z", "origin": [4.14818, 13.92865, 8.35]}, "faces": { "north": {"uv": [13.032, 13.032, 14.968, 14.968], "texture": "#0"}, "east": {"uv": [13.032, 13.032, 14.968, 14.968], "texture": "#0"}, "south": {"uv": [13.032, 13.032, 14.968, 14.968], "texture": "#0"}, "west": {"uv": [13.032, 13.032, 14.968, 14.968], "texture": "#0"}, "up": {"uv": [13.032, 13.032, 14.968, 14.968], "texture": "#0"}, "down": {"uv": [13.032, 13.032, 14.968, 14.968], "texture": "#0"} } }, { "from": [6.48155, 13.82865, 8], "to": [7.88155, 14.22865, 8.5], "rotation": {"angle": -22.5, "axis": "z", "origin": [7.38155, 13.92865, 8.35]}, "faces": { "north": {"uv": [13.032, 13.032, 14.968, 14.968], "rotation": 180, "texture": "#0"}, "east": {"uv": [13.032, 13.032, 14.968, 14.968], "rotation": 180, "texture": "#0"}, "south": {"uv": [13.032, 13.032, 14.968, 14.968], "rotation": 180, "texture": "#0"}, "west": {"uv": [13.032, 13.032, 14.968, 14.968], "rotation": 180, "texture": "#0"}, "up": {"uv": [13.032, 13.032, 14.968, 14.968], "rotation": 180, "texture": "#0"}, "down": {"uv": [13.032, 13.032, 14.968, 14.968], "rotation": 180, "texture": "#0"} } }, { "from": [15.87688, 11.08723, 8], "to": [16.27688, 13.58723, 8.5], "rotation": {"angle": 0, "axis": "z", "origin": [15.97688, 11.58723, 8.35]}, "faces": { "north": {"uv": [12.032, 12.032, 15.968, 14.968], "rotation": 270, "texture": "#0"}, "east": {"uv": [12.032, 12.032, 15.968, 14.968], "rotation": 270, "texture": "#0"}, "south": {"uv": [12.032, 12.032, 15.968, 14.968], "rotation": 270, "texture": "#0"}, "west": {"uv": [12.032, 12.032, 15.968, 14.968], "rotation": 270, "texture": "#0"}, "up": {"uv": [12.032, 12.032, 15.968, 14.968], "rotation": 270, "texture": "#0"}, "down": {"uv": [12.032, 12.032, 15.968, 14.968], "rotation": 270, "texture": "#0"} } }, { "from": [11.24637, 7.05672, 8], "to": [12.24637, 7.45672, 8.5], "rotation": {"angle": 0, "axis": "z", "origin": [16.64637, 7.35672, 8.35]}, "faces": { "north": {"uv": [12.032, 12.032, 15.968, 14.968], "rotation": 180, "texture": "#0"}, "east": {"uv": [12.032, 12.032, 15.968, 14.968], "rotation": 180, "texture": "#0"}, "south": {"uv": [12.032, 12.032, 15.968, 14.968], "rotation": 180, "texture": "#0"}, "west": {"uv": [12.032, 12.032, 15.968, 14.968], "rotation": 180, "texture": "#0"}, "up": {"uv": [12.032, 12.032, 15.968, 14.968], "rotation": 180, "texture": "#0"}, "down": {"uv": [12.032, 12.032, 15.968, 14.968], "rotation": 180, "texture": "#0"} } }, { "from": [5.84637, 7.18099, 8], "to": [11.54637, 7.58099, 8.5], "rotation": {"angle": -45, "axis": "z", "origin": [11.24637, 7.48099, 8.35]}, "faces": { "north": {"uv": [12.032, 12.032, 15.968, 14.968], "rotation": 180, "texture": "#0"}, "east": {"uv": [12.032, 12.032, 15.968, 14.968], "rotation": 180, "texture": "#0"}, "south": {"uv": [12.032, 12.032, 15.968, 14.968], "rotation": 180, "texture": "#0"}, "west": {"uv": [12.032, 12.032, 15.968, 14.968], "rotation": 180, "texture": "#0"}, "up": {"uv": [12.032, 12.032, 15.968, 14.968], "rotation": 180, "texture": "#0"}, "down": {"uv": [12.032, 12.032, 15.968, 14.968], "rotation": 180, "texture": "#0"} } }, { "from": [12.14637, 7.18099, 8], "to": [12.54637, 12.88099, 8.5], "rotation": {"angle": -45, "axis": "z", "origin": [12.24637, 7.48099, 8.35]}, "faces": { "north": {"uv": [12.032, 12.032, 15.968, 14.968], "rotation": 270, "texture": "#0"}, "east": {"uv": [12.032, 12.032, 15.968, 14.968], "rotation": 270, "texture": "#0"}, "south": {"uv": [12.032, 12.032, 15.968, 14.968], "rotation": 270, "texture": "#0"}, "west": {"uv": [12.032, 12.032, 15.968, 14.968], "rotation": 270, "texture": "#0"}, "up": {"uv": [12.032, 12.032, 15.968, 14.968], "rotation": 270, "texture": "#0"}, "down": {"uv": [12.032, 12.032, 15.968, 14.968], "rotation": 270, "texture": "#0"} } }, { "from": [7.21587, 11.08723, 8], "to": [7.61587, 13.58723, 8.5], "rotation": {"angle": 0, "axis": "z", "origin": [7.51587, 11.58723, 8.35]}, "faces": { "north": {"uv": [12.032, 12.032, 15.968, 14.968], "rotation": 270, "texture": "#0"}, "east": {"uv": [12.032, 12.032, 15.968, 14.968], "rotation": 270, "texture": "#0"}, "south": {"uv": [12.032, 12.032, 15.968, 14.968], "rotation": 270, "texture": "#0"}, "west": {"uv": [12.032, 12.032, 15.968, 14.968], "rotation": 270, "texture": "#0"}, "up": {"uv": [12.032, 12.032, 15.968, 14.968], "rotation": 270, "texture": "#0"}, "down": {"uv": [12.032, 12.032, 15.968, 14.968], "rotation": 270, "texture": "#0"} } }, { "from": [7.48155, 13.22865, 8], "to": [7.88155, 14.62865, 8.5], "rotation": {"angle": -45, "axis": "z", "origin": [7.78155, 13.72865, 8.35]}, "faces": { "north": {"uv": [12.032, 12.032, 15.968, 14.968], "rotation": 270, "texture": "#0"}, "east": {"uv": [12.032, 12.032, 15.968, 14.968], "rotation": 270, "texture": "#0"}, "south": {"uv": [12.032, 12.032, 15.968, 14.968], "rotation": 270, "texture": "#0"}, "west": {"uv": [12.032, 12.032, 15.968, 14.968], "rotation": 270, "texture": "#0"}, "up": {"uv": [12.032, 12.032, 15.968, 14.968], "rotation": 270, "texture": "#0"}, "down": {"uv": [12.032, 12.032, 15.968, 14.968], "rotation": 270, "texture": "#0"} } }, { "from": [15.6112, 13.22865, 8], "to": [16.0112, 14.62865, 8.5], "rotation": {"angle": 45, "axis": "z", "origin": [15.7112, 13.72865, 8.35]}, "faces": { "north": {"uv": [12.032, 12.032, 15.968, 14.968], "rotation": 270, "texture": "#0"}, "east": {"uv": [12.032, 12.032, 15.968, 14.968], "rotation": 270, "texture": "#0"}, "south": {"uv": [12.032, 12.032, 15.968, 14.968], "rotation": 270, "texture": "#0"}, "west": {"uv": [12.032, 12.032, 15.968, 14.968], "rotation": 270, "texture": "#0"}, "up": {"uv": [12.032, 12.032, 15.968, 14.968], "rotation": 270, "texture": "#0"}, "down": {"uv": [12.032, 12.032, 15.968, 14.968], "rotation": 270, "texture": "#0"} } }, { "from": [13.48693, 14.17718, 8], "to": [15.28693, 14.57718, 8.5], "rotation": {"angle": 0, "axis": "z", "origin": [14.78693, 14.27718, 8.35]}, "faces": { "north": {"uv": [12.032, 12.032, 15.968, 14.968], "rotation": 180, "texture": "#0"}, "east": {"uv": [12.032, 12.032, 15.968, 14.968], "rotation": 180, "texture": "#0"}, "south": {"uv": [12.032, 12.032, 15.968, 14.968], "rotation": 180, "texture": "#0"}, "west": {"uv": [12.032, 12.032, 15.968, 14.968], "rotation": 180, "texture": "#0"}, "up": {"uv": [12.032, 12.032, 15.968, 14.968], "rotation": 180, "texture": "#0"}, "down": {"uv": [12.032, 12.032, 15.968, 14.968], "rotation": 180, "texture": "#0"} } }, { "from": [8.20581, 14.17718, 8], "to": [10.00581, 14.57718, 8.5], "rotation": {"angle": 0, "axis": "z", "origin": [9.50581, 14.27718, 8.35]}, "faces": { "north": {"uv": [12.032, 12.032, 15.968, 14.968], "rotation": 180, "texture": "#0"}, "east": {"uv": [12.032, 12.032, 15.968, 14.968], "rotation": 180, "texture": "#0"}, "south": {"uv": [12.032, 12.032, 15.968, 14.968], "rotation": 180, "texture": "#0"}, "west": {"uv": [12.032, 12.032, 15.968, 14.968], "rotation": 180, "texture": "#0"}, "up": {"uv": [12.032, 12.032, 15.968, 14.968], "rotation": 180, "texture": "#0"}, "down": {"uv": [12.032, 12.032, 15.968, 14.968], "rotation": 180, "texture": "#0"} } }, { "from": [9.79205, 13.70253, 8], "to": [11.59205, 14.10253, 8.5], "rotation": {"angle": -22.5, "axis": "z", "origin": [11.09205, 13.80253, 8.35]}, "faces": { "north": {"uv": [12.032, 12.032, 15.968, 14.968], "rotation": 180, "texture": "#0"}, "east": {"uv": [12.032, 12.032, 15.968, 14.968], "rotation": 180, "texture": "#0"}, "south": {"uv": [12.032, 12.032, 15.968, 14.968], "rotation": 180, "texture": "#0"}, "west": {"uv": [12.032, 12.032, 15.968, 14.968], "rotation": 180, "texture": "#0"}, "up": {"uv": [12.032, 12.032, 15.968, 14.968], "rotation": 180, "texture": "#0"}, "down": {"uv": [12.032, 12.032, 15.968, 14.968], "rotation": 180, "texture": "#0"} } }, { "from": [11.8398, 14.00868, 8], "to": [13.6398, 14.40868, 8.5], "rotation": {"angle": 22.5, "axis": "z", "origin": [13.1398, 14.10868, 8.35]}, "faces": { "north": {"uv": [12.032, 12.032, 15.968, 14.968], "rotation": 180, "texture": "#0"}, "east": {"uv": [12.032, 12.032, 15.968, 14.968], "rotation": 180, "texture": "#0"}, "south": {"uv": [12.032, 12.032, 15.968, 14.968], "rotation": 180, "texture": "#0"}, "west": {"uv": [12.032, 12.032, 15.968, 14.968], "rotation": 180, "texture": "#0"}, "up": {"uv": [12.032, 12.032, 15.968, 14.968], "rotation": 180, "texture": "#0"}, "down": {"uv": [12.032, 12.032, 15.968, 14.968], "rotation": 180, "texture": "#0"} } }, { "from": [11.45356, 13.53402, 8], "to": [12.05356, 13.93402, 8.5], "rotation": {"angle": 0, "axis": "z", "origin": [12.85356, 13.63402, 8.35]}, "faces": { "north": {"uv": [12.032, 12.032, 15.968, 14.968], "rotation": 180, "texture": "#0"}, "east": {"uv": [12.032, 12.032, 15.968, 14.968], "rotation": 180, "texture": "#0"}, "south": {"uv": [12.032, 12.032, 15.968, 14.968], "rotation": 180, "texture": "#0"}, "west": {"uv": [12.032, 12.032, 15.968, 14.968], "rotation": 180, "texture": "#0"}, "up": {"uv": [12.032, 12.032, 15.968, 14.968], "rotation": 180, "texture": "#0"}, "down": {"uv": [12.032, 12.032, 15.968, 14.968], "rotation": 180, "texture": "#0"} } }, { "from": [3.97688, 11.08723, 8], "to": [4.37688, 13.58723, 8.5], "rotation": {"angle": 0, "axis": "z", "origin": [4.07688, 11.58723, 8.35]}, "faces": { "north": {"uv": [12.032, 12.032, 15.968, 14.968], "rotation": 270, "texture": "#0"}, "east": {"uv": [12.032, 12.032, 15.968, 14.968], "rotation": 270, "texture": "#0"}, "south": {"uv": [12.032, 12.032, 15.968, 14.968], "rotation": 270, "texture": "#0"}, "west": {"uv": [12.032, 12.032, 15.968, 14.968], "rotation": 270, "texture": "#0"}, "up": {"uv": [12.032, 12.032, 15.968, 14.968], "rotation": 270, "texture": "#0"}, "down": {"uv": [12.032, 12.032, 15.968, 14.968], "rotation": 270, "texture": "#0"} } }, { "from": [-0.65363, 7.05672, 8], "to": [0.34637, 7.45672, 8.5], "rotation": {"angle": 0, "axis": "z", "origin": [4.74637, 7.35672, 8.35]}, "faces": { "north": {"uv": [12.032, 12.032, 15.968, 14.968], "rotation": 180, "texture": "#0"}, "east": {"uv": [12.032, 12.032, 15.968, 14.968], "rotation": 180, "texture": "#0"}, "south": {"uv": [12.032, 12.032, 15.968, 14.968], "rotation": 180, "texture": "#0"}, "west": {"uv": [12.032, 12.032, 15.968, 14.968], "rotation": 180, "texture": "#0"}, "up": {"uv": [12.032, 12.032, 15.968, 14.968], "rotation": 180, "texture": "#0"}, "down": {"uv": [12.032, 12.032, 15.968, 14.968], "rotation": 180, "texture": "#0"} } }, { "from": [-6.05363, 7.18099, 8], "to": [-0.35363, 7.58099, 8.5], "rotation": {"angle": -45, "axis": "z", "origin": [-0.65363, 7.48099, 8.35]}, "faces": { "north": {"uv": [12.032, 12.032, 15.968, 14.968], "rotation": 180, "texture": "#0"}, "east": {"uv": [12.032, 12.032, 15.968, 14.968], "rotation": 180, "texture": "#0"}, "south": {"uv": [12.032, 12.032, 15.968, 14.968], "rotation": 180, "texture": "#0"}, "west": {"uv": [12.032, 12.032, 15.968, 14.968], "rotation": 180, "texture": "#0"}, "up": {"uv": [12.032, 12.032, 15.968, 14.968], "rotation": 180, "texture": "#0"}, "down": {"uv": [12.032, 12.032, 15.968, 14.968], "rotation": 180, "texture": "#0"} } }, { "from": [0.24637, 7.18099, 8], "to": [0.64637, 12.88099, 8.5], "rotation": {"angle": -45, "axis": "z", "origin": [0.34637, 7.48099, 8.35]}, "faces": { "north": {"uv": [12.032, 12.032, 15.968, 14.968], "rotation": 270, "texture": "#0"}, "east": {"uv": [12.032, 12.032, 15.968, 14.968], "rotation": 270, "texture": "#0"}, "south": {"uv": [12.032, 12.032, 15.968, 14.968], "rotation": 270, "texture": "#0"}, "west": {"uv": [12.032, 12.032, 15.968, 14.968], "rotation": 270, "texture": "#0"}, "up": {"uv": [12.032, 12.032, 15.968, 14.968], "rotation": 270, "texture": "#0"}, "down": {"uv": [12.032, 12.032, 15.968, 14.968], "rotation": 270, "texture": "#0"} } }, { "from": [-4.68413, 11.08723, 8], "to": [-4.28413, 13.58723, 8.5], "rotation": {"angle": 0, "axis": "z", "origin": [-4.38413, 11.58723, 8.35]}, "faces": { "north": {"uv": [12.032, 12.032, 15.968, 14.968], "rotation": 270, "texture": "#0"}, "east": {"uv": [12.032, 12.032, 15.968, 14.968], "rotation": 270, "texture": "#0"}, "south": {"uv": [12.032, 12.032, 15.968, 14.968], "rotation": 270, "texture": "#0"}, "west": {"uv": [12.032, 12.032, 15.968, 14.968], "rotation": 270, "texture": "#0"}, "up": {"uv": [12.032, 12.032, 15.968, 14.968], "rotation": 270, "texture": "#0"}, "down": {"uv": [12.032, 12.032, 15.968, 14.968], "rotation": 270, "texture": "#0"} } }, { "from": [-4.41845, 13.22865, 8], "to": [-4.01845, 14.62865, 8.5], "rotation": {"angle": -45, "axis": "z", "origin": [-4.11845, 13.72865, 8.35]}, "faces": { "north": {"uv": [12.032, 12.032, 15.968, 14.968], "rotation": 270, "texture": "#0"}, "east": {"uv": [12.032, 12.032, 15.968, 14.968], "rotation": 270, "texture": "#0"}, "south": {"uv": [12.032, 12.032, 15.968, 14.968], "rotation": 270, "texture": "#0"}, "west": {"uv": [12.032, 12.032, 15.968, 14.968], "rotation": 270, "texture": "#0"}, "up": {"uv": [12.032, 12.032, 15.968, 14.968], "rotation": 270, "texture": "#0"}, "down": {"uv": [12.032, 12.032, 15.968, 14.968], "rotation": 270, "texture": "#0"} } }, { "from": [3.7112, 13.22865, 8], "to": [4.1112, 14.62865, 8.5], "rotation": {"angle": 45, "axis": "z", "origin": [3.8112, 13.72865, 8.35]}, "faces": { "north": {"uv": [12.032, 12.032, 15.968, 14.968], "rotation": 270, "texture": "#0"}, "east": {"uv": [12.032, 12.032, 15.968, 14.968], "rotation": 270, "texture": "#0"}, "south": {"uv": [12.032, 12.032, 15.968, 14.968], "rotation": 270, "texture": "#0"}, "west": {"uv": [12.032, 12.032, 15.968, 14.968], "rotation": 270, "texture": "#0"}, "up": {"uv": [12.032, 12.032, 15.968, 14.968], "rotation": 270, "texture": "#0"}, "down": {"uv": [12.032, 12.032, 15.968, 14.968], "rotation": 270, "texture": "#0"} } }, { "from": [1.58693, 14.17718, 8], "to": [3.38693, 14.57718, 8.5], "rotation": {"angle": 0, "axis": "z", "origin": [2.88693, 14.27718, 8.35]}, "faces": { "north": {"uv": [12.032, 12.032, 15.968, 14.968], "rotation": 180, "texture": "#0"}, "east": {"uv": [12.032, 12.032, 15.968, 14.968], "rotation": 180, "texture": "#0"}, "south": {"uv": [12.032, 12.032, 15.968, 14.968], "rotation": 180, "texture": "#0"}, "west": {"uv": [12.032, 12.032, 15.968, 14.968], "rotation": 180, "texture": "#0"}, "up": {"uv": [12.032, 12.032, 15.968, 14.968], "rotation": 180, "texture": "#0"}, "down": {"uv": [12.032, 12.032, 15.968, 14.968], "rotation": 180, "texture": "#0"} } }, { "from": [-3.69419, 14.17718, 8], "to": [-1.89419, 14.57718, 8.5], "rotation": {"angle": 0, "axis": "z", "origin": [-2.39419, 14.27718, 8.35]}, "faces": { "north": {"uv": [12.032, 12.032, 15.968, 14.968], "rotation": 180, "texture": "#0"}, "east": {"uv": [12.032, 12.032, 15.968, 14.968], "rotation": 180, "texture": "#0"}, "south": {"uv": [12.032, 12.032, 15.968, 14.968], "rotation": 180, "texture": "#0"}, "west": {"uv": [12.032, 12.032, 15.968, 14.968], "rotation": 180, "texture": "#0"}, "up": {"uv": [12.032, 12.032, 15.968, 14.968], "rotation": 180, "texture": "#0"}, "down": {"uv": [12.032, 12.032, 15.968, 14.968], "rotation": 180, "texture": "#0"} } }, { "from": [-2.10795, 13.70253, 8], "to": [-0.30795, 14.10253, 8.5], "rotation": {"angle": -22.5, "axis": "z", "origin": [-0.80795, 13.80253, 8.35]}, "faces": { "north": {"uv": [12.032, 12.032, 15.968, 14.968], "rotation": 180, "texture": "#0"}, "east": {"uv": [12.032, 12.032, 15.968, 14.968], "rotation": 180, "texture": "#0"}, "south": {"uv": [12.032, 12.032, 15.968, 14.968], "rotation": 180, "texture": "#0"}, "west": {"uv": [12.032, 12.032, 15.968, 14.968], "rotation": 180, "texture": "#0"}, "up": {"uv": [12.032, 12.032, 15.968, 14.968], "rotation": 180, "texture": "#0"}, "down": {"uv": [12.032, 12.032, 15.968, 14.968], "rotation": 180, "texture": "#0"} } }, { "from": [-0.0602, 14.00868, 8], "to": [1.7398, 14.40868, 8.5], "rotation": {"angle": 22.5, "axis": "z", "origin": [1.2398, 14.10868, 8.35]}, "faces": { "north": {"uv": [12.032, 12.032, 15.968, 14.968], "rotation": 180, "texture": "#0"}, "east": {"uv": [12.032, 12.032, 15.968, 14.968], "rotation": 180, "texture": "#0"}, "south": {"uv": [12.032, 12.032, 15.968, 14.968], "rotation": 180, "texture": "#0"}, "west": {"uv": [12.032, 12.032, 15.968, 14.968], "rotation": 180, "texture": "#0"}, "up": {"uv": [12.032, 12.032, 15.968, 14.968], "rotation": 180, "texture": "#0"}, "down": {"uv": [12.032, 12.032, 15.968, 14.968], "rotation": 180, "texture": "#0"} } }, { "from": [-0.44644, 13.53402, 8], "to": [0.15356, 13.93402, 8.5], "rotation": {"angle": 0, "axis": "z", "origin": [0.95356, 13.63402, 8.35]}, "faces": { "north": {"uv": [12.032, 12.032, 15.968, 14.968], "rotation": 180, "texture": "#0"}, "east": {"uv": [12.032, 12.032, 15.968, 14.968], "rotation": 180, "texture": "#0"}, "south": {"uv": [12.032, 12.032, 15.968, 14.968], "rotation": 180, "texture": "#0"}, "west": {"uv": [12.032, 12.032, 15.968, 14.968], "rotation": 180, "texture": "#0"}, "up": {"uv": [12.032, 12.032, 15.968, 14.968], "rotation": 180, "texture": "#0"}, "down": {"uv": [12.032, 12.032, 15.968, 14.968], "rotation": 180, "texture": "#0"} } }, { "from": [16.27688, 12.68723, 8], "to": [17.87688, 13.38723, 8.4], "rotation": {"angle": 0, "axis": "x", "origin": [18.27688, 13.03723, 8.1]}, "faces": { "north": {"uv": [14.032, 15.032, 14.968, 15.032], "rotation": 180, "texture": "#0"}, "east": {"uv": [14.032, 15.032, 14.968, 15.032], "rotation": 180, "texture": "#0"}, "south": {"uv": [14.032, 15.032, 14.968, 15.032], "rotation": 180, "texture": "#0"}, "west": {"uv": [14.032, 15.032, 14.968, 15.032], "rotation": 180, "texture": "#0"}, "up": {"uv": [14.032, 15.032, 14.968, 15.032], "rotation": 180, "texture": "#0"}, "down": {"uv": [14.032, 15.032, 14.968, 15.032], "rotation": 180, "texture": "#0"} } }, { "from": [17.47688, 12.68723, -2.1], "to": [17.87688, 13.38723, 8], "rotation": {"angle": 0, "axis": "y", "origin": [17.57688, 13.03723, 6]}, "faces": { "north": {"uv": [14.032, 15.032, 14.968, 15.032], "rotation": 270, "texture": "#0"}, "east": {"uv": [14.032, 15.032, 14.968, 15.032], "rotation": 270, "texture": "#0"}, "south": {"uv": [14.032, 15.032, 14.968, 15.032], "rotation": 270, "texture": "#0"}, "west": {"uv": [14.032, 15.032, 14.968, 15.032], "rotation": 270, "texture": "#0"}, "up": {"uv": [14.032, 15.032, 14.968, 15.032], "rotation": 270, "texture": "#0"}, "down": {"uv": [14.032, 15.032, 14.968, 15.032], "rotation": 270, "texture": "#0"} } }, { "from": [17.37688, 11.84851, -6.11382], "to": [17.97688, 12.84851, -1.61382], "rotation": {"angle": -22.5, "axis": "x", "origin": [17.57688, 12.09851, -3.61382]}, "faces": { "north": {"uv": [14.032, 10.032, 14.968, 10.968], "rotation": 270, "texture": "#0"}, "east": {"uv": [14.032, 10.032, 14.968, 10.968], "rotation": 270, "texture": "#0"}, "south": {"uv": [14.032, 10.032, 14.968, 10.968], "rotation": 270, "texture": "#0"}, "west": {"uv": [14.032, 10.032, 14.968, 10.968], "rotation": 270, "texture": "#0"}, "up": {"uv": [14.032, 10.032, 14.968, 10.968], "rotation": 270, "texture": "#0"}, "down": {"uv": [14.032, 10.032, 14.968, 10.968], "rotation": 270, "texture": "#0"} } }, { "from": [17.37688, 12.55678, -2.05307], "to": [17.97688, 13.55678, 0.34693], "rotation": {"angle": 0, "axis": "x", "origin": [17.57688, 12.80678, -1.65307]}, "faces": { "north": {"uv": [14.032, 10.032, 14.968, 10.968], "rotation": 270, "texture": "#0"}, "east": {"uv": [14.032, 10.032, 14.968, 10.968], "rotation": 270, "texture": "#0"}, "south": {"uv": [14.032, 10.032, 14.968, 10.968], "rotation": 270, "texture": "#0"}, "west": {"uv": [14.032, 10.032, 14.968, 10.968], "rotation": 270, "texture": "#0"}, "up": {"uv": [14.032, 10.032, 14.968, 10.968], "rotation": 270, "texture": "#0"}, "down": {"uv": [14.032, 10.032, 14.968, 10.968], "rotation": 270, "texture": "#0"} } }, { "from": [-6.28413, 12.68723, -2.1], "to": [-5.88413, 13.38723, 8], "rotation": {"angle": 0, "axis": "y", "origin": [-6.18413, 13.03723, 6]}, "faces": { "north": {"uv": [14.032, 15.032, 14.968, 15.032], "rotation": 270, "texture": "#0"}, "east": {"uv": [14.032, 15.032, 14.968, 15.032], "rotation": 270, "texture": "#0"}, "south": {"uv": [14.032, 15.032, 14.968, 15.032], "rotation": 270, "texture": "#0"}, "west": {"uv": [14.032, 15.032, 14.968, 15.032], "rotation": 270, "texture": "#0"}, "up": {"uv": [14.032, 15.032, 14.968, 15.032], "rotation": 270, "texture": "#0"}, "down": {"uv": [14.032, 15.032, 14.968, 15.032], "rotation": 270, "texture": "#0"} } }, { "from": [-6.38413, 11.84851, -6.11382], "to": [-5.78413, 12.84851, -1.61382], "rotation": {"angle": -22.5, "axis": "x", "origin": [-6.18413, 12.09851, -3.61382]}, "faces": { "north": {"uv": [14.032, 10.032, 14.968, 10.968], "rotation": 270, "texture": "#0"}, "east": {"uv": [14.032, 10.032, 14.968, 10.968], "rotation": 270, "texture": "#0"}, "south": {"uv": [14.032, 10.032, 14.968, 10.968], "rotation": 270, "texture": "#0"}, "west": {"uv": [14.032, 10.032, 14.968, 10.968], "rotation": 270, "texture": "#0"}, "up": {"uv": [14.032, 10.032, 14.968, 10.968], "rotation": 270, "texture": "#0"}, "down": {"uv": [14.032, 10.032, 14.968, 10.968], "rotation": 270, "texture": "#0"} } }, { "from": [-6.38413, 12.55678, -2.05307], "to": [-5.78413, 13.55678, 0.34693], "rotation": {"angle": 0, "axis": "x", "origin": [-6.18413, 12.80678, -1.65307]}, "faces": { "north": {"uv": [14.032, 10.032, 14.968, 10.968], "rotation": 270, "texture": "#0"}, "east": {"uv": [14.032, 10.032, 14.968, 10.968], "rotation": 270, "texture": "#0"}, "south": {"uv": [14.032, 10.032, 14.968, 10.968], "rotation": 270, "texture": "#0"}, "west": {"uv": [14.032, 10.032, 14.968, 10.968], "rotation": 270, "texture": "#0"}, "up": {"uv": [14.032, 10.032, 14.968, 10.968], "rotation": 270, "texture": "#0"}, "down": {"uv": [14.032, 10.032, 14.968, 10.968], "rotation": 270, "texture": "#0"} } }, { "from": [-6.28413, 12.68723, 8], "to": [-4.68413, 13.38723, 8.4], "rotation": {"angle": 0, "axis": "x", "origin": [-4.28413, 13.03723, 8.1]}, "faces": { "north": {"uv": [14.032, 15.032, 14.968, 15.032], "rotation": 180, "texture": "#0"}, "east": {"uv": [14.032, 15.032, 14.968, 15.032], "rotation": 180, "texture": "#0"}, "south": {"uv": [14.032, 15.032, 14.968, 15.032], "rotation": 180, "texture": "#0"}, "west": {"uv": [14.032, 15.032, 14.968, 15.032], "rotation": 180, "texture": "#0"}, "up": {"uv": [14.032, 15.032, 14.968, 15.032], "rotation": 180, "texture": "#0"}, "down": {"uv": [14.032, 15.032, 14.968, 15.032], "rotation": 180, "texture": "#0"} } }, { "from": [-1.6, 7, 8.2], "to": [2.6, 13.1, 8.3], "rotation": {"angle": 45, "axis": "z", "origin": [-1.1, 8.6, 8.3]}, "faces": { "north": {"uv": [2.032, 13.032, 3.968, 14.968], "texture": "#0"}, "east": {"uv": [2.032, 13.032, 3.968, 14.968], "texture": "#0"}, "south": {"uv": [2.032, 13.032, 3.968, 14.968], "texture": "#0"}, "west": {"uv": [2.032, 13.032, 3.968, 14.968], "texture": "#0"}, "up": {"uv": [2.032, 13.032, 3.968, 14.968], "texture": "#0"}, "down": {"uv": [2.032, 13.032, 3.968, 14.968], "texture": "#0"} } }, { "from": [-1.9, 9.3, 8.2], "to": [2.3, 15.3, 8.3], "rotation": {"angle": -45, "axis": "z", "origin": [-1.4, 10.9, 8.3]}, "faces": { "north": {"uv": [1.032, 14.032, 2.968, 15.968], "texture": "#0"}, "east": {"uv": [1.032, 14.032, 2.968, 15.968], "texture": "#0"}, "south": {"uv": [1.032, 14.032, 2.968, 15.968], "texture": "#0"}, "west": {"uv": [1.032, 14.032, 2.968, 15.968], "texture": "#0"}, "up": {"uv": [1.032, 14.032, 2.968, 15.968], "texture": "#0"}, "down": {"uv": [1.032, 14.032, 2.968, 15.968], "texture": "#0"} } }, { "from": [-4.27868, 11.15858, 8.2], "to": [4.12132, 13.85858, 8.3], "rotation": {"angle": 0, "axis": "z", "origin": [0.72132, 11.65858, 8.25]}, "faces": { "north": {"uv": [1.032, 14.032, 2.968, 15.968], "rotation": 90, "texture": "#0"}, "east": {"uv": [1.032, 14.032, 2.968, 15.968], "rotation": 90, "texture": "#0"}, "south": {"uv": [1.032, 14.032, 2.968, 15.968], "rotation": 90, "texture": "#0"}, "west": {"uv": [1.032, 14.032, 2.968, 15.968], "rotation": 90, "texture": "#0"}, "up": {"uv": [1.032, 14.032, 2.968, 15.968], "rotation": 90, "texture": "#0"}, "down": {"uv": [1.032, 14.032, 2.968, 15.968], "rotation": 90, "texture": "#0"} } }, { "from": [-3.97868, 11.15858, 8.2], "to": [-1.27868, 14.25858, 8.3], "rotation": {"angle": 0, "axis": "z", "origin": [0.72132, 11.65858, 8.25]}, "faces": { "north": {"uv": [1.032, 14.032, 2.968, 15.968], "rotation": 90, "texture": "#0"}, "east": {"uv": [1.032, 14.032, 2.968, 15.968], "rotation": 90, "texture": "#0"}, "south": {"uv": [1.032, 14.032, 2.968, 15.968], "rotation": 90, "texture": "#0"}, "west": {"uv": [1.032, 14.032, 2.968, 15.968], "rotation": 90, "texture": "#0"}, "up": {"uv": [1.032, 14.032, 2.968, 15.968], "rotation": 90, "texture": "#0"}, "down": {"uv": [1.032, 14.032, 2.968, 15.968], "rotation": 90, "texture": "#0"} } }, { "from": [1.02132, 11.15858, 8.2], "to": [3.62132, 14.25858, 8.3], "rotation": {"angle": 0, "axis": "z", "origin": [5.72132, 11.65858, 8.25]}, "faces": { "north": {"uv": [1.032, 14.032, 2.968, 15.968], "rotation": 90, "texture": "#0"}, "east": {"uv": [1.032, 14.032, 2.968, 15.968], "rotation": 90, "texture": "#0"}, "south": {"uv": [1.032, 14.032, 2.968, 15.968], "rotation": 90, "texture": "#0"}, "west": {"uv": [1.032, 14.032, 2.968, 15.968], "rotation": 90, "texture": "#0"}, "up": {"uv": [1.032, 14.032, 2.968, 15.968], "rotation": 90, "texture": "#0"}, "down": {"uv": [1.032, 14.032, 2.968, 15.968], "rotation": 90, "texture": "#0"} } }, { "from": [10.3, 7, 8.2], "to": [14.5, 13.1, 8.3], "rotation": {"angle": 45, "axis": "z", "origin": [10.8, 8.6, 8.3]}, "faces": { "north": {"uv": [1.032, 14.032, 2.968, 15.968], "texture": "#0"}, "east": {"uv": [1.032, 14.032, 2.968, 15.968], "texture": "#0"}, "south": {"uv": [1.032, 14.032, 2.968, 15.968], "texture": "#0"}, "west": {"uv": [1.032, 14.032, 2.968, 15.968], "texture": "#0"}, "up": {"uv": [1.032, 14.032, 2.968, 15.968], "texture": "#0"}, "down": {"uv": [1.032, 14.032, 2.968, 15.968], "texture": "#0"} } }, { "from": [10, 9.3, 8.2], "to": [14.2, 15.3, 8.3], "rotation": {"angle": -45, "axis": "z", "origin": [10.5, 10.9, 8.3]}, "faces": { "north": {"uv": [1.032, 14.032, 2.968, 15.968], "texture": "#0"}, "east": {"uv": [1.032, 14.032, 2.968, 15.968], "texture": "#0"}, "south": {"uv": [1.032, 14.032, 2.968, 15.968], "texture": "#0"}, "west": {"uv": [1.032, 14.032, 2.968, 15.968], "texture": "#0"}, "up": {"uv": [1.032, 14.032, 2.968, 15.968], "texture": "#0"}, "down": {"uv": [1.032, 14.032, 2.968, 15.968], "texture": "#0"} } }, { "from": [7.62132, 11.15858, 8.2], "to": [16.02132, 13.85858, 8.3], "rotation": {"angle": 0, "axis": "z", "origin": [12.62132, 11.65858, 8.25]}, "faces": { "north": {"uv": [1.032, 14.032, 2.968, 15.968], "rotation": 90, "texture": "#0"}, "east": {"uv": [1.032, 14.032, 2.968, 15.968], "rotation": 90, "texture": "#0"}, "south": {"uv": [1.032, 14.032, 2.968, 15.968], "rotation": 90, "texture": "#0"}, "west": {"uv": [1.032, 14.032, 2.968, 15.968], "rotation": 90, "texture": "#0"}, "up": {"uv": [1.032, 14.032, 2.968, 15.968], "rotation": 90, "texture": "#0"}, "down": {"uv": [1.032, 14.032, 2.968, 15.968], "rotation": 90, "texture": "#0"} } }, { "from": [7.92132, 11.15858, 8.2], "to": [10.62132, 14.25858, 8.3], "rotation": {"angle": 0, "axis": "z", "origin": [12.62132, 11.65858, 8.25]}, "faces": { "north": {"uv": [1.032, 14.032, 2.968, 15.968], "rotation": 90, "texture": "#0"}, "east": {"uv": [1.032, 14.032, 2.968, 15.968], "rotation": 90, "texture": "#0"}, "south": {"uv": [1.032, 14.032, 2.968, 15.968], "rotation": 90, "texture": "#0"}, "west": {"uv": [1.032, 14.032, 2.968, 15.968], "rotation": 90, "texture": "#0"}, "up": {"uv": [1.032, 14.032, 2.968, 15.968], "rotation": 90, "texture": "#0"}, "down": {"uv": [1.032, 14.032, 2.968, 15.968], "rotation": 90, "texture": "#0"} } }, { "from": [12.92132, 11.15858, 8.2], "to": [15.52132, 14.25858, 8.3], "rotation": {"angle": 0, "axis": "z", "origin": [17.62132, 11.65858, 8.25]}, "faces": { "north": {"uv": [1.032, 14.032, 2.968, 15.968], "rotation": 90, "texture": "#0"}, "east": {"uv": [1.032, 14.032, 2.968, 15.968], "rotation": 90, "texture": "#0"}, "south": {"uv": [1.032, 14.032, 2.968, 15.968], "rotation": 90, "texture": "#0"}, "west": {"uv": [1.032, 14.032, 2.968, 15.968], "rotation": 90, "texture": "#0"}, "up": {"uv": [1.032, 14.032, 2.968, 15.968], "rotation": 90, "texture": "#0"}, "down": {"uv": [1.032, 14.032, 2.968, 15.968], "rotation": 90, "texture": "#0"} } } ], "display": { "thirdperson_righthand": { "rotation": [76, -176.75, 0], "translation": [-0.5, 0.5, -0.75], "scale": [0.2, 0.19, 0.19] }, "thirdperson_lefthand": { "rotation": [76, -176.75, 0], "translation": [0.5, 0.5, -0.75], "scale": [0.2, 0.19, 0.19] }, "firstperson_righthand": { "rotation": [20.5, -176.75, 0], "translation": [-1.75, 3.5, 3.25], "scale": [0.2, 0.19, 0.19] }, "firstperson_lefthand": { "rotation": [20.5, -176.75, 0], "translation": [-1.75, 3.5, 3.25], "scale": [0.2, 0.19, 0.19] }, "ground": { "scale": [0.72, 0.72, 0.72] }, "gui": { "rotation": [29, 25.75, 0], "translation": [3.25, -2.75, 0], "scale": [0.6, 0.6, 0.6] }, "head": { "rotation": [4.75, -176.75, 0], "translation": [-1.25, 1.25, -8], "scale": [0.6, 0.61, 0.58] }, "fixed": { "rotation": [-104, 177, 0], "translation": [-2.75, -5.25, 0.25] } }, "groups": [ { "name": "group", "origin": [7.58155, 14.72865, 8.35], "color": 0, "children": [0, 1, 2] }, { "name": "group", "origin": [13.65356, 13.63402, 8.35], "color": 0, "children": [3, 4, 5, 6, 7, 8, 9, 10, 11, 12, 13, 14] }, { "name": "group", "origin": [13.65356, 13.63402, 8.35], "color": 0, "children": [15, 16, 17, 18, 19, 20, 21, 22, 23, 24, 25, 26] }, { "name": "group", "origin": [17.57688, 11.58723, 8.35], "color": 0, "children": [27, 28, 29, 30, 31, 32, 33, 34] }, { "name": "group", "origin": [8, 8, 8], "color": 0, "children": [35, 36, 37, 38, 39] }, { "name": "group", "origin": [8, 8, 8], "color": 0, "children": [40, 41, 42, 43, 44] } ] }