{ "credit": "Made with Blockbench", "textures": { "0": "block/rimlesspurpleglasses" }, "elements": [ { "from": [3.9, 0.3, 5], "to": [6, 1.5, 5.3], "faces": { "north": {"uv": [0.5, 0.5, 2.5, 2.5], "texture": "#0"}, "east": {"uv": [0.5, 0.5, 2.5, 2.5], "texture": "#0"}, "south": {"uv": [0.5, 0.5, 2.5, 2.5], "texture": "#0"}, "west": {"uv": [0.5, 0.5, 2.5, 2.5], "texture": "#0"}, "up": {"uv": [0.5, 0.5, 2.5, 2.5], "texture": "#0"}, "down": {"uv": [0.5, 0.5, 2.5, 2.5], "texture": "#0"} } }, { "from": [6, 0.4, 5], "to": [6.3, 1.5, 5.3], "faces": { "north": {"uv": [0.5, 0.5, 2.5, 2.5], "texture": "#0"}, "east": {"uv": [0.5, 0.5, 2.5, 2.5], "texture": "#0"}, "south": {"uv": [0.5, 0.5, 2.5, 2.5], "texture": "#0"}, "west": {"uv": [0.5, 0.5, 2.5, 2.5], "texture": "#0"}, "up": {"uv": [0.5, 0.5, 2.5, 2.5], "texture": "#0"}, "down": {"uv": [0.5, 0.5, 2.5, 2.5], "texture": "#0"} } }, { "from": [3.5, 0.9, 5], "to": [3.9, 1.5, 5.3], "faces": { "north": {"uv": [0.5, 0.5, 2.5, 2.5], "texture": "#0"}, "east": {"uv": [0.5, 0.5, 2.5, 2.5], "texture": "#0"}, "south": {"uv": [0.5, 0.5, 2.5, 2.5], "texture": "#0"}, "west": {"uv": [0.5, 0.5, 2.5, 2.5], "texture": "#0"}, "up": {"uv": [0.5, 0.5, 2.5, 2.5], "texture": "#0"}, "down": {"uv": [0.5, 0.5, 2.5, 2.5], "texture": "#0"} } }, { "from": [3.6, 0.7, 5], "to": [3.9, 0.9, 5.3], "faces": { "north": {"uv": [0.5, 0.5, 2.5, 2.5], "texture": "#0"}, "east": {"uv": [0.5, 0.5, 2.5, 2.5], "texture": "#0"}, "south": {"uv": [0.5, 0.5, 2.5, 2.5], "texture": "#0"}, "west": {"uv": [0.5, 0.5, 2.5, 2.5], "texture": "#0"}, "up": {"uv": [0.5, 0.5, 2.5, 2.5], "texture": "#0"}, "down": {"uv": [0.5, 0.5, 2.5, 2.5], "texture": "#0"} } }, { "from": [6.3, 0.8, 5], "to": [6.4, 1.5, 5.3], "faces": { "north": {"uv": [0.5, 0.5, 2.5, 2.5], "texture": "#0"}, "east": {"uv": [0.5, 0.5, 2.5, 2.5], "texture": "#0"}, "south": {"uv": [0.5, 0.5, 2.5, 2.5], "texture": "#0"}, "west": {"uv": [0.5, 0.5, 2.5, 2.5], "texture": "#0"}, "up": {"uv": [0.5, 0.5, 2.5, 2.5], "texture": "#0"}, "down": {"uv": [0.5, 0.5, 2.5, 2.5], "texture": "#0"} } }, { "from": [3.7, 0.5, 5], "to": [3.9, 0.7, 5.3], "faces": { "north": {"uv": [0.5, 0.5, 2.5, 2.5], "texture": "#0"}, "east": {"uv": [0.5, 0.5, 2.5, 2.5], "texture": "#0"}, "south": {"uv": [0.5, 0.5, 2.5, 2.5], "texture": "#0"}, "west": {"uv": [0.5, 0.5, 2.5, 2.5], "texture": "#0"}, "up": {"uv": [0.5, 0.5, 2.5, 2.5], "texture": "#0"}, "down": {"uv": [0.5, 0.5, 2.5, 2.5], "texture": "#0"} } }, { "from": [7.96667, 0.3, 5], "to": [10.06667, 1.5, 5.3], "faces": { "north": {"uv": [0, 0, 2, 2], "texture": "#0"}, "east": {"uv": [0, 0, 2, 2], "texture": "#0"}, "south": {"uv": [0, 0, 2, 2], "texture": "#0"}, "west": {"uv": [0, 0, 2, 2], "texture": "#0"}, "up": {"uv": [0, 0, 2, 2], "texture": "#0"}, "down": {"uv": [0, 0, 2, 2], "texture": "#0"} } }, { "from": [7.66667, 0.4, 5], "to": [7.96667, 1.5, 5.3], "faces": { "north": {"uv": [0, 0, 2, 2], "texture": "#0"}, "east": {"uv": [0, 0, 2, 2], "texture": "#0"}, "south": {"uv": [0, 0, 2, 2], "texture": "#0"}, "west": {"uv": [0, 0, 2, 2], "texture": "#0"}, "up": {"uv": [0, 0, 2, 2], "texture": "#0"}, "down": {"uv": [0, 0, 2, 2], "texture": "#0"} } }, { "from": [10.06667, 0.9, 5], "to": [10.46667, 1.5, 5.3], "faces": { "north": {"uv": [0, 0, 2, 2], "texture": "#0"}, "east": {"uv": [0, 0, 2, 2], "texture": "#0"}, "south": {"uv": [0, 0, 2, 2], "texture": "#0"}, "west": {"uv": [0, 0, 2, 2], "texture": "#0"}, "up": {"uv": [0, 0, 2, 2], "texture": "#0"}, "down": {"uv": [0, 0, 2, 2], "texture": "#0"} } }, { "from": [10.06667, 0.7, 5], "to": [10.36667, 0.9, 5.3], "faces": { "north": {"uv": [0, 0, 2, 2], "texture": "#0"}, "east": {"uv": [0, 0, 2, 2], "texture": "#0"}, "south": {"uv": [0, 0, 2, 2], "texture": "#0"}, "west": {"uv": [0, 0, 2, 2], "texture": "#0"}, "up": {"uv": [0, 0, 2, 2], "texture": "#0"}, "down": {"uv": [0, 0, 2, 2], "texture": "#0"} } }, { "from": [7.56667, 0.8, 5], "to": [7.66667, 1.5, 5.3], "faces": { "north": {"uv": [0, 0, 2, 2], "texture": "#0"}, "east": {"uv": [0, 0, 2, 2], "texture": "#0"}, "south": {"uv": [0, 0, 2, 2], "texture": "#0"}, "west": {"uv": [0, 0, 2, 2], "texture": "#0"}, "up": {"uv": [0, 0, 2, 2], "texture": "#0"}, "down": {"uv": [0, 0, 2, 2], "texture": "#0"} } }, { "from": [10.06667, 0.5, 5], "to": [10.26667, 0.7, 5.3], "faces": { "north": {"uv": [0, 0, 2, 2], "texture": "#0"}, "east": {"uv": [0, 0, 2, 2], "texture": "#0"}, "south": {"uv": [0, 0, 2, 2], "texture": "#0"}, "west": {"uv": [0, 0, 2, 2], "texture": "#0"}, "up": {"uv": [0, 0, 2, 2], "texture": "#0"}, "down": {"uv": [0, 0, 2, 2], "texture": "#0"} } }, { "from": [7.76667, 1.5, 5], "to": [10.36667, 1.6, 5.3], "faces": { "north": {"uv": [0, 0, 2, 2], "texture": "#0"}, "east": {"uv": [0, 0, 2, 2], "texture": "#0"}, "south": {"uv": [0, 0, 2, 2], "texture": "#0"}, "west": {"uv": [0, 0, 2, 2], "texture": "#0"}, "up": {"uv": [0, 0, 2, 2], "texture": "#0"}, "down": {"uv": [0, 0, 2, 2], "texture": "#0"} } }, { "from": [3.56667, 1.5, 5], "to": [6.16667, 1.6, 5.3], "faces": { "north": {"uv": [0, 0, 2, 2], "texture": "#0"}, "east": {"uv": [0, 0, 2, 2], "texture": "#0"}, "south": {"uv": [0, 0, 2, 2], "texture": "#0"}, "west": {"uv": [0, 0, 2, 2], "texture": "#0"}, "up": {"uv": [0, 0, 2, 2], "texture": "#0"}, "down": {"uv": [0, 0, 2, 2], "texture": "#0"} } }, { "from": [3.76667, 1.6, 5], "to": [6.06667, 1.7, 5.3], "faces": { "north": {"uv": [0, 0, 2, 2], "texture": "#0"}, "east": {"uv": [0, 0, 2, 2], "texture": "#0"}, "south": {"uv": [0, 0, 2, 2], "texture": "#0"}, "west": {"uv": [0, 0, 2, 2], "texture": "#0"}, "up": {"uv": [0, 0, 2, 2], "texture": "#0"}, "down": {"uv": [0, 0, 2, 2], "texture": "#0"} } }, { "from": [7.86667, 1.6, 5], "to": [10.16667, 1.7, 5.3], "faces": { "north": {"uv": [0, 0, 2, 2], "texture": "#0"}, "east": {"uv": [0, 0, 2, 2], "texture": "#0"}, "south": {"uv": [0, 0, 2, 2], "texture": "#0"}, "west": {"uv": [0, 0, 2, 2], "texture": "#0"}, "up": {"uv": [0, 0, 2, 2], "texture": "#0"}, "down": {"uv": [0, 0, 2, 2], "texture": "#0"} } }, { "from": [7.4, 1.3, 5.1], "to": [7.6, 1.4, 5.2], "rotation": {"angle": -22.5, "axis": "z", "origin": [7.5, 1.35, 5.15]}, "faces": { "north": {"uv": [9, 10, 11, 12], "texture": "#0"}, "east": {"uv": [9, 10, 11, 12], "texture": "#0"}, "south": {"uv": [9, 10, 11, 12], "texture": "#0"}, "west": {"uv": [9, 10, 11, 12], "texture": "#0"}, "up": {"uv": [9, 10, 11, 12], "texture": "#0"}, "down": {"uv": [9, 10, 11, 12], "texture": "#0"} } }, { "from": [6.35349, 1.3, 5.1], "to": [6.55349, 1.4, 5.2], "rotation": {"angle": 22.5, "axis": "z", "origin": [6.45349, 1.35, 5.15]}, "faces": { "north": {"uv": [9, 10, 11, 12], "texture": "#0"}, "east": {"uv": [9, 10, 11, 12], "texture": "#0"}, "south": {"uv": [9, 10, 11, 12], "texture": "#0"}, "west": {"uv": [9, 10, 11, 12], "texture": "#0"}, "up": {"uv": [9, 10, 11, 12], "texture": "#0"}, "down": {"uv": [9, 10, 11, 12], "texture": "#0"} } }, { "from": [6.52675, 1.33446, 5.1], "to": [7.42675, 1.43446, 5.2], "faces": { "north": {"uv": [9, 10, 11, 12], "texture": "#0"}, "east": {"uv": [9, 10, 11, 12], "texture": "#0"}, "south": {"uv": [9, 10, 11, 12], "texture": "#0"}, "west": {"uv": [9, 10, 11, 12], "texture": "#0"}, "up": {"uv": [9, 10, 11, 12], "texture": "#0"}, "down": {"uv": [9, 10, 11, 12], "texture": "#0"} } }, { "from": [7.4, 1.2, 5.1], "to": [7.6, 1.3, 5.2], "rotation": {"angle": -22.5, "axis": "z", "origin": [7.5, 1.25, 5.15]}, "faces": { "north": {"uv": [9, 10, 11, 12], "texture": "#0"}, "east": {"uv": [9, 10, 11, 12], "texture": "#0"}, "south": {"uv": [9, 10, 11, 12], "texture": "#0"}, "west": {"uv": [9, 10, 11, 12], "texture": "#0"}, "up": {"uv": [9, 10, 11, 12], "texture": "#0"}, "down": {"uv": [9, 10, 11, 12], "texture": "#0"} } }, { "from": [6.52675, 1.23446, 5.1], "to": [7.42675, 1.33446, 5.2], "rotation": {"angle": 0, "axis": "y", "origin": [8, 8.1, 8]}, "faces": { "north": {"uv": [9, 10, 11, 12], "texture": "#0"}, "east": {"uv": [9, 10, 11, 12], "texture": "#0"}, "south": {"uv": [9, 10, 11, 12], "texture": "#0"}, "west": {"uv": [9, 10, 11, 12], "texture": "#0"}, "up": {"uv": [9, 10, 11, 12], "texture": "#0"}, "down": {"uv": [9, 10, 11, 12], "texture": "#0"} } }, { "from": [6.35349, 1.2, 5.1], "to": [6.55349, 1.3, 5.2], "rotation": {"angle": 22.5, "axis": "z", "origin": [6.45349, 1.25, 5.15]}, "faces": { "north": {"uv": [9, 10, 11, 12], "texture": "#0"}, "east": {"uv": [9, 10, 11, 12], "texture": "#0"}, "south": {"uv": [9, 10, 11, 12], "texture": "#0"}, "west": {"uv": [9, 10, 11, 12], "texture": "#0"}, "up": {"uv": [9, 10, 11, 12], "texture": "#0"}, "down": {"uv": [9, 10, 11, 12], "texture": "#0"} } }, { "from": [10.62675, 1.33446, 5.3], "to": [10.72675, 1.43446, 8.9], "faces": { "north": {"uv": [2, 10, 4, 12], "texture": "#0"}, "east": {"uv": [2, 10, 4, 12], "texture": "#0"}, "south": {"uv": [2, 10, 4, 12], "texture": "#0"}, "west": {"uv": [2, 10, 4, 12], "texture": "#0"}, "up": {"uv": [2, 10, 4, 12], "texture": "#0"}, "down": {"uv": [2, 10, 4, 12], "texture": "#0"} } }, { "from": [3.22675, 1.33446, 5.3], "to": [3.32675, 1.43446, 8.9], "faces": { "north": {"uv": [2, 10, 4, 12], "texture": "#0"}, "east": {"uv": [2, 10, 4, 12], "texture": "#0"}, "south": {"uv": [2, 10, 4, 12], "texture": "#0"}, "west": {"uv": [2, 10, 4, 12], "texture": "#0"}, "up": {"uv": [2, 10, 4, 12], "texture": "#0"}, "down": {"uv": [2, 10, 4, 12], "texture": "#0"} } }, { "from": [3.22675, 1.33446, 5.2], "to": [3.50175, 1.43446, 5.3], "rotation": {"angle": 0, "axis": "y", "origin": [3.52675, 1.38446, 5.25]}, "faces": { "north": {"uv": [2, 10, 4, 12], "texture": "#0"}, "east": {"uv": [2, 10, 4, 12], "texture": "#0"}, "south": {"uv": [2, 10, 4, 12], "texture": "#0"}, "west": {"uv": [2, 10, 4, 12], "texture": "#0"}, "up": {"uv": [2, 10, 4, 12], "texture": "#0"}, "down": {"uv": [2, 10, 4, 12], "texture": "#0"} } }, { "from": [10.45175, 1.33446, 5.2], "to": [10.72675, 1.43446, 5.3], "rotation": {"angle": 0, "axis": "y", "origin": [10.75175, 1.38446, 5.25]}, "faces": { "north": {"uv": [2, 10, 4, 12], "texture": "#0"}, "east": {"uv": [2, 10, 4, 12], "texture": "#0"}, "south": {"uv": [2, 10, 4, 12], "texture": "#0"}, "west": {"uv": [2, 10, 4, 12], "texture": "#0"}, "up": {"uv": [2, 10, 4, 12], "texture": "#0"}, "down": {"uv": [2, 10, 4, 12], "texture": "#0"} } }, { "from": [3.22675, 1.28087, 8.86945], "to": [3.32675, 1.38087, 9.36945], "rotation": {"angle": 22.5, "axis": "x", "origin": [6.97675, 1.33087, 9.01945]}, "faces": { "north": {"uv": [2, 10, 4, 12], "texture": "#0"}, "east": {"uv": [2, 10, 4, 12], "texture": "#0"}, "south": {"uv": [2, 10, 4, 12], "texture": "#0"}, "west": {"uv": [2, 10, 4, 12], "texture": "#0"}, "up": {"uv": [2, 10, 4, 12], "texture": "#0"}, "down": {"uv": [2, 10, 4, 12], "texture": "#0"} } }, { "from": [10.62675, 1.28087, 8.86945], "to": [10.72675, 1.38087, 9.36945], "rotation": {"angle": 22.5, "axis": "x", "origin": [6.97675, 1.33087, 9.01945]}, "faces": { "north": {"uv": [2, 10, 4, 12], "texture": "#0"}, "east": {"uv": [2, 10, 4, 12], "texture": "#0"}, "south": {"uv": [2, 10, 4, 12], "texture": "#0"}, "west": {"uv": [2, 10, 4, 12], "texture": "#0"}, "up": {"uv": [2, 10, 4, 12], "texture": "#0"}, "down": {"uv": [2, 10, 4, 12], "texture": "#0"} } } ], "display": { "thirdperson_righthand": { "rotation": [0, 0, 15.25], "translation": [-4, 4.5, 0] }, "thirdperson_lefthand": { "rotation": [0, 0, 15.25], "translation": [-6, 4, 0] }, "firstperson_righthand": { "translation": [0, 8.75, 3] }, "firstperson_lefthand": { "translation": [0, 8.75, 3] }, "ground": { "translation": [0, 4.25, 0] }, "gui": { "rotation": [-180, 44, -168], "translation": [2, 12.75, 6], "scale": [1.81891, 1.81891, 1.81891] }, "head": { "translation": [2, 10.75, -1.75], "scale": [1.79844, 1.9, 1.9] } }, "groups": [ { "name": "magma_cream", "origin": [8, 8, 8], "color": 0, "children": [ { "name": "group", "origin": [8, 8, 8], "color": 0, "children": [0, 1, 2, 3, 4, 5] }, { "name": "group2", "origin": [8, 8, 8], "color": 0, "children": [6, 7, 8, 9, 10, 11, 12, 13, 14, 15] }, 16, 17, 18, 19, 20, 21, 22, 23, 24, 25, 26, 27 ] } ] }