{ "credit": "Made with Blockbench", "textures": { "0": "block/saltyglasses2" }, "elements": [ { "from": [-4.983, 13.55596, 11.869], "to": [2.361, 13.98796, 12.031], "rotation": {"angle": 0, "axis": "y", "origin": [7.95, 8.92601, 11.95]}, "faces": { "north": {"uv": [13, 14, 16, 15], "texture": "#0"}, "east": {"uv": [13, 14, 16, 15], "texture": "#0"}, "south": {"uv": [13, 14, 16, 15], "texture": "#0"}, "west": {"uv": [13, 14, 16, 15], "texture": "#0"}, "up": {"uv": [13, 14, 16, 15], "texture": "#0"}, "down": {"uv": [13, 14, 16, 15], "texture": "#0"} } }, { "from": [-5.083, 13.55596, 11.769], "to": [2.361, 14.28796, 12.131], "rotation": {"angle": 0, "axis": "y", "origin": [7.95, 8.92601, 11.95]}, "faces": { "north": {"uv": [14, 1, 16, 2], "texture": "#0"}, "east": {"uv": [14, 1, 16, 2], "texture": "#0"}, "south": {"uv": [14, 1, 16, 2], "texture": "#0"}, "west": {"uv": [14, 1, 16, 2], "texture": "#0"}, "up": {"uv": [14, 1, 16, 2], "texture": "#0"}, "down": {"uv": [14, 1, 16, 2], "texture": "#0"} } }, { "from": [0.84931, 11.43183, 11.869], "to": [5.54731, 11.46383, 12.031], "rotation": {"angle": -22.5, "axis": "z", "origin": [7.95, 8.92601, 11.95]}, "faces": { "north": {"uv": [13, 14, 16, 15], "texture": "#0"}, "east": {"uv": [13, 14, 16, 15], "texture": "#0"}, "south": {"uv": [13, 14, 16, 15], "texture": "#0"}, "west": {"uv": [13, 14, 16, 15], "texture": "#0"}, "up": {"uv": [13, 14, 16, 15], "texture": "#0"}, "down": {"uv": [13, 14, 16, 15], "texture": "#0"} } }, { "from": [0.72689, 11.01639, 11.769], "to": [5.52489, 11.74839, 12.131], "rotation": {"angle": -22.5, "axis": "z", "origin": [7.92758, 8.91057, 11.95]}, "faces": { "north": {"uv": [14, 1, 16, 2], "texture": "#0"}, "east": {"uv": [14, 1, 16, 2], "texture": "#0"}, "south": {"uv": [14, 1, 16, 2], "texture": "#0"}, "west": {"uv": [14, 1, 16, 2], "texture": "#0"}, "up": {"uv": [14, 1, 16, 2], "texture": "#0"}, "down": {"uv": [14, 1, 16, 2], "texture": "#0"} } }, { "from": [6.36939, 7.06012, 11.869], "to": [6.70139, 12.19012, 12.031], "rotation": {"angle": 0, "axis": "z", "origin": [7.95, 8.92601, 11.95]}, "faces": { "north": {"uv": [13, 14, 16, 15], "rotation": 270, "texture": "#0"}, "east": {"uv": [13, 14, 16, 15], "rotation": 270, "texture": "#0"}, "south": {"uv": [13, 14, 16, 15], "rotation": 270, "texture": "#0"}, "west": {"uv": [13, 14, 16, 15], "rotation": 270, "texture": "#0"}, "up": {"uv": [13, 14, 16, 15], "rotation": 270, "texture": "#0"}, "down": {"uv": [13, 14, 16, 15], "rotation": 270, "texture": "#0"} } }, { "from": [6.16177, 10.32185, 11.769], "to": [6.79377, 12.45185, 12.131], "rotation": {"angle": 0, "axis": "z", "origin": [7.84239, 9.18774, 11.95]}, "faces": { "north": {"uv": [14, 1, 16, 2], "rotation": 270, "texture": "#0"}, "east": {"uv": [14, 1, 16, 2], "rotation": 270, "texture": "#0"}, "south": {"uv": [14, 1, 16, 2], "rotation": 270, "texture": "#0"}, "west": {"uv": [14, 1, 16, 2], "rotation": 270, "texture": "#0"}, "up": {"uv": [14, 1, 16, 2], "rotation": 270, "texture": "#0"}, "down": {"uv": [14, 1, 16, 2], "rotation": 270, "texture": "#0"} } }, { "from": [5.90217, 11.44304, 11.769], "to": [6.63217, 12.07504, 12.131], "rotation": {"angle": 22.5, "axis": "z", "origin": [9.16628, 13.12365, 11.95]}, "faces": { "north": {"uv": [14, 1, 16, 2], "rotation": 180, "texture": "#0"}, "east": {"uv": [14, 1, 16, 2], "rotation": 180, "texture": "#0"}, "south": {"uv": [14, 1, 16, 2], "rotation": 180, "texture": "#0"}, "west": {"uv": [14, 1, 16, 2], "rotation": 180, "texture": "#0"}, "up": {"uv": [14, 1, 16, 2], "rotation": 180, "texture": "#0"}, "down": {"uv": [14, 1, 16, 2], "rotation": 180, "texture": "#0"} } }, { "from": [8.50764, 10.43747, 11.769], "to": [9.23764, 11.06947, 12.131], "rotation": {"angle": -22.5, "axis": "z", "origin": [8.87264, 10.75347, 11.95]}, "faces": { "north": {"uv": [14, 1, 16, 2], "rotation": 180, "texture": "#0"}, "east": {"uv": [14, 1, 16, 2], "rotation": 180, "texture": "#0"}, "south": {"uv": [14, 1, 16, 2], "rotation": 180, "texture": "#0"}, "west": {"uv": [14, 1, 16, 2], "rotation": 180, "texture": "#0"}, "up": {"uv": [14, 1, 16, 2], "rotation": 180, "texture": "#0"}, "down": {"uv": [14, 1, 16, 2], "rotation": 180, "texture": "#0"} } }, { "from": [7.22635, 10.5531, 11.769], "to": [8.65635, 11.1851, 12.131], "rotation": {"angle": 0, "axis": "z", "origin": [7.59135, 10.8691, 11.95]}, "faces": { "north": {"uv": [14, 1, 16, 2], "rotation": 180, "texture": "#0"}, "east": {"uv": [14, 1, 16, 2], "rotation": 180, "texture": "#0"}, "south": {"uv": [14, 1, 16, 2], "rotation": 180, "texture": "#0"}, "west": {"uv": [14, 1, 16, 2], "rotation": 180, "texture": "#0"}, "up": {"uv": [14, 1, 16, 2], "rotation": 180, "texture": "#0"}, "down": {"uv": [14, 1, 16, 2], "rotation": 180, "texture": "#0"} } }, { "from": [7.12635, 10.0531, 11.769], "to": [7.25635, 10.9851, 12.031], "rotation": {"angle": 22.5, "axis": "x", "origin": [7.49135, 10.6691, 11.85]}, "faces": { "north": {"uv": [14, 4, 16, 5], "rotation": 180, "texture": "#0"}, "east": {"uv": [14, 4, 16, 5], "rotation": 180, "texture": "#0"}, "south": {"uv": [14, 4, 16, 5], "rotation": 180, "texture": "#0"}, "west": {"uv": [14, 4, 16, 5], "rotation": 180, "texture": "#0"}, "up": {"uv": [14, 4, 16, 5], "rotation": 180, "texture": "#0"}, "down": {"uv": [14, 4, 16, 5], "rotation": 180, "texture": "#0"} } }, { "from": [8.62635, 10.0531, 11.769], "to": [8.75635, 10.9851, 12.031], "rotation": {"angle": 22.5, "axis": "x", "origin": [8.99135, 10.6691, 11.85]}, "faces": { "north": {"uv": [14, 4, 16, 5], "rotation": 180, "texture": "#0"}, "east": {"uv": [14, 4, 16, 5], "rotation": 180, "texture": "#0"}, "south": {"uv": [14, 4, 16, 5], "rotation": 180, "texture": "#0"}, "west": {"uv": [14, 4, 16, 5], "rotation": 180, "texture": "#0"}, "up": {"uv": [14, 4, 16, 5], "rotation": 180, "texture": "#0"}, "down": {"uv": [14, 4, 16, 5], "rotation": 180, "texture": "#0"} } }, { "from": [8.62635, 8.79899, 11.53943], "to": [8.75635, 10.13099, 11.80143], "rotation": {"angle": 0, "axis": "x", "origin": [8.99135, 9.81499, 11.62043]}, "faces": { "north": {"uv": [14, 4, 16, 5], "rotation": 180, "texture": "#0"}, "east": {"uv": [14, 4, 16, 5], "rotation": 180, "texture": "#0"}, "south": {"uv": [14, 4, 16, 5], "rotation": 180, "texture": "#0"}, "west": {"uv": [14, 4, 16, 5], "rotation": 180, "texture": "#0"}, "up": {"uv": [14, 4, 16, 5], "rotation": 180, "texture": "#0"}, "down": {"uv": [14, 4, 16, 5], "rotation": 180, "texture": "#0"} } }, { "from": [7.12635, 8.79899, 11.53943], "to": [7.25635, 10.13099, 11.80143], "rotation": {"angle": 0, "axis": "x", "origin": [7.49135, 9.81499, 11.62043]}, "faces": { "north": {"uv": [14, 4, 16, 5], "rotation": 180, "texture": "#0"}, "east": {"uv": [14, 4, 16, 5], "rotation": 180, "texture": "#0"}, "south": {"uv": [14, 4, 16, 5], "rotation": 180, "texture": "#0"}, "west": {"uv": [14, 4, 16, 5], "rotation": 180, "texture": "#0"}, "up": {"uv": [14, 4, 16, 5], "rotation": 180, "texture": "#0"}, "down": {"uv": [14, 4, 16, 5], "rotation": 180, "texture": "#0"} } }, { "from": [7.32635, 8.39899, 11.53943], "to": [7.55635, 8.83099, 11.80143], "rotation": {"angle": -22.5, "axis": "z", "origin": [7.79135, 9.41499, 11.62043]}, "faces": { "north": {"uv": [0, 0.8, 0.3, 1.6], "rotation": 180, "texture": "#0"}, "east": {"uv": [0, 0.8, 0.3, 1.6], "rotation": 180, "texture": "#0"}, "south": {"uv": [0, 0.8, 0.3, 1.6], "rotation": 180, "texture": "#0"}, "west": {"uv": [0, 0.8, 0.3, 1.6], "rotation": 180, "texture": "#0"}, "up": {"uv": [0, 0.8, 0.3, 1.6], "rotation": 180, "texture": "#0"}, "down": {"uv": [0, 0.8, 0.3, 1.6], "rotation": 180, "texture": "#0"} } }, { "from": [8.29948, 8.6286, 11.53943], "to": [8.52948, 9.0606, 11.80143], "rotation": {"angle": 22.5, "axis": "z", "origin": [8.66448, 9.6446, 11.62043]}, "faces": { "north": {"uv": [0, 0.8, 0.3, 1.6], "rotation": 180, "texture": "#0"}, "east": {"uv": [0, 0.8, 0.3, 1.6], "rotation": 180, "texture": "#0"}, "south": {"uv": [0, 0.8, 0.3, 1.6], "rotation": 180, "texture": "#0"}, "west": {"uv": [0, 0.8, 0.3, 1.6], "rotation": 180, "texture": "#0"}, "up": {"uv": [0, 0.8, 0.3, 1.6], "rotation": 180, "texture": "#0"}, "down": {"uv": [0, 0.8, 0.3, 1.6], "rotation": 180, "texture": "#0"} } }, { "from": [8.00848, 3.26772, 11.869], "to": [8.38648, 6.72372, 12.031], "rotation": {"angle": -45, "axis": "z", "origin": [7.95, 8.92601, 11.95]}, "faces": { "north": {"uv": [13, 14, 16, 15], "rotation": 270, "texture": "#0"}, "east": {"uv": [13, 14, 16, 15], "rotation": 270, "texture": "#0"}, "south": {"uv": [13, 14, 16, 15], "rotation": 270, "texture": "#0"}, "west": {"uv": [13, 14, 16, 15], "rotation": 270, "texture": "#0"}, "up": {"uv": [13, 14, 16, 15], "rotation": 270, "texture": "#0"}, "down": {"uv": [13, 14, 16, 15], "rotation": 270, "texture": "#0"} } }, { "from": [-0.98037, 4.61635, 11.869], "to": [4.25763, 5.04035, 12.031], "rotation": {"angle": 0, "axis": "z", "origin": [7.95, 8.92601, 11.95]}, "faces": { "north": {"uv": [13, 14, 16, 15], "rotation": 180, "texture": "#0"}, "east": {"uv": [13, 14, 16, 15], "rotation": 180, "texture": "#0"}, "south": {"uv": [13, 14, 16, 15], "rotation": 180, "texture": "#0"}, "west": {"uv": [13, 14, 16, 15], "rotation": 180, "texture": "#0"}, "up": {"uv": [13, 14, 16, 15], "rotation": 180, "texture": "#0"}, "down": {"uv": [13, 14, 16, 15], "rotation": 180, "texture": "#0"} } }, { "from": [-1.24336, 1.5269, 11.869], "to": [1.34864, 1.9509, 12.031], "rotation": {"angle": -22.5, "axis": "z", "origin": [7.95, 8.92601, 11.95]}, "faces": { "north": {"uv": [13, 14, 16, 15], "rotation": 180, "texture": "#0"}, "east": {"uv": [13, 14, 16, 15], "rotation": 180, "texture": "#0"}, "south": {"uv": [13, 14, 16, 15], "rotation": 180, "texture": "#0"}, "west": {"uv": [13, 14, 16, 15], "rotation": 180, "texture": "#0"}, "up": {"uv": [13, 14, 16, 15], "rotation": 180, "texture": "#0"}, "down": {"uv": [13, 14, 16, 15], "rotation": 180, "texture": "#0"} } }, { "from": [-3.78264, 10.19473, 11.869], "to": [-3.40464, 14.29873, 12.031], "rotation": {"angle": 22.5, "axis": "z", "origin": [7.95, 8.92601, 11.95]}, "faces": { "north": {"uv": [13, 14, 16, 15], "rotation": 90, "texture": "#0"}, "east": {"uv": [13, 14, 16, 15], "rotation": 90, "texture": "#0"}, "south": {"uv": [13, 14, 16, 15], "rotation": 90, "texture": "#0"}, "west": {"uv": [13, 14, 16, 15], "rotation": 90, "texture": "#0"}, "up": {"uv": [13, 14, 16, 15], "rotation": 90, "texture": "#0"}, "down": {"uv": [13, 14, 16, 15], "rotation": 90, "texture": "#0"} } }, { "from": [-4.9456, 9.39987, 11.869], "to": [-4.5676, 13.66587, 12.031], "rotation": {"angle": 0, "axis": "z", "origin": [7.95, 8.92601, 11.95]}, "faces": { "north": {"uv": [13, 14, 16, 15], "rotation": 90, "texture": "#0"}, "east": {"uv": [13, 14, 16, 15], "rotation": 90, "texture": "#0"}, "south": {"uv": [13, 14, 16, 15], "rotation": 90, "texture": "#0"}, "west": {"uv": [13, 14, 16, 15], "rotation": 90, "texture": "#0"}, "up": {"uv": [13, 14, 16, 15], "rotation": 90, "texture": "#0"}, "down": {"uv": [13, 14, 16, 15], "rotation": 90, "texture": "#0"} } }, { "from": [-4.5676, 9.39987, 11.869], "to": [3.8104, 13.66587, 11.931], "rotation": {"angle": 0, "axis": "z", "origin": [8.328, 8.92601, 11.95]}, "faces": { "north": {"uv": [0, 12, 3, 13], "rotation": 90, "texture": "#0"}, "east": {"uv": [0, 12, 3, 13], "rotation": 90, "texture": "#0"}, "south": {"uv": [0, 12, 3, 13], "rotation": 90, "texture": "#0"}, "west": {"uv": [0, 12, 3, 13], "rotation": 90, "texture": "#0"}, "up": {"uv": [0, 12, 3, 13], "rotation": 90, "texture": "#0"}, "down": {"uv": [0, 12, 3, 13], "rotation": 90, "texture": "#0"} } }, { "from": [12.0896, 9.39987, 11.869], "to": [20.4676, 13.66587, 11.931], "rotation": {"angle": 0, "axis": "z", "origin": [7.572, 8.92601, 11.95]}, "faces": { "north": {"uv": [0, 13, 3, 12], "rotation": 90, "texture": "#0"}, "east": {"uv": [0, 13, 3, 12], "rotation": 90, "texture": "#0"}, "south": {"uv": [0, 13, 3, 12], "rotation": 90, "texture": "#0"}, "west": {"uv": [0, 13, 3, 12], "rotation": 90, "texture": "#0"}, "up": {"uv": [0, 13, 3, 12], "rotation": 90, "texture": "#0"}, "down": {"uv": [0, 13, 3, 12], "rotation": 90, "texture": "#0"} } }, { "from": [-4.5676, 8.53387, 11.869], "to": [5.5104, 9.39987, 11.931], "rotation": {"angle": 0, "axis": "z", "origin": [8.328, 4.66001, 11.95]}, "faces": { "north": {"uv": [0, 12, 3, 13], "rotation": 90, "texture": "#0"}, "east": {"uv": [0, 12, 3, 13], "rotation": 90, "texture": "#0"}, "south": {"uv": [0, 12, 3, 13], "rotation": 90, "texture": "#0"}, "west": {"uv": [0, 12, 3, 13], "rotation": 90, "texture": "#0"}, "up": {"uv": [0, 12, 3, 13], "rotation": 90, "texture": "#0"}, "down": {"uv": [0, 12, 3, 13], "rotation": 90, "texture": "#0"} } }, { "from": [10.3896, 8.53387, 11.869], "to": [20.4676, 9.39987, 11.931], "rotation": {"angle": 0, "axis": "z", "origin": [7.572, 4.66001, 11.95]}, "faces": { "north": {"uv": [0, 13, 3, 12], "rotation": 90, "texture": "#0"}, "east": {"uv": [0, 13, 3, 12], "rotation": 90, "texture": "#0"}, "south": {"uv": [0, 13, 3, 12], "rotation": 90, "texture": "#0"}, "west": {"uv": [0, 13, 3, 12], "rotation": 90, "texture": "#0"}, "up": {"uv": [0, 13, 3, 12], "rotation": 90, "texture": "#0"}, "down": {"uv": [0, 13, 3, 12], "rotation": 90, "texture": "#0"} } }, { "from": [3.8104, 9.39987, 11.869], "to": [5.5104, 12.86587, 11.931], "rotation": {"angle": 0, "axis": "z", "origin": [8.306, 5.52601, 11.95]}, "faces": { "north": {"uv": [0, 12, 3, 13], "rotation": 90, "texture": "#0"}, "east": {"uv": [0, 12, 3, 13], "rotation": 90, "texture": "#0"}, "south": {"uv": [0, 12, 3, 13], "rotation": 90, "texture": "#0"}, "west": {"uv": [0, 12, 3, 13], "rotation": 90, "texture": "#0"}, "up": {"uv": [0, 12, 3, 13], "rotation": 90, "texture": "#0"}, "down": {"uv": [0, 12, 3, 13], "rotation": 90, "texture": "#0"} } }, { "from": [10.3896, 9.39987, 11.869], "to": [12.0896, 12.86587, 11.931], "rotation": {"angle": 0, "axis": "z", "origin": [7.594, 5.52601, 11.95]}, "faces": { "north": {"uv": [0, 13, 3, 12], "rotation": 90, "texture": "#0"}, "east": {"uv": [0, 13, 3, 12], "rotation": 90, "texture": "#0"}, "south": {"uv": [0, 13, 3, 12], "rotation": 90, "texture": "#0"}, "west": {"uv": [0, 13, 3, 12], "rotation": 90, "texture": "#0"}, "up": {"uv": [0, 13, 3, 12], "rotation": 90, "texture": "#0"}, "down": {"uv": [0, 13, 3, 12], "rotation": 90, "texture": "#0"} } }, { "from": [-4.1676, 7.66787, 11.869], "to": [5.5104, 8.53387, 11.931], "rotation": {"angle": 0, "axis": "z", "origin": [8.328, 3.79401, 11.95]}, "faces": { "north": {"uv": [0, 12, 3, 13], "rotation": 90, "texture": "#0"}, "east": {"uv": [0, 12, 3, 13], "rotation": 90, "texture": "#0"}, "south": {"uv": [0, 12, 3, 13], "rotation": 90, "texture": "#0"}, "west": {"uv": [0, 12, 3, 13], "rotation": 90, "texture": "#0"}, "up": {"uv": [0, 12, 3, 13], "rotation": 90, "texture": "#0"}, "down": {"uv": [0, 12, 3, 13], "rotation": 90, "texture": "#0"} } }, { "from": [10.3896, 7.66787, 11.869], "to": [20.0676, 8.53387, 11.931], "rotation": {"angle": 0, "axis": "z", "origin": [7.572, 3.79401, 11.95]}, "faces": { "north": {"uv": [0, 13, 3, 12], "rotation": 90, "texture": "#0"}, "east": {"uv": [0, 13, 3, 12], "rotation": 90, "texture": "#0"}, "south": {"uv": [0, 13, 3, 12], "rotation": 90, "texture": "#0"}, "west": {"uv": [0, 13, 3, 12], "rotation": 90, "texture": "#0"}, "up": {"uv": [0, 13, 3, 12], "rotation": 90, "texture": "#0"}, "down": {"uv": [0, 13, 3, 12], "rotation": 90, "texture": "#0"} } }, { "from": [-3.8676, 6.80187, 11.869], "to": [5.5104, 7.66787, 11.931], "rotation": {"angle": 0, "axis": "z", "origin": [8.328, 2.92801, 11.95]}, "faces": { "north": {"uv": [0, 12, 3, 13], "rotation": 90, "texture": "#0"}, "east": {"uv": [0, 12, 3, 13], "rotation": 90, "texture": "#0"}, "south": {"uv": [0, 12, 3, 13], "rotation": 90, "texture": "#0"}, "west": {"uv": [0, 12, 3, 13], "rotation": 90, "texture": "#0"}, "up": {"uv": [0, 12, 3, 13], "rotation": 90, "texture": "#0"}, "down": {"uv": [0, 12, 3, 13], "rotation": 90, "texture": "#0"} } }, { "from": [10.3896, 6.80187, 11.869], "to": [19.7676, 7.66787, 11.931], "rotation": {"angle": 0, "axis": "z", "origin": [7.572, 2.92801, 11.95]}, "faces": { "north": {"uv": [0, 13, 3, 12], "rotation": 90, "texture": "#0"}, "east": {"uv": [0, 13, 3, 12], "rotation": 90, "texture": "#0"}, "south": {"uv": [0, 13, 3, 12], "rotation": 90, "texture": "#0"}, "west": {"uv": [0, 13, 3, 12], "rotation": 90, "texture": "#0"}, "up": {"uv": [0, 13, 3, 12], "rotation": 90, "texture": "#0"}, "down": {"uv": [0, 13, 3, 12], "rotation": 90, "texture": "#0"} } }, { "from": [-3.4676, 5.93587, 11.869], "to": [5.5104, 6.80187, 11.931], "rotation": {"angle": 0, "axis": "z", "origin": [8.328, 2.06201, 11.95]}, "faces": { "north": {"uv": [0, 12, 3, 13], "rotation": 90, "texture": "#0"}, "east": {"uv": [0, 12, 3, 13], "rotation": 90, "texture": "#0"}, "south": {"uv": [0, 12, 3, 13], "rotation": 90, "texture": "#0"}, "west": {"uv": [0, 12, 3, 13], "rotation": 90, "texture": "#0"}, "up": {"uv": [0, 12, 3, 13], "rotation": 90, "texture": "#0"}, "down": {"uv": [0, 12, 3, 13], "rotation": 90, "texture": "#0"} } }, { "from": [10.3896, 5.93587, 11.869], "to": [19.3676, 6.80187, 11.931], "rotation": {"angle": 0, "axis": "z", "origin": [7.572, 2.06201, 11.95]}, "faces": { "north": {"uv": [0, 13, 3, 12], "rotation": 90, "texture": "#0"}, "east": {"uv": [0, 13, 3, 12], "rotation": 90, "texture": "#0"}, "south": {"uv": [0, 13, 3, 12], "rotation": 90, "texture": "#0"}, "west": {"uv": [0, 13, 3, 12], "rotation": 90, "texture": "#0"}, "up": {"uv": [0, 13, 3, 12], "rotation": 90, "texture": "#0"}, "down": {"uv": [0, 13, 3, 12], "rotation": 90, "texture": "#0"} } }, { "from": [5.5104, 6.30187, 11.869], "to": [5.9104, 12.36787, 11.931], "rotation": {"angle": 0, "axis": "z", "origin": [17.306, 2.92801, 11.95]}, "faces": { "north": {"uv": [0, 12, 3, 13], "rotation": 90, "texture": "#0"}, "east": {"uv": [0, 12, 3, 13], "rotation": 90, "texture": "#0"}, "south": {"uv": [0, 12, 3, 13], "rotation": 90, "texture": "#0"}, "west": {"uv": [0, 12, 3, 13], "rotation": 90, "texture": "#0"}, "up": {"uv": [0, 12, 3, 13], "rotation": 90, "texture": "#0"}, "down": {"uv": [0, 12, 3, 13], "rotation": 90, "texture": "#0"} } }, { "from": [9.9896, 6.30187, 11.869], "to": [10.3896, 12.36787, 11.931], "rotation": {"angle": 0, "axis": "z", "origin": [-1.406, 2.92801, 11.95]}, "faces": { "north": {"uv": [0, 13, 3, 12], "rotation": 90, "texture": "#0"}, "east": {"uv": [0, 13, 3, 12], "rotation": 90, "texture": "#0"}, "south": {"uv": [0, 13, 3, 12], "rotation": 90, "texture": "#0"}, "west": {"uv": [0, 13, 3, 12], "rotation": 90, "texture": "#0"}, "up": {"uv": [0, 13, 3, 12], "rotation": 90, "texture": "#0"}, "down": {"uv": [0, 13, 3, 12], "rotation": 90, "texture": "#0"} } }, { "from": [5.9104, 6.80187, 11.869], "to": [6.4104, 12.16787, 11.931], "rotation": {"angle": 0, "axis": "z", "origin": [17.706, 2.92801, 11.95]}, "faces": { "north": {"uv": [0, 12, 3, 13], "rotation": 90, "texture": "#0"}, "east": {"uv": [0, 12, 3, 13], "rotation": 90, "texture": "#0"}, "south": {"uv": [0, 12, 3, 13], "rotation": 90, "texture": "#0"}, "west": {"uv": [0, 12, 3, 13], "rotation": 90, "texture": "#0"}, "up": {"uv": [0, 12, 3, 13], "rotation": 90, "texture": "#0"}, "down": {"uv": [0, 12, 3, 13], "rotation": 90, "texture": "#0"} } }, { "from": [9.4896, 6.80187, 11.869], "to": [9.9896, 12.16787, 11.931], "rotation": {"angle": 0, "axis": "z", "origin": [-1.806, 2.92801, 11.95]}, "faces": { "north": {"uv": [0, 13, 3, 12], "rotation": 90, "texture": "#0"}, "east": {"uv": [0, 13, 3, 12], "rotation": 90, "texture": "#0"}, "south": {"uv": [0, 13, 3, 12], "rotation": 90, "texture": "#0"}, "west": {"uv": [0, 13, 3, 12], "rotation": 90, "texture": "#0"}, "up": {"uv": [0, 13, 3, 12], "rotation": 90, "texture": "#0"}, "down": {"uv": [0, 13, 3, 12], "rotation": 90, "texture": "#0"} } }, { "from": [-3.1676, 5.56987, 11.869], "to": [5.2104, 5.93587, 11.931], "rotation": {"angle": 0, "axis": "z", "origin": [8.328, 1.19601, 11.95]}, "faces": { "north": {"uv": [0, 12, 3, 13], "rotation": 90, "texture": "#0"}, "east": {"uv": [0, 12, 3, 13], "rotation": 90, "texture": "#0"}, "south": {"uv": [0, 12, 3, 13], "rotation": 90, "texture": "#0"}, "west": {"uv": [0, 12, 3, 13], "rotation": 90, "texture": "#0"}, "up": {"uv": [0, 12, 3, 13], "rotation": 90, "texture": "#0"}, "down": {"uv": [0, 12, 3, 13], "rotation": 90, "texture": "#0"} } }, { "from": [10.6896, 5.56987, 11.869], "to": [19.0676, 5.93587, 11.931], "rotation": {"angle": 0, "axis": "z", "origin": [7.572, 1.19601, 11.95]}, "faces": { "north": {"uv": [0, 13, 3, 12], "rotation": 90, "texture": "#0"}, "east": {"uv": [0, 13, 3, 12], "rotation": 90, "texture": "#0"}, "south": {"uv": [0, 13, 3, 12], "rotation": 90, "texture": "#0"}, "west": {"uv": [0, 13, 3, 12], "rotation": 90, "texture": "#0"}, "up": {"uv": [0, 13, 3, 12], "rotation": 90, "texture": "#0"}, "down": {"uv": [0, 13, 3, 12], "rotation": 90, "texture": "#0"} } }, { "from": [-2.1676, 5.20387, 11.869], "to": [4.8104, 5.56987, 11.931], "rotation": {"angle": 0, "axis": "z", "origin": [8.328, 0.83001, 11.95]}, "faces": { "north": {"uv": [0, 12, 3, 13], "rotation": 90, "texture": "#0"}, "east": {"uv": [0, 12, 3, 13], "rotation": 90, "texture": "#0"}, "south": {"uv": [0, 12, 3, 13], "rotation": 90, "texture": "#0"}, "west": {"uv": [0, 12, 3, 13], "rotation": 90, "texture": "#0"}, "up": {"uv": [0, 12, 3, 13], "rotation": 90, "texture": "#0"}, "down": {"uv": [0, 12, 3, 13], "rotation": 90, "texture": "#0"} } }, { "from": [11.0896, 5.20387, 11.869], "to": [18.0676, 5.56987, 11.931], "rotation": {"angle": 0, "axis": "z", "origin": [7.572, 0.83001, 11.95]}, "faces": { "north": {"uv": [0, 13, 3, 12], "rotation": 90, "texture": "#0"}, "east": {"uv": [0, 13, 3, 12], "rotation": 90, "texture": "#0"}, "south": {"uv": [0, 13, 3, 12], "rotation": 90, "texture": "#0"}, "west": {"uv": [0, 13, 3, 12], "rotation": 90, "texture": "#0"}, "up": {"uv": [0, 13, 3, 12], "rotation": 90, "texture": "#0"}, "down": {"uv": [0, 13, 3, 12], "rotation": 90, "texture": "#0"} } }, { "from": [-1.4676, 4.83787, 11.869], "to": [4.3104, 5.20387, 11.931], "rotation": {"angle": 0, "axis": "z", "origin": [8.328, 0.46401, 11.95]}, "faces": { "north": {"uv": [0, 12, 3, 13], "rotation": 90, "texture": "#0"}, "east": {"uv": [0, 12, 3, 13], "rotation": 90, "texture": "#0"}, "south": {"uv": [0, 12, 3, 13], "rotation": 90, "texture": "#0"}, "west": {"uv": [0, 12, 3, 13], "rotation": 90, "texture": "#0"}, "up": {"uv": [0, 12, 3, 13], "rotation": 90, "texture": "#0"}, "down": {"uv": [0, 12, 3, 13], "rotation": 90, "texture": "#0"} } }, { "from": [11.5896, 4.83787, 11.869], "to": [17.3676, 5.20387, 11.931], "rotation": {"angle": 0, "axis": "z", "origin": [7.572, 0.46401, 11.95]}, "faces": { "north": {"uv": [0, 13, 3, 12], "rotation": 90, "texture": "#0"}, "east": {"uv": [0, 13, 3, 12], "rotation": 90, "texture": "#0"}, "south": {"uv": [0, 13, 3, 12], "rotation": 90, "texture": "#0"}, "west": {"uv": [0, 13, 3, 12], "rotation": 90, "texture": "#0"}, "up": {"uv": [0, 13, 3, 12], "rotation": 90, "texture": "#0"}, "down": {"uv": [0, 13, 3, 12], "rotation": 90, "texture": "#0"} } }, { "from": [13.5217, 13.55596, 11.869], "to": [20.8657, 13.98796, 12.031], "rotation": {"angle": 0, "axis": "y", "origin": [7.9327, 8.92601, 11.95]}, "faces": { "north": {"uv": [15, 13, 13, 14], "texture": "#0"}, "east": {"uv": [15, 13, 13, 14], "texture": "#0"}, "south": {"uv": [15, 13, 13, 14], "texture": "#0"}, "west": {"uv": [15, 13, 13, 14], "texture": "#0"}, "up": {"uv": [15, 13, 13, 14], "texture": "#0"}, "down": {"uv": [15, 13, 13, 14], "texture": "#0"} } }, { "from": [13.5217, 13.55596, 11.769], "to": [20.9657, 14.28796, 12.131], "rotation": {"angle": 0, "axis": "y", "origin": [7.9327, 8.92601, 11.95]}, "faces": { "north": {"uv": [14, 1, 16, 2], "texture": "#0"}, "east": {"uv": [14, 1, 16, 2], "texture": "#0"}, "south": {"uv": [14, 1, 16, 2], "texture": "#0"}, "west": {"uv": [14, 1, 16, 2], "texture": "#0"}, "up": {"uv": [14, 1, 16, 2], "texture": "#0"}, "down": {"uv": [14, 1, 16, 2], "texture": "#0"} } }, { "from": [20.8037, 13.55596, -0.975], "to": [20.9657, 14.28796, 11.769], "rotation": {"angle": 0, "axis": "y", "origin": [20.9847, 13.92196, 8.047]}, "faces": { "north": {"uv": [16, 13, 14, 14], "texture": "#0"}, "east": {"uv": [16, 13, 14, 14], "texture": "#0"}, "south": {"uv": [16, 13, 14, 14], "texture": "#0"}, "west": {"uv": [16, 13, 14, 14], "texture": "#0"}, "up": {"uv": [16, 13, 14, 14], "texture": "#0"}, "down": {"uv": [16, 13, 14, 14], "texture": "#0"} } }, { "from": [-5.083, 13.55596, -0.975], "to": [-4.921, 14.28796, 11.769], "rotation": {"angle": 0, "axis": "y", "origin": [-4.902, 13.92196, 8.047]}, "faces": { "north": {"uv": [16, 13, 14, 14], "texture": "#0"}, "east": {"uv": [16, 13, 14, 14], "texture": "#0"}, "south": {"uv": [16, 13, 14, 14], "texture": "#0"}, "west": {"uv": [16, 13, 14, 14], "texture": "#0"}, "up": {"uv": [16, 13, 14, 14], "texture": "#0"}, "down": {"uv": [16, 13, 14, 14], "texture": "#0"} } }, { "from": [20.8037, 12.15947, -5.09562], "to": [20.9657, 12.89147, -0.55162], "rotation": {"angle": -22.5, "axis": "x", "origin": [20.9847, 12.52547, -4.27362]}, "faces": { "north": {"uv": [16, 13, 14, 14], "texture": "#0"}, "east": {"uv": [16, 13, 14, 14], "texture": "#0"}, "south": {"uv": [16, 13, 14, 14], "texture": "#0"}, "west": {"uv": [16, 13, 14, 14], "texture": "#0"}, "up": {"uv": [16, 13, 14, 14], "texture": "#0"}, "down": {"uv": [16, 13, 14, 14], "texture": "#0"} } }, { "from": [-5.083, 12.15947, -5.09562], "to": [-4.921, 12.89147, -0.55162], "rotation": {"angle": -22.5, "axis": "x", "origin": [-4.902, 12.52547, -4.27362]}, "faces": { "north": {"uv": [16, 13, 14, 14], "texture": "#0"}, "east": {"uv": [16, 13, 14, 14], "texture": "#0"}, "south": {"uv": [16, 13, 14, 14], "texture": "#0"}, "west": {"uv": [16, 13, 14, 14], "texture": "#0"}, "up": {"uv": [16, 13, 14, 14], "texture": "#0"}, "down": {"uv": [16, 13, 14, 14], "texture": "#0"} } }, { "from": [20.8037, 11.24831, -6.62532], "to": [20.9657, 12.69231, -5.89332], "rotation": {"angle": 22.5, "axis": "x", "origin": [20.9847, 8.97031, -6.25932]}, "faces": { "north": {"uv": [16, 13, 14, 14], "rotation": 90, "texture": "#0"}, "east": {"uv": [16, 13, 14, 14], "rotation": 90, "texture": "#0"}, "south": {"uv": [16, 13, 14, 14], "rotation": 90, "texture": "#0"}, "west": {"uv": [16, 13, 14, 14], "rotation": 90, "texture": "#0"}, "up": {"uv": [16, 13, 14, 14], "rotation": 90, "texture": "#0"}, "down": {"uv": [16, 13, 14, 14], "rotation": 90, "texture": "#0"} } }, { "from": [-5.083, 11.24831, -6.62532], "to": [-4.921, 12.69231, -5.89332], "rotation": {"angle": 22.5, "axis": "x", "origin": [-4.902, 8.97031, -6.25932]}, "faces": { "north": {"uv": [16, 13, 14, 14], "rotation": 90, "texture": "#0"}, "east": {"uv": [16, 13, 14, 14], "rotation": 90, "texture": "#0"}, "south": {"uv": [16, 13, 14, 14], "rotation": 90, "texture": "#0"}, "west": {"uv": [16, 13, 14, 14], "rotation": 90, "texture": "#0"}, "up": {"uv": [16, 13, 14, 14], "rotation": 90, "texture": "#0"}, "down": {"uv": [16, 13, 14, 14], "rotation": 90, "texture": "#0"} } }, { "from": [10.35781, 11.01639, 11.769], "to": [15.15581, 11.74839, 12.131], "rotation": {"angle": 22.5, "axis": "z", "origin": [7.95512, 8.91057, 11.95]}, "faces": { "north": {"uv": [14, 1, 16, 2], "texture": "#0"}, "east": {"uv": [14, 1, 16, 2], "texture": "#0"}, "south": {"uv": [14, 1, 16, 2], "texture": "#0"}, "west": {"uv": [14, 1, 16, 2], "texture": "#0"}, "up": {"uv": [14, 1, 16, 2], "texture": "#0"}, "down": {"uv": [14, 1, 16, 2], "texture": "#0"} } }, { "from": [9.18131, 7.06012, 11.869], "to": [9.51331, 12.19012, 12.031], "rotation": {"angle": 0, "axis": "z", "origin": [7.9327, 8.92601, 11.95]}, "faces": { "north": {"uv": [15, 13, 13, 14], "rotation": 270, "texture": "#0"}, "east": {"uv": [15, 13, 13, 14], "rotation": 270, "texture": "#0"}, "south": {"uv": [15, 13, 13, 14], "rotation": 270, "texture": "#0"}, "west": {"uv": [15, 13, 13, 14], "rotation": 270, "texture": "#0"}, "up": {"uv": [15, 13, 13, 14], "rotation": 270, "texture": "#0"}, "down": {"uv": [15, 13, 13, 14], "rotation": 270, "texture": "#0"} } }, { "from": [9.08893, 10.32185, 11.769], "to": [9.72093, 12.45185, 12.131], "rotation": {"angle": 0, "axis": "z", "origin": [8.04031, 9.18774, 11.95]}, "faces": { "north": {"uv": [14, 1, 16, 2], "rotation": 270, "texture": "#0"}, "east": {"uv": [14, 1, 16, 2], "rotation": 270, "texture": "#0"}, "south": {"uv": [14, 1, 16, 2], "rotation": 270, "texture": "#0"}, "west": {"uv": [14, 1, 16, 2], "rotation": 270, "texture": "#0"}, "up": {"uv": [14, 1, 16, 2], "rotation": 270, "texture": "#0"}, "down": {"uv": [14, 1, 16, 2], "rotation": 270, "texture": "#0"} } }, { "from": [7.49622, 3.26772, 11.869], "to": [7.87422, 6.72372, 12.031], "rotation": {"angle": 45, "axis": "z", "origin": [7.9327, 8.92601, 11.95]}, "faces": { "north": {"uv": [15, 13, 13, 14], "rotation": 270, "texture": "#0"}, "east": {"uv": [15, 13, 13, 14], "rotation": 270, "texture": "#0"}, "south": {"uv": [15, 13, 13, 14], "rotation": 270, "texture": "#0"}, "west": {"uv": [15, 13, 13, 14], "rotation": 270, "texture": "#0"}, "up": {"uv": [15, 13, 13, 14], "rotation": 270, "texture": "#0"}, "down": {"uv": [15, 13, 13, 14], "rotation": 270, "texture": "#0"} } }, { "from": [11.62508, 4.61635, 11.869], "to": [16.86308, 5.04035, 12.031], "rotation": {"angle": 0, "axis": "z", "origin": [7.9327, 8.92601, 11.95]}, "faces": { "north": {"uv": [15, 13, 13, 14], "rotation": 180, "texture": "#0"}, "east": {"uv": [15, 13, 13, 14], "rotation": 180, "texture": "#0"}, "south": {"uv": [15, 13, 13, 14], "rotation": 180, "texture": "#0"}, "west": {"uv": [15, 13, 13, 14], "rotation": 180, "texture": "#0"}, "up": {"uv": [15, 13, 13, 14], "rotation": 180, "texture": "#0"}, "down": {"uv": [15, 13, 13, 14], "rotation": 180, "texture": "#0"} } }, { "from": [14.53406, 1.5269, 11.869], "to": [17.12606, 1.9509, 12.031], "rotation": {"angle": 22.5, "axis": "z", "origin": [7.9327, 8.92601, 11.95]}, "faces": { "north": {"uv": [15, 13, 13, 14], "rotation": 180, "texture": "#0"}, "east": {"uv": [15, 13, 13, 14], "rotation": 180, "texture": "#0"}, "south": {"uv": [15, 13, 13, 14], "rotation": 180, "texture": "#0"}, "west": {"uv": [15, 13, 13, 14], "rotation": 180, "texture": "#0"}, "up": {"uv": [15, 13, 13, 14], "rotation": 180, "texture": "#0"}, "down": {"uv": [15, 13, 13, 14], "rotation": 180, "texture": "#0"} } }, { "from": [19.28734, 10.19473, 11.869], "to": [19.66534, 14.29873, 12.031], "rotation": {"angle": -22.5, "axis": "z", "origin": [7.9327, 8.92601, 11.95]}, "faces": { "north": {"uv": [15, 13, 13, 14], "rotation": 90, "texture": "#0"}, "east": {"uv": [15, 13, 13, 14], "rotation": 90, "texture": "#0"}, "south": {"uv": [15, 13, 13, 14], "rotation": 90, "texture": "#0"}, "west": {"uv": [15, 13, 13, 14], "rotation": 90, "texture": "#0"}, "up": {"uv": [15, 13, 13, 14], "rotation": 90, "texture": "#0"}, "down": {"uv": [15, 13, 13, 14], "rotation": 90, "texture": "#0"} } }, { "from": [20.4503, 9.39987, 11.869], "to": [20.8283, 13.66587, 12.031], "rotation": {"angle": 0, "axis": "z", "origin": [7.9327, 8.92601, 11.95]}, "faces": { "north": {"uv": [15, 13, 13, 14], "rotation": 90, "texture": "#0"}, "east": {"uv": [15, 13, 13, 14], "rotation": 90, "texture": "#0"}, "south": {"uv": [15, 13, 13, 14], "rotation": 90, "texture": "#0"}, "west": {"uv": [15, 13, 13, 14], "rotation": 90, "texture": "#0"}, "up": {"uv": [15, 13, 13, 14], "rotation": 90, "texture": "#0"}, "down": {"uv": [15, 13, 13, 14], "rotation": 90, "texture": "#0"} } }, { "from": [19.7503, 12.99987, 11.769], "to": [20.9283, 13.66587, 12.231], "rotation": {"angle": 0, "axis": "z", "origin": [8.0327, 8.92601, 11.95]}, "faces": { "north": {"uv": [16, 4, 14, 5], "rotation": 90, "texture": "#0"}, "east": {"uv": [16, 4, 14, 5], "rotation": 90, "texture": "#0"}, "south": {"uv": [16, 4, 14, 5], "rotation": 90, "texture": "#0"}, "west": {"uv": [16, 4, 14, 5], "rotation": 90, "texture": "#0"}, "up": {"uv": [16, 4, 14, 5], "rotation": 90, "texture": "#0"}, "down": {"uv": [16, 4, 14, 5], "rotation": 90, "texture": "#0"} } }, { "from": [-4.9497, 12.99987, 11.769], "to": [-3.7717, 13.66587, 12.231], "rotation": {"angle": 0, "axis": "z", "origin": [-16.6673, 8.92601, 11.95]}, "faces": { "north": {"uv": [16, 4, 14, 5], "rotation": 90, "texture": "#0"}, "east": {"uv": [16, 4, 14, 5], "rotation": 90, "texture": "#0"}, "south": {"uv": [16, 4, 14, 5], "rotation": 90, "texture": "#0"}, "west": {"uv": [16, 4, 14, 5], "rotation": 90, "texture": "#0"}, "up": {"uv": [16, 4, 14, 5], "rotation": 90, "texture": "#0"}, "down": {"uv": [16, 4, 14, 5], "rotation": 90, "texture": "#0"} } } ], "display": { "thirdperson_righthand": { "rotation": [86, 175.75, 0], "scale": [0.17, 0.18, 0.17] }, "thirdperson_lefthand": { "rotation": [86, 175.75, 0], "scale": [0.17, 0.18, 0.17] }, "firstperson_righthand": { "rotation": [-53.25, -54.5, -28], "scale": [0.46, 0.43, 0.45] }, "firstperson_lefthand": { "rotation": [-53.25, -54.5, -28], "scale": [0.46, 0.43, 0.45] }, "ground": { "scale": [0.37, 0.36, 0.31] }, "gui": { "rotation": [37.25, 40.5, 0], "translation": [0.75, -2, 0], "scale": [0.47, 0.49, 0.49] }, "head": { "rotation": [7.75, -180, 0], "translation": [0, 1.5, -5.75], "scale": [0.53, 0.53, 0.51] }, "fixed": { "rotation": [-69.75, -180, 0], "translation": [-0.5, -1.25, 0], "scale": [0.63, 0.62, 0.63] } }, "groups": [ { "name": "group", "origin": [19.13075, 15.35354, 0.5], "color": 0, "children": [0, 1, 2, 3, 4, 5, 6, 7, 8, 9, 10, 11, 12, 13, 14, 15, 16, 17, 18, 19, 20, 21, 22, 23, 24, 25, 26, 27, 28, 29, 30, 31, 32, 33, 34, 35, 36, 37, 38, 39, 40, 41] }, { "name": "group", "origin": [19.13075, 15.35354, 0.5], "color": 0, "children": [42, 43, 44, 45, 46, 47, 48, 49, 50, 51, 52, 53, 54, 55, 56, 57, 58, 59] } ] }