{ "credit": "Made with Blockbench", "textures": { "voxels_atlas": "block/hospitalbadge" }, "elements": [ { "name": "Voxels", "from": [5.5, 0, 7.625], "to": [11.5, 0.375, 10], "faces": { "north": {"uv": [6, 10.875, 0, 11.25], "texture": "#voxels_atlas"}, "east": {"uv": [13.875, 15.25, 11.5, 15.625], "texture": "#voxels_atlas"}, "south": {"uv": [0, 10.5, 6, 10.875], "texture": "#voxels_atlas"}, "west": {"uv": [11.5, 15.625, 13.875, 16], "texture": "#voxels_atlas"}, "up": {"uv": [0, 13.625, 6, 11.25], "texture": "#voxels_atlas"}, "down": {"uv": [0, 13.625, 6, 16], "texture": "#voxels_atlas"} } }, { "name": "Voxels", "from": [5.625, 0, 7.375], "to": [11.375, 0.375, 7.625], "faces": { "north": {"uv": [5.75, 10.125, 0, 10.5], "texture": "#voxels_atlas"}, "east": {"uv": [16, 15.625, 15.75, 16], "texture": "#voxels_atlas"}, "south": {"uv": [0, 9.75, 5.75, 10.125], "texture": "#voxels_atlas"}, "west": {"uv": [15.625, 15.25, 15.875, 15.625], "texture": "#voxels_atlas"}, "up": {"uv": [6, 13.375, 11.75, 13.125], "texture": "#voxels_atlas"}, "down": {"uv": [6, 13.375, 11.75, 13.625], "texture": "#voxels_atlas"} } }, { "name": "Voxels", "from": [5.625, 0, 10], "to": [11.375, 0.375, 10.25], "faces": { "north": {"uv": [5.75, 9.375, 0, 9.75], "texture": "#voxels_atlas"}, "east": {"uv": [6, 9.75, 5.75, 10.125], "texture": "#voxels_atlas"}, "south": {"uv": [0, 9, 5.75, 9.375], "texture": "#voxels_atlas"}, "west": {"uv": [5.75, 10.125, 6, 10.5], "texture": "#voxels_atlas"}, "up": {"uv": [6, 14.125, 11.75, 13.875], "texture": "#voxels_atlas"}, "down": {"uv": [6, 13.625, 11.75, 13.875], "texture": "#voxels_atlas"} } }, { "name": "Voxels", "from": [5.75, 0, 7.25], "to": [11.25, 0.375, 7.375], "faces": { "north": {"uv": [11.5, 15.25, 6, 15.625], "texture": "#voxels_atlas"}, "east": {"uv": [6, 8.25, 5.875, 8.625], "texture": "#voxels_atlas"}, "south": {"uv": [6, 15.625, 11.5, 16], "texture": "#voxels_atlas"}, "west": {"uv": [5.875, 8.625, 6, 9], "texture": "#voxels_atlas"}, "up": {"uv": [0, 8.125, 5.5, 8], "texture": "#voxels_atlas"}, "down": {"uv": [0, 8.125, 5.5, 8.25], "texture": "#voxels_atlas"} } }, { "name": "Voxels", "from": [5.75, 0, 10.25], "to": [11.25, 0.375, 10.375], "faces": { "north": {"uv": [5.5, 8.25, 0, 8.625], "texture": "#voxels_atlas"}, "east": {"uv": [6.125, 8, 6, 8.375], "texture": "#voxels_atlas"}, "south": {"uv": [0, 8.625, 5.5, 9], "texture": "#voxels_atlas"}, "west": {"uv": [15.875, 15.25, 16, 15.625], "texture": "#voxels_atlas"}, "up": {"uv": [6.75, 13.125, 12.25, 13], "texture": "#voxels_atlas"}, "down": {"uv": [6.75, 12.875, 12.25, 13], "texture": "#voxels_atlas"} } }, { "name": "Voxels", "from": [5.875, 0, 7.125], "to": [11.125, 0.375, 7.25], "faces": { "north": {"uv": [11.25, 14.5, 6, 14.875], "texture": "#voxels_atlas"}, "east": {"uv": [6.375, 8, 6.25, 8.375], "texture": "#voxels_atlas"}, "south": {"uv": [6, 14.875, 11.25, 15.25], "texture": "#voxels_atlas"}, "west": {"uv": [6.125, 8, 6.25, 8.375], "texture": "#voxels_atlas"}, "up": {"uv": [6.75, 12.75, 12, 12.625], "texture": "#voxels_atlas"}, "down": {"uv": [6.75, 12.75, 12, 12.875], "texture": "#voxels_atlas"} } }, { "name": "Voxels", "from": [6, 0, 10.375], "to": [11, 0.375, 10.5], "faces": { "north": {"uv": [16, 14.125, 11, 14.5], "texture": "#voxels_atlas"}, "east": {"uv": [6.625, 8, 6.5, 8.375], "texture": "#voxels_atlas"}, "south": {"uv": [6, 14.125, 11, 14.5], "texture": "#voxels_atlas"}, "west": {"uv": [6.375, 8, 6.5, 8.375], "texture": "#voxels_atlas"}, "up": {"uv": [6.75, 12.5, 11.75, 12.375], "texture": "#voxels_atlas"}, "down": {"uv": [6.75, 12.5, 11.75, 12.625], "texture": "#voxels_atlas"} } }, { "name": "Voxels", "from": [6.125, 0, 7], "to": [10.875, 0.375, 7.125], "faces": { "north": {"uv": [16, 14.5, 11.25, 14.875], "texture": "#voxels_atlas"}, "east": {"uv": [7.25, 10.5, 7.125, 10.875], "texture": "#voxels_atlas"}, "south": {"uv": [11.25, 14.875, 16, 15.25], "texture": "#voxels_atlas"}, "west": {"uv": [6.625, 8, 6.75, 8.375], "texture": "#voxels_atlas"}, "up": {"uv": [6.75, 12.375, 11.5, 12.25], "texture": "#voxels_atlas"}, "down": {"uv": [6.75, 12.125, 11.5, 12.25], "texture": "#voxels_atlas"} } }, { "name": "Voxels", "from": [8.25, 0.125, 6], "to": [8.875, 0.25, 6.25], "faces": { "north": {"uv": [14.75, 13.75, 14.125, 13.875], "texture": "#voxels_atlas"}, "east": {"uv": [12, 13.25, 11.75, 13.375], "texture": "#voxels_atlas"}, "south": {"uv": [14.125, 13.625, 14.75, 13.75], "texture": "#voxels_atlas"}, "west": {"uv": [15.5, 13.375, 15.75, 13.5], "texture": "#voxels_atlas"}, "up": {"uv": [13.875, 15.625, 14.5, 15.375], "texture": "#voxels_atlas"}, "down": {"uv": [15.125, 15.75, 15.75, 16], "texture": "#voxels_atlas"} } }, { "name": "Voxels", "from": [8.25, 0.125, 6.75], "to": [8.875, 0.375, 6.875], "faces": { "north": {"uv": [15.125, 15.75, 14.5, 16], "texture": "#voxels_atlas"}, "east": {"uv": [15.875, 13.375, 15.75, 13.625], "texture": "#voxels_atlas"}, "south": {"uv": [13.875, 15.75, 14.5, 16], "texture": "#voxels_atlas"}, "west": {"uv": [15.875, 13.375, 16, 13.625], "texture": "#voxels_atlas"}, "up": {"uv": [15.375, 14.125, 16, 14], "texture": "#voxels_atlas"}, "down": {"uv": [15.375, 13.875, 16, 14], "texture": "#voxels_atlas"} } }, { "name": "Voxels", "from": [8.25, 0.125, 6.875], "to": [8.875, 0.25, 7], "faces": { "north": {"uv": [14.75, 13.875, 14.125, 14], "texture": "#voxels_atlas"}, "east": {"uv": [13.375, 13.125, 13.25, 13.25], "texture": "#voxels_atlas"}, "south": {"uv": [14.125, 14, 14.75, 14.125], "texture": "#voxels_atlas"}, "west": {"uv": [13.375, 13.25, 13.5, 13.375], "texture": "#voxels_atlas"}, "up": {"uv": [14.75, 14.125, 15.375, 14], "texture": "#voxels_atlas"}, "down": {"uv": [14.75, 13.875, 15.375, 14], "texture": "#voxels_atlas"} } }, { "name": "Voxels", "from": [8.25, 0.25, 6.125], "to": [8.875, 0.375, 6.75], "faces": { "north": {"uv": [14.5, 15.25, 13.875, 15.375], "texture": "#voxels_atlas"}, "east": {"uv": [14.5, 15.625, 13.875, 15.75], "texture": "#voxels_atlas"}, "south": {"uv": [15.125, 15.625, 15.75, 15.75], "texture": "#voxels_atlas"}, "west": {"uv": [14.5, 15.625, 15.125, 15.75], "texture": "#voxels_atlas"}, "up": {"uv": [6.75, 11.5, 7.375, 10.875], "texture": "#voxels_atlas"}, "down": {"uv": [6.75, 11.5, 7.375, 12.125], "texture": "#voxels_atlas"} } }, { "name": "Voxels", "from": [8.375, 0, 2.625], "to": [8.625, 0.375, 2.75], "faces": { "north": {"uv": [6, 9, 5.75, 9.375], "texture": "#voxels_atlas"}, "east": {"uv": [7, 10, 6.875, 10.375], "texture": "#voxels_atlas"}, "south": {"uv": [5.75, 9.375, 6, 9.75], "texture": "#voxels_atlas"}, "west": {"uv": [7, 10, 7.125, 10.375], "texture": "#voxels_atlas"}, "up": {"uv": [15.125, 13.5, 15.375, 13.375], "texture": "#voxels_atlas"}, "down": {"uv": [15.5, 13.5, 15.75, 13.625], "texture": "#voxels_atlas"} } }, { "name": "Voxels", "from": [8.375, 0, 2.75], "to": [8.75, 0.125, 5.125], "faces": { "north": {"uv": [15.5, 13.5, 15.125, 13.625], "texture": "#voxels_atlas"}, "east": {"uv": [14.125, 13.625, 11.75, 13.75], "texture": "#voxels_atlas"}, "south": {"uv": [14.75, 13.375, 15.125, 13.5], "texture": "#voxels_atlas"}, "west": {"uv": [11.75, 14, 14.125, 14.125], "texture": "#voxels_atlas"}, "up": {"uv": [6.375, 10.75, 6.75, 8.375], "texture": "#voxels_atlas"}, "down": {"uv": [6.375, 10.75, 6.75, 13.125], "texture": "#voxels_atlas"} } }, { "name": "Voxels", "from": [8.375, 0, 5.25], "to": [8.75, 0.375, 5.375], "faces": { "north": {"uv": [5.875, 8.625, 5.5, 9], "texture": "#voxels_atlas"}, "east": {"uv": [7.375, 10.5, 7.25, 10.875], "texture": "#voxels_atlas"}, "south": {"uv": [14.5, 15.25, 14.875, 15.625], "texture": "#voxels_atlas"}, "west": {"uv": [6.75, 10, 6.875, 10.375], "texture": "#voxels_atlas"}, "up": {"uv": [14.375, 13.5, 14.75, 13.375], "texture": "#voxels_atlas"}, "down": {"uv": [14.75, 13.5, 15.125, 13.625], "texture": "#voxels_atlas"} } }, { "name": "Voxels", "from": [8.375, 0, 5.5], "to": [8.75, 0.125, 6], "faces": { "north": {"uv": [14.75, 13.5, 14.375, 13.625], "texture": "#voxels_atlas"}, "east": {"uv": [15.25, 13.75, 14.75, 13.875], "texture": "#voxels_atlas"}, "south": {"uv": [15.25, 13.625, 15.625, 13.75], "texture": "#voxels_atlas"}, "west": {"uv": [5.5, 8, 6, 8.125], "texture": "#voxels_atlas"}, "up": {"uv": [5.5, 8.625, 5.875, 8.125], "texture": "#voxels_atlas"}, "down": {"uv": [6.75, 10.375, 7.125, 10.875], "texture": "#voxels_atlas"} } }, { "name": "Voxels", "from": [8.375, 0.125, 5.125], "to": [8.75, 0.25, 5.25], "faces": { "north": {"uv": [16, 13.75, 15.625, 13.875], "texture": "#voxels_atlas"}, "east": {"uv": [13.25, 13.25, 13.125, 13.375], "texture": "#voxels_atlas"}, "south": {"uv": [15.625, 13.625, 16, 13.75], "texture": "#voxels_atlas"}, "west": {"uv": [13, 13.125, 13.125, 13.25], "texture": "#voxels_atlas"}, "up": {"uv": [14.75, 13.75, 15.125, 13.625], "texture": "#voxels_atlas"}, "down": {"uv": [15.25, 13.75, 15.625, 13.875], "texture": "#voxels_atlas"} } }, { "name": "Voxels", "from": [8.375, 0.125, 5.375], "to": [8.75, 0.25, 5.5], "faces": { "north": {"uv": [12.5, 13.5, 12.125, 13.625], "texture": "#voxels_atlas"}, "east": {"uv": [13.375, 13.25, 13.25, 13.375], "texture": "#voxels_atlas"}, "south": {"uv": [12.125, 13.375, 12.5, 13.5], "texture": "#voxels_atlas"}, "west": {"uv": [13.125, 13.125, 13.25, 13.25], "texture": "#voxels_atlas"}, "up": {"uv": [11.75, 13.5, 12.125, 13.375], "texture": "#voxels_atlas"}, "down": {"uv": [11.75, 13.5, 12.125, 13.625], "texture": "#voxels_atlas"} } }, { "name": "Voxels", "from": [8.375, 0.125, 5.875], "to": [8.75, 0.25, 6], "faces": { "north": {"uv": [13.25, 13.5, 12.875, 13.625], "texture": "#voxels_atlas"}, "east": {"uv": [13.625, 13.25, 13.5, 13.375], "texture": "#voxels_atlas"}, "south": {"uv": [12.875, 13.375, 13.25, 13.5], "texture": "#voxels_atlas"}, "west": {"uv": [13.375, 13.125, 13.5, 13.25], "texture": "#voxels_atlas"}, "up": {"uv": [12.5, 13.5, 12.875, 13.375], "texture": "#voxels_atlas"}, "down": {"uv": [12.5, 13.5, 12.875, 13.625], "texture": "#voxels_atlas"} } }, { "name": "Voxels", "from": [8.375, 0.25, 2.75], "to": [8.75, 0.375, 5.125], "faces": { "north": {"uv": [13.625, 13.5, 13.25, 13.625], "texture": "#voxels_atlas"}, "east": {"uv": [14.125, 13.875, 11.75, 14], "texture": "#voxels_atlas"}, "south": {"uv": [13.25, 13.375, 13.625, 13.5], "texture": "#voxels_atlas"}, "west": {"uv": [11.75, 13.75, 14.125, 13.875], "texture": "#voxels_atlas"}, "up": {"uv": [6, 13.125, 6.375, 10.75], "texture": "#voxels_atlas"}, "down": {"uv": [6, 8.375, 6.375, 10.75], "texture": "#voxels_atlas"} } }, { "name": "Voxels", "from": [8.375, 0.25, 5.5], "to": [8.75, 0.375, 5.875], "faces": { "north": {"uv": [14, 13.5, 13.625, 13.625], "texture": "#voxels_atlas"}, "east": {"uv": [14.375, 13.375, 14, 13.5], "texture": "#voxels_atlas"}, "south": {"uv": [13.625, 13.375, 14, 13.5], "texture": "#voxels_atlas"}, "west": {"uv": [14, 13.5, 14.375, 13.625], "texture": "#voxels_atlas"}, "up": {"uv": [15.25, 15.625, 15.625, 15.25], "texture": "#voxels_atlas"}, "down": {"uv": [14.875, 15.25, 15.25, 15.625], "texture": "#voxels_atlas"} } }, { "name": "Voxels", "from": [8.5, 0, 5.125], "to": [8.625, 0.125, 5.25], "faces": { "north": {"uv": [13.75, 13.125, 13.625, 13.25], "texture": "#voxels_atlas"}, "east": {"uv": [14, 13.25, 13.875, 13.375], "texture": "#voxels_atlas"}, "south": {"uv": [13.75, 13.25, 13.875, 13.375], "texture": "#voxels_atlas"}, "west": {"uv": [13.75, 13.125, 13.875, 13.25], "texture": "#voxels_atlas"}, "up": {"uv": [13.625, 13.375, 13.75, 13.25], "texture": "#voxels_atlas"}, "down": {"uv": [13.5, 13.125, 13.625, 13.25], "texture": "#voxels_atlas"} } }, { "name": "Voxels", "from": [8.5, 0, 5.375], "to": [8.625, 0.125, 5.5], "faces": { "north": {"uv": [14.125, 13.125, 14, 13.25], "texture": "#voxels_atlas"}, "east": {"uv": [14.375, 13.25, 14.25, 13.375], "texture": "#voxels_atlas"}, "south": {"uv": [14.125, 13.25, 14.25, 13.375], "texture": "#voxels_atlas"}, "west": {"uv": [14.125, 13.125, 14.25, 13.25], "texture": "#voxels_atlas"}, "up": {"uv": [14, 13.375, 14.125, 13.25], "texture": "#voxels_atlas"}, "down": {"uv": [13.875, 13.125, 14, 13.25], "texture": "#voxels_atlas"} } }, { "name": "Voxels", "from": [8.5, 0.25, 5.125], "to": [8.625, 0.375, 5.25], "faces": { "north": {"uv": [6, 8.125, 5.875, 8.25], "texture": "#voxels_atlas"}, "east": {"uv": [11.875, 13.125, 11.75, 13.25], "texture": "#voxels_atlas"}, "south": {"uv": [15.125, 13.625, 15.25, 13.75], "texture": "#voxels_atlas"}, "west": {"uv": [15.375, 13.375, 15.5, 13.5], "texture": "#voxels_atlas"}, "up": {"uv": [14.375, 13.375, 14.5, 13.25], "texture": "#voxels_atlas"}, "down": {"uv": [14.25, 13.125, 14.375, 13.25], "texture": "#voxels_atlas"} } }, { "name": "Voxels", "from": [8.5, 0.25, 5.375], "to": [8.625, 0.375, 5.5], "faces": { "north": {"uv": [12.125, 13.125, 12, 13.25], "texture": "#voxels_atlas"}, "east": {"uv": [12.375, 13.25, 12.25, 13.375], "texture": "#voxels_atlas"}, "south": {"uv": [12.125, 13.25, 12.25, 13.375], "texture": "#voxels_atlas"}, "west": {"uv": [12.125, 13.125, 12.25, 13.25], "texture": "#voxels_atlas"}, "up": {"uv": [12, 13.375, 12.125, 13.25], "texture": "#voxels_atlas"}, "down": {"uv": [11.875, 13.125, 12, 13.25], "texture": "#voxels_atlas"} } }, { "name": "Voxels", "from": [8.5, 0.25, 5.875], "to": [8.625, 0.375, 6], "faces": { "north": {"uv": [12.5, 13.125, 12.375, 13.25], "texture": "#voxels_atlas"}, "east": {"uv": [12.625, 13.125, 12.5, 13.25], "texture": "#voxels_atlas"}, "south": {"uv": [12.5, 13.25, 12.625, 13.375], "texture": "#voxels_atlas"}, "west": {"uv": [12.625, 13.25, 12.75, 13.375], "texture": "#voxels_atlas"}, "up": {"uv": [12.375, 13.375, 12.5, 13.25], "texture": "#voxels_atlas"}, "down": {"uv": [12.25, 13.125, 12.375, 13.25], "texture": "#voxels_atlas"} } }, { "name": "Voxels", "from": [8.625, 0.125, 2.625], "to": [8.75, 0.25, 2.75], "faces": { "north": {"uv": [12.875, 13.25, 12.75, 13.375], "texture": "#voxels_atlas"}, "east": {"uv": [13, 13.125, 12.875, 13.25], "texture": "#voxels_atlas"}, "south": {"uv": [12.625, 13.125, 12.75, 13.25], "texture": "#voxels_atlas"}, "west": {"uv": [13, 13.25, 13.125, 13.375], "texture": "#voxels_atlas"}, "up": {"uv": [12.75, 13.25, 12.875, 13.125], "texture": "#voxels_atlas"}, "down": {"uv": [12.875, 13.25, 13, 13.375], "texture": "#voxels_atlas"} } } ], "display": { "thirdperson_righthand": { "rotation": [166, 0, -180], "translation": [0.3, 3.75, -3], "scale": [0.5917, 0.5917, 0.5917] }, "thirdperson_lefthand": { "rotation": [166, 0, -180], "translation": [-0.3, 3.75, -3], "scale": [0.5917, 0.5917, 0.5917] }, "firstperson_righthand": { "rotation": [93, 8, 24], "translation": [1.1793, -0.144, 1.4763] }, "firstperson_lefthand": { "rotation": [93, 0, 27], "translation": [2.6277, 0.5779, 1.2065] }, "ground": { "translation": [0, 3.3526, 0.6956], "scale": [0.7387, 0.7387, 0.7387] }, "gui": { "rotation": [90, 0, 0], "translation": [-0.7, -2.086, -3.989], "scale": [1.5993, 1.5993, 1.5993] }, "head": { "rotation": [90, 0, -180], "translation": [-2.627, -15.36, -11.5] }, "fixed": { "rotation": [-90, -180, 0], "translation": [0, 0, -6] } } }