{ "credit": "Made with Blockbench", "textures": { "0": "block/hypnoglasses" }, "elements": [ { "from": [5.8424, 5.14122, 11.26313], "to": [5.9424, 5.24122, 11.46313], "rotation": {"angle": -22.5, "axis": "x", "origin": [5.8924, 5.19122, 11.26313]}, "faces": { "north": {"uv": [4, 13.5, 6, 15.5], "texture": "#0"}, "east": {"uv": [15, 13.5, 15.5, 15.5], "texture": "#0"}, "south": {"uv": [4, 13.5, 6, 15.5], "texture": "#0"}, "west": {"uv": [4, 13.5, 6, 15.5], "texture": "#0"}, "up": {"uv": [4, 13.5, 6, 15.5], "texture": "#0"}, "down": {"uv": [4, 13.5, 6, 15.5], "texture": "#0"} } }, { "from": [5.8424, 5.00234, 10.79724], "to": [5.9424, 5.10234, 10.99724], "rotation": {"angle": -22.5, "axis": "x", "origin": [5.8924, 5.13741, 10.93248]}, "faces": { "north": {"uv": [4, 13.5, 6, 15.5], "rotation": 180, "texture": "#0"}, "east": {"uv": [15, 13.5, 15.5, 15.5], "rotation": 180, "texture": "#0"}, "south": {"uv": [4, 13.5, 6, 15.5], "rotation": 180, "texture": "#0"}, "west": {"uv": [4, 13.5, 6, 15.5], "rotation": 180, "texture": "#0"}, "up": {"uv": [4, 13.5, 6, 15.5], "rotation": 180, "texture": "#0"}, "down": {"uv": [4, 13.5, 6, 15.5], "rotation": 180, "texture": "#0"} } }, { "from": [5.8424, 5.0336, 11.26313], "to": [5.9424, 5.1336, 11.46313], "rotation": {"angle": 22.5, "axis": "x", "origin": [5.8924, 5.0836, 11.26313]}, "faces": { "north": {"uv": [4, 13.5, 6, 15.5], "texture": "#0"}, "east": {"uv": [15, 13.5, 15.5, 15.5], "texture": "#0"}, "south": {"uv": [4, 13.5, 6, 15.5], "texture": "#0"}, "west": {"uv": [4, 13.5, 6, 15.5], "texture": "#0"}, "up": {"uv": [4, 13.5, 6, 15.5], "texture": "#0"}, "down": {"uv": [4, 13.5, 6, 15.5], "texture": "#0"} } }, { "from": [5.8424, 5.17248, 10.79724], "to": [5.9424, 5.27248, 10.99724], "rotation": {"angle": 22.5, "axis": "x", "origin": [5.8924, 5.13741, 10.93248]}, "faces": { "north": {"uv": [4, 13.5, 6, 15.5], "rotation": 180, "texture": "#0"}, "east": {"uv": [15, 13.5, 15.5, 15.5], "rotation": 180, "texture": "#0"}, "south": {"uv": [4, 13.5, 6, 15.5], "rotation": 180, "texture": "#0"}, "west": {"uv": [4, 13.5, 6, 15.5], "rotation": 180, "texture": "#0"}, "up": {"uv": [4, 13.5, 6, 15.5], "rotation": 180, "texture": "#0"}, "down": {"uv": [4, 13.5, 6, 15.5], "rotation": 180, "texture": "#0"} } }, { "from": [5.8424, 5.03741, 10.944], "to": [5.9424, 5.23741, 11.344], "rotation": {"angle": 0, "axis": "y", "origin": [5.8924, 5.08741, 11.094]}, "faces": { "north": {"uv": [15, 13.5, 15.5, 15.5], "rotation": 270, "texture": "#0"}, "east": {"uv": [15, 13.5, 15.5, 15.5], "rotation": 270, "texture": "#0"}, "south": {"uv": [15, 13.5, 15.5, 15.5], "rotation": 270, "texture": "#0"}, "west": {"uv": [15, 13.5, 15.5, 15.5], "rotation": 270, "texture": "#0"}, "up": {"uv": [15, 13.5, 15.5, 15.5], "rotation": 270, "texture": "#0"}, "down": {"uv": [15, 13.5, 15.5, 15.5], "rotation": 270, "texture": "#0"} } }, { "from": [3.1576, 5.13741, 8.844], "to": [4.7576, 5.23741, 8.894], "rotation": {"angle": 0, "axis": "y", "origin": [11.7576, 12.23741, 16.744]}, "faces": { "north": {"uv": [15, 13.5, 15.5, 15.5], "texture": "#0"}, "east": {"uv": [15, 13.5, 15.5, 15.5], "texture": "#0"}, "south": {"uv": [15, 13.5, 15.5, 15.5], "texture": "#0"}, "west": {"uv": [15, 13.5, 15.5, 15.5], "texture": "#0"}, "up": {"uv": [15, 13.5, 15.5, 15.5], "texture": "#0"}, "down": {"uv": [15, 13.5, 15.5, 15.5], "texture": "#0"} } }, { "from": [3.08054, 5.12208, 8.844], "to": [3.18054, 5.22208, 8.894], "rotation": {"angle": 22.5, "axis": "z", "origin": [3.13054, 5.17208, 8.869]}, "faces": { "north": {"uv": [15, 13.5, 15.5, 15.5], "texture": "#0"}, "east": {"uv": [15, 13.5, 15.5, 15.5], "texture": "#0"}, "south": {"uv": [15, 13.5, 15.5, 15.5], "texture": "#0"}, "west": {"uv": [15, 13.5, 15.5, 15.5], "texture": "#0"}, "up": {"uv": [15, 13.5, 15.5, 15.5], "texture": "#0"}, "down": {"uv": [15, 13.5, 15.5, 15.5], "texture": "#0"} } }, { "from": [3.01521, 5.07843, 8.844], "to": [3.11521, 5.17843, 8.894], "rotation": {"angle": 45, "axis": "z", "origin": [3.06521, 5.12843, 8.869]}, "faces": { "north": {"uv": [15, 13.5, 15.5, 15.5], "texture": "#0"}, "east": {"uv": [15, 13.5, 15.5, 15.5], "texture": "#0"}, "south": {"uv": [15, 13.5, 15.5, 15.5], "texture": "#0"}, "west": {"uv": [15, 13.5, 15.5, 15.5], "texture": "#0"}, "up": {"uv": [15, 13.5, 15.5, 15.5], "texture": "#0"}, "down": {"uv": [15, 13.5, 15.5, 15.5], "texture": "#0"} } }, { "from": [2.97156, 4.7131, 8.844], "to": [3.07156, 5.1131, 8.894], "rotation": {"angle": -22.5, "axis": "z", "origin": [3.02156, 5.0631, 8.869]}, "faces": { "north": {"uv": [15, 13.5, 15.5, 15.5], "rotation": 90, "texture": "#0"}, "east": {"uv": [15, 13.5, 15.5, 15.5], "rotation": 90, "texture": "#0"}, "south": {"uv": [15, 13.5, 15.5, 15.5], "rotation": 90, "texture": "#0"}, "west": {"uv": [15, 13.5, 15.5, 15.5], "rotation": 90, "texture": "#0"}, "up": {"uv": [15, 13.5, 15.5, 15.5], "rotation": 90, "texture": "#0"}, "down": {"uv": [15, 13.5, 15.5, 15.5], "rotation": 90, "texture": "#0"} } }, { "from": [4.7576, 5.03741, 8.844], "to": [5.7576, 5.23741, 8.894], "rotation": {"angle": 0, "axis": "y", "origin": [12.7576, 12.23741, 16.744]}, "faces": { "north": {"uv": [15, 13.5, 15.5, 15.5], "texture": "#0"}, "east": {"uv": [15, 13.5, 15.5, 15.5], "texture": "#0"}, "south": {"uv": [15, 13.5, 15.5, 15.5], "texture": "#0"}, "west": {"uv": [15, 13.5, 15.5, 15.5], "texture": "#0"}, "up": {"uv": [15, 13.5, 15.5, 15.5], "texture": "#0"}, "down": {"uv": [15, 13.5, 15.5, 15.5], "texture": "#0"} } }, { "from": [3.2, 5.15, 13.4], "to": [4.8, 5.25, 13.45], "rotation": {"angle": 0, "axis": "y", "origin": [11.8, 12.25, 21.3]}, "faces": { "north": {"uv": [15, 13.5, 15.5, 15.5], "texture": "#0"}, "east": {"uv": [15, 13.5, 15.5, 15.5], "texture": "#0"}, "south": {"uv": [15, 13.5, 15.5, 15.5], "texture": "#0"}, "west": {"uv": [15, 13.5, 15.5, 15.5], "texture": "#0"}, "up": {"uv": [15, 13.5, 15.5, 15.5], "texture": "#0"}, "down": {"uv": [15, 13.5, 15.5, 15.5], "texture": "#0"} } }, { "from": [3.12294, 5.13467, 13.4], "to": [3.22294, 5.23467, 13.45], "rotation": {"angle": 22.5, "axis": "z", "origin": [3.17294, 5.18467, 13.425]}, "faces": { "north": {"uv": [15, 13.5, 15.5, 15.5], "texture": "#0"}, "east": {"uv": [15, 13.5, 15.5, 15.5], "texture": "#0"}, "south": {"uv": [15, 13.5, 15.5, 15.5], "texture": "#0"}, "west": {"uv": [15, 13.5, 15.5, 15.5], "texture": "#0"}, "up": {"uv": [15, 13.5, 15.5, 15.5], "texture": "#0"}, "down": {"uv": [15, 13.5, 15.5, 15.5], "texture": "#0"} } }, { "from": [3.05761, 5.09102, 13.4], "to": [3.15761, 5.19102, 13.45], "rotation": {"angle": 45, "axis": "z", "origin": [3.10761, 5.14102, 13.425]}, "faces": { "north": {"uv": [15, 13.5, 15.5, 15.5], "texture": "#0"}, "east": {"uv": [15, 13.5, 15.5, 15.5], "texture": "#0"}, "south": {"uv": [15, 13.5, 15.5, 15.5], "texture": "#0"}, "west": {"uv": [15, 13.5, 15.5, 15.5], "texture": "#0"}, "up": {"uv": [15, 13.5, 15.5, 15.5], "texture": "#0"}, "down": {"uv": [15, 13.5, 15.5, 15.5], "texture": "#0"} } }, { "from": [3.01396, 4.72569, 13.4], "to": [3.11396, 5.12569, 13.45], "rotation": {"angle": -22.5, "axis": "z", "origin": [3.06396, 5.07569, 13.425]}, "faces": { "north": {"uv": [15, 13.5, 15.5, 15.5], "rotation": 90, "texture": "#0"}, "east": {"uv": [15, 13.5, 15.5, 15.5], "rotation": 90, "texture": "#0"}, "south": {"uv": [15, 13.5, 15.5, 15.5], "rotation": 90, "texture": "#0"}, "west": {"uv": [15, 13.5, 15.5, 15.5], "rotation": 90, "texture": "#0"}, "up": {"uv": [15, 13.5, 15.5, 15.5], "rotation": 90, "texture": "#0"}, "down": {"uv": [15, 13.5, 15.5, 15.5], "rotation": 90, "texture": "#0"} } }, { "from": [4.8, 5.05, 13.4], "to": [5.8, 5.25, 13.45], "rotation": {"angle": 0, "axis": "y", "origin": [12.8, 12.25, 21.3]}, "faces": { "north": {"uv": [15, 13.5, 15.5, 15.5], "texture": "#0"}, "east": {"uv": [15, 13.5, 15.5, 15.5], "texture": "#0"}, "south": {"uv": [15, 13.5, 15.5, 15.5], "texture": "#0"}, "west": {"uv": [15, 13.5, 15.5, 15.5], "texture": "#0"}, "up": {"uv": [15, 13.5, 15.5, 15.5], "texture": "#0"}, "down": {"uv": [15, 13.5, 15.5, 15.5], "texture": "#0"} } }, { "name": "octagon", "from": [5.7576, 4.66259, 11.344], "to": [5.9424, 5.53741, 11.5552], "rotation": {"angle": 45, "axis": "x", "origin": [5.85, 5.1, 12.4]}, "faces": { "north": {"uv": [15, 13.5, 15.5, 15.5], "rotation": 90, "texture": "#0"}, "east": {"uv": [15, 13.5, 15.5, 15.5], "rotation": 90, "texture": "#0"}, "south": {"uv": [15, 13.5, 15.5, 15.5], "rotation": 90, "texture": "#0"}, "west": {"uv": [15, 13.5, 15.5, 15.5], "rotation": 90, "texture": "#0"}, "up": {"uv": [15, 13.5, 15.5, 15.5], "rotation": 90, "texture": "#0"}, "down": {"uv": [15, 13.5, 15.5, 15.5], "rotation": 90, "texture": "#0"} } }, { "name": "octagon", "from": [5.7576, 4.66259, 8.844], "to": [5.9424, 5.53741, 9.0552], "rotation": {"angle": 45, "axis": "x", "origin": [5.85, 5.1, 9.9]}, "faces": { "north": {"uv": [15, 13.5, 15.5, 15.5], "rotation": 90, "texture": "#0"}, "east": {"uv": [15, 13.5, 15.5, 15.5], "rotation": 90, "texture": "#0"}, "south": {"uv": [15, 13.5, 15.5, 15.5], "rotation": 90, "texture": "#0"}, "west": {"uv": [15, 13.5, 15.5, 15.5], "rotation": 90, "texture": "#0"}, "up": {"uv": [15, 13.5, 15.5, 15.5], "rotation": 90, "texture": "#0"}, "down": {"uv": [15, 13.5, 15.5, 15.5], "rotation": 90, "texture": "#0"} } }, { "name": "octagon", "from": [5.7576, 4.66259, 11.344], "to": [5.9424, 5.53741, 11.5552], "rotation": {"angle": 0, "axis": "y", "origin": [5.85, 5.1, 12.4]}, "faces": { "north": {"uv": [15, 13.5, 15.5, 15.5], "rotation": 90, "texture": "#0"}, "east": {"uv": [15, 13.5, 15.5, 15.5], "rotation": 90, "texture": "#0"}, "south": {"uv": [15, 13.5, 15.5, 15.5], "rotation": 90, "texture": "#0"}, "west": {"uv": [15, 13.5, 15.5, 15.5], "rotation": 90, "texture": "#0"}, "up": {"uv": [15, 13.5, 15.5, 15.5], "rotation": 90, "texture": "#0"}, "down": {"uv": [15, 13.5, 15.5, 15.5], "rotation": 90, "texture": "#0"} } }, { "name": "octagon", "from": [5.7576, 4.66259, 8.844], "to": [5.9424, 5.53741, 9.0552], "rotation": {"angle": 0, "axis": "y", "origin": [5.85, 5.1, 9.9]}, "faces": { "north": {"uv": [15, 13.5, 15.5, 15.5], "rotation": 90, "texture": "#0"}, "east": {"uv": [15, 13.5, 15.5, 15.5], "rotation": 90, "texture": "#0"}, "south": {"uv": [15, 13.5, 15.5, 15.5], "rotation": 90, "texture": "#0"}, "west": {"uv": [15, 13.5, 15.5, 15.5], "rotation": 90, "texture": "#0"}, "up": {"uv": [15, 13.5, 15.5, 15.5], "rotation": 90, "texture": "#0"}, "down": {"uv": [15, 13.5, 15.5, 15.5], "rotation": 90, "texture": "#0"} } }, { "name": "octagon", "from": [5.7576, 4.66259, 13.2448], "to": [5.9424, 5.53741, 13.456], "rotation": {"angle": 45, "axis": "x", "origin": [5.85, 5.1, 12.4]}, "faces": { "north": {"uv": [15, 13.5, 15.5, 15.5], "rotation": 90, "texture": "#0"}, "east": {"uv": [15, 13.5, 15.5, 15.5], "rotation": 90, "texture": "#0"}, "south": {"uv": [15, 13.5, 15.5, 15.5], "rotation": 90, "texture": "#0"}, "west": {"uv": [15, 13.5, 15.5, 15.5], "rotation": 90, "texture": "#0"}, "up": {"uv": [15, 13.5, 15.5, 15.5], "rotation": 90, "texture": "#0"}, "down": {"uv": [15, 13.5, 15.5, 15.5], "rotation": 90, "texture": "#0"} } }, { "name": "octagon", "from": [5.7576, 4.66259, 10.7448], "to": [5.9424, 5.53741, 10.956], "rotation": {"angle": 45, "axis": "x", "origin": [5.85, 5.1, 9.9]}, "faces": { "north": {"uv": [15, 13.5, 15.5, 15.5], "rotation": 90, "texture": "#0"}, "east": {"uv": [15, 13.5, 15.5, 15.5], "rotation": 90, "texture": "#0"}, "south": {"uv": [15, 13.5, 15.5, 15.5], "rotation": 90, "texture": "#0"}, "west": {"uv": [15, 13.5, 15.5, 15.5], "rotation": 90, "texture": "#0"}, "up": {"uv": [15, 13.5, 15.5, 15.5], "rotation": 90, "texture": "#0"}, "down": {"uv": [15, 13.5, 15.5, 15.5], "rotation": 90, "texture": "#0"} } }, { "name": "octagon", "from": [5.7576, 4.66259, 13.2448], "to": [5.9424, 5.53741, 13.456], "rotation": {"angle": 0, "axis": "y", "origin": [5.85, 5.1, 12.4]}, "faces": { "north": {"uv": [15, 13.5, 15.5, 15.5], "rotation": 90, "texture": "#0"}, "east": {"uv": [15, 13.5, 15.5, 15.5], "rotation": 90, "texture": "#0"}, "south": {"uv": [15, 13.5, 15.5, 15.5], "rotation": 90, "texture": "#0"}, "west": {"uv": [15, 13.5, 15.5, 15.5], "rotation": 90, "texture": "#0"}, "up": {"uv": [15, 13.5, 15.5, 15.5], "rotation": 90, "texture": "#0"}, "down": {"uv": [15, 13.5, 15.5, 15.5], "rotation": 90, "texture": "#0"} } }, { "name": "octagon", "from": [5.7576, 4.66259, 10.7448], "to": [5.9424, 5.53741, 10.956], "rotation": {"angle": 0, "axis": "y", "origin": [5.85, 5.1, 9.9]}, "faces": { "north": {"uv": [15, 13.5, 15.5, 15.5], "rotation": 90, "texture": "#0"}, "east": {"uv": [15, 13.5, 15.5, 15.5], "rotation": 90, "texture": "#0"}, "south": {"uv": [15, 13.5, 15.5, 15.5], "rotation": 90, "texture": "#0"}, "west": {"uv": [15, 13.5, 15.5, 15.5], "rotation": 90, "texture": "#0"}, "up": {"uv": [15, 13.5, 15.5, 15.5], "rotation": 90, "texture": "#0"}, "down": {"uv": [15, 13.5, 15.5, 15.5], "rotation": 90, "texture": "#0"} } }, { "name": "octagon", "from": [5.7576, 5.66643, 12.63462], "to": [5.9424, 5.87763, 13.50944], "rotation": {"angle": 45, "axis": "x", "origin": [5.85, 5.77203, 13.07203]}, "faces": { "north": {"uv": [15, 13.5, 15.5, 15.5], "rotation": 90, "texture": "#0"}, "east": {"uv": [15, 13.5, 15.5, 15.5], "rotation": 90, "texture": "#0"}, "south": {"uv": [15, 13.5, 15.5, 15.5], "rotation": 90, "texture": "#0"}, "west": {"uv": [15, 13.5, 15.5, 15.5], "rotation": 90, "texture": "#0"}, "up": {"uv": [15, 13.5, 15.5, 15.5], "rotation": 90, "texture": "#0"}, "down": {"uv": [15, 13.5, 15.5, 15.5], "rotation": 90, "texture": "#0"} } }, { "name": "octagon", "from": [5.7576, 5.9448, 9.46259], "to": [5.9424, 6.156, 10.33741], "rotation": {"angle": 45, "axis": "x", "origin": [5.85, 5.1, 9.9]}, "faces": { "north": {"uv": [15, 13.5, 15.5, 15.5], "rotation": 90, "texture": "#0"}, "east": {"uv": [15, 13.5, 15.5, 15.5], "rotation": 90, "texture": "#0"}, "south": {"uv": [15, 13.5, 15.5, 15.5], "rotation": 90, "texture": "#0"}, "west": {"uv": [15, 13.5, 15.5, 15.5], "rotation": 90, "texture": "#0"}, "up": {"uv": [15, 13.5, 15.5, 15.5], "rotation": 90, "texture": "#0"}, "down": {"uv": [15, 13.5, 15.5, 15.5], "rotation": 90, "texture": "#0"} } }, { "name": "octagon", "from": [5.7576, 5.9448, 11.96259], "to": [5.9424, 6.156, 12.83741], "rotation": {"angle": 0, "axis": "y", "origin": [5.85, 5.1, 12.4]}, "faces": { "north": {"uv": [15, 13.5, 15.5, 15.5], "rotation": 90, "texture": "#0"}, "east": {"uv": [15, 13.5, 15.5, 15.5], "rotation": 90, "texture": "#0"}, "south": {"uv": [15, 13.5, 15.5, 15.5], "rotation": 90, "texture": "#0"}, "west": {"uv": [15, 13.5, 15.5, 15.5], "rotation": 90, "texture": "#0"}, "up": {"uv": [15, 13.5, 15.5, 15.5], "rotation": 90, "texture": "#0"}, "down": {"uv": [15, 13.5, 15.5, 15.5], "rotation": 90, "texture": "#0"} } }, { "name": "octagon", "from": [5.8576, 3.9448, 11.26259], "to": [5.8576, 6.156, 13.43741], "rotation": {"angle": 0, "axis": "y", "origin": [5.85, 5.1, 12.4]}, "faces": { "north": {"uv": [0, 0, 0.5, 2], "rotation": 90, "texture": "#0"}, "east": {"uv": [2, 1.5, 13.5, 13.5], "rotation": 90, "texture": "#0"}, "south": {"uv": [0, 0, 0.5, 2], "rotation": 90, "texture": "#0"}, "west": {"uv": [0, 1.5, 0.5, 3.5], "rotation": 90, "texture": "#0"}, "up": {"uv": [0, 0, 0.5, 2], "rotation": 90, "texture": "#0"}, "down": {"uv": [0, 0, 0.5, 2], "rotation": 90, "texture": "#0"} } }, { "name": "octagon", "from": [5.8576, 4.0448, 8.86259], "to": [5.8576, 6.256, 11.03741], "rotation": {"angle": 0, "axis": "x", "origin": [5.8576, 5.0504, 9.85]}, "faces": { "north": {"uv": [0, 0, 0.5, 2], "rotation": 270, "texture": "#0"}, "east": {"uv": [2, 1.5, 13.5, 13.5], "rotation": 270, "texture": "#0"}, "south": {"uv": [0, 0, 0.5, 2], "rotation": 270, "texture": "#0"}, "west": {"uv": [0, 1, 0.5, 3], "rotation": 270, "texture": "#0"}, "up": {"uv": [0, 0, 0.5, 2], "rotation": 90, "texture": "#0"}, "down": {"uv": [0, 0, 0.5, 2], "rotation": 90, "texture": "#0"} } }, { "name": "octagon", "from": [5.7576, 5.9448, 9.46259], "to": [5.9424, 6.156, 10.33741], "rotation": {"angle": 0, "axis": "y", "origin": [5.85, 5.1, 9.9]}, "faces": { "north": {"uv": [15, 13.5, 15.5, 15.5], "rotation": 90, "texture": "#0"}, "east": {"uv": [15, 13.5, 15.5, 15.5], "rotation": 90, "texture": "#0"}, "south": {"uv": [15, 13.5, 15.5, 15.5], "rotation": 90, "texture": "#0"}, "west": {"uv": [15, 13.5, 15.5, 15.5], "rotation": 90, "texture": "#0"}, "up": {"uv": [15, 13.5, 15.5, 15.5], "rotation": 90, "texture": "#0"}, "down": {"uv": [15, 13.5, 15.5, 15.5], "rotation": 90, "texture": "#0"} } }, { "name": "octagon", "from": [5.7576, 4.044, 11.96259], "to": [5.9424, 4.2552, 12.83741], "rotation": {"angle": 45, "axis": "x", "origin": [5.85, 5.1, 12.4]}, "faces": { "north": {"uv": [15, 13.5, 15.5, 15.5], "rotation": 90, "texture": "#0"}, "east": {"uv": [15, 13.5, 15.5, 15.5], "rotation": 90, "texture": "#0"}, "south": {"uv": [15, 13.5, 15.5, 15.5], "rotation": 90, "texture": "#0"}, "west": {"uv": [15, 13.5, 15.5, 15.5], "rotation": 90, "texture": "#0"}, "up": {"uv": [15, 13.5, 15.5, 15.5], "rotation": 90, "texture": "#0"}, "down": {"uv": [15, 13.5, 15.5, 15.5], "rotation": 90, "texture": "#0"} } }, { "name": "octagon", "from": [5.7576, 4.044, 9.46259], "to": [5.9424, 4.2552, 10.33741], "rotation": {"angle": 45, "axis": "x", "origin": [5.85, 5.1, 9.9]}, "faces": { "north": {"uv": [15, 13.5, 15.5, 15.5], "rotation": 90, "texture": "#0"}, "east": {"uv": [15, 13.5, 15.5, 15.5], "rotation": 90, "texture": "#0"}, "south": {"uv": [15, 13.5, 15.5, 15.5], "rotation": 90, "texture": "#0"}, "west": {"uv": [15, 13.5, 15.5, 15.5], "rotation": 90, "texture": "#0"}, "up": {"uv": [15, 13.5, 15.5, 15.5], "rotation": 90, "texture": "#0"}, "down": {"uv": [15, 13.5, 15.5, 15.5], "rotation": 90, "texture": "#0"} } }, { "name": "octagon", "from": [5.7576, 4.044, 11.96259], "to": [5.9424, 4.2552, 12.83741], "rotation": {"angle": 0, "axis": "y", "origin": [5.85, 5.1, 12.4]}, "faces": { "north": {"uv": [15, 13.5, 15.5, 15.5], "rotation": 90, "texture": "#0"}, "east": {"uv": [15, 13.5, 15.5, 15.5], "rotation": 90, "texture": "#0"}, "south": {"uv": [15, 13.5, 15.5, 15.5], "rotation": 90, "texture": "#0"}, "west": {"uv": [15, 13.5, 15.5, 15.5], "rotation": 90, "texture": "#0"}, "up": {"uv": [15, 13.5, 15.5, 15.5], "rotation": 90, "texture": "#0"}, "down": {"uv": [15, 13.5, 15.5, 15.5], "rotation": 90, "texture": "#0"} } }, { "name": "octagon", "from": [5.7576, 4.044, 9.46259], "to": [5.9424, 4.2552, 10.33741], "rotation": {"angle": 0, "axis": "y", "origin": [5.85, 5.1, 9.9]}, "faces": { "north": {"uv": [15, 13.5, 15.5, 15.5], "rotation": 90, "texture": "#0"}, "east": {"uv": [15, 13.5, 15.5, 15.5], "rotation": 90, "texture": "#0"}, "south": {"uv": [15, 13.5, 15.5, 15.5], "rotation": 90, "texture": "#0"}, "west": {"uv": [15, 13.5, 15.5, 15.5], "rotation": 90, "texture": "#0"}, "up": {"uv": [15, 13.5, 15.5, 15.5], "rotation": 90, "texture": "#0"}, "down": {"uv": [15, 13.5, 15.5, 15.5], "rotation": 90, "texture": "#0"} } } ], "display": { "thirdperson_righthand": { "rotation": [102, 103, -47], "translation": [-4.75, 2.5, 0] }, "thirdperson_lefthand": { "rotation": [17, -86, -47], "translation": [2.5, 3.5, 1] }, "firstperson_righthand": { "rotation": [0, 98, -3], "translation": [-7, 7.5, 2.5] }, "firstperson_lefthand": { "rotation": [0, -68, -3], "translation": [-1, 6.75, 0.5] }, "ground": { "translation": [7, 6, -6.5], "scale": [2.39, 2.36, 2.33] }, "gui": { "rotation": [30.25, -52, 4], "translation": [13.5, 8.25, 0], "scale": [2.97, 3.14, 2.83] }, "head": { "rotation": [0, 91, 0], "translation": [-9.25, 4.75, -13.25], "scale": [2.78, 2.72, 2.92] }, "fixed": { "rotation": [0, 91, -78], "translation": [-9.25, -6.25, -10.75], "scale": [2.78, 2.75, 2.78] } }, "groups": [ { "name": "rim", "origin": [8, 8, 8], "color": 0, "children": [] }, { "name": "group", "origin": [4.85, 4.88446, 10.72325], "color": 0, "children": [0, 1, 2, 3, 4] }, { "name": "group", "origin": [8, 8, 8], "color": 0, "children": [5, 6, 7, 8, 9] }, { "name": "group", "origin": [8, 8, 8], "color": 0, "children": [10, 11, 12, 13, 14] }, { "name": "octagon", "origin": [8, 8, 8], "color": 0, "children": [15, 16, 17, 18, 19, 20, 21, 22, 23, 24, 25, 26, 27, 28, 29, 30, 31, 32] }, { "name": "octagon", "origin": [8, 8, 8], "color": 0, "children": [] }, { "name": "octagon", "origin": [8, 8, 8], "color": 0, "children": [] }, { "name": "octagon", "origin": [8, 8, 8], "color": 0, "children": [] } ] }