{ "credit": "Made with Blockbench", "textures": { "1": "block/jasonballisticmask", "particle": "block/jasonballisticmask" }, "elements": [ { "from": [0.5, -3.5, -0.5], "to": [15.5, -2.5, 1], "faces": { "north": {"uv": [0.5, 15, 15.5, 16], "texture": "#1"}, "east": {"uv": [0.5, 15, 1, 16], "texture": "#1"}, "west": {"uv": [15, 15, 15.5, 16], "texture": "#1"}, "down": {"uv": [0.5, 15.5, 15.5, 16], "texture": "#1"} } }, { "from": [1.5, -4, -0.5], "to": [14.5, -3.5, 1], "faces": { "north": {"uv": [9.5, 7.5, 16, 8], "texture": "#1"}, "east": {"uv": [9.5, 7.5, 10, 8], "texture": "#1"}, "west": {"uv": [15.5, 7.5, 16, 8], "texture": "#1"}, "down": {"uv": [9.5, 7.5, 16, 8], "texture": "#1"} } }, { "from": [3, -4.5, -0.5], "to": [13, -4, 1], "faces": { "north": {"uv": [9.5, 8, 14.5, 8.5], "texture": "#1"}, "east": {"uv": [9.5, 8, 10, 8.5], "texture": "#1"}, "west": {"uv": [14, 8, 14.5, 8.5], "texture": "#1"}, "down": {"uv": [9.5, 8, 14.5, 8.5], "texture": "#1"} } }, { "from": [0, 5.5, -0.5], "to": [16, 10.5, 1], "faces": { "north": {"uv": [0, 2, 16, 7], "texture": "#1"}, "east": {"uv": [0, 2, 0.5, 7], "texture": "#1"}, "west": {"uv": [15.5, 2, 16, 7], "texture": "#1"}, "up": {"uv": [0, 2, 16, 2.5], "texture": "#1"}, "down": {"uv": [0, 6.5, 16, 7], "texture": "#1"} } }, { "from": [0.5, 10.5, -0.5], "to": [15.5, 11.5, 1], "faces": { "north": {"uv": [0.5, 1, 15.5, 2], "texture": "#1"}, "east": {"uv": [0.5, 1, 1, 2], "texture": "#1"}, "west": {"uv": [15, 1, 15.5, 2], "texture": "#1"}, "up": {"uv": [0.5, 1, 15.5, 1.5], "texture": "#1"} } }, { "from": [3, 12, -0.5], "to": [13, 12.5, 1], "rotation": {"angle": 0, "axis": "y", "origin": [0, 16, 0]}, "faces": { "north": {"uv": [3, 0, 13, 0.5], "texture": "#1"}, "east": {"uv": [3, 0, 3.5, 0.5], "texture": "#1"}, "west": {"uv": [12.5, 0, 13, 0.5], "texture": "#1"}, "up": {"uv": [3, 0, 13, 0.5], "texture": "#1"} } }, { "from": [1.5, 11.5, -0.5], "to": [14.5, 12, 1], "rotation": {"angle": 0, "axis": "y", "origin": [0, 16, 0]}, "faces": { "north": {"uv": [1.5, 0.5, 14.5, 1], "texture": "#1"}, "east": {"uv": [1.5, 0.5, 2, 1], "texture": "#1"}, "west": {"uv": [14, 0.5, 14.5, 1], "texture": "#1"}, "up": {"uv": [1.5, 0.5, 14.5, 1], "texture": "#1"} } }, { "from": [3, -5, 0], "to": [13, -3.5, 1], "faces": { "north": {"uv": [0, 0, 0.5, 0.5], "texture": "#1"}, "east": {"uv": [0, 0, 0.5, 0.5], "texture": "#1"}, "south": {"uv": [0, 0, 0.5, 0.5], "texture": "#1"}, "west": {"uv": [0, 0, 0.5, 0.5], "texture": "#1"}, "up": {"uv": [0, 0, 0.5, 0.5], "texture": "#1"}, "down": {"uv": [0, 0, 0.5, 0.5], "texture": "#1"} } }, { "from": [3, 10.5, 0], "to": [13, 13, 1], "rotation": {"angle": 0, "axis": "y", "origin": [0, 16, 0]}, "faces": { "north": {"uv": [0, 0, 0.5, 0.5], "texture": "#1"}, "east": {"uv": [0, 0, 0.5, 0.5], "texture": "#1"}, "south": {"uv": [0, 0, 0.5, 0.5], "texture": "#1"}, "west": {"uv": [0, 0, 0.5, 0.5], "texture": "#1"}, "up": {"uv": [0, 0, 0.5, 0.5], "texture": "#1"}, "down": {"uv": [0, 0, 0.5, 0.5], "texture": "#1"} } }, { "from": [1.5, -4.5, 0], "to": [14.5, 12.5, 1], "rotation": {"angle": 0, "axis": "y", "origin": [0, 16, 0]}, "faces": { "north": {"uv": [0, 0, 0.5, 0.5], "texture": "#1"}, "east": {"uv": [0, 0, 0.5, 0.5], "texture": "#1"}, "south": {"uv": [0, 0, 0.5, 0.5], "texture": "#1"}, "west": {"uv": [0, 0, 0.5, 0.5], "texture": "#1"}, "up": {"uv": [0, 0, 0.5, 0.5], "texture": "#1"}, "down": {"uv": [0, 0, 0.5, 0.5], "texture": "#1"} } }, { "from": [0.5, -4, 0], "to": [15.5, 12, 1], "faces": { "north": {"uv": [0, 0, 0.5, 0.5], "texture": "#1"}, "east": {"uv": [0, 0, 0.5, 0.5], "texture": "#1"}, "south": {"uv": [0, 0, 0.5, 0.5], "texture": "#1"}, "west": {"uv": [0, 0, 0.5, 0.5], "texture": "#1"}, "up": {"uv": [0, 0, 0.5, 0.5], "texture": "#1"}, "down": {"uv": [0, 0, 0.5, 0.5], "texture": "#1"} } }, { "from": [0, -3.5, 0], "to": [16, 11.5, 1], "faces": { "north": {"uv": [0, 0, 0.5, 0.5], "texture": "#1"}, "east": {"uv": [0, 0, 0.5, 0.5], "texture": "#1"}, "south": {"uv": [0, 0, 0.5, 0.5], "texture": "#1"}, "west": {"uv": [0, 0, 0.5, 0.5], "texture": "#1"}, "up": {"uv": [0, 0, 0.5, 0.5], "texture": "#1"}, "down": {"uv": [0, 0, 0.5, 0.5], "texture": "#1"} } }, { "from": [-0.5, -2.5, 0], "to": [16.5, 10.5, 1], "faces": { "north": {"uv": [0, 0, 0.5, 0.5], "texture": "#1"}, "east": {"uv": [0, 0, 0.5, 0.5], "texture": "#1"}, "south": {"uv": [0, 0, 0.5, 0.5], "texture": "#1"}, "west": {"uv": [0, 0, 0.5, 0.5], "texture": "#1"}, "up": {"uv": [0, 0, 0.5, 0.5], "texture": "#1"}, "down": {"uv": [0, 0, 0.5, 0.5], "texture": "#1"} } }, { "from": [-0.5, -3, 1], "to": [16.5, 11, 2], "faces": { "north": {"uv": [0.5, 0, 1, 0.5], "texture": "#1"}, "east": {"uv": [0.5, 0, 1, 0.5], "texture": "#1"}, "south": {"uv": [0.5, 0, 1, 0.5], "texture": "#1"}, "west": {"uv": [0.5, 0, 1, 0.5], "texture": "#1"}, "up": {"uv": [0.5, 0, 1, 0.5], "texture": "#1"}, "down": {"uv": [0.5, 0, 1, 0.5], "texture": "#1"} } }, { "from": [4, 10, 0.5], "to": [12, 13.5, 2], "rotation": {"angle": 0, "axis": "y", "origin": [0, 16, 0]}, "faces": { "north": {"uv": [0.5, 0, 1, 0.5], "texture": "#1"}, "east": {"uv": [0.5, 0, 1, 0.5], "texture": "#1"}, "south": {"uv": [0.5, 0, 1, 0.5], "texture": "#1"}, "west": {"uv": [0.5, 0, 1, 0.5], "texture": "#1"}, "up": {"uv": [0.5, 0, 1, 0.5], "texture": "#1"}, "down": {"uv": [0.5, 0, 1, 0.5], "texture": "#1"} } }, { "from": [1.5, 9.5, 1], "to": [14.5, 13, 2], "rotation": {"angle": 0, "axis": "y", "origin": [0, 16, 0]}, "faces": { "north": {"uv": [0.5, 0, 1, 0.5], "texture": "#1"}, "east": {"uv": [0.5, 0, 1, 0.5], "texture": "#1"}, "south": {"uv": [0.5, 0, 1, 0.5], "texture": "#1"}, "west": {"uv": [0.5, 0, 1, 0.5], "texture": "#1"}, "up": {"uv": [0.5, 0, 1, 0.5], "texture": "#1"}, "down": {"uv": [0.5, 0, 1, 0.5], "texture": "#1"} } }, { "from": [0.5, 9, 1], "to": [15.5, 12.5, 2], "rotation": {"angle": 0, "axis": "y", "origin": [0, 16, 0]}, "faces": { "north": {"uv": [0.5, 0, 1, 0.5], "texture": "#1"}, "east": {"uv": [0.5, 0, 1, 0.5], "texture": "#1"}, "south": {"uv": [0.5, 0, 1, 0.5], "texture": "#1"}, "west": {"uv": [0.5, 0, 1, 0.5], "texture": "#1"}, "up": {"uv": [0.5, 0, 1, 0.5], "texture": "#1"}, "down": {"uv": [0.5, 0, 1, 0.5], "texture": "#1"} } }, { "from": [0.5, -4.5, 1], "to": [15.5, -2, 2], "faces": { "north": {"uv": [0.5, 0, 1, 0.5], "texture": "#1"}, "east": {"uv": [0.5, 0, 1, 0.5], "texture": "#1"}, "south": {"uv": [0.5, 0, 1, 0.5], "texture": "#1"}, "west": {"uv": [0.5, 0, 1, 0.5], "texture": "#1"}, "up": {"uv": [0.5, 0, 1, 0.5], "texture": "#1"}, "down": {"uv": [0.5, 0, 1, 0.5], "texture": "#1"} } }, { "from": [0, -4, 1], "to": [16, 12, 2], "faces": { "north": {"uv": [0.5, 0, 1, 0.5], "texture": "#1"}, "east": {"uv": [0.5, 0, 1, 0.5], "texture": "#1"}, "south": {"uv": [0.5, 0, 1, 0.5], "texture": "#1"}, "west": {"uv": [0.5, 0, 1, 0.5], "texture": "#1"}, "up": {"uv": [0.5, 0, 1, 0.5], "texture": "#1"}, "down": {"uv": [0.5, 0, 1, 0.5], "texture": "#1"} } }, { "from": [1.5, -5, 1], "to": [14.5, -2.5, 2], "faces": { "north": {"uv": [0.5, 0, 1, 0.5], "texture": "#1"}, "east": {"uv": [0.5, 0, 1, 0.5], "texture": "#1"}, "south": {"uv": [0.5, 0, 1, 0.5], "texture": "#1"}, "west": {"uv": [0.5, 0, 1, 0.5], "texture": "#1"}, "up": {"uv": [0.5, 0, 1, 0.5], "texture": "#1"}, "down": {"uv": [0.5, 0, 1, 0.5], "texture": "#1"} } }, { "from": [3, -5.5, 1], "to": [13, -3, 2], "faces": { "north": {"uv": [0.5, 0, 1, 0.5], "texture": "#1"}, "east": {"uv": [0.5, 0, 1, 0.5], "texture": "#1"}, "south": {"uv": [0.5, 0, 1, 0.5], "texture": "#1"}, "west": {"uv": [0.5, 0, 1, 0.5], "texture": "#1"}, "up": {"uv": [0.5, 0, 1, 0.5], "texture": "#1"}, "down": {"uv": [0.5, 0, 1, 0.5], "texture": "#1"} } }, { "from": [-1, 1, 0.75], "to": [17, 7, 1.75], "faces": { "north": {"uv": [8, 13, 8.5, 13.5], "texture": "#1"}, "east": {"uv": [8, 13, 8.5, 13.5], "texture": "#1"}, "south": {"uv": [8, 13, 8.5, 13.5], "texture": "#1"}, "west": {"uv": [8, 13, 8.5, 13.5], "texture": "#1"}, "up": {"uv": [8, 13, 8.5, 13.5], "texture": "#1"}, "down": {"uv": [8, 13, 8.5, 13.5], "texture": "#1"} } }, { "from": [-0.75, 4.5, 0.25], "to": [-0.25, 6, 19.25], "rotation": {"angle": 0, "axis": "y", "origin": [16, 0, 0]}, "faces": { "north": {"uv": [6.5, 4, 6, 4.5], "texture": "#1"}, "east": {"uv": [6.5, 4, 6, 4.5], "texture": "#1"}, "south": {"uv": [6.5, 4, 6, 4.5], "texture": "#1"}, "west": {"uv": [6.5, 4, 6, 4.5], "texture": "#1"}, "up": {"uv": [6.5, 4, 6, 4.5], "texture": "#1"}, "down": {"uv": [6.5, 4, 6, 4.5], "texture": "#1"} } }, { "from": [-0.75, 2, 0.25], "to": [-0.25, 3.5, 19.25], "rotation": {"angle": 0, "axis": "y", "origin": [16, 0, 0]}, "faces": { "north": {"uv": [6.5, 4, 6, 4.5], "texture": "#1"}, "east": {"uv": [6.5, 4, 6, 4.5], "texture": "#1"}, "south": {"uv": [6.5, 4, 6, 4.5], "texture": "#1"}, "west": {"uv": [6.5, 4, 6, 4.5], "texture": "#1"}, "up": {"uv": [6.5, 4, 6, 4.5], "texture": "#1"}, "down": {"uv": [6.5, 4, 6, 4.5], "texture": "#1"} } }, { "from": [-0.75, 4.5, 18.75], "to": [16.25, 6, 19.25], "rotation": {"angle": 0, "axis": "y", "origin": [-0.5, 0.5, 0]}, "faces": { "north": {"uv": [6, 4, 6.5, 4.5], "texture": "#1"}, "east": {"uv": [6, 4, 6.5, 4.5], "texture": "#1"}, "south": {"uv": [6, 4, 6.5, 4.5], "texture": "#1"}, "west": {"uv": [6, 4, 6.5, 4.5], "texture": "#1"}, "up": {"uv": [6, 4, 6.5, 4.5], "texture": "#1"}, "down": {"uv": [6, 4, 6.5, 4.5], "texture": "#1"} } }, { "from": [-0.5, 2, 18.75], "to": [16.5, 3.5, 19.25], "rotation": {"angle": 0, "axis": "y", "origin": [-0.25, 0, 0]}, "faces": { "north": {"uv": [6, 4, 6.5, 4.5], "texture": "#1"}, "east": {"uv": [6, 4, 6.5, 4.5], "texture": "#1"}, "south": {"uv": [6, 4, 6.5, 4.5], "texture": "#1"}, "west": {"uv": [6, 4, 6.5, 4.5], "texture": "#1"}, "up": {"uv": [6, 4, 6.5, 4.5], "texture": "#1"}, "down": {"uv": [6, 4, 6.5, 4.5], "texture": "#1"} } }, { "from": [4.5, 1.5, 18.5], "to": [11.5, 6.5, 19.5], "rotation": {"angle": 0, "axis": "y", "origin": [0.5, 0, 0]}, "faces": { "north": {"uv": [8, 13, 8.5, 13.5], "texture": "#1"}, "east": {"uv": [8, 13, 8.5, 13.5], "texture": "#1"}, "south": {"uv": [8, 13, 8.5, 13.5], "texture": "#1"}, "west": {"uv": [8, 13, 8.5, 13.5], "texture": "#1"}, "up": {"uv": [8, 13, 8.5, 13.5], "texture": "#1"}, "down": {"uv": [8, 13, 8.5, 13.5], "texture": "#1"} } }, { "from": [16.25, 2, 0.25], "to": [16.75, 3.5, 19.25], "faces": { "north": {"uv": [6, 4, 6.5, 4.5], "texture": "#1"}, "east": {"uv": [6, 4, 6.5, 4.5], "texture": "#1"}, "south": {"uv": [6, 4, 6.5, 4.5], "texture": "#1"}, "west": {"uv": [6, 4, 6.5, 4.5], "texture": "#1"}, "up": {"uv": [6, 4, 6.5, 4.5], "texture": "#1"}, "down": {"uv": [6, 4, 6.5, 4.5], "texture": "#1"} } }, { "from": [16.25, 4.5, 0.25], "to": [16.75, 6, 19.25], "faces": { "north": {"uv": [6, 4, 6.5, 4.5], "texture": "#1"}, "east": {"uv": [6, 4, 6.5, 4.5], "texture": "#1"}, "south": {"uv": [6, 4, 6.5, 4.5], "texture": "#1"}, "west": {"uv": [6, 4, 6.5, 4.5], "texture": "#1"}, "up": {"uv": [6, 4, 6.5, 4.5], "texture": "#1"}, "down": {"uv": [6, 4, 6.5, 4.5], "texture": "#1"} } }, { "from": [0, -2.5, -0.5], "to": [16, 2.5, 1], "faces": { "north": {"uv": [0, 10, 16, 15], "texture": "#1"}, "east": {"uv": [0, 10, 0.5, 15], "texture": "#1"}, "west": {"uv": [15.5, 10, 16, 15], "texture": "#1"}, "up": {"uv": [0, 10, 16, 10.5], "texture": "#1"}, "down": {"uv": [0, 14.5, 16, 15], "texture": "#1"} } }, { "from": [5.5, 2.5, -0.5], "to": [10.5, 3, 1], "faces": { "north": {"uv": [5.5, 9.5, 10.5, 10], "texture": "#1"}, "east": {"uv": [5.5, 9.5, 6, 10], "texture": "#1"}, "west": {"uv": [10, 9.5, 10.5, 10], "texture": "#1"}, "up": {"uv": [5.5, 9.5, 10.5, 10], "texture": "#1"} } }, { "from": [5.5, 5, -0.5], "to": [10.5, 5.5, 1], "faces": { "north": {"uv": [5.5, 7, 10.5, 7.5], "texture": "#1"}, "east": {"uv": [5.5, 7, 6, 7.5], "texture": "#1"}, "west": {"uv": [10, 7, 10.5, 7.5], "texture": "#1"}, "down": {"uv": [5.5, 7, 10.5, 7.5], "texture": "#1"} } }, { "from": [13, 5, -0.5], "to": [16, 5.5, 1], "faces": { "north": {"uv": [0, 7, 3, 7.5], "texture": "#1"}, "east": {"uv": [0, 7, 0.5, 7.5], "texture": "#1"}, "west": {"uv": [2.5, 7, 3, 7.5], "texture": "#1"}, "down": {"uv": [0, 7, 3, 7.5], "texture": "#1"} } }, { "from": [6.5, 3, -0.5], "to": [9.5, 3.5, 1], "faces": { "north": {"uv": [6.5, 9, 9.5, 9.5], "texture": "#1"}, "east": {"uv": [6.5, 9, 7, 9.5], "texture": "#1"}, "west": {"uv": [9, 9, 9.5, 9.5], "texture": "#1"}, "up": {"uv": [6.5, 9, 9.5, 9.5], "texture": "#1"} } }, { "from": [13, 2.5, -0.5], "to": [16, 3, 1], "faces": { "north": {"uv": [0, 9.5, 3, 10], "texture": "#1"}, "east": {"uv": [0, 9.5, 0.5, 10], "texture": "#1"}, "west": {"uv": [0, 9.5, 3, 10], "texture": "#1"}, "up": {"uv": [0, 9.5, 3, 10], "texture": "#1"} } }, { "from": [14, 3, -0.5], "to": [16, 3.5, 1], "faces": { "north": {"uv": [0, 9, 2, 9.5], "texture": "#1"}, "east": {"uv": [0, 9, 0.5, 9.5], "texture": "#1"}, "west": {"uv": [1.5, 9, 2, 9.5], "texture": "#1"}, "up": {"uv": [0, 9, 2, 9.5], "texture": "#1"} } }, { "from": [14.5, 3.5, -0.5], "to": [16, 4.5, 1], "faces": { "north": {"uv": [0, 8, 1.5, 9], "texture": "#1"}, "east": {"uv": [0, 8, 0.5, 9], "texture": "#1"}, "west": {"uv": [1, 8, 1.5, 9], "texture": "#1"} } }, { "from": [7, 3.5, -0.5], "to": [9, 4.5, 1], "faces": { "north": {"uv": [7, 8, 9, 9], "texture": "#1"}, "east": {"uv": [7, 8, 7.5, 9], "texture": "#1"}, "west": {"uv": [8.5, 8, 9, 9], "texture": "#1"} } }, { "from": [6.5, 4.5, -0.5], "to": [9.5, 5, 1], "faces": { "north": {"uv": [6.5, 7.5, 9.5, 8], "texture": "#1"}, "east": {"uv": [6.5, 7.5, 7, 8], "texture": "#1"}, "west": {"uv": [9, 7.5, 9.5, 8], "texture": "#1"}, "down": {"uv": [6.5, 7.5, 9.5, 8], "texture": "#1"} } }, { "from": [14, 4.5, -0.5], "to": [16, 5, 1], "faces": { "north": {"uv": [0, 7.5, 2, 8], "texture": "#1"}, "east": {"uv": [0, 7.5, 0.5, 8], "texture": "#1"}, "west": {"uv": [1.5, 7.5, 2, 8], "texture": "#1"}, "down": {"uv": [0, 7.5, 2, 8], "texture": "#1"} } }, { "from": [0, 2.5, -0.5], "to": [3, 3, 1], "rotation": {"angle": 0, "axis": "y", "origin": [16, 0, 0]}, "faces": { "north": {"uv": [3, 9.5, 0, 10], "texture": "#1"}, "east": {"uv": [3, 9.5, 0, 10], "texture": "#1"}, "west": {"uv": [0.5, 9.5, 0, 10], "texture": "#1"}, "up": {"uv": [3, 9.5, 0, 10], "texture": "#1"} } }, { "from": [0, 3.5, -0.5], "to": [1.5, 4.5, 1], "rotation": {"angle": 0, "axis": "y", "origin": [16, 0, 0]}, "faces": { "north": {"uv": [1.5, 8, 0, 9], "texture": "#1"}, "east": {"uv": [1.5, 8, 1, 9], "texture": "#1"}, "west": {"uv": [0.5, 8, 0, 9], "texture": "#1"} } }, { "from": [0, 3, -0.5], "to": [2, 3.5, 1], "rotation": {"angle": 0, "axis": "y", "origin": [16, 0, 0]}, "faces": { "north": {"uv": [2, 9, 0, 9.5], "texture": "#1"}, "east": {"uv": [2, 9, 1.5, 9.5], "texture": "#1"}, "west": {"uv": [0.5, 9, 0, 9.5], "texture": "#1"}, "up": {"uv": [2, 9, 0, 9.5], "texture": "#1"} } }, { "from": [0, 5, -0.5], "to": [3, 5.5, 1], "rotation": {"angle": 0, "axis": "y", "origin": [16, 0, 0]}, "faces": { "north": {"uv": [3, 7, 0, 7.5], "texture": "#1"}, "east": {"uv": [3, 7, 2.5, 7.5], "texture": "#1"}, "west": {"uv": [0.5, 7, 0, 7.5], "texture": "#1"}, "down": {"uv": [3, 7, 0, 7.5], "texture": "#1"} } }, { "from": [0, 4.5, -0.5], "to": [2, 5, 1], "rotation": {"angle": 0, "axis": "y", "origin": [16, 0, 0]}, "faces": { "north": {"uv": [2, 7.5, 0, 8], "texture": "#1"}, "east": {"uv": [2, 7.5, 1.5, 8], "texture": "#1"}, "west": {"uv": [0.5, 7.5, 0, 8], "texture": "#1"}, "down": {"uv": [2, 7.5, 0, 8], "texture": "#1"} } }, { "from": [1.5, 2.5, -0.1], "to": [14.5, 5.5, 0], "rotation": {"angle": 0, "axis": "y", "origin": [0, 16, 0]}, "faces": { "north": {"uv": [12, 7.5, 12.5, 8], "texture": "#1"}, "east": {"uv": [12, 7.5, 12.5, 8], "texture": "#1"}, "south": {"uv": [12, 7.5, 12.5, 8], "texture": "#1"}, "west": {"uv": [12, 7.5, 12.5, 8], "texture": "#1"}, "up": {"uv": [12, 7.5, 12.5, 8], "texture": "#1"}, "down": {"uv": [12, 7.5, 12.5, 8], "texture": "#1"} } }, { "from": [5, 12, 1], "to": [11, 14, 2.5], "rotation": {"angle": 0, "axis": "y", "origin": [0.5, 0, 0]}, "faces": { "north": {"uv": [8, 13, 8.5, 13.5], "texture": "#1"}, "east": {"uv": [8, 13, 8.5, 13.5], "texture": "#1"}, "south": {"uv": [8, 13, 8.5, 13.5], "texture": "#1"}, "west": {"uv": [8, 13, 8.5, 13.5], "texture": "#1"}, "up": {"uv": [8, 13, 8.5, 13.5], "texture": "#1"}, "down": {"uv": [8, 13, 8.5, 13.5], "texture": "#1"} } }, { "from": [6, 12.25, 0.75], "to": [7.5, 12.75, 19.25], "rotation": {"angle": 0, "axis": "y", "origin": [16, 0, 0]}, "faces": { "north": {"uv": [6.5, 4, 6, 4.5], "rotation": 270, "texture": "#1"}, "east": {"uv": [6.5, 4, 6, 4.5], "rotation": 90, "texture": "#1"}, "south": {"uv": [6.5, 4, 6, 4.5], "rotation": 90, "texture": "#1"}, "west": {"uv": [6.5, 4, 6, 4.5], "rotation": 90, "texture": "#1"}, "up": {"uv": [6.5, 4, 6, 4.5], "rotation": 90, "texture": "#1"}, "down": {"uv": [6.5, 4, 6, 4.5], "rotation": 90, "texture": "#1"} } }, { "from": [8.5, 12.25, 0.75], "to": [10, 12.75, 19.25], "faces": { "north": {"uv": [6.5, 4.5, 6, 4], "rotation": 270, "texture": "#1"}, "east": {"uv": [6.5, 4.5, 6, 4], "rotation": 90, "texture": "#1"}, "south": {"uv": [6.5, 4.5, 6, 4], "rotation": 90, "texture": "#1"}, "west": {"uv": [6.5, 4.5, 6, 4], "rotation": 90, "texture": "#1"}, "up": {"uv": [6.5, 4.5, 6, 4], "rotation": 90, "texture": "#1"}, "down": {"uv": [6.5, 4.5, 6, 4], "rotation": 90, "texture": "#1"} } }, { "from": [6, 6.25, 18.75], "to": [7.5, 12.75, 19.25], "rotation": {"angle": 0, "axis": "y", "origin": [16, 0, 0]}, "faces": { "north": {"uv": [6.5, 4, 6, 4.5], "rotation": 270, "texture": "#1"}, "east": {"uv": [6.5, 4, 6, 4.5], "rotation": 90, "texture": "#1"}, "south": {"uv": [6.5, 4, 6, 4.5], "rotation": 90, "texture": "#1"}, "west": {"uv": [6.5, 4, 6, 4.5], "rotation": 90, "texture": "#1"}, "up": {"uv": [6.5, 4, 6, 4.5], "rotation": 90, "texture": "#1"}, "down": {"uv": [6.5, 4, 6, 4.5], "rotation": 90, "texture": "#1"} } }, { "from": [8.5, 6.25, 18.75], "to": [10, 12.75, 19.25], "faces": { "north": {"uv": [6.5, 4.5, 6, 4], "rotation": 270, "texture": "#1"}, "east": {"uv": [6.5, 4.5, 6, 4], "rotation": 90, "texture": "#1"}, "south": {"uv": [6.5, 4.5, 6, 4], "rotation": 90, "texture": "#1"}, "west": {"uv": [6.5, 4.5, 6, 4], "rotation": 90, "texture": "#1"}, "up": {"uv": [6.5, 4.5, 6, 4], "rotation": 90, "texture": "#1"}, "down": {"uv": [6.5, 4.5, 6, 4], "rotation": 90, "texture": "#1"} } } ], "display": { "thirdperson_righthand": { "rotation": [89, 0, 0], "translation": [0, -1.25, 2], "scale": [0.23, 0.23, 0.23] }, "thirdperson_lefthand": { "rotation": [89, 0, 0], "translation": [0, -1.25, 2], "scale": [0.23, 0.23, 0.23] }, "firstperson_righthand": { "rotation": [0, 108, 0], "translation": [1.5, 5.5, 0], "scale": [0.38, 0.38, 0.38] }, "firstperson_lefthand": { "rotation": [0, 108, 0], "translation": [1.5, 5.5, 0], "scale": [0.38, 0.38, 0.38] }, "ground": { "rotation": [33, 0, 0], "translation": [0, 2, 0], "scale": [0.44, 0.44, 0.44] }, "gui": { "rotation": [-27, 165, 29], "translation": [1.75, 1, 0], "scale": [0.62, 0.62, 0.62] }, "head": { "translation": [0, 3, -1.75], "scale": [0.77, 0.77, 0.77] }, "fixed": { "translation": [0, 6.25, 10.75], "scale": [1.63, 1.63, 1.63] } }, "groups": [ { "name": "group", "origin": [8, 8, 8], "color": 0, "children": [0, 1, 2, 3, 4, 5, 6] }, { "name": "group", "origin": [0, 0, 0], "color": 0, "children": [7, 8, 9, 10, 11, 12] }, { "name": "group", "origin": [8, 8, 8], "color": 0, "children": [13, 14, 15, 16, 17, 18, 19, 20] }, { "name": "group", "origin": [0, 0, 0], "color": 0, "children": [21, 22, 23, 24, 25, 26, 27, 28] }, 29, 30, 31, 32, 33, 34, 35, 36, 37, 38, 39, 40, 41, 42, 43, 44, 45, 46, 47, 48, 49, 50 ] }