{ "credit": "Made with Blockbench", "textures": { "1": "block/alyseglasses" }, "elements": [ { "from": [22.3453, 8.58174, 13.91041], "to": [22.6717, 9.10398, 15.37268], "rotation": {"angle": 22.5, "axis": "x", "origin": [22.3453, 6.70743, 18.71509]}, "faces": { "north": {"uv": [1, 9, 2, 10], "texture": "#1"}, "east": {"uv": [1, 9, 2, 10], "texture": "#1"}, "south": {"uv": [1, 9, 2, 10], "texture": "#1"}, "west": {"uv": [1, 9, 2, 10], "texture": "#1"}, "up": {"uv": [1, 9, 2, 10], "texture": "#1"}, "down": {"uv": [1, 9, 2, 10], "texture": "#1"} } }, { "from": [-6.6717, 8.58174, 13.91041], "to": [-6.3453, 9.10398, 15.37268], "rotation": {"angle": 22.5, "axis": "x", "origin": [-6.3453, 6.70743, 18.71509]}, "faces": { "north": {"uv": [1, 9, 2, 10], "texture": "#1"}, "east": {"uv": [1, 9, 2, 10], "texture": "#1"}, "south": {"uv": [1, 9, 2, 10], "texture": "#1"}, "west": {"uv": [1, 9, 2, 10], "texture": "#1"}, "up": {"uv": [1, 9, 2, 10], "texture": "#1"}, "down": {"uv": [1, 9, 2, 10], "texture": "#1"} } }, { "from": [22.3453, 5.94583, 21.90034], "to": [22.6717, 6.03722, 22.22674], "rotation": {"angle": 22.5, "axis": "x", "origin": [22.3453, 6.70743, 18.71509]}, "faces": { "north": {"uv": [1, 9, 2, 10], "rotation": 90, "texture": "#1"}, "east": {"uv": [1, 9, 2, 10], "rotation": 90, "texture": "#1"}, "south": {"uv": [1, 9, 2, 10], "rotation": 90, "texture": "#1"}, "west": {"uv": [1, 9, 2, 10], "rotation": 90, "texture": "#1"}, "up": {"uv": [1, 9, 2, 10], "rotation": 90, "texture": "#1"}, "down": {"uv": [1, 9, 2, 10], "rotation": 90, "texture": "#1"} } }, { "from": [-6.6717, 5.94583, 21.90034], "to": [-6.3453, 6.03722, 22.22674], "rotation": {"angle": 22.5, "axis": "x", "origin": [-6.3453, 6.70743, 18.71509]}, "faces": { "north": {"uv": [1, 9, 2, 10], "rotation": 270, "texture": "#1"}, "east": {"uv": [1, 9, 2, 10], "rotation": 270, "texture": "#1"}, "south": {"uv": [1, 9, 2, 10], "rotation": 270, "texture": "#1"}, "west": {"uv": [1, 9, 2, 10], "rotation": 270, "texture": "#1"}, "up": {"uv": [1, 9, 2, 10], "rotation": 270, "texture": "#1"}, "down": {"uv": [1, 9, 2, 10], "rotation": 270, "texture": "#1"} } }, { "from": [22.3453, 3.97959, 20.49282], "to": [22.6717, 4.07098, 20.81922], "rotation": {"angle": -22.5, "axis": "x", "origin": [22.3453, 6.70743, 18.71509]}, "faces": { "north": {"uv": [1, 9, 2, 10], "rotation": 90, "texture": "#1"}, "east": {"uv": [1, 9, 2, 10], "rotation": 90, "texture": "#1"}, "south": {"uv": [1, 9, 2, 10], "rotation": 90, "texture": "#1"}, "west": {"uv": [1, 9, 2, 10], "rotation": 90, "texture": "#1"}, "up": {"uv": [1, 9, 2, 10], "rotation": 90, "texture": "#1"}, "down": {"uv": [1, 9, 2, 10], "rotation": 90, "texture": "#1"} } }, { "from": [-6.6717, 3.97959, 20.49282], "to": [-6.3453, 4.07098, 20.81922], "rotation": {"angle": -22.5, "axis": "x", "origin": [-6.3453, 6.70743, 18.71509]}, "faces": { "north": {"uv": [1, 9, 2, 10], "rotation": 270, "texture": "#1"}, "east": {"uv": [1, 9, 2, 10], "rotation": 270, "texture": "#1"}, "south": {"uv": [1, 9, 2, 10], "rotation": 270, "texture": "#1"}, "west": {"uv": [1, 9, 2, 10], "rotation": 270, "texture": "#1"}, "up": {"uv": [1, 9, 2, 10], "rotation": 270, "texture": "#1"}, "down": {"uv": [1, 9, 2, 10], "rotation": 270, "texture": "#1"} } }, { "from": [22.3453, 4.74439, 21.37655], "to": [22.6717, 4.99245, 21.70295], "rotation": {"angle": 0, "axis": "y", "origin": [22.3453, 6.70743, 18.71509]}, "faces": { "north": {"uv": [1, 9, 2, 10], "rotation": 90, "texture": "#1"}, "east": {"uv": [1, 9, 2, 10], "rotation": 90, "texture": "#1"}, "south": {"uv": [1, 9, 2, 10], "rotation": 90, "texture": "#1"}, "west": {"uv": [1, 9, 2, 10], "rotation": 90, "texture": "#1"}, "up": {"uv": [1, 9, 2, 10], "rotation": 90, "texture": "#1"}, "down": {"uv": [1, 9, 2, 10], "rotation": 90, "texture": "#1"} } }, { "from": [-6.6717, 4.74439, 21.37655], "to": [-6.3453, 4.99245, 21.70295], "rotation": {"angle": 0, "axis": "y", "origin": [-6.3453, 6.70743, 18.71509]}, "faces": { "north": {"uv": [1, 9, 2, 10], "rotation": 270, "texture": "#1"}, "east": {"uv": [1, 9, 2, 10], "rotation": 270, "texture": "#1"}, "south": {"uv": [1, 9, 2, 10], "rotation": 270, "texture": "#1"}, "west": {"uv": [1, 9, 2, 10], "rotation": 270, "texture": "#1"}, "up": {"uv": [1, 9, 2, 10], "rotation": 270, "texture": "#1"}, "down": {"uv": [1, 9, 2, 10], "rotation": 270, "texture": "#1"} } }, { "from": [22.3453, 4.42697, 20.33522], "to": [22.6717, 5.49756, 21.22303], "rotation": {"angle": 0, "axis": "y", "origin": [22.3453, 6.70743, 18.71509]}, "faces": { "north": {"uv": [1, 9, 2, 10], "texture": "#1"}, "east": {"uv": [1, 9, 2, 10], "texture": "#1"}, "south": {"uv": [1, 9, 2, 10], "texture": "#1"}, "west": {"uv": [1, 9, 2, 10], "texture": "#1"}, "up": {"uv": [1, 9, 2, 10], "texture": "#1"}, "down": {"uv": [1, 9, 2, 10], "texture": "#1"} } }, { "from": [-6.6717, 4.42697, 20.33522], "to": [-6.3453, 5.49756, 21.22303], "rotation": {"angle": 0, "axis": "y", "origin": [-6.3453, 6.70743, 18.71509]}, "faces": { "north": {"uv": [1, 9, 2, 10], "texture": "#1"}, "east": {"uv": [1, 9, 2, 10], "texture": "#1"}, "south": {"uv": [1, 9, 2, 10], "texture": "#1"}, "west": {"uv": [1, 9, 2, 10], "texture": "#1"}, "up": {"uv": [1, 9, 2, 10], "texture": "#1"}, "down": {"uv": [1, 9, 2, 10], "texture": "#1"} } }, { "from": [22.3453, 5.22056, 20.51012], "to": [22.6717, 6.5131, 21.08459], "rotation": {"angle": 22.5, "axis": "x", "origin": [22.3453, 6.70743, 18.71509]}, "faces": { "north": {"uv": [1, 9, 2, 10], "texture": "#1"}, "east": {"uv": [1, 9, 2, 10], "texture": "#1"}, "south": {"uv": [1, 9, 2, 10], "texture": "#1"}, "west": {"uv": [1, 9, 2, 10], "texture": "#1"}, "up": {"uv": [1, 9, 2, 10], "texture": "#1"}, "down": {"uv": [1, 9, 2, 10], "texture": "#1"} } }, { "from": [-6.6717, 5.22056, 20.51012], "to": [-6.3453, 6.5131, 21.08459], "rotation": {"angle": 22.5, "axis": "x", "origin": [-6.3453, 6.70743, 18.71509]}, "faces": { "north": {"uv": [1, 9, 2, 10], "texture": "#1"}, "east": {"uv": [1, 9, 2, 10], "texture": "#1"}, "south": {"uv": [1, 9, 2, 10], "texture": "#1"}, "west": {"uv": [1, 9, 2, 10], "texture": "#1"}, "up": {"uv": [1, 9, 2, 10], "texture": "#1"}, "down": {"uv": [1, 9, 2, 10], "texture": "#1"} } }, { "from": [22.3453, 6.02067, 20.4333], "to": [22.6717, 7.31322, 20.94248], "rotation": {"angle": 45, "axis": "x", "origin": [22.3453, 6.70743, 18.71509]}, "faces": { "north": {"uv": [1, 9, 2, 10], "texture": "#1"}, "east": {"uv": [1, 9, 2, 10], "texture": "#1"}, "south": {"uv": [1, 9, 2, 10], "texture": "#1"}, "west": {"uv": [1, 9, 2, 10], "texture": "#1"}, "up": {"uv": [1, 9, 2, 10], "texture": "#1"}, "down": {"uv": [1, 9, 2, 10], "texture": "#1"} } }, { "from": [-6.6717, 6.02067, 20.4333], "to": [-6.3453, 7.31322, 20.94248], "rotation": {"angle": 45, "axis": "x", "origin": [-6.3453, 6.70743, 18.71509]}, "faces": { "north": {"uv": [1, 9, 2, 10], "texture": "#1"}, "east": {"uv": [1, 9, 2, 10], "texture": "#1"}, "south": {"uv": [1, 9, 2, 10], "texture": "#1"}, "west": {"uv": [1, 9, 2, 10], "texture": "#1"}, "up": {"uv": [1, 9, 2, 10], "texture": "#1"}, "down": {"uv": [1, 9, 2, 10], "texture": "#1"} } }, { "from": [22.3453, 4.85741, 18.73438], "to": [22.6717, 7.10304, 19.55691], "rotation": {"angle": -22.5, "axis": "x", "origin": [22.3453, 6.70743, 18.71509]}, "faces": { "north": {"uv": [1, 9, 2, 10], "rotation": 270, "texture": "#1"}, "east": {"uv": [1, 9, 2, 10], "rotation": 270, "texture": "#1"}, "south": {"uv": [1, 9, 2, 10], "rotation": 270, "texture": "#1"}, "west": {"uv": [1, 9, 2, 10], "rotation": 270, "texture": "#1"}, "up": {"uv": [1, 9, 2, 10], "rotation": 270, "texture": "#1"}, "down": {"uv": [1, 9, 2, 10], "rotation": 270, "texture": "#1"} } }, { "from": [-6.6717, 4.85741, 18.73438], "to": [-6.3453, 7.10304, 19.55691], "rotation": {"angle": -22.5, "axis": "x", "origin": [-6.3453, 6.70743, 18.71509]}, "faces": { "north": {"uv": [1, 9, 2, 10], "rotation": 90, "texture": "#1"}, "east": {"uv": [1, 9, 2, 10], "rotation": 90, "texture": "#1"}, "south": {"uv": [1, 9, 2, 10], "rotation": 90, "texture": "#1"}, "west": {"uv": [1, 9, 2, 10], "rotation": 90, "texture": "#1"}, "up": {"uv": [1, 9, 2, 10], "rotation": 90, "texture": "#1"}, "down": {"uv": [1, 9, 2, 10], "rotation": 90, "texture": "#1"} } }, { "from": [22.3453, 4.82013, 18.87892], "to": [22.6717, 9.05027, 19.20532], "rotation": {"angle": -45, "axis": "x", "origin": [22.3453, 6.70743, 18.71509]}, "faces": { "north": {"uv": [1, 9, 2, 10], "rotation": 270, "texture": "#1"}, "east": {"uv": [1, 9, 2, 10], "rotation": 270, "texture": "#1"}, "south": {"uv": [1, 9, 2, 10], "rotation": 270, "texture": "#1"}, "west": {"uv": [1, 9, 2, 10], "rotation": 270, "texture": "#1"}, "up": {"uv": [1, 9, 2, 10], "rotation": 270, "texture": "#1"}, "down": {"uv": [1, 9, 2, 10], "rotation": 270, "texture": "#1"} } }, { "from": [-6.6717, 4.82013, 18.87892], "to": [-6.3453, 9.05027, 19.20532], "rotation": {"angle": -45, "axis": "x", "origin": [-6.3453, 6.70743, 18.71509]}, "faces": { "north": {"uv": [1, 9, 2, 10], "rotation": 90, "texture": "#1"}, "east": {"uv": [1, 9, 2, 10], "rotation": 90, "texture": "#1"}, "south": {"uv": [1, 9, 2, 10], "rotation": 90, "texture": "#1"}, "west": {"uv": [1, 9, 2, 10], "rotation": 90, "texture": "#1"}, "up": {"uv": [1, 9, 2, 10], "rotation": 90, "texture": "#1"}, "down": {"uv": [1, 9, 2, 10], "rotation": 90, "texture": "#1"} } }, { "from": [22.3453, 8.93463, 17.96988], "to": [22.6717, 9.96605, 18.29628], "rotation": {"angle": -22.5, "axis": "x", "origin": [22.3453, 6.70743, 18.71509]}, "faces": { "north": {"uv": [1, 9, 2, 10], "rotation": 270, "texture": "#1"}, "east": {"uv": [1, 9, 2, 10], "rotation": 270, "texture": "#1"}, "south": {"uv": [1, 9, 2, 10], "rotation": 270, "texture": "#1"}, "west": {"uv": [1, 9, 2, 10], "rotation": 270, "texture": "#1"}, "up": {"uv": [1, 9, 2, 10], "rotation": 270, "texture": "#1"}, "down": {"uv": [1, 9, 2, 10], "rotation": 270, "texture": "#1"} } }, { "from": [-6.6717, 8.93463, 17.96988], "to": [-6.3453, 9.96605, 18.29628], "rotation": {"angle": -22.5, "axis": "x", "origin": [-6.3453, 6.70743, 18.71509]}, "faces": { "north": {"uv": [1, 9, 2, 10], "rotation": 90, "texture": "#1"}, "east": {"uv": [1, 9, 2, 10], "rotation": 90, "texture": "#1"}, "south": {"uv": [1, 9, 2, 10], "rotation": 90, "texture": "#1"}, "west": {"uv": [1, 9, 2, 10], "rotation": 90, "texture": "#1"}, "up": {"uv": [1, 9, 2, 10], "rotation": 90, "texture": "#1"}, "down": {"uv": [1, 9, 2, 10], "rotation": 90, "texture": "#1"} } }, { "from": [22.3453, 3.64082, 20.15943], "to": [22.6717, 4.46335, 20.55111], "rotation": {"angle": -22.5, "axis": "x", "origin": [22.3453, 6.70743, 18.71509]}, "faces": { "north": {"uv": [1, 9, 2, 10], "texture": "#1"}, "east": {"uv": [1, 9, 2, 10], "texture": "#1"}, "south": {"uv": [1, 9, 2, 10], "texture": "#1"}, "west": {"uv": [1, 9, 2, 10], "texture": "#1"}, "up": {"uv": [1, 9, 2, 10], "texture": "#1"}, "down": {"uv": [1, 9, 2, 10], "texture": "#1"} } }, { "from": [-6.6717, 3.64082, 20.15943], "to": [-6.3453, 4.46335, 20.55111], "rotation": {"angle": -22.5, "axis": "x", "origin": [-6.3453, 6.70743, 18.71509]}, "faces": { "north": {"uv": [1, 9, 2, 10], "texture": "#1"}, "east": {"uv": [1, 9, 2, 10], "texture": "#1"}, "south": {"uv": [1, 9, 2, 10], "texture": "#1"}, "west": {"uv": [1, 9, 2, 10], "texture": "#1"}, "up": {"uv": [1, 9, 2, 10], "texture": "#1"}, "down": {"uv": [1, 9, 2, 10], "texture": "#1"} } }, { "from": [22.3453, 3.17163, 19.23781], "to": [22.6717, 3.49803, 19.35531], "rotation": {"angle": -45, "axis": "x", "origin": [22.3453, 6.70743, 18.71509]}, "faces": { "north": {"uv": [1, 9, 2, 10], "texture": "#1"}, "east": {"uv": [1, 9, 2, 10], "texture": "#1"}, "south": {"uv": [1, 9, 2, 10], "texture": "#1"}, "west": {"uv": [1, 9, 2, 10], "texture": "#1"}, "up": {"uv": [1, 9, 2, 10], "texture": "#1"}, "down": {"uv": [1, 9, 2, 10], "texture": "#1"} } }, { "from": [-6.6717, 3.17163, 19.23781], "to": [-6.3453, 3.49803, 19.35531], "rotation": {"angle": -45, "axis": "x", "origin": [-6.3453, 6.70743, 18.71509]}, "faces": { "north": {"uv": [1, 9, 2, 10], "texture": "#1"}, "east": {"uv": [1, 9, 2, 10], "texture": "#1"}, "south": {"uv": [1, 9, 2, 10], "texture": "#1"}, "west": {"uv": [1, 9, 2, 10], "texture": "#1"}, "up": {"uv": [1, 9, 2, 10], "texture": "#1"}, "down": {"uv": [1, 9, 2, 10], "texture": "#1"} } }, { "from": [22.3453, 7.12023, 14.70998], "to": [22.6717, 7.64247, 21.95606], "rotation": {"angle": 45, "axis": "x", "origin": [22.3453, 6.70743, 18.71509]}, "faces": { "north": {"uv": [1, 9, 2, 10], "texture": "#1"}, "east": {"uv": [1, 9, 2, 10], "texture": "#1"}, "south": {"uv": [1, 9, 2, 10], "texture": "#1"}, "west": {"uv": [1, 9, 2, 10], "texture": "#1"}, "up": {"uv": [1, 9, 2, 10], "texture": "#1"}, "down": {"uv": [1, 9, 2, 10], "texture": "#1"} } }, { "from": [-6.6717, 7.12023, 14.70998], "to": [-6.3453, 7.64247, 21.95606], "rotation": {"angle": 45, "axis": "x", "origin": [-6.3453, 6.70743, 18.71509]}, "faces": { "north": {"uv": [1, 9, 2, 10], "texture": "#1"}, "east": {"uv": [1, 9, 2, 10], "texture": "#1"}, "south": {"uv": [1, 9, 2, 10], "texture": "#1"}, "west": {"uv": [1, 9, 2, 10], "texture": "#1"}, "up": {"uv": [1, 9, 2, 10], "texture": "#1"}, "down": {"uv": [1, 9, 2, 10], "texture": "#1"} } }, { "from": [22.3453, 10.23799, 10.57144], "to": [22.6717, 10.76023, 15.19326], "rotation": {"angle": 0, "axis": "y", "origin": [22.3453, 6.70743, 18.19285]}, "faces": { "north": {"uv": [1, 9, 2, 10], "texture": "#1"}, "east": {"uv": [1, 9, 2, 10], "texture": "#1"}, "south": {"uv": [1, 9, 2, 10], "texture": "#1"}, "west": {"uv": [1, 9, 2, 10], "texture": "#1"}, "up": {"uv": [1, 9, 2, 10], "texture": "#1"}, "down": {"uv": [1, 9, 2, 10], "texture": "#1"} } }, { "from": [-6.6717, 10.23799, 10.57144], "to": [-6.3453, 10.76023, 15.19326], "rotation": {"angle": 0, "axis": "y", "origin": [-6.3453, 6.70743, 18.19285]}, "faces": { "north": {"uv": [1, 9, 2, 10], "texture": "#1"}, "east": {"uv": [1, 9, 2, 10], "texture": "#1"}, "south": {"uv": [1, 9, 2, 10], "texture": "#1"}, "west": {"uv": [1, 9, 2, 10], "texture": "#1"}, "up": {"uv": [1, 9, 2, 10], "texture": "#1"}, "down": {"uv": [1, 9, 2, 10], "texture": "#1"} } }, { "from": [22.37794, 10.27063, 3.17196], "to": [22.63906, 10.72759, 10.84644], "rotation": {"angle": 0, "axis": "y", "origin": [22.31266, 5.75951, 17.82319]}, "faces": { "north": {"uv": [1, 1, 2, 2], "texture": "#1"}, "east": {"uv": [1, 1, 2, 2], "texture": "#1"}, "south": {"uv": [1, 1, 2, 2], "texture": "#1"}, "west": {"uv": [1, 1, 2, 2], "texture": "#1"}, "up": {"uv": [1, 1, 2, 2], "texture": "#1"}, "down": {"uv": [1, 1, 2, 2], "texture": "#1"} } }, { "from": [-6.63906, 10.27063, 3.17196], "to": [-6.37794, 10.72759, 10.84644], "rotation": {"angle": 0, "axis": "y", "origin": [-6.31266, 5.75951, 17.82319]}, "faces": { "north": {"uv": [1, 1, 2, 2], "texture": "#1"}, "east": {"uv": [1, 1, 2, 2], "texture": "#1"}, "south": {"uv": [1, 1, 2, 2], "texture": "#1"}, "west": {"uv": [1, 1, 2, 2], "texture": "#1"}, "up": {"uv": [1, 1, 2, 2], "texture": "#1"}, "down": {"uv": [1, 1, 2, 2], "texture": "#1"} } }, { "from": [14.1125, 1.99967, 3.1125], "to": [15.6625, 2.79967, 3.3375], "rotation": {"angle": 0, "axis": "y", "origin": [7.6625, 9.79967, 10.3375]}, "faces": { "north": {"uv": [1, 1, 2, 2], "texture": "#1"}, "east": {"uv": [1, 1, 2, 2], "texture": "#1"}, "south": {"uv": [1, 1, 2, 2], "texture": "#1"}, "west": {"uv": [1, 1, 2, 2], "texture": "#1"}, "up": {"uv": [1, 1, 2, 2], "texture": "#1"}, "down": {"uv": [1, 1, 2, 2], "texture": "#1"} } }, { "from": [0.3375, 1.99967, 3.1125], "to": [1.8875, 2.79967, 3.3375], "rotation": {"angle": 0, "axis": "y", "origin": [8.3375, 9.79967, 10.3375]}, "faces": { "north": {"uv": [1, 1, 2, 2], "texture": "#1"}, "east": {"uv": [1, 1, 2, 2], "texture": "#1"}, "south": {"uv": [1, 1, 2, 2], "texture": "#1"}, "west": {"uv": [1, 1, 2, 2], "texture": "#1"}, "up": {"uv": [1, 1, 2, 2], "texture": "#1"}, "down": {"uv": [1, 1, 2, 2], "texture": "#1"} } }, { "from": [11.92673, 2.15099, 3.1125], "to": [14.30173, 2.95099, 3.3375], "rotation": {"angle": -22.5, "axis": "z", "origin": [13.82673, 2.55099, 2.8375]}, "faces": { "north": {"uv": [1, 1, 2, 2], "texture": "#1"}, "east": {"uv": [1, 1, 2, 2], "texture": "#1"}, "south": {"uv": [1, 1, 2, 2], "texture": "#1"}, "west": {"uv": [1, 1, 2, 2], "texture": "#1"}, "up": {"uv": [1, 1, 2, 2], "texture": "#1"}, "down": {"uv": [1, 1, 2, 2], "texture": "#1"} } }, { "from": [1.69827, 2.15099, 3.1125], "to": [4.07327, 2.95099, 3.3375], "rotation": {"angle": 22.5, "axis": "z", "origin": [2.17327, 2.55099, 2.8375]}, "faces": { "north": {"uv": [1, 1, 2, 2], "texture": "#1"}, "east": {"uv": [1, 1, 2, 2], "texture": "#1"}, "south": {"uv": [1, 1, 2, 2], "texture": "#1"}, "west": {"uv": [1, 1, 2, 2], "texture": "#1"}, "up": {"uv": [1, 1, 2, 2], "texture": "#1"}, "down": {"uv": [1, 1, 2, 2], "texture": "#1"} } }, { "from": [10.42258, 3.14494, 3.1125], "to": [12.34758, 3.94494, 3.3375], "rotation": {"angle": -45, "axis": "z", "origin": [11.84758, 3.54494, 2.8375]}, "faces": { "north": {"uv": [1, 1, 2, 2], "texture": "#1"}, "east": {"uv": [1, 1, 2, 2], "texture": "#1"}, "south": {"uv": [1, 1, 2, 2], "texture": "#1"}, "west": {"uv": [1, 1, 2, 2], "texture": "#1"}, "up": {"uv": [1, 1, 2, 2], "texture": "#1"}, "down": {"uv": [1, 1, 2, 2], "texture": "#1"} } }, { "from": [3.65242, 3.14494, 3.1125], "to": [5.57742, 3.94494, 3.3375], "rotation": {"angle": 45, "axis": "z", "origin": [4.15242, 3.54494, 2.8375]}, "faces": { "north": {"uv": [1, 1, 2, 2], "texture": "#1"}, "east": {"uv": [1, 1, 2, 2], "texture": "#1"}, "south": {"uv": [1, 1, 2, 2], "texture": "#1"}, "west": {"uv": [1, 1, 2, 2], "texture": "#1"}, "up": {"uv": [1, 1, 2, 2], "texture": "#1"}, "down": {"uv": [1, 1, 2, 2], "texture": "#1"} } }, { "from": [10.19181, 4.35619, 3.1125], "to": [10.99181, 8.43119, 3.3375], "rotation": {"angle": 22.5, "axis": "z", "origin": [10.59181, 5.23119, 2.8375]}, "faces": { "north": {"uv": [1, 1, 2, 2], "texture": "#1"}, "east": {"uv": [1, 1, 2, 2], "texture": "#1"}, "south": {"uv": [1, 1, 2, 2], "texture": "#1"}, "west": {"uv": [1, 1, 2, 2], "texture": "#1"}, "up": {"uv": [1, 1, 2, 2], "texture": "#1"}, "down": {"uv": [1, 1, 2, 2], "texture": "#1"} } }, { "from": [5.00819, 4.35619, 3.1125], "to": [5.80819, 8.43119, 3.3375], "rotation": {"angle": -22.5, "axis": "z", "origin": [5.40819, 5.23119, 2.8375]}, "faces": { "north": {"uv": [1, 1, 2, 2], "texture": "#1"}, "east": {"uv": [1, 1, 2, 2], "texture": "#1"}, "south": {"uv": [1, 1, 2, 2], "texture": "#1"}, "west": {"uv": [1, 1, 2, 2], "texture": "#1"}, "up": {"uv": [1, 1, 2, 2], "texture": "#1"}, "down": {"uv": [1, 1, 2, 2], "texture": "#1"} } }, { "from": [8.26179, 7.76109, 3.1125], "to": [9.06179, 8.46109, 3.3375], "rotation": {"angle": 45, "axis": "z", "origin": [8.66179, 8.93609, 2.8375]}, "faces": { "north": {"uv": [1, 1, 2, 2], "texture": "#1"}, "east": {"uv": [1, 1, 2, 2], "texture": "#1"}, "south": {"uv": [1, 1, 2, 2], "texture": "#1"}, "west": {"uv": [1, 1, 2, 2], "texture": "#1"}, "up": {"uv": [1, 1, 2, 2], "texture": "#1"}, "down": {"uv": [1, 1, 2, 2], "texture": "#1"} } }, { "from": [6.93821, 7.76109, 3.1125], "to": [7.73821, 8.46109, 3.3375], "rotation": {"angle": -45, "axis": "z", "origin": [7.33821, 8.93609, 2.8375]}, "faces": { "north": {"uv": [1, 1, 2, 2], "texture": "#1"}, "east": {"uv": [1, 1, 2, 2], "texture": "#1"}, "south": {"uv": [1, 1, 2, 2], "texture": "#1"}, "west": {"uv": [1, 1, 2, 2], "texture": "#1"}, "up": {"uv": [1, 1, 2, 2], "texture": "#1"}, "down": {"uv": [1, 1, 2, 2], "texture": "#1"} } }, { "from": [8.53451, 8.62177, 3.1125], "to": [9.70951, 10.04677, 3.3375], "rotation": {"angle": -22.5, "axis": "z", "origin": [8.05951, 9.02177, 2.8375]}, "faces": { "north": {"uv": [1, 1, 2, 2], "texture": "#1"}, "east": {"uv": [1, 1, 2, 2], "texture": "#1"}, "south": {"uv": [1, 1, 2, 2], "texture": "#1"}, "west": {"uv": [1, 1, 2, 2], "texture": "#1"}, "up": {"uv": [1, 1, 2, 2], "texture": "#1"}, "down": {"uv": [1, 1, 2, 2], "texture": "#1"} } }, { "from": [6.29049, 8.62177, 3.1125], "to": [7.46549, 10.04677, 3.3375], "rotation": {"angle": 22.5, "axis": "z", "origin": [7.94049, 9.02177, 2.8375]}, "faces": { "north": {"uv": [1, 1, 2, 2], "texture": "#1"}, "east": {"uv": [1, 1, 2, 2], "texture": "#1"}, "south": {"uv": [1, 1, 2, 2], "texture": "#1"}, "west": {"uv": [1, 1, 2, 2], "texture": "#1"}, "up": {"uv": [1, 1, 2, 2], "texture": "#1"}, "down": {"uv": [1, 1, 2, 2], "texture": "#1"} } }, { "from": [7.175, 8.47045, 3.1125], "to": [8.825, 10.02045, 3.3375], "rotation": {"angle": 0, "axis": "y", "origin": [8.825, 8.87045, 2.8375]}, "faces": { "north": {"uv": [1, 1, 2, 2], "texture": "#1"}, "east": {"uv": [1, 1, 2, 2], "texture": "#1"}, "south": {"uv": [1, 1, 2, 2], "texture": "#1"}, "west": {"uv": [1, 1, 2, 2], "texture": "#1"}, "up": {"uv": [1, 1, 2, 2], "texture": "#1"}, "down": {"uv": [1, 1, 2, 2], "texture": "#1"} } }, { "from": [9.24181, 7.40619, 3.1125], "to": [10.04181, 8.50619, 3.3375], "rotation": {"angle": 0, "axis": "y", "origin": [9.64181, 5.23119, 2.8375]}, "faces": { "north": {"uv": [1, 1, 2, 2], "texture": "#1"}, "east": {"uv": [1, 1, 2, 2], "texture": "#1"}, "south": {"uv": [1, 1, 2, 2], "texture": "#1"}, "west": {"uv": [1, 1, 2, 2], "texture": "#1"}, "up": {"uv": [1, 1, 2, 2], "texture": "#1"}, "down": {"uv": [1, 1, 2, 2], "texture": "#1"} } }, { "from": [5.95819, 7.40619, 3.1125], "to": [6.75819, 8.50619, 3.3375], "rotation": {"angle": 0, "axis": "y", "origin": [6.35819, 5.23119, 2.8375]}, "faces": { "north": {"uv": [1, 1, 2, 2], "texture": "#1"}, "east": {"uv": [1, 1, 2, 2], "texture": "#1"}, "south": {"uv": [1, 1, 2, 2], "texture": "#1"}, "west": {"uv": [1, 1, 2, 2], "texture": "#1"}, "up": {"uv": [1, 1, 2, 2], "texture": "#1"}, "down": {"uv": [1, 1, 2, 2], "texture": "#1"} } }, { "from": [8.43992, 8.34982, 3.1125], "to": [9.23992, 9.52482, 3.3375], "rotation": {"angle": -22.5, "axis": "z", "origin": [8.83992, 6.17482, 2.8375]}, "faces": { "north": {"uv": [1, 1, 2, 2], "texture": "#1"}, "east": {"uv": [1, 1, 2, 2], "texture": "#1"}, "south": {"uv": [1, 1, 2, 2], "texture": "#1"}, "west": {"uv": [1, 1, 2, 2], "texture": "#1"}, "up": {"uv": [1, 1, 2, 2], "texture": "#1"}, "down": {"uv": [1, 1, 2, 2], "texture": "#1"} } }, { "from": [6.76008, 8.34982, 3.1125], "to": [7.56008, 9.52482, 3.3375], "rotation": {"angle": 22.5, "axis": "z", "origin": [7.16008, 6.17482, 2.8375]}, "faces": { "north": {"uv": [1, 1, 2, 2], "texture": "#1"}, "east": {"uv": [1, 1, 2, 2], "texture": "#1"}, "south": {"uv": [1, 1, 2, 2], "texture": "#1"}, "west": {"uv": [1, 1, 2, 2], "texture": "#1"}, "up": {"uv": [1, 1, 2, 2], "texture": "#1"}, "down": {"uv": [1, 1, 2, 2], "texture": "#1"} } }, { "from": [-6.13508, 8.34982, 3.1125], "to": [-5.33508, 9.52482, 3.3375], "rotation": {"angle": -22.5, "axis": "z", "origin": [-5.73508, 6.17482, 2.8375]}, "faces": { "north": {"uv": [2, 1, 1, 2], "texture": "#1"}, "east": {"uv": [2, 1, 1, 2], "texture": "#1"}, "south": {"uv": [2, 1, 1, 2], "texture": "#1"}, "west": {"uv": [2, 1, 1, 2], "texture": "#1"}, "up": {"uv": [2, 1, 1, 2], "texture": "#1"}, "down": {"uv": [2, 1, 1, 2], "texture": "#1"} } }, { "from": [21.33508, 8.34982, 3.1125], "to": [22.13508, 9.52482, 3.3375], "rotation": {"angle": 22.5, "axis": "z", "origin": [21.73508, 6.17482, 2.8375]}, "faces": { "north": {"uv": [1, 1, 2, 2], "texture": "#1"}, "east": {"uv": [1, 1, 2, 2], "texture": "#1"}, "south": {"uv": [1, 1, 2, 2], "texture": "#1"}, "west": {"uv": [1, 1, 2, 2], "texture": "#1"}, "up": {"uv": [1, 1, 2, 2], "texture": "#1"}, "down": {"uv": [1, 1, 2, 2], "texture": "#1"} } }, { "from": [8.27066, 9.31163, 3.1125], "to": [9.07066, 11.11163, 3.3375], "rotation": {"angle": -45, "axis": "z", "origin": [8.67066, 7.76163, 2.8375]}, "faces": { "north": {"uv": [1, 1, 2, 2], "texture": "#1"}, "east": {"uv": [1, 1, 2, 2], "texture": "#1"}, "south": {"uv": [1, 1, 2, 2], "texture": "#1"}, "west": {"uv": [1, 1, 2, 2], "texture": "#1"}, "up": {"uv": [1, 1, 2, 2], "texture": "#1"}, "down": {"uv": [1, 1, 2, 2], "texture": "#1"} } }, { "from": [6.92934, 9.31163, 3.1125], "to": [7.72934, 11.11163, 3.3375], "rotation": {"angle": 45, "axis": "z", "origin": [7.32934, 7.76163, 2.8375]}, "faces": { "north": {"uv": [1, 1, 2, 2], "texture": "#1"}, "east": {"uv": [1, 1, 2, 2], "texture": "#1"}, "south": {"uv": [1, 1, 2, 2], "texture": "#1"}, "west": {"uv": [1, 1, 2, 2], "texture": "#1"}, "up": {"uv": [1, 1, 2, 2], "texture": "#1"}, "down": {"uv": [1, 1, 2, 2], "texture": "#1"} } }, { "from": [-7.00434, 9.31163, 3.1125], "to": [-5.50434, 11.51163, 3.3375], "rotation": {"angle": -45, "axis": "z", "origin": [-5.90434, 7.76163, 2.8375]}, "faces": { "north": {"uv": [2, 1, 1, 2], "texture": "#1"}, "east": {"uv": [2, 1, 1, 2], "texture": "#1"}, "south": {"uv": [2, 1, 1, 2], "texture": "#1"}, "west": {"uv": [2, 1, 1, 2], "texture": "#1"}, "up": {"uv": [2, 1, 1, 2], "texture": "#1"}, "down": {"uv": [2, 1, 1, 2], "texture": "#1"} } }, { "from": [21.50434, 9.31163, 3.1125], "to": [23.00434, 11.51163, 3.3375], "rotation": {"angle": 45, "axis": "z", "origin": [21.90434, 7.76163, 2.8375]}, "faces": { "north": {"uv": [1, 1, 2, 2], "texture": "#1"}, "east": {"uv": [1, 1, 2, 2], "texture": "#1"}, "south": {"uv": [1, 1, 2, 2], "texture": "#1"}, "west": {"uv": [1, 1, 2, 2], "texture": "#1"}, "up": {"uv": [1, 1, 2, 2], "texture": "#1"}, "down": {"uv": [1, 1, 2, 2], "texture": "#1"} } }, { "from": [15.47137, 2.16056, 3.1125], "to": [17.89637, 2.96056, 3.3375], "rotation": {"angle": 22.5, "axis": "z", "origin": [15.97137, 2.56056, 2.8375]}, "faces": { "north": {"uv": [1, 1, 2, 2], "texture": "#1"}, "east": {"uv": [1, 1, 2, 2], "texture": "#1"}, "south": {"uv": [1, 1, 2, 2], "texture": "#1"}, "west": {"uv": [1, 1, 2, 2], "texture": "#1"}, "up": {"uv": [1, 1, 2, 2], "texture": "#1"}, "down": {"uv": [1, 1, 2, 2], "texture": "#1"} } }, { "from": [-1.89637, 2.16056, 3.1125], "to": [0.52863, 2.96056, 3.3375], "rotation": {"angle": -22.5, "axis": "z", "origin": [0.02863, 2.56056, 2.8375]}, "faces": { "north": {"uv": [1, 1, 2, 2], "texture": "#1"}, "east": {"uv": [1, 1, 2, 2], "texture": "#1"}, "south": {"uv": [1, 1, 2, 2], "texture": "#1"}, "west": {"uv": [1, 1, 2, 2], "texture": "#1"}, "up": {"uv": [1, 1, 2, 2], "texture": "#1"}, "down": {"uv": [1, 1, 2, 2], "texture": "#1"} } }, { "from": [17.43701, 3.25246, 3.1125], "to": [21.98701, 4.05246, 3.3375], "rotation": {"angle": 45, "axis": "z", "origin": [18.06201, 3.65246, 2.8375]}, "faces": { "north": {"uv": [1, 1, 2, 2], "texture": "#1"}, "east": {"uv": [1, 1, 2, 2], "texture": "#1"}, "south": {"uv": [1, 1, 2, 2], "texture": "#1"}, "west": {"uv": [1, 1, 2, 2], "texture": "#1"}, "up": {"uv": [1, 1, 2, 2], "texture": "#1"}, "down": {"uv": [1, 1, 2, 2], "texture": "#1"} } }, { "from": [-5.98701, 3.25246, 3.1125], "to": [-1.43701, 4.05246, 3.3375], "rotation": {"angle": -45, "axis": "z", "origin": [-2.06201, 3.65246, 2.8375]}, "faces": { "north": {"uv": [1, 1, 2, 2], "texture": "#1"}, "east": {"uv": [1, 1, 2, 2], "texture": "#1"}, "south": {"uv": [1, 1, 2, 2], "texture": "#1"}, "west": {"uv": [1, 1, 2, 2], "texture": "#1"}, "up": {"uv": [1, 1, 2, 2], "texture": "#1"}, "down": {"uv": [1, 1, 2, 2], "texture": "#1"} } }, { "from": [20.26361, 6.20103, 3.1125], "to": [21.63861, 10.27603, 3.3375], "rotation": {"angle": -22.5, "axis": "z", "origin": [21.23861, 7.47603, 2.8375]}, "faces": { "north": {"uv": [1, 1, 2, 2], "texture": "#1"}, "east": {"uv": [1, 1, 2, 2], "texture": "#1"}, "south": {"uv": [1, 1, 2, 2], "texture": "#1"}, "west": {"uv": [1, 1, 2, 2], "texture": "#1"}, "up": {"uv": [1, 1, 2, 2], "texture": "#1"}, "down": {"uv": [1, 1, 2, 2], "texture": "#1"} } }, { "from": [-5.63861, 6.20103, 3.1125], "to": [-4.26361, 10.27603, 3.3375], "rotation": {"angle": 22.5, "axis": "z", "origin": [-5.23861, 7.47603, 2.8375]}, "faces": { "north": {"uv": [1, 1, 2, 2], "texture": "#1"}, "east": {"uv": [1, 1, 2, 2], "texture": "#1"}, "south": {"uv": [1, 1, 2, 2], "texture": "#1"}, "west": {"uv": [1, 1, 2, 2], "texture": "#1"}, "up": {"uv": [1, 1, 2, 2], "texture": "#1"}, "down": {"uv": [1, 1, 2, 2], "texture": "#1"} } }, { "from": [20.45468, 9.90982, 3.1125], "to": [22.67968, 10.68482, 3.3375], "rotation": {"angle": 0, "axis": "y", "origin": [22.27968, 11.18482, 2.8375]}, "faces": { "north": {"uv": [1, 1, 2, 2], "texture": "#1"}, "east": {"uv": [1, 1, 2, 2], "texture": "#1"}, "south": {"uv": [1, 1, 2, 2], "texture": "#1"}, "west": {"uv": [1, 1, 2, 2], "texture": "#1"}, "up": {"uv": [1, 1, 2, 2], "texture": "#1"}, "down": {"uv": [1, 1, 2, 2], "texture": "#1"} } }, { "from": [-6.67968, 9.90982, 3.1125], "to": [-4.45468, 10.68482, 3.3375], "rotation": {"angle": 0, "axis": "y", "origin": [-6.27968, 11.18482, 2.8375]}, "faces": { "north": {"uv": [1, 1, 2, 2], "texture": "#1"}, "east": {"uv": [1, 1, 2, 2], "texture": "#1"}, "south": {"uv": [1, 1, 2, 2], "texture": "#1"}, "west": {"uv": [1, 1, 2, 2], "texture": "#1"}, "up": {"uv": [1, 1, 2, 2], "texture": "#1"}, "down": {"uv": [1, 1, 2, 2], "texture": "#1"} } }, { "from": [20.35468, 7.78482, 3.1125], "to": [21.72968, 11.00982, 3.3375], "rotation": {"angle": 0, "axis": "y", "origin": [21.32968, 9.05982, 2.8375]}, "faces": { "north": {"uv": [1, 1, 2, 2], "texture": "#1"}, "east": {"uv": [1, 1, 2, 2], "texture": "#1"}, "south": {"uv": [1, 1, 2, 2], "texture": "#1"}, "west": {"uv": [1, 1, 2, 2], "texture": "#1"}, "up": {"uv": [1, 1, 2, 2], "texture": "#1"}, "down": {"uv": [1, 1, 2, 2], "texture": "#1"} } }, { "from": [-5.72968, 7.78482, 3.1125], "to": [-4.35468, 11.00982, 3.3375], "rotation": {"angle": 0, "axis": "y", "origin": [-5.32968, 9.05982, 2.8375]}, "faces": { "north": {"uv": [1, 1, 2, 2], "texture": "#1"}, "east": {"uv": [1, 1, 2, 2], "texture": "#1"}, "south": {"uv": [1, 1, 2, 2], "texture": "#1"}, "west": {"uv": [1, 1, 2, 2], "texture": "#1"}, "up": {"uv": [1, 1, 2, 2], "texture": "#1"}, "down": {"uv": [1, 1, 2, 2], "texture": "#1"} } }, { "from": [21.20872, 10.39223, 3.1125], "to": [22.58372, 10.86723, 3.3375], "rotation": {"angle": 22.5, "axis": "z", "origin": [21.89622, 10.77973, 2.8375]}, "faces": { "north": {"uv": [1, 1, 2, 2], "texture": "#1"}, "east": {"uv": [1, 1, 2, 2], "texture": "#1"}, "south": {"uv": [1, 1, 2, 2], "texture": "#1"}, "west": {"uv": [1, 1, 2, 2], "texture": "#1"}, "up": {"uv": [1, 1, 2, 2], "texture": "#1"}, "down": {"uv": [1, 1, 2, 2], "texture": "#1"} } }, { "from": [-6.58372, 10.39223, 3.1125], "to": [-5.20872, 10.86723, 3.3375], "rotation": {"angle": -22.5, "axis": "z", "origin": [-5.89622, 10.77973, 2.8375]}, "faces": { "north": {"uv": [1, 1, 2, 2], "texture": "#1"}, "east": {"uv": [1, 1, 2, 2], "texture": "#1"}, "south": {"uv": [1, 1, 2, 2], "texture": "#1"}, "west": {"uv": [1, 1, 2, 2], "texture": "#1"}, "up": {"uv": [1, 1, 2, 2], "texture": "#1"}, "down": {"uv": [1, 1, 2, 2], "texture": "#1"} } }, { "from": [21.05026, 10.52403, 3.1125], "to": [22.42526, 11.09903, 3.3375], "rotation": {"angle": 45, "axis": "z", "origin": [21.73776, 10.91153, 2.8375]}, "faces": { "north": {"uv": [1, 1, 2, 2], "texture": "#1"}, "east": {"uv": [1, 1, 2, 2], "texture": "#1"}, "south": {"uv": [1, 1, 2, 2], "texture": "#1"}, "west": {"uv": [1, 1, 2, 2], "texture": "#1"}, "up": {"uv": [1, 1, 2, 2], "texture": "#1"}, "down": {"uv": [1, 1, 2, 2], "texture": "#1"} } }, { "from": [-6.42526, 10.52403, 3.1125], "to": [-5.05026, 11.09903, 3.3375], "rotation": {"angle": -45, "axis": "z", "origin": [-5.73776, 10.91153, 2.8375]}, "faces": { "north": {"uv": [1, 1, 2, 2], "texture": "#1"}, "east": {"uv": [1, 1, 2, 2], "texture": "#1"}, "south": {"uv": [1, 1, 2, 2], "texture": "#1"}, "west": {"uv": [1, 1, 2, 2], "texture": "#1"}, "up": {"uv": [1, 1, 2, 2], "texture": "#1"}, "down": {"uv": [1, 1, 2, 2], "texture": "#1"} } }, { "from": [21.30772, 10.35587, 3.1125], "to": [21.85772, 11.73087, 3.3375], "rotation": {"angle": -22.5, "axis": "z", "origin": [21.47022, 11.04337, 2.8375]}, "faces": { "north": {"uv": [1, 1, 2, 2], "texture": "#1"}, "east": {"uv": [1, 1, 2, 2], "texture": "#1"}, "south": {"uv": [1, 1, 2, 2], "texture": "#1"}, "west": {"uv": [1, 1, 2, 2], "texture": "#1"}, "up": {"uv": [1, 1, 2, 2], "texture": "#1"}, "down": {"uv": [1, 1, 2, 2], "texture": "#1"} } }, { "from": [-5.85772, 10.35587, 3.1125], "to": [-5.30772, 11.73087, 3.3375], "rotation": {"angle": 22.5, "axis": "z", "origin": [-5.47022, 11.04337, 2.8375]}, "faces": { "north": {"uv": [1, 1, 2, 2], "texture": "#1"}, "east": {"uv": [1, 1, 2, 2], "texture": "#1"}, "south": {"uv": [1, 1, 2, 2], "texture": "#1"}, "west": {"uv": [1, 1, 2, 2], "texture": "#1"}, "up": {"uv": [1, 1, 2, 2], "texture": "#1"}, "down": {"uv": [1, 1, 2, 2], "texture": "#1"} } }, { "from": [12.73318, 10.69072, 3.1125], "to": [21.58318, 11.74072, 3.3375], "rotation": {"angle": 0, "axis": "y", "origin": [17.39568, 11.35322, 2.8375]}, "faces": { "north": {"uv": [1, 1, 2, 2], "texture": "#1"}, "east": {"uv": [1, 1, 2, 2], "texture": "#1"}, "south": {"uv": [1, 1, 2, 2], "texture": "#1"}, "west": {"uv": [1, 1, 2, 2], "texture": "#1"}, "up": {"uv": [1, 1, 2, 2], "texture": "#1"}, "down": {"uv": [1, 1, 2, 2], "texture": "#1"} } }, { "from": [-5.58318, 10.69072, 3.1125], "to": [3.26682, 11.74072, 3.3375], "rotation": {"angle": 0, "axis": "y", "origin": [-1.39568, 11.35322, 2.8375]}, "faces": { "north": {"uv": [1, 1, 2, 2], "texture": "#1"}, "east": {"uv": [1, 1, 2, 2], "texture": "#1"}, "south": {"uv": [1, 1, 2, 2], "texture": "#1"}, "west": {"uv": [1, 1, 2, 2], "texture": "#1"}, "up": {"uv": [1, 1, 2, 2], "texture": "#1"}, "down": {"uv": [1, 1, 2, 2], "texture": "#1"} } }, { "from": [8.55023, 8.89273, 3.1125], "to": [13.20023, 10.16773, 3.3375], "rotation": {"angle": 22.5, "axis": "z", "origin": [9.01273, 9.78023, 2.8375]}, "faces": { "north": {"uv": [1, 1, 2, 2], "texture": "#1"}, "east": {"uv": [1, 1, 2, 2], "texture": "#1"}, "south": {"uv": [1, 1, 2, 2], "texture": "#1"}, "west": {"uv": [1, 1, 2, 2], "texture": "#1"}, "up": {"uv": [1, 1, 2, 2], "texture": "#1"}, "down": {"uv": [1, 1, 2, 2], "texture": "#1"} } }, { "from": [2.79977, 8.89273, 3.1125], "to": [7.44977, 10.16773, 3.3375], "rotation": {"angle": -22.5, "axis": "z", "origin": [6.98727, 9.78023, 2.8375]}, "faces": { "north": {"uv": [1, 1, 2, 2], "texture": "#1"}, "east": {"uv": [1, 1, 2, 2], "texture": "#1"}, "south": {"uv": [1, 1, 2, 2], "texture": "#1"}, "west": {"uv": [1, 1, 2, 2], "texture": "#1"}, "up": {"uv": [1, 1, 2, 2], "texture": "#1"}, "down": {"uv": [1, 1, 2, 2], "texture": "#1"} } }, { "from": [-6.02477, 8.89273, 3.1125], "to": [-0.82477, 9.94273, 3.3375], "rotation": {"angle": 22.5, "axis": "z", "origin": [-5.56227, 9.78023, 2.8375]}, "faces": { "north": {"uv": [2, 1, 1, 2], "texture": "#1"}, "east": {"uv": [2, 1, 1, 2], "texture": "#1"}, "south": {"uv": [2, 1, 1, 2], "texture": "#1"}, "west": {"uv": [2, 1, 1, 2], "texture": "#1"}, "up": {"uv": [2, 1, 1, 2], "texture": "#1"}, "down": {"uv": [2, 1, 1, 2], "texture": "#1"} } }, { "from": [16.82477, 8.89273, 3.1125], "to": [22.02477, 9.94273, 3.3375], "rotation": {"angle": -22.5, "axis": "z", "origin": [21.56227, 9.78023, 2.8375]}, "faces": { "north": {"uv": [1, 1, 2, 2], "texture": "#1"}, "east": {"uv": [1, 1, 2, 2], "texture": "#1"}, "south": {"uv": [1, 1, 2, 2], "texture": "#1"}, "west": {"uv": [1, 1, 2, 2], "texture": "#1"}, "up": {"uv": [1, 1, 2, 2], "texture": "#1"}, "down": {"uv": [1, 1, 2, 2], "texture": "#1"} } }, { "from": [13.20023, 8.89273, 3.1125], "to": [13.65023, 9.54273, 3.3375], "rotation": {"angle": 22.5, "axis": "z", "origin": [9.01273, 9.78023, 2.8375]}, "faces": { "north": {"uv": [1, 1, 2, 2], "texture": "#1"}, "east": {"uv": [1, 1, 2, 2], "texture": "#1"}, "south": {"uv": [1, 1, 2, 2], "texture": "#1"}, "west": {"uv": [1, 1, 2, 2], "texture": "#1"}, "up": {"uv": [1, 1, 2, 2], "texture": "#1"}, "down": {"uv": [1, 1, 2, 2], "texture": "#1"} } }, { "from": [2.34977, 8.89273, 3.1125], "to": [2.79977, 9.54273, 3.3375], "rotation": {"angle": -22.5, "axis": "z", "origin": [6.98727, 9.78023, 2.8375]}, "faces": { "north": {"uv": [1, 1, 2, 2], "texture": "#1"}, "east": {"uv": [1, 1, 2, 2], "texture": "#1"}, "south": {"uv": [1, 1, 2, 2], "texture": "#1"}, "west": {"uv": [1, 1, 2, 2], "texture": "#1"}, "up": {"uv": [1, 1, 2, 2], "texture": "#1"}, "down": {"uv": [1, 1, 2, 2], "texture": "#1"} } }, { "from": [20.26361, 4.67603, 3.1125], "to": [20.91361, 6.20103, 3.3375], "rotation": {"angle": -22.5, "axis": "z", "origin": [21.23861, 7.47603, 2.8375]}, "faces": { "north": {"uv": [1, 1, 2, 2], "texture": "#1"}, "east": {"uv": [1, 1, 2, 2], "texture": "#1"}, "south": {"uv": [1, 1, 2, 2], "texture": "#1"}, "west": {"uv": [1, 1, 2, 2], "texture": "#1"}, "up": {"uv": [1, 1, 2, 2], "texture": "#1"}, "down": {"uv": [1, 1, 2, 2], "texture": "#1"} } }, { "from": [-4.91361, 4.67603, 3.1125], "to": [-4.26361, 6.20103, 3.3375], "rotation": {"angle": 22.5, "axis": "z", "origin": [-5.23861, 7.47603, 2.8375]}, "faces": { "north": {"uv": [1, 1, 2, 2], "texture": "#1"}, "east": {"uv": [1, 1, 2, 2], "texture": "#1"}, "south": {"uv": [1, 1, 2, 2], "texture": "#1"}, "west": {"uv": [1, 1, 2, 2], "texture": "#1"}, "up": {"uv": [1, 1, 2, 2], "texture": "#1"}, "down": {"uv": [1, 1, 2, 2], "texture": "#1"} } }, { "from": [12.1875, 2.79967, 3.1375], "to": [17.5875, 3.74967, 3.1375], "rotation": {"angle": 0, "axis": "y", "origin": [7.6625, 9.79967, 10.3375]}, "faces": { "north": {"uv": [9, 1, 10, 2], "texture": "#1"} } }, { "from": [-1.5875, 2.79967, 3.1375], "to": [3.8125, 3.74967, 3.1375], "rotation": {"angle": 0, "axis": "y", "origin": [8.3375, 9.79967, 10.3375]}, "faces": { "north": {"uv": [9, 1, 10, 2], "texture": "#1"} } }, { "from": [11.0875, 3.74967, 3.1375], "to": [18.7125, 4.84967, 3.1375], "rotation": {"angle": 0, "axis": "y", "origin": [7.6625, 9.79967, 10.3375]}, "faces": { "north": {"uv": [9, 1, 10, 2], "texture": "#1"} } }, { "from": [-2.7125, 3.74967, 3.1375], "to": [4.9125, 4.84967, 3.1375], "rotation": {"angle": 0, "axis": "y", "origin": [8.3375, 9.79967, 10.3375]}, "faces": { "north": {"uv": [9, 1, 10, 2], "texture": "#1"} } }, { "from": [10.3375, 4.84967, 3.1375], "to": [19.8125, 6.57467, 3.1375], "rotation": {"angle": 0, "axis": "y", "origin": [7.6625, 9.79967, 10.3375]}, "faces": { "north": {"uv": [9, 1, 10, 2], "texture": "#1"} } }, { "from": [-3.8125, 4.84967, 3.1375], "to": [5.6625, 6.57467, 3.1375], "rotation": {"angle": 0, "axis": "y", "origin": [8.3375, 9.79967, 10.3375]}, "faces": { "north": {"uv": [9, 1, 10, 2], "texture": "#1"} } }, { "from": [10.0375, 6.57467, 3.1375], "to": [20.3625, 10.62467, 3.1375], "rotation": {"angle": 0, "axis": "y", "origin": [7.6625, 9.79967, 10.3375]}, "faces": { "north": {"uv": [9, 1, 10, 2], "texture": "#1"} } }, { "from": [-4.3625, 6.57467, 3.1375], "to": [5.9625, 10.62467, 3.1375], "rotation": {"angle": 0, "axis": "y", "origin": [8.3375, 9.79967, 10.3375]}, "faces": { "north": {"uv": [9, 1, 10, 2], "texture": "#1"} } }, { "from": [11.3625, 10.62467, 3.1375], "to": [20.3625, 10.84967, 3.1375], "rotation": {"angle": 0, "axis": "y", "origin": [7.6625, 9.79967, 10.3375]}, "faces": { "north": {"uv": [9, 1, 10, 2], "texture": "#1"} } }, { "from": [-4.3625, 10.62467, 3.1375], "to": [4.6375, 10.84967, 3.1375], "rotation": {"angle": 0, "axis": "y", "origin": [8.3375, 9.79967, 10.3375]}, "faces": { "north": {"uv": [9, 1, 10, 2], "texture": "#1"} } } ], "display": { "thirdperson_righthand": { "rotation": [90, 0, 0], "translation": [0, -0.75, 0.5], "scale": [0.16, 0.16, 0.16] }, "thirdperson_lefthand": { "rotation": [90, 0, 0], "translation": [0, -0.75, 0.5], "scale": [0.16, 0.16, 0.16] }, "firstperson_righthand": { "translation": [2.5, 0, -1], "scale": [0.25, 0.25, 0.25] }, "firstperson_lefthand": { "translation": [2.5, 0, -1], "scale": [0.25, 0.25, 0.25] }, "ground": { "rotation": [-30, 56, -11], "scale": [0.17773, 0.17773, 0.17773] }, "gui": { "rotation": [29, 143, 0], "translation": [-1, -0.25, 0], "scale": [0.42773, 0.42773, 0.42773] }, "head": { "rotation": [-5, 0, 0], "translation": [0, -2.75, -5.3], "scale": [0.4375, 0.4375, 0.4375] }, "fixed": { "rotation": [-83, 0, 0], "translation": [0, -2, -2], "scale": [0.55078, 0.55078, 0.55078] } }, "groups": [ { "name": "glassessides", "origin": [8, 8, 8], "color": 0, "children": [ { "name": "group", "origin": [-6.3453, 6.70743, 16.54285], "color": 0, "children": [0, 1, 2, 3, 4, 5, 6, 7, 8, 9, 10, 11, 12, 13, 14, 15, 16, 17, 18, 19, 20, 21, 22, 23, 24, 25, 26, 27] }, 28, 29 ] }, { "name": "group", "origin": [-5.23861, 7.47603, 2.8375], "color": 0, "children": [30, 31, 32, 33, 34, 35, 36, 37, 38, 39, 40, 41, 42, 43, 44, 45, 46, 47, 48, 49, 50, 51, 52, 53, 54, 55, 56, 57, 58, 59, 60, 61, 62, 63, 64, 65, 66, 67, 68, 69, 70, 71, 72, 73, 74, 75, 76, 77, 78] }, { "name": "group", "origin": [8, 8, 8], "color": 0, "children": [79, 80, 81, 82, 83, 84, 85, 86, 87, 88] } ] }