{ "credit": "Made with Blockbench", "textures": { "1": "block/wingedglasses" }, "elements": [ { "from": [5.925, 4.675, -0.1], "to": [6.075, 5.525, 0.05], "rotation": {"angle": 0, "axis": "z", "origin": [6, 5.025, 0.4]}, "faces": { "north": {"uv": [3, 1, 3.5, 1.5], "rotation": 270, "texture": "#1"}, "east": {"uv": [3, 1, 3.5, 1.5], "rotation": 270, "texture": "#1"}, "south": {"uv": [3, 1, 3.5, 1.5], "rotation": 270, "texture": "#1"}, "west": {"uv": [3, 1, 3.5, 1.5], "rotation": 270, "texture": "#1"}, "up": {"uv": [3, 1, 3.5, 1.5], "rotation": 270, "texture": "#1"}, "down": {"uv": [3, 1, 3.5, 1.5], "rotation": 270, "texture": "#1"} } }, { "from": [-4.25, 4.675, -0.1], "to": [-4.1, 8.125, 0.05], "rotation": {"angle": 0, "axis": "z", "origin": [-4.175, 5.025, 0.4]}, "faces": { "north": {"uv": [3, 1, 3.5, 1.5], "rotation": 270, "texture": "#1"}, "east": {"uv": [3, 1, 3.5, 1.5], "rotation": 270, "texture": "#1"}, "south": {"uv": [3, 1, 3.5, 1.5], "rotation": 270, "texture": "#1"}, "west": {"uv": [3, 1, 3.5, 1.5], "rotation": 270, "texture": "#1"}, "up": {"uv": [3, 1, 3.5, 1.5], "rotation": 270, "texture": "#1"}, "down": {"uv": [3, 1, 3.5, 1.5], "rotation": 270, "texture": "#1"} } }, { "from": [5.67718, 2.50413, -0.1], "to": [5.82718, 4.75413, 0.05], "rotation": {"angle": -22.5, "axis": "z", "origin": [5.75218, 4.09163, 0.4]}, "faces": { "north": {"uv": [3, 1, 3.5, 1.5], "rotation": 270, "texture": "#1"}, "east": {"uv": [3, 1, 3.5, 1.5], "rotation": 270, "texture": "#1"}, "south": {"uv": [3, 1, 3.5, 1.5], "rotation": 270, "texture": "#1"}, "west": {"uv": [3, 1, 3.5, 1.5], "rotation": 270, "texture": "#1"}, "up": {"uv": [3, 1, 3.5, 1.5], "rotation": 270, "texture": "#1"}, "down": {"uv": [3, 1, 3.5, 1.5], "rotation": 270, "texture": "#1"} } }, { "from": [-4.00218, 2.50413, -0.1], "to": [-3.85218, 4.75413, 0.05], "rotation": {"angle": 22.5, "axis": "z", "origin": [-3.92718, 4.09163, 0.4]}, "faces": { "north": {"uv": [3, 1, 3.5, 1.5], "rotation": 270, "texture": "#1"}, "east": {"uv": [3, 1, 3.5, 1.5], "rotation": 270, "texture": "#1"}, "south": {"uv": [3, 1, 3.5, 1.5], "rotation": 270, "texture": "#1"}, "west": {"uv": [3, 1, 3.5, 1.5], "rotation": 270, "texture": "#1"}, "up": {"uv": [3, 1, 3.5, 1.5], "rotation": 270, "texture": "#1"}, "down": {"uv": [3, 1, 3.5, 1.5], "rotation": 270, "texture": "#1"} } }, { "from": [4.29043, 1.42881, -0.1], "to": [4.44043, 2.97881, 0.05], "rotation": {"angle": -45, "axis": "z", "origin": [4.36543, 1.85381, 0.4]}, "faces": { "north": {"uv": [3, 1, 3.5, 1.5], "rotation": 270, "texture": "#1"}, "east": {"uv": [3, 1, 3.5, 1.5], "rotation": 270, "texture": "#1"}, "south": {"uv": [3, 1, 3.5, 1.5], "rotation": 270, "texture": "#1"}, "west": {"uv": [3, 1, 3.5, 1.5], "rotation": 270, "texture": "#1"}, "up": {"uv": [3, 1, 3.5, 1.5], "rotation": 270, "texture": "#1"}, "down": {"uv": [3, 1, 3.5, 1.5], "rotation": 270, "texture": "#1"} } }, { "from": [-2.61543, 1.42881, -0.1], "to": [-2.46543, 2.97881, 0.05], "rotation": {"angle": 45, "axis": "z", "origin": [-2.54043, 1.85381, 0.4]}, "faces": { "north": {"uv": [3, 1, 3.5, 1.5], "rotation": 270, "texture": "#1"}, "east": {"uv": [3, 1, 3.5, 1.5], "rotation": 270, "texture": "#1"}, "south": {"uv": [3, 1, 3.5, 1.5], "rotation": 270, "texture": "#1"}, "west": {"uv": [3, 1, 3.5, 1.5], "rotation": 270, "texture": "#1"}, "up": {"uv": [3, 1, 3.5, 1.5], "rotation": 270, "texture": "#1"}, "down": {"uv": [3, 1, 3.5, 1.5], "rotation": 270, "texture": "#1"} } }, { "from": [2.11684, 1.35582, -0.1], "to": [4.11684, 1.50582, 0.05], "rotation": {"angle": 22.5, "axis": "z", "origin": [3.75434, 1.43082, 0.4]}, "faces": { "north": {"uv": [3, 1, 3.5, 1.5], "rotation": 270, "texture": "#1"}, "east": {"uv": [3, 1, 3.5, 1.5], "rotation": 270, "texture": "#1"}, "south": {"uv": [3, 1, 3.5, 1.5], "rotation": 270, "texture": "#1"}, "west": {"uv": [3, 1, 3.5, 1.5], "rotation": 270, "texture": "#1"}, "up": {"uv": [3, 1, 3.5, 1.5], "rotation": 270, "texture": "#1"}, "down": {"uv": [3, 1, 3.5, 1.5], "rotation": 270, "texture": "#1"} } }, { "from": [-0.45, 0.73489, -0.1], "to": [2.275, 0.88489, 0.05], "rotation": {"angle": 0, "axis": "z", "origin": [1.9125, 0.80989, 0.4]}, "faces": { "north": {"uv": [3, 1, 3.5, 1.5], "rotation": 270, "texture": "#1"}, "east": {"uv": [3, 1, 3.5, 1.5], "rotation": 270, "texture": "#1"}, "south": {"uv": [3, 1, 3.5, 1.5], "rotation": 270, "texture": "#1"}, "west": {"uv": [3, 1, 3.5, 1.5], "rotation": 270, "texture": "#1"}, "up": {"uv": [3, 1, 3.5, 1.5], "rotation": 270, "texture": "#1"}, "down": {"uv": [3, 1, 3.5, 1.5], "rotation": 270, "texture": "#1"} } }, { "from": [-2.29184, 1.35582, -0.1], "to": [-0.29184, 1.50582, 0.05], "rotation": {"angle": -22.5, "axis": "z", "origin": [-1.92934, 1.43082, 0.4]}, "faces": { "north": {"uv": [3, 1, 3.5, 1.5], "rotation": 270, "texture": "#1"}, "east": {"uv": [3, 1, 3.5, 1.5], "rotation": 270, "texture": "#1"}, "south": {"uv": [3, 1, 3.5, 1.5], "rotation": 270, "texture": "#1"}, "west": {"uv": [3, 1, 3.5, 1.5], "rotation": 270, "texture": "#1"}, "up": {"uv": [3, 1, 3.5, 1.5], "rotation": 270, "texture": "#1"}, "down": {"uv": [3, 1, 3.5, 1.5], "rotation": 270, "texture": "#1"} } }, { "from": [-4.725, 5.625, -0.175], "to": [-4.075, 11.8, 0.1], "rotation": {"angle": 0, "axis": "y", "origin": [3.175, 13.625, 7.825]}, "faces": { "north": {"uv": [1, 1, 2, 2], "rotation": 270, "texture": "#1"}, "east": {"uv": [1, 1, 2, 2], "rotation": 270, "texture": "#1"}, "south": {"uv": [1, 1, 2, 2], "rotation": 270, "texture": "#1"}, "west": {"uv": [1, 1, 2, 2], "rotation": 270, "texture": "#1"}, "up": {"uv": [1, 1, 2, 2], "rotation": 270, "texture": "#1"}, "down": {"uv": [1, 1, 2, 2], "rotation": 270, "texture": "#1"} } }, { "from": [-5.175, 6.65, -0.175], "to": [-4.725, 11.8, 0.1], "rotation": {"angle": 0, "axis": "y", "origin": [3.175, 13.625, 7.825]}, "faces": { "north": {"uv": [1, 1, 2, 2], "rotation": 270, "texture": "#1"}, "east": {"uv": [1, 1, 2, 2], "rotation": 270, "texture": "#1"}, "south": {"uv": [1, 1, 2, 2], "rotation": 270, "texture": "#1"}, "west": {"uv": [1, 1, 2, 2], "rotation": 270, "texture": "#1"}, "up": {"uv": [1, 1, 2, 2], "rotation": 270, "texture": "#1"}, "down": {"uv": [1, 1, 2, 2], "rotation": 270, "texture": "#1"} } }, { "from": [-4.20672, 11.51789, -0.175], "to": [-3.10672, 12.46789, 0.1], "rotation": {"angle": -22.5, "axis": "z", "origin": [-3.98172, 14.09289, 0.325]}, "faces": { "north": {"uv": [1, 1, 2, 2], "rotation": 270, "texture": "#1"}, "east": {"uv": [1, 1, 2, 2], "rotation": 270, "texture": "#1"}, "south": {"uv": [1, 1, 2, 2], "rotation": 270, "texture": "#1"}, "west": {"uv": [1, 1, 2, 2], "rotation": 270, "texture": "#1"}, "up": {"uv": [1, 1, 2, 2], "rotation": 270, "texture": "#1"}, "down": {"uv": [1, 1, 2, 2], "rotation": 270, "texture": "#1"} } }, { "from": [-4.48844, 12.3575, -0.175], "to": [-4.03844, 12.6575, 0.1], "rotation": {"angle": -45, "axis": "z", "origin": [-4.26344, 12.9075, 0.325]}, "faces": { "north": {"uv": [1, 1, 2, 2], "rotation": 270, "texture": "#1"}, "east": {"uv": [1, 1, 2, 2], "rotation": 270, "texture": "#1"}, "south": {"uv": [1, 1, 2, 2], "rotation": 270, "texture": "#1"}, "west": {"uv": [1, 1, 2, 2], "rotation": 270, "texture": "#1"}, "up": {"uv": [1, 1, 2, 2], "rotation": 270, "texture": "#1"}, "down": {"uv": [1, 1, 2, 2], "rotation": 270, "texture": "#1"} } }, { "from": [-4.52463, 12.51435, -0.175], "to": [-4.32463, 12.96435, 0.1], "rotation": {"angle": 22.5, "axis": "z", "origin": [-4.37463, 12.73935, 0.325]}, "faces": { "north": {"uv": [1, 1, 2, 2], "rotation": 270, "texture": "#1"}, "east": {"uv": [1, 1, 2, 2], "rotation": 270, "texture": "#1"}, "south": {"uv": [1, 1, 2, 2], "rotation": 270, "texture": "#1"}, "west": {"uv": [1, 1, 2, 2], "rotation": 270, "texture": "#1"}, "up": {"uv": [1, 1, 2, 2], "rotation": 270, "texture": "#1"}, "down": {"uv": [1, 1, 2, 2], "rotation": 270, "texture": "#1"} } }, { "from": [-4.41454, 10.06635, -0.175], "to": [-1.81454, 12.96635, 0.1], "rotation": {"angle": 0, "axis": "z", "origin": [-4.26454, 12.74135, 0.325]}, "faces": { "north": {"uv": [1, 1, 2, 2], "rotation": 270, "texture": "#1"}, "east": {"uv": [1, 1, 2, 2], "rotation": 270, "texture": "#1"}, "south": {"uv": [1, 1, 2, 2], "rotation": 270, "texture": "#1"}, "west": {"uv": [1, 1, 2, 2], "rotation": 270, "texture": "#1"}, "up": {"uv": [1, 1, 2, 2], "rotation": 270, "texture": "#1"}, "down": {"uv": [1, 1, 2, 2], "rotation": 270, "texture": "#1"} } }, { "from": [-1.92158, 11.85324, -0.175], "to": [4.37842, 12.87824, 0.1], "rotation": {"angle": -22.5, "axis": "z", "origin": [-1.64658, 12.65324, 0.325]}, "faces": { "north": {"uv": [1, 1, 2, 2], "rotation": 270, "texture": "#1"}, "east": {"uv": [1, 1, 2, 2], "rotation": 270, "texture": "#1"}, "south": {"uv": [1, 1, 2, 2], "rotation": 270, "texture": "#1"}, "west": {"uv": [1, 1, 2, 2], "rotation": 270, "texture": "#1"}, "up": {"uv": [1, 1, 2, 2], "rotation": 270, "texture": "#1"}, "down": {"uv": [1, 1, 2, 2], "rotation": 270, "texture": "#1"} } }, { "from": [-4.28325, 5.84189, -0.175], "to": [-3.83325, 6.91689, 0.1], "rotation": {"angle": 22.5, "axis": "z", "origin": [-4.05825, 4.54189, 0.325]}, "faces": { "north": {"uv": [1, 1, 2, 2], "rotation": 270, "texture": "#1"}, "east": {"uv": [1, 1, 2, 2], "rotation": 270, "texture": "#1"}, "south": {"uv": [1, 1, 2, 2], "rotation": 270, "texture": "#1"}, "west": {"uv": [1, 1, 2, 2], "rotation": 270, "texture": "#1"}, "up": {"uv": [1, 1, 2, 2], "rotation": 270, "texture": "#1"}, "down": {"uv": [1, 1, 2, 2], "rotation": 270, "texture": "#1"} } }, { "from": [-4.44945, 5.92336, -0.175], "to": [-3.99945, 5.97336, 0.1], "rotation": {"angle": 45, "axis": "z", "origin": [-4.22445, 5.43586, 0.325]}, "faces": { "north": {"uv": [1, 1, 2, 2], "rotation": 270, "texture": "#1"}, "east": {"uv": [1, 1, 2, 2], "rotation": 270, "texture": "#1"}, "south": {"uv": [1, 1, 2, 2], "rotation": 270, "texture": "#1"}, "west": {"uv": [1, 1, 2, 2], "rotation": 270, "texture": "#1"}, "up": {"uv": [1, 1, 2, 2], "rotation": 270, "texture": "#1"}, "down": {"uv": [1, 1, 2, 2], "rotation": 270, "texture": "#1"} } }, { "from": [5.8, 5.625, -0.175], "to": [6.625, 6.875, 0.1], "rotation": {"angle": 0, "axis": "y", "origin": [-1.45, 13.625, 7.825]}, "faces": { "north": {"uv": [1, 1, 2, 2], "rotation": 270, "texture": "#1"}, "east": {"uv": [1, 1, 2, 2], "rotation": 270, "texture": "#1"}, "south": {"uv": [1, 1, 2, 2], "rotation": 270, "texture": "#1"}, "west": {"uv": [1, 1, 2, 2], "rotation": 270, "texture": "#1"}, "up": {"uv": [1, 1, 2, 2], "rotation": 270, "texture": "#1"}, "down": {"uv": [1, 1, 2, 2], "rotation": 270, "texture": "#1"} } }, { "from": [-4.51901, 7.16332, -0.175], "to": [-3.76901, 9.43832, 0.1], "rotation": {"angle": -22.5, "axis": "z", "origin": [-4.14401, 7.88832, 0.325]}, "faces": { "north": {"uv": [1, 1, 2, 2], "rotation": 270, "texture": "#1"}, "east": {"uv": [1, 1, 2, 2], "rotation": 270, "texture": "#1"}, "south": {"uv": [1, 1, 2, 2], "rotation": 270, "texture": "#1"}, "west": {"uv": [1, 1, 2, 2], "rotation": 270, "texture": "#1"}, "up": {"uv": [1, 1, 2, 2], "rotation": 270, "texture": "#1"}, "down": {"uv": [1, 1, 2, 2], "rotation": 270, "texture": "#1"} } }, { "from": [5.16901, 6.26332, -0.175], "to": [5.91901, 8.48832, 0.1], "rotation": {"angle": 22.5, "axis": "z", "origin": [5.54401, 7.88832, 0.325]}, "faces": { "north": {"uv": [1, 1, 2, 2], "rotation": 270, "texture": "#1"}, "east": {"uv": [1, 1, 2, 2], "rotation": 270, "texture": "#1"}, "south": {"uv": [1, 1, 2, 2], "rotation": 270, "texture": "#1"}, "west": {"uv": [1, 1, 2, 2], "rotation": 270, "texture": "#1"}, "up": {"uv": [1, 1, 2, 2], "rotation": 270, "texture": "#1"}, "down": {"uv": [1, 1, 2, 2], "rotation": 270, "texture": "#1"} } }, { "from": [5.26414, 6.60753, -0.175], "to": [6.01414, 8.55753, 0.1], "rotation": {"angle": 22.5, "axis": "z", "origin": [5.63914, 8.28253, 0.325]}, "faces": { "north": {"uv": [1, 1, 2, 2], "rotation": 270, "texture": "#1"}, "east": {"uv": [1, 1, 2, 2], "rotation": 270, "texture": "#1"}, "south": {"uv": [1, 1, 2, 2], "rotation": 270, "texture": "#1"}, "west": {"uv": [1, 1, 2, 2], "rotation": 270, "texture": "#1"}, "up": {"uv": [1, 1, 2, 2], "rotation": 270, "texture": "#1"}, "down": {"uv": [1, 1, 2, 2], "rotation": 270, "texture": "#1"} } }, { "from": [-4.13615, 8.30692, -0.175], "to": [-2.63615, 10.83192, 0.1], "rotation": {"angle": -45, "axis": "z", "origin": [-3.01115, 9.69442, 0.325]}, "faces": { "north": {"uv": [1, 1, 2, 2], "rotation": 270, "texture": "#1"}, "east": {"uv": [1, 1, 2, 2], "rotation": 270, "texture": "#1"}, "south": {"uv": [1, 1, 2, 2], "rotation": 270, "texture": "#1"}, "west": {"uv": [1, 1, 2, 2], "rotation": 270, "texture": "#1"}, "up": {"uv": [1, 1, 2, 2], "rotation": 270, "texture": "#1"}, "down": {"uv": [1, 1, 2, 2], "rotation": 270, "texture": "#1"} } }, { "from": [3.43615, 7.33192, -0.175], "to": [4.18615, 10.50692, 0.1], "rotation": {"angle": 45, "axis": "z", "origin": [3.81115, 9.69442, 0.325]}, "faces": { "north": {"uv": [1, 1, 2, 2], "rotation": 270, "texture": "#1"}, "east": {"uv": [1, 1, 2, 2], "rotation": 270, "texture": "#1"}, "south": {"uv": [1, 1, 2, 2], "rotation": 270, "texture": "#1"}, "west": {"uv": [1, 1, 2, 2], "rotation": 270, "texture": "#1"}, "up": {"uv": [1, 1, 2, 2], "rotation": 270, "texture": "#1"}, "down": {"uv": [1, 1, 2, 2], "rotation": 270, "texture": "#1"} } }, { "from": [3.94026, 7.87826, -0.175], "to": [4.69026, 10.52826, 0.1], "rotation": {"angle": 45, "axis": "z", "origin": [4.31526, 9.71576, 0.325]}, "faces": { "north": {"uv": [1, 1, 2, 2], "rotation": 270, "texture": "#1"}, "east": {"uv": [1, 1, 2, 2], "rotation": 270, "texture": "#1"}, "south": {"uv": [1, 1, 2, 2], "rotation": 270, "texture": "#1"}, "west": {"uv": [1, 1, 2, 2], "rotation": 270, "texture": "#1"}, "up": {"uv": [1, 1, 2, 2], "rotation": 270, "texture": "#1"}, "down": {"uv": [1, 1, 2, 2], "rotation": 270, "texture": "#1"} } }, { "from": [-3.32365, 9.86942, -0.175], "to": [-0.37365, 11.89442, 0.1], "rotation": {"angle": 22.5, "axis": "z", "origin": [-2.18615, 10.24442, 0.325]}, "faces": { "north": {"uv": [1, 1, 2, 2], "rotation": 270, "texture": "#1"}, "east": {"uv": [1, 1, 2, 2], "rotation": 270, "texture": "#1"}, "south": {"uv": [1, 1, 2, 2], "rotation": 270, "texture": "#1"}, "west": {"uv": [1, 1, 2, 2], "rotation": 270, "texture": "#1"}, "up": {"uv": [1, 1, 2, 2], "rotation": 270, "texture": "#1"}, "down": {"uv": [1, 1, 2, 2], "rotation": 270, "texture": "#1"} } }, { "from": [0.34865, 9.86942, -0.175], "to": [3.99865, 10.61942, 0.1], "rotation": {"angle": -22.5, "axis": "z", "origin": [2.46115, 10.24442, 0.325]}, "faces": { "north": {"uv": [1, 1, 2, 2], "rotation": 270, "texture": "#1"}, "east": {"uv": [1, 1, 2, 2], "rotation": 270, "texture": "#1"}, "south": {"uv": [1, 1, 2, 2], "rotation": 270, "texture": "#1"}, "west": {"uv": [1, 1, 2, 2], "rotation": 270, "texture": "#1"}, "up": {"uv": [1, 1, 2, 2], "rotation": 270, "texture": "#1"}, "down": {"uv": [1, 1, 2, 2], "rotation": 270, "texture": "#1"} } }, { "from": [-1.69865, 10.34442, -0.175], "to": [1.32635, 11.56942, 0.1], "rotation": {"angle": 0, "axis": "z", "origin": [-0.56115, 10.71942, 0.325]}, "faces": { "north": {"uv": [1, 1, 2, 2], "rotation": 270, "texture": "#1"}, "east": {"uv": [1, 1, 2, 2], "rotation": 270, "texture": "#1"}, "south": {"uv": [1, 1, 2, 2], "rotation": 270, "texture": "#1"}, "west": {"uv": [1, 1, 2, 2], "rotation": 270, "texture": "#1"}, "up": {"uv": [1, 1, 2, 2], "rotation": 270, "texture": "#1"}, "down": {"uv": [1, 1, 2, 2], "rotation": 270, "texture": "#1"} } }, { "name": "hexadecagon", "from": [6.13045, 5.13045, -0.175], "to": [6.29455, 5.95545, 0.1], "rotation": {"angle": -45, "axis": "z", "origin": [6.2125, 5.54295, 0.325]}, "faces": { "north": {"uv": [1, 1, 2, 2], "rotation": 270, "texture": "#1"}, "east": {"uv": [1, 1, 2, 2], "rotation": 270, "texture": "#1"}, "south": {"uv": [1, 1, 2, 2], "rotation": 270, "texture": "#1"}, "west": {"uv": [1, 1, 2, 2], "rotation": 270, "texture": "#1"}, "up": {"uv": [1, 1, 2, 2], "rotation": 270, "texture": "#1"}, "down": {"uv": [1, 1, 2, 2], "rotation": 270, "texture": "#1"} } }, { "name": "hexadecagon", "from": [6.13045, 5.13045, -0.175], "to": [6.29455, 5.95545, 0.1], "rotation": {"angle": -22.5, "axis": "z", "origin": [6.2125, 5.54295, 0.325]}, "faces": { "north": {"uv": [1, 1, 2, 2], "rotation": 270, "texture": "#1"}, "east": {"uv": [1, 1, 2, 2], "rotation": 270, "texture": "#1"}, "south": {"uv": [1, 1, 2, 2], "rotation": 270, "texture": "#1"}, "west": {"uv": [1, 1, 2, 2], "rotation": 270, "texture": "#1"}, "up": {"uv": [1, 1, 2, 2], "rotation": 270, "texture": "#1"}, "down": {"uv": [1, 1, 2, 2], "rotation": 270, "texture": "#1"} } }, { "name": "hexadecagon", "from": [6.13045, 5.13045, -0.175], "to": [6.29455, 5.95545, 0.1], "rotation": {"angle": 0, "axis": "z", "origin": [6.2125, 5.54295, 0.325]}, "faces": { "north": {"uv": [1, 1, 2, 2], "rotation": 270, "texture": "#1"}, "east": {"uv": [1, 1, 2, 2], "rotation": 270, "texture": "#1"}, "south": {"uv": [1, 1, 2, 2], "rotation": 270, "texture": "#1"}, "west": {"uv": [1, 1, 2, 2], "rotation": 270, "texture": "#1"}, "up": {"uv": [1, 1, 2, 2], "rotation": 270, "texture": "#1"}, "down": {"uv": [1, 1, 2, 2], "rotation": 270, "texture": "#1"} } }, { "name": "hexadecagon", "from": [6.13045, 5.13045, -0.175], "to": [6.29455, 5.95545, 0.1], "rotation": {"angle": 22.5, "axis": "z", "origin": [6.2125, 5.54295, 0.325]}, "faces": { "north": {"uv": [1, 1, 2, 2], "rotation": 270, "texture": "#1"}, "east": {"uv": [1, 1, 2, 2], "rotation": 270, "texture": "#1"}, "south": {"uv": [1, 1, 2, 2], "rotation": 270, "texture": "#1"}, "west": {"uv": [1, 1, 2, 2], "rotation": 270, "texture": "#1"}, "up": {"uv": [1, 1, 2, 2], "rotation": 270, "texture": "#1"}, "down": {"uv": [1, 1, 2, 2], "rotation": 270, "texture": "#1"} } }, { "name": "hexadecagon", "from": [6.13045, 5.13045, -0.175], "to": [6.29455, 5.95545, 0.1], "rotation": {"angle": 45, "axis": "z", "origin": [6.2125, 5.54295, 0.325]}, "faces": { "north": {"uv": [1, 1, 2, 2], "rotation": 270, "texture": "#1"}, "east": {"uv": [1, 1, 2, 2], "rotation": 270, "texture": "#1"}, "south": {"uv": [1, 1, 2, 2], "rotation": 270, "texture": "#1"}, "west": {"uv": [1, 1, 2, 2], "rotation": 270, "texture": "#1"}, "up": {"uv": [1, 1, 2, 2], "rotation": 270, "texture": "#1"}, "down": {"uv": [1, 1, 2, 2], "rotation": 270, "texture": "#1"} } }, { "name": "hexadecagon", "from": [5.8, 5.4609, -0.175], "to": [6.625, 5.625, 0.1], "rotation": {"angle": -22.5, "axis": "z", "origin": [6.2125, 5.54295, 0.325]}, "faces": { "north": {"uv": [1, 1, 2, 2], "rotation": 270, "texture": "#1"}, "east": {"uv": [1, 1, 2, 2], "rotation": 270, "texture": "#1"}, "south": {"uv": [1, 1, 2, 2], "rotation": 270, "texture": "#1"}, "west": {"uv": [1, 1, 2, 2], "rotation": 270, "texture": "#1"}, "up": {"uv": [1, 1, 2, 2], "rotation": 270, "texture": "#1"}, "down": {"uv": [1, 1, 2, 2], "rotation": 270, "texture": "#1"} } }, { "name": "hexadecagon", "from": [5.8, 5.4609, -0.175], "to": [6.625, 5.625, 0.1], "rotation": {"angle": 0, "axis": "z", "origin": [6.2125, 5.54295, 0.325]}, "faces": { "north": {"uv": [1, 1, 2, 2], "rotation": 270, "texture": "#1"}, "east": {"uv": [1, 1, 2, 2], "rotation": 270, "texture": "#1"}, "south": {"uv": [1, 1, 2, 2], "rotation": 270, "texture": "#1"}, "west": {"uv": [1, 1, 2, 2], "rotation": 270, "texture": "#1"}, "up": {"uv": [1, 1, 2, 2], "rotation": 270, "texture": "#1"}, "down": {"uv": [1, 1, 2, 2], "rotation": 270, "texture": "#1"} } }, { "name": "hexadecagon", "from": [5.8, 5.4609, -0.175], "to": [6.625, 5.625, 0.1], "rotation": {"angle": 22.5, "axis": "z", "origin": [6.2125, 5.54295, 0.325]}, "faces": { "north": {"uv": [1, 1, 2, 2], "rotation": 270, "texture": "#1"}, "east": {"uv": [1, 1, 2, 2], "rotation": 270, "texture": "#1"}, "south": {"uv": [1, 1, 2, 2], "rotation": 270, "texture": "#1"}, "west": {"uv": [1, 1, 2, 2], "rotation": 270, "texture": "#1"}, "up": {"uv": [1, 1, 2, 2], "rotation": 270, "texture": "#1"}, "down": {"uv": [1, 1, 2, 2], "rotation": 270, "texture": "#1"} } }, { "from": [9.925, 4.675, -0.1], "to": [10.075, 5.525, 0.05], "rotation": {"angle": 0, "axis": "z", "origin": [10, 5.025, 0.4]}, "faces": { "north": {"uv": [3, 1, 3.5, 1.5], "rotation": 270, "texture": "#1"}, "east": {"uv": [3, 1, 3.5, 1.5], "rotation": 270, "texture": "#1"}, "south": {"uv": [3, 1, 3.5, 1.5], "rotation": 270, "texture": "#1"}, "west": {"uv": [3, 1, 3.5, 1.5], "rotation": 270, "texture": "#1"}, "up": {"uv": [3, 1, 3.5, 1.5], "rotation": 270, "texture": "#1"}, "down": {"uv": [3, 1, 3.5, 1.5], "rotation": 270, "texture": "#1"} } }, { "from": [20.1, 4.675, -0.1], "to": [20.25, 8.125, 0.05], "rotation": {"angle": 0, "axis": "z", "origin": [20.175, 5.025, 0.4]}, "faces": { "north": {"uv": [3, 1, 3.5, 1.5], "rotation": 270, "texture": "#1"}, "east": {"uv": [3, 1, 3.5, 1.5], "rotation": 270, "texture": "#1"}, "south": {"uv": [3, 1, 3.5, 1.5], "rotation": 270, "texture": "#1"}, "west": {"uv": [3, 1, 3.5, 1.5], "rotation": 270, "texture": "#1"}, "up": {"uv": [3, 1, 3.5, 1.5], "rotation": 270, "texture": "#1"}, "down": {"uv": [3, 1, 3.5, 1.5], "rotation": 270, "texture": "#1"} } }, { "from": [10.17282, 2.50413, -0.1], "to": [10.32282, 4.75413, 0.05], "rotation": {"angle": 22.5, "axis": "z", "origin": [10.24782, 4.09163, 0.4]}, "faces": { "north": {"uv": [3, 1, 3.5, 1.5], "rotation": 270, "texture": "#1"}, "east": {"uv": [3, 1, 3.5, 1.5], "rotation": 270, "texture": "#1"}, "south": {"uv": [3, 1, 3.5, 1.5], "rotation": 270, "texture": "#1"}, "west": {"uv": [3, 1, 3.5, 1.5], "rotation": 270, "texture": "#1"}, "up": {"uv": [3, 1, 3.5, 1.5], "rotation": 270, "texture": "#1"}, "down": {"uv": [3, 1, 3.5, 1.5], "rotation": 270, "texture": "#1"} } }, { "from": [19.85218, 2.50413, -0.1], "to": [20.00218, 4.75413, 0.05], "rotation": {"angle": -22.5, "axis": "z", "origin": [19.92718, 4.09163, 0.4]}, "faces": { "north": {"uv": [3, 1, 3.5, 1.5], "rotation": 270, "texture": "#1"}, "east": {"uv": [3, 1, 3.5, 1.5], "rotation": 270, "texture": "#1"}, "south": {"uv": [3, 1, 3.5, 1.5], "rotation": 270, "texture": "#1"}, "west": {"uv": [3, 1, 3.5, 1.5], "rotation": 270, "texture": "#1"}, "up": {"uv": [3, 1, 3.5, 1.5], "rotation": 270, "texture": "#1"}, "down": {"uv": [3, 1, 3.5, 1.5], "rotation": 270, "texture": "#1"} } }, { "from": [11.55957, 1.42881, -0.1], "to": [11.70957, 2.97881, 0.05], "rotation": {"angle": 45, "axis": "z", "origin": [11.63457, 1.85381, 0.4]}, "faces": { "north": {"uv": [3, 1, 3.5, 1.5], "rotation": 270, "texture": "#1"}, "east": {"uv": [3, 1, 3.5, 1.5], "rotation": 270, "texture": "#1"}, "south": {"uv": [3, 1, 3.5, 1.5], "rotation": 270, "texture": "#1"}, "west": {"uv": [3, 1, 3.5, 1.5], "rotation": 270, "texture": "#1"}, "up": {"uv": [3, 1, 3.5, 1.5], "rotation": 270, "texture": "#1"}, "down": {"uv": [3, 1, 3.5, 1.5], "rotation": 270, "texture": "#1"} } }, { "from": [18.46543, 1.42881, -0.1], "to": [18.61543, 2.97881, 0.05], "rotation": {"angle": -45, "axis": "z", "origin": [18.54043, 1.85381, 0.4]}, "faces": { "north": {"uv": [3, 1, 3.5, 1.5], "rotation": 270, "texture": "#1"}, "east": {"uv": [3, 1, 3.5, 1.5], "rotation": 270, "texture": "#1"}, "south": {"uv": [3, 1, 3.5, 1.5], "rotation": 270, "texture": "#1"}, "west": {"uv": [3, 1, 3.5, 1.5], "rotation": 270, "texture": "#1"}, "up": {"uv": [3, 1, 3.5, 1.5], "rotation": 270, "texture": "#1"}, "down": {"uv": [3, 1, 3.5, 1.5], "rotation": 270, "texture": "#1"} } }, { "from": [11.88316, 1.35582, -0.1], "to": [13.88316, 1.50582, 0.05], "rotation": {"angle": -22.5, "axis": "z", "origin": [12.24566, 1.43082, 0.4]}, "faces": { "north": {"uv": [3, 1, 3.5, 1.5], "rotation": 270, "texture": "#1"}, "east": {"uv": [3, 1, 3.5, 1.5], "rotation": 270, "texture": "#1"}, "south": {"uv": [3, 1, 3.5, 1.5], "rotation": 270, "texture": "#1"}, "west": {"uv": [3, 1, 3.5, 1.5], "rotation": 270, "texture": "#1"}, "up": {"uv": [3, 1, 3.5, 1.5], "rotation": 270, "texture": "#1"}, "down": {"uv": [3, 1, 3.5, 1.5], "rotation": 270, "texture": "#1"} } }, { "from": [13.725, 0.73489, -0.1], "to": [16.45, 0.88489, 0.05], "rotation": {"angle": 0, "axis": "z", "origin": [14.0875, 0.80989, 0.4]}, "faces": { "north": {"uv": [3, 1, 3.5, 1.5], "rotation": 270, "texture": "#1"}, "east": {"uv": [3, 1, 3.5, 1.5], "rotation": 270, "texture": "#1"}, "south": {"uv": [3, 1, 3.5, 1.5], "rotation": 270, "texture": "#1"}, "west": {"uv": [3, 1, 3.5, 1.5], "rotation": 270, "texture": "#1"}, "up": {"uv": [3, 1, 3.5, 1.5], "rotation": 270, "texture": "#1"}, "down": {"uv": [3, 1, 3.5, 1.5], "rotation": 270, "texture": "#1"} } }, { "from": [16.29184, 1.35582, -0.1], "to": [18.29184, 1.50582, 0.05], "rotation": {"angle": 22.5, "axis": "z", "origin": [17.92934, 1.43082, 0.4]}, "faces": { "north": {"uv": [3, 1, 3.5, 1.5], "rotation": 270, "texture": "#1"}, "east": {"uv": [3, 1, 3.5, 1.5], "rotation": 270, "texture": "#1"}, "south": {"uv": [3, 1, 3.5, 1.5], "rotation": 270, "texture": "#1"}, "west": {"uv": [3, 1, 3.5, 1.5], "rotation": 270, "texture": "#1"}, "up": {"uv": [3, 1, 3.5, 1.5], "rotation": 270, "texture": "#1"}, "down": {"uv": [3, 1, 3.5, 1.5], "rotation": 270, "texture": "#1"} } }, { "from": [20.075, 5.625, -0.175], "to": [20.725, 11.8, 0.1], "rotation": {"angle": 0, "axis": "y", "origin": [12.825, 13.625, 7.825]}, "faces": { "north": {"uv": [1, 1, 2, 2], "rotation": 270, "texture": "#1"}, "east": {"uv": [1, 1, 2, 2], "rotation": 270, "texture": "#1"}, "south": {"uv": [1, 1, 2, 2], "rotation": 270, "texture": "#1"}, "west": {"uv": [1, 1, 2, 2], "rotation": 270, "texture": "#1"}, "up": {"uv": [1, 1, 2, 2], "rotation": 270, "texture": "#1"}, "down": {"uv": [1, 1, 2, 2], "rotation": 270, "texture": "#1"} } }, { "from": [20.725, 6.65, -0.175], "to": [21.175, 11.8, 0.1], "rotation": {"angle": 0, "axis": "y", "origin": [12.825, 13.625, 7.825]}, "faces": { "north": {"uv": [1, 1, 2, 2], "rotation": 270, "texture": "#1"}, "east": {"uv": [1, 1, 2, 2], "rotation": 270, "texture": "#1"}, "south": {"uv": [1, 1, 2, 2], "rotation": 270, "texture": "#1"}, "west": {"uv": [1, 1, 2, 2], "rotation": 270, "texture": "#1"}, "up": {"uv": [1, 1, 2, 2], "rotation": 270, "texture": "#1"}, "down": {"uv": [1, 1, 2, 2], "rotation": 270, "texture": "#1"} } }, { "from": [19.10672, 11.51789, -0.175], "to": [20.20672, 12.46789, 0.1], "rotation": {"angle": 22.5, "axis": "z", "origin": [19.98172, 14.09289, 0.325]}, "faces": { "north": {"uv": [1, 1, 2, 2], "rotation": 270, "texture": "#1"}, "east": {"uv": [1, 1, 2, 2], "rotation": 270, "texture": "#1"}, "south": {"uv": [1, 1, 2, 2], "rotation": 270, "texture": "#1"}, "west": {"uv": [1, 1, 2, 2], "rotation": 270, "texture": "#1"}, "up": {"uv": [1, 1, 2, 2], "rotation": 270, "texture": "#1"}, "down": {"uv": [1, 1, 2, 2], "rotation": 270, "texture": "#1"} } }, { "from": [20.03844, 12.3575, -0.175], "to": [20.48844, 12.6575, 0.1], "rotation": {"angle": 45, "axis": "z", "origin": [20.26344, 12.9075, 0.325]}, "faces": { "north": {"uv": [1, 1, 2, 2], "rotation": 270, "texture": "#1"}, "east": {"uv": [1, 1, 2, 2], "rotation": 270, "texture": "#1"}, "south": {"uv": [1, 1, 2, 2], "rotation": 270, "texture": "#1"}, "west": {"uv": [1, 1, 2, 2], "rotation": 270, "texture": "#1"}, "up": {"uv": [1, 1, 2, 2], "rotation": 270, "texture": "#1"}, "down": {"uv": [1, 1, 2, 2], "rotation": 270, "texture": "#1"} } }, { "from": [20.32463, 12.51435, -0.175], "to": [20.52463, 12.96435, 0.1], "rotation": {"angle": -22.5, "axis": "z", "origin": [20.37463, 12.73935, 0.325]}, "faces": { "north": {"uv": [1, 1, 2, 2], "rotation": 270, "texture": "#1"}, "east": {"uv": [1, 1, 2, 2], "rotation": 270, "texture": "#1"}, "south": {"uv": [1, 1, 2, 2], "rotation": 270, "texture": "#1"}, "west": {"uv": [1, 1, 2, 2], "rotation": 270, "texture": "#1"}, "up": {"uv": [1, 1, 2, 2], "rotation": 270, "texture": "#1"}, "down": {"uv": [1, 1, 2, 2], "rotation": 270, "texture": "#1"} } }, { "from": [17.81454, 10.06635, -0.175], "to": [20.41454, 12.96635, 0.1], "rotation": {"angle": 0, "axis": "z", "origin": [20.26454, 12.74135, 0.325]}, "faces": { "north": {"uv": [1, 1, 2, 2], "rotation": 270, "texture": "#1"}, "east": {"uv": [1, 1, 2, 2], "rotation": 270, "texture": "#1"}, "south": {"uv": [1, 1, 2, 2], "rotation": 270, "texture": "#1"}, "west": {"uv": [1, 1, 2, 2], "rotation": 270, "texture": "#1"}, "up": {"uv": [1, 1, 2, 2], "rotation": 270, "texture": "#1"}, "down": {"uv": [1, 1, 2, 2], "rotation": 270, "texture": "#1"} } }, { "from": [11.62158, 11.85324, -0.175], "to": [17.92158, 12.87824, 0.1], "rotation": {"angle": 22.5, "axis": "z", "origin": [17.64658, 12.65324, 0.325]}, "faces": { "north": {"uv": [1, 1, 2, 2], "rotation": 270, "texture": "#1"}, "east": {"uv": [1, 1, 2, 2], "rotation": 270, "texture": "#1"}, "south": {"uv": [1, 1, 2, 2], "rotation": 270, "texture": "#1"}, "west": {"uv": [1, 1, 2, 2], "rotation": 270, "texture": "#1"}, "up": {"uv": [1, 1, 2, 2], "rotation": 270, "texture": "#1"}, "down": {"uv": [1, 1, 2, 2], "rotation": 270, "texture": "#1"} } }, { "from": [19.83325, 5.84189, -0.175], "to": [20.28325, 6.91689, 0.1], "rotation": {"angle": -22.5, "axis": "z", "origin": [20.05825, 4.54189, 0.325]}, "faces": { "north": {"uv": [1, 1, 2, 2], "rotation": 270, "texture": "#1"}, "east": {"uv": [1, 1, 2, 2], "rotation": 270, "texture": "#1"}, "south": {"uv": [1, 1, 2, 2], "rotation": 270, "texture": "#1"}, "west": {"uv": [1, 1, 2, 2], "rotation": 270, "texture": "#1"}, "up": {"uv": [1, 1, 2, 2], "rotation": 270, "texture": "#1"}, "down": {"uv": [1, 1, 2, 2], "rotation": 270, "texture": "#1"} } }, { "from": [19.99945, 5.92336, -0.175], "to": [20.44945, 5.97336, 0.1], "rotation": {"angle": -45, "axis": "z", "origin": [20.22445, 5.43586, 0.325]}, "faces": { "north": {"uv": [1, 1, 2, 2], "rotation": 270, "texture": "#1"}, "east": {"uv": [1, 1, 2, 2], "rotation": 270, "texture": "#1"}, "south": {"uv": [1, 1, 2, 2], "rotation": 270, "texture": "#1"}, "west": {"uv": [1, 1, 2, 2], "rotation": 270, "texture": "#1"}, "up": {"uv": [1, 1, 2, 2], "rotation": 270, "texture": "#1"}, "down": {"uv": [1, 1, 2, 2], "rotation": 270, "texture": "#1"} } }, { "from": [9.375, 5.625, -0.175], "to": [10.2, 6.875, 0.1], "rotation": {"angle": 0, "axis": "y", "origin": [17.45, 13.625, 7.825]}, "faces": { "north": {"uv": [1, 1, 2, 2], "rotation": 270, "texture": "#1"}, "east": {"uv": [1, 1, 2, 2], "rotation": 270, "texture": "#1"}, "south": {"uv": [1, 1, 2, 2], "rotation": 270, "texture": "#1"}, "west": {"uv": [1, 1, 2, 2], "rotation": 270, "texture": "#1"}, "up": {"uv": [1, 1, 2, 2], "rotation": 270, "texture": "#1"}, "down": {"uv": [1, 1, 2, 2], "rotation": 270, "texture": "#1"} } }, { "from": [19.76901, 7.16332, -0.175], "to": [20.51901, 9.43832, 0.1], "rotation": {"angle": 22.5, "axis": "z", "origin": [20.14401, 7.88832, 0.325]}, "faces": { "north": {"uv": [1, 1, 2, 2], "rotation": 270, "texture": "#1"}, "east": {"uv": [1, 1, 2, 2], "rotation": 270, "texture": "#1"}, "south": {"uv": [1, 1, 2, 2], "rotation": 270, "texture": "#1"}, "west": {"uv": [1, 1, 2, 2], "rotation": 270, "texture": "#1"}, "up": {"uv": [1, 1, 2, 2], "rotation": 270, "texture": "#1"}, "down": {"uv": [1, 1, 2, 2], "rotation": 270, "texture": "#1"} } }, { "from": [10.08099, 6.26332, -0.175], "to": [10.83099, 8.48832, 0.1], "rotation": {"angle": -22.5, "axis": "z", "origin": [10.45599, 7.88832, 0.325]}, "faces": { "north": {"uv": [1, 1, 2, 2], "rotation": 270, "texture": "#1"}, "east": {"uv": [1, 1, 2, 2], "rotation": 270, "texture": "#1"}, "south": {"uv": [1, 1, 2, 2], "rotation": 270, "texture": "#1"}, "west": {"uv": [1, 1, 2, 2], "rotation": 270, "texture": "#1"}, "up": {"uv": [1, 1, 2, 2], "rotation": 270, "texture": "#1"}, "down": {"uv": [1, 1, 2, 2], "rotation": 270, "texture": "#1"} } }, { "from": [9.98586, 6.60753, -0.175], "to": [10.73586, 8.55753, 0.1], "rotation": {"angle": -22.5, "axis": "z", "origin": [10.36086, 8.28253, 0.325]}, "faces": { "north": {"uv": [1, 1, 2, 2], "rotation": 270, "texture": "#1"}, "east": {"uv": [1, 1, 2, 2], "rotation": 270, "texture": "#1"}, "south": {"uv": [1, 1, 2, 2], "rotation": 270, "texture": "#1"}, "west": {"uv": [1, 1, 2, 2], "rotation": 270, "texture": "#1"}, "up": {"uv": [1, 1, 2, 2], "rotation": 270, "texture": "#1"}, "down": {"uv": [1, 1, 2, 2], "rotation": 270, "texture": "#1"} } }, { "from": [18.63615, 8.30692, -0.175], "to": [20.13615, 10.83192, 0.1], "rotation": {"angle": 45, "axis": "z", "origin": [19.01115, 9.69442, 0.325]}, "faces": { "north": {"uv": [1, 1, 2, 2], "rotation": 270, "texture": "#1"}, "east": {"uv": [1, 1, 2, 2], "rotation": 270, "texture": "#1"}, "south": {"uv": [1, 1, 2, 2], "rotation": 270, "texture": "#1"}, "west": {"uv": [1, 1, 2, 2], "rotation": 270, "texture": "#1"}, "up": {"uv": [1, 1, 2, 2], "rotation": 270, "texture": "#1"}, "down": {"uv": [1, 1, 2, 2], "rotation": 270, "texture": "#1"} } }, { "from": [11.81385, 7.33192, -0.175], "to": [12.56385, 10.50692, 0.1], "rotation": {"angle": -45, "axis": "z", "origin": [12.18885, 9.69442, 0.325]}, "faces": { "north": {"uv": [1, 1, 2, 2], "rotation": 270, "texture": "#1"}, "east": {"uv": [1, 1, 2, 2], "rotation": 270, "texture": "#1"}, "south": {"uv": [1, 1, 2, 2], "rotation": 270, "texture": "#1"}, "west": {"uv": [1, 1, 2, 2], "rotation": 270, "texture": "#1"}, "up": {"uv": [1, 1, 2, 2], "rotation": 270, "texture": "#1"}, "down": {"uv": [1, 1, 2, 2], "rotation": 270, "texture": "#1"} } }, { "from": [11.30974, 7.87826, -0.175], "to": [12.05974, 10.52826, 0.1], "rotation": {"angle": -45, "axis": "z", "origin": [11.68474, 9.71576, 0.325]}, "faces": { "north": {"uv": [1, 1, 2, 2], "rotation": 270, "texture": "#1"}, "east": {"uv": [1, 1, 2, 2], "rotation": 270, "texture": "#1"}, "south": {"uv": [1, 1, 2, 2], "rotation": 270, "texture": "#1"}, "west": {"uv": [1, 1, 2, 2], "rotation": 270, "texture": "#1"}, "up": {"uv": [1, 1, 2, 2], "rotation": 270, "texture": "#1"}, "down": {"uv": [1, 1, 2, 2], "rotation": 270, "texture": "#1"} } }, { "from": [16.37365, 9.86942, -0.175], "to": [19.32365, 11.89442, 0.1], "rotation": {"angle": -22.5, "axis": "z", "origin": [18.18615, 10.24442, 0.325]}, "faces": { "north": {"uv": [1, 1, 2, 2], "rotation": 270, "texture": "#1"}, "east": {"uv": [1, 1, 2, 2], "rotation": 270, "texture": "#1"}, "south": {"uv": [1, 1, 2, 2], "rotation": 270, "texture": "#1"}, "west": {"uv": [1, 1, 2, 2], "rotation": 270, "texture": "#1"}, "up": {"uv": [1, 1, 2, 2], "rotation": 270, "texture": "#1"}, "down": {"uv": [1, 1, 2, 2], "rotation": 270, "texture": "#1"} } }, { "from": [12.00135, 9.86942, -0.175], "to": [15.65135, 10.61942, 0.1], "rotation": {"angle": 22.5, "axis": "z", "origin": [13.53885, 10.24442, 0.325]}, "faces": { "north": {"uv": [1, 1, 2, 2], "rotation": 270, "texture": "#1"}, "east": {"uv": [1, 1, 2, 2], "rotation": 270, "texture": "#1"}, "south": {"uv": [1, 1, 2, 2], "rotation": 270, "texture": "#1"}, "west": {"uv": [1, 1, 2, 2], "rotation": 270, "texture": "#1"}, "up": {"uv": [1, 1, 2, 2], "rotation": 270, "texture": "#1"}, "down": {"uv": [1, 1, 2, 2], "rotation": 270, "texture": "#1"} } }, { "from": [14.67365, 10.34442, -0.175], "to": [17.69865, 11.56942, 0.1], "rotation": {"angle": 0, "axis": "z", "origin": [16.56115, 10.71942, 0.325]}, "faces": { "north": {"uv": [1, 1, 2, 2], "rotation": 270, "texture": "#1"}, "east": {"uv": [1, 1, 2, 2], "rotation": 270, "texture": "#1"}, "south": {"uv": [1, 1, 2, 2], "rotation": 270, "texture": "#1"}, "west": {"uv": [1, 1, 2, 2], "rotation": 270, "texture": "#1"}, "up": {"uv": [1, 1, 2, 2], "rotation": 270, "texture": "#1"}, "down": {"uv": [1, 1, 2, 2], "rotation": 270, "texture": "#1"} } }, { "name": "hexadecagon", "from": [9.70545, 5.13045, -0.175], "to": [9.86955, 5.95545, 0.1], "rotation": {"angle": 45, "axis": "z", "origin": [9.7875, 5.54295, 0.325]}, "faces": { "north": {"uv": [1, 1, 2, 2], "rotation": 270, "texture": "#1"}, "east": {"uv": [1, 1, 2, 2], "rotation": 270, "texture": "#1"}, "south": {"uv": [1, 1, 2, 2], "rotation": 270, "texture": "#1"}, "west": {"uv": [1, 1, 2, 2], "rotation": 270, "texture": "#1"}, "up": {"uv": [1, 1, 2, 2], "rotation": 270, "texture": "#1"}, "down": {"uv": [1, 1, 2, 2], "rotation": 270, "texture": "#1"} } }, { "name": "hexadecagon", "from": [9.70545, 5.13045, -0.175], "to": [9.86955, 5.95545, 0.1], "rotation": {"angle": 22.5, "axis": "z", "origin": [9.7875, 5.54295, 0.325]}, "faces": { "north": {"uv": [1, 1, 2, 2], "rotation": 270, "texture": "#1"}, "east": {"uv": [1, 1, 2, 2], "rotation": 270, "texture": "#1"}, "south": {"uv": [1, 1, 2, 2], "rotation": 270, "texture": "#1"}, "west": {"uv": [1, 1, 2, 2], "rotation": 270, "texture": "#1"}, "up": {"uv": [1, 1, 2, 2], "rotation": 270, "texture": "#1"}, "down": {"uv": [1, 1, 2, 2], "rotation": 270, "texture": "#1"} } }, { "name": "hexadecagon", "from": [9.70545, 5.13045, -0.175], "to": [9.86955, 5.95545, 0.1], "rotation": {"angle": 0, "axis": "z", "origin": [9.7875, 5.54295, 0.325]}, "faces": { "north": {"uv": [1, 1, 2, 2], "rotation": 270, "texture": "#1"}, "east": {"uv": [1, 1, 2, 2], "rotation": 270, "texture": "#1"}, "south": {"uv": [1, 1, 2, 2], "rotation": 270, "texture": "#1"}, "west": {"uv": [1, 1, 2, 2], "rotation": 270, "texture": "#1"}, "up": {"uv": [1, 1, 2, 2], "rotation": 270, "texture": "#1"}, "down": {"uv": [1, 1, 2, 2], "rotation": 270, "texture": "#1"} } }, { "name": "hexadecagon", "from": [9.70545, 5.13045, -0.175], "to": [9.86955, 5.95545, 0.1], "rotation": {"angle": -22.5, "axis": "z", "origin": [9.7875, 5.54295, 0.325]}, "faces": { "north": {"uv": [1, 1, 2, 2], "rotation": 270, "texture": "#1"}, "east": {"uv": [1, 1, 2, 2], "rotation": 270, "texture": "#1"}, "south": {"uv": [1, 1, 2, 2], "rotation": 270, "texture": "#1"}, "west": {"uv": [1, 1, 2, 2], "rotation": 270, "texture": "#1"}, "up": {"uv": [1, 1, 2, 2], "rotation": 270, "texture": "#1"}, "down": {"uv": [1, 1, 2, 2], "rotation": 270, "texture": "#1"} } }, { "name": "hexadecagon", "from": [9.70545, 5.13045, -0.175], "to": [9.86955, 5.95545, 0.1], "rotation": {"angle": -45, "axis": "z", "origin": [9.7875, 5.54295, 0.325]}, "faces": { "north": {"uv": [1, 1, 2, 2], "rotation": 270, "texture": "#1"}, "east": {"uv": [1, 1, 2, 2], "rotation": 270, "texture": "#1"}, "south": {"uv": [1, 1, 2, 2], "rotation": 270, "texture": "#1"}, "west": {"uv": [1, 1, 2, 2], "rotation": 270, "texture": "#1"}, "up": {"uv": [1, 1, 2, 2], "rotation": 270, "texture": "#1"}, "down": {"uv": [1, 1, 2, 2], "rotation": 270, "texture": "#1"} } }, { "name": "hexadecagon", "from": [9.375, 5.4609, -0.175], "to": [10.2, 5.625, 0.1], "rotation": {"angle": 22.5, "axis": "z", "origin": [9.7875, 5.54295, 0.325]}, "faces": { "north": {"uv": [1, 1, 2, 2], "rotation": 270, "texture": "#1"}, "east": {"uv": [1, 1, 2, 2], "rotation": 270, "texture": "#1"}, "south": {"uv": [1, 1, 2, 2], "rotation": 270, "texture": "#1"}, "west": {"uv": [1, 1, 2, 2], "rotation": 270, "texture": "#1"}, "up": {"uv": [1, 1, 2, 2], "rotation": 270, "texture": "#1"}, "down": {"uv": [1, 1, 2, 2], "rotation": 270, "texture": "#1"} } }, { "name": "hexadecagon", "from": [9.375, 5.4609, -0.175], "to": [10.2, 5.625, 0.1], "rotation": {"angle": 0, "axis": "z", "origin": [9.7875, 5.54295, 0.325]}, "faces": { "north": {"uv": [1, 1, 2, 2], "rotation": 270, "texture": "#1"}, "east": {"uv": [1, 1, 2, 2], "rotation": 270, "texture": "#1"}, "south": {"uv": [1, 1, 2, 2], "rotation": 270, "texture": "#1"}, "west": {"uv": [1, 1, 2, 2], "rotation": 270, "texture": "#1"}, "up": {"uv": [1, 1, 2, 2], "rotation": 270, "texture": "#1"}, "down": {"uv": [1, 1, 2, 2], "rotation": 270, "texture": "#1"} } }, { "name": "hexadecagon", "from": [9.375, 5.4609, -0.175], "to": [10.2, 5.625, 0.1], "rotation": {"angle": -22.5, "axis": "z", "origin": [9.7875, 5.54295, 0.325]}, "faces": { "north": {"uv": [1, 1, 2, 2], "rotation": 270, "texture": "#1"}, "east": {"uv": [1, 1, 2, 2], "rotation": 270, "texture": "#1"}, "south": {"uv": [1, 1, 2, 2], "rotation": 270, "texture": "#1"}, "west": {"uv": [1, 1, 2, 2], "rotation": 270, "texture": "#1"}, "up": {"uv": [1, 1, 2, 2], "rotation": 270, "texture": "#1"}, "down": {"uv": [1, 1, 2, 2], "rotation": 270, "texture": "#1"} } }, { "from": [6.33967, 6.0842, -0.075], "to": [6.83967, 6.5342, 0.075], "rotation": {"angle": 45, "axis": "z", "origin": [6.16467, 6.5217, 0.025]}, "faces": { "north": {"uv": [3, 1, 3.5, 1.5], "rotation": 270, "texture": "#1"}, "east": {"uv": [3, 1, 3.5, 1.5], "rotation": 270, "texture": "#1"}, "south": {"uv": [3, 1, 3.5, 1.5], "rotation": 270, "texture": "#1"}, "west": {"uv": [3, 1, 3.5, 1.5], "rotation": 270, "texture": "#1"}, "up": {"uv": [3, 1, 3.5, 1.5], "rotation": 270, "texture": "#1"}, "down": {"uv": [3, 1, 3.5, 1.5], "rotation": 270, "texture": "#1"} } }, { "from": [6.33967, 6.3592, -0.075], "to": [7.16467, 6.9342, 0.075], "rotation": {"angle": 22.5, "axis": "z", "origin": [6.16467, 6.7967, 0.025]}, "faces": { "north": {"uv": [3, 1, 3.5, 1.5], "rotation": 270, "texture": "#1"}, "east": {"uv": [3, 1, 3.5, 1.5], "rotation": 270, "texture": "#1"}, "south": {"uv": [3, 1, 3.5, 1.5], "rotation": 270, "texture": "#1"}, "west": {"uv": [3, 1, 3.5, 1.5], "rotation": 270, "texture": "#1"}, "up": {"uv": [3, 1, 3.5, 1.5], "rotation": 270, "texture": "#1"}, "down": {"uv": [3, 1, 3.5, 1.5], "rotation": 270, "texture": "#1"} } }, { "from": [7.03907, 6.73142, -0.075], "to": [8.96407, 7.30642, 0.075], "rotation": {"angle": 0, "axis": "z", "origin": [8.93907, 7.16892, 0]}, "faces": { "north": {"uv": [3, 1, 3.5, 1.5], "rotation": 270, "texture": "#1"}, "east": {"uv": [3, 1, 3.5, 1.5], "rotation": 270, "texture": "#1"}, "south": {"uv": [3, 1, 3.5, 1.5], "rotation": 270, "texture": "#1"}, "west": {"uv": [3, 1, 3.5, 1.5], "rotation": 270, "texture": "#1"}, "up": {"uv": [3, 1, 3.5, 1.5], "rotation": 270, "texture": "#1"}, "down": {"uv": [3, 1, 3.5, 1.5], "rotation": 270, "texture": "#1"} } }, { "from": [8.83533, 6.3592, -0.075], "to": [9.66033, 6.9342, 0.075], "rotation": {"angle": -22.5, "axis": "z", "origin": [9.83533, 6.7967, 0.025]}, "faces": { "north": {"uv": [3, 1, 3.5, 1.5], "rotation": 270, "texture": "#1"}, "east": {"uv": [3, 1, 3.5, 1.5], "rotation": 270, "texture": "#1"}, "south": {"uv": [3, 1, 3.5, 1.5], "rotation": 270, "texture": "#1"}, "west": {"uv": [3, 1, 3.5, 1.5], "rotation": 270, "texture": "#1"}, "up": {"uv": [3, 1, 3.5, 1.5], "rotation": 270, "texture": "#1"}, "down": {"uv": [3, 1, 3.5, 1.5], "rotation": 270, "texture": "#1"} } }, { "from": [9.16033, 6.0842, -0.075], "to": [9.66033, 6.5342, 0.075], "rotation": {"angle": -45, "axis": "z", "origin": [9.83533, 6.5217, 0.025]}, "faces": { "north": {"uv": [3, 1, 3.5, 1.5], "rotation": 270, "texture": "#1"}, "east": {"uv": [3, 1, 3.5, 1.5], "rotation": 270, "texture": "#1"}, "south": {"uv": [3, 1, 3.5, 1.5], "rotation": 270, "texture": "#1"}, "west": {"uv": [3, 1, 3.5, 1.5], "rotation": 270, "texture": "#1"}, "up": {"uv": [3, 1, 3.5, 1.5], "rotation": 270, "texture": "#1"}, "down": {"uv": [3, 1, 3.5, 1.5], "rotation": 270, "texture": "#1"} } }, { "from": [5.25, 10.0988, -0.1], "to": [10.75, 10.2738, 0.05], "rotation": {"angle": 0, "axis": "z", "origin": [7.1, 10.1363, -0.025]}, "faces": { "north": {"uv": [3, 1, 3.5, 1.5], "rotation": 270, "texture": "#1"}, "east": {"uv": [3, 1, 3.5, 1.5], "rotation": 270, "texture": "#1"}, "south": {"uv": [3, 1, 3.5, 1.5], "rotation": 270, "texture": "#1"}, "west": {"uv": [3, 1, 3.5, 1.5], "rotation": 270, "texture": "#1"}, "up": {"uv": [3, 1, 3.5, 1.5], "rotation": 270, "texture": "#1"}, "down": {"uv": [3, 1, 3.5, 1.5], "rotation": 270, "texture": "#1"} } }, { "from": [10.64194, 10.43082, -0.1], "to": [14.21694, 10.60582, 0.05], "rotation": {"angle": 22.5, "axis": "z", "origin": [11.52944, 10.53082, 0.4]}, "faces": { "north": {"uv": [3, 1, 3.5, 1.5], "rotation": 270, "texture": "#1"}, "east": {"uv": [3, 1, 3.5, 1.5], "rotation": 270, "texture": "#1"}, "south": {"uv": [3, 1, 3.5, 1.5], "rotation": 270, "texture": "#1"}, "west": {"uv": [3, 1, 3.5, 1.5], "rotation": 270, "texture": "#1"}, "up": {"uv": [3, 1, 3.5, 1.5], "rotation": 270, "texture": "#1"}, "down": {"uv": [3, 1, 3.5, 1.5], "rotation": 270, "texture": "#1"} } }, { "from": [13.21783, 11.12774, -0.1], "to": [13.34283, 11.17774, 0.05], "rotation": {"angle": 0, "axis": "z", "origin": [13.15533, 11.15274, -0.025]}, "faces": { "north": {"uv": [3, 1, 3.5, 1.5], "rotation": 270, "texture": "#1"}, "east": {"uv": [3, 1, 3.5, 1.5], "rotation": 270, "texture": "#1"}, "south": {"uv": [3, 1, 3.5, 1.5], "rotation": 270, "texture": "#1"}, "west": {"uv": [3, 1, 3.5, 1.5], "rotation": 270, "texture": "#1"}, "up": {"uv": [3, 1, 3.5, 1.5], "rotation": 270, "texture": "#1"}, "down": {"uv": [3, 1, 3.5, 1.5], "rotation": 270, "texture": "#1"} } }, { "from": [13.30906, 11.15932, -0.1], "to": [13.40906, 11.20932, 0.05], "rotation": {"angle": -22.5, "axis": "z", "origin": [13.22156, 11.18432, -0.025]}, "faces": { "north": {"uv": [3, 1, 3.5, 1.5], "rotation": 270, "texture": "#1"}, "east": {"uv": [3, 1, 3.5, 1.5], "rotation": 270, "texture": "#1"}, "south": {"uv": [3, 1, 3.5, 1.5], "rotation": 270, "texture": "#1"}, "west": {"uv": [3, 1, 3.5, 1.5], "rotation": 270, "texture": "#1"}, "up": {"uv": [3, 1, 3.5, 1.5], "rotation": 270, "texture": "#1"}, "down": {"uv": [3, 1, 3.5, 1.5], "rotation": 270, "texture": "#1"} } }, { "from": [13.29859, 11.1067, -0.1], "to": [13.47359, 11.2567, 0.05], "rotation": {"angle": -45, "axis": "z", "origin": [13.34859, 11.1317, -0.025]}, "faces": { "north": {"uv": [3, 1, 3.5, 1.5], "rotation": 270, "texture": "#1"}, "east": {"uv": [3, 1, 3.5, 1.5], "rotation": 270, "texture": "#1"}, "south": {"uv": [3, 1, 3.5, 1.5], "rotation": 270, "texture": "#1"}, "west": {"uv": [3, 1, 3.5, 1.5], "rotation": 270, "texture": "#1"}, "up": {"uv": [3, 1, 3.5, 1.5], "rotation": 270, "texture": "#1"}, "down": {"uv": [3, 1, 3.5, 1.5], "rotation": 270, "texture": "#1"} } }, { "from": [13.34859, 10.9317, -0.1], "to": [14.09859, 11.2067, 0.05], "rotation": {"angle": 22.5, "axis": "z", "origin": [13.37359, 11.1067, -0.025]}, "faces": { "north": {"uv": [3, 1, 3.5, 1.5], "rotation": 270, "texture": "#1"}, "east": {"uv": [3, 1, 3.5, 1.5], "rotation": 270, "texture": "#1"}, "south": {"uv": [3, 1, 3.5, 1.5], "rotation": 270, "texture": "#1"}, "west": {"uv": [3, 1, 3.5, 1.5], "rotation": 270, "texture": "#1"}, "up": {"uv": [3, 1, 3.5, 1.5], "rotation": 270, "texture": "#1"}, "down": {"uv": [3, 1, 3.5, 1.5], "rotation": 270, "texture": "#1"} } }, { "from": [13.98367, 10.92858, -0.1], "to": [16.48367, 11.62858, 0.05], "rotation": {"angle": 0, "axis": "z", "origin": [15.23367, 11.55358, -0.025]}, "faces": { "north": {"uv": [3, 1, 3.5, 1.5], "rotation": 270, "texture": "#1"}, "east": {"uv": [3, 1, 3.5, 1.5], "rotation": 270, "texture": "#1"}, "south": {"uv": [3, 1, 3.5, 1.5], "rotation": 270, "texture": "#1"}, "west": {"uv": [3, 1, 3.5, 1.5], "rotation": 270, "texture": "#1"}, "up": {"uv": [3, 1, 3.5, 1.5], "rotation": 270, "texture": "#1"}, "down": {"uv": [3, 1, 3.5, 1.5], "rotation": 270, "texture": "#1"} } }, { "from": [13.40867, 10.62858, -0.1], "to": [13.98367, 11.35358, 0.05], "rotation": {"angle": 0, "axis": "z", "origin": [15.23367, 11.55358, -0.025]}, "faces": { "north": {"uv": [3, 1, 3.5, 1.5], "rotation": 270, "texture": "#1"}, "east": {"uv": [3, 1, 3.5, 1.5], "rotation": 270, "texture": "#1"}, "south": {"uv": [3, 1, 3.5, 1.5], "rotation": 270, "texture": "#1"}, "west": {"uv": [3, 1, 3.5, 1.5], "rotation": 270, "texture": "#1"}, "up": {"uv": [3, 1, 3.5, 1.5], "rotation": 270, "texture": "#1"}, "down": {"uv": [3, 1, 3.5, 1.5], "rotation": 270, "texture": "#1"} } }, { "from": [1.78306, 10.43082, -0.1], "to": [5.35806, 10.60582, 0.05], "rotation": {"angle": -22.5, "axis": "z", "origin": [4.47056, 10.53082, 0.4]}, "faces": { "north": {"uv": [3, 1, 3.5, 1.5], "rotation": 270, "texture": "#1"}, "east": {"uv": [3, 1, 3.5, 1.5], "rotation": 270, "texture": "#1"}, "south": {"uv": [3, 1, 3.5, 1.5], "rotation": 270, "texture": "#1"}, "west": {"uv": [3, 1, 3.5, 1.5], "rotation": 270, "texture": "#1"}, "up": {"uv": [3, 1, 3.5, 1.5], "rotation": 270, "texture": "#1"}, "down": {"uv": [3, 1, 3.5, 1.5], "rotation": 270, "texture": "#1"} } }, { "from": [2.65717, 11.12774, -0.1], "to": [2.78217, 11.17774, 0.05], "rotation": {"angle": 0, "axis": "z", "origin": [2.84467, 11.15274, -0.025]}, "faces": { "north": {"uv": [3, 1, 3.5, 1.5], "rotation": 270, "texture": "#1"}, "east": {"uv": [3, 1, 3.5, 1.5], "rotation": 270, "texture": "#1"}, "south": {"uv": [3, 1, 3.5, 1.5], "rotation": 270, "texture": "#1"}, "west": {"uv": [3, 1, 3.5, 1.5], "rotation": 270, "texture": "#1"}, "up": {"uv": [3, 1, 3.5, 1.5], "rotation": 270, "texture": "#1"}, "down": {"uv": [3, 1, 3.5, 1.5], "rotation": 270, "texture": "#1"} } }, { "from": [2.59094, 11.15932, -0.1], "to": [2.69094, 11.20932, 0.05], "rotation": {"angle": 22.5, "axis": "z", "origin": [2.77844, 11.18432, -0.025]}, "faces": { "north": {"uv": [3, 1, 3.5, 1.5], "rotation": 270, "texture": "#1"}, "east": {"uv": [3, 1, 3.5, 1.5], "rotation": 270, "texture": "#1"}, "south": {"uv": [3, 1, 3.5, 1.5], "rotation": 270, "texture": "#1"}, "west": {"uv": [3, 1, 3.5, 1.5], "rotation": 270, "texture": "#1"}, "up": {"uv": [3, 1, 3.5, 1.5], "rotation": 270, "texture": "#1"}, "down": {"uv": [3, 1, 3.5, 1.5], "rotation": 270, "texture": "#1"} } }, { "from": [2.52641, 11.1067, -0.1], "to": [2.70141, 11.2567, 0.05], "rotation": {"angle": 45, "axis": "z", "origin": [2.65141, 11.1317, -0.025]}, "faces": { "north": {"uv": [3, 1, 3.5, 1.5], "rotation": 270, "texture": "#1"}, "east": {"uv": [3, 1, 3.5, 1.5], "rotation": 270, "texture": "#1"}, "south": {"uv": [3, 1, 3.5, 1.5], "rotation": 270, "texture": "#1"}, "west": {"uv": [3, 1, 3.5, 1.5], "rotation": 270, "texture": "#1"}, "up": {"uv": [3, 1, 3.5, 1.5], "rotation": 270, "texture": "#1"}, "down": {"uv": [3, 1, 3.5, 1.5], "rotation": 270, "texture": "#1"} } }, { "from": [1.90141, 10.9317, -0.1], "to": [2.65141, 11.2067, 0.05], "rotation": {"angle": -22.5, "axis": "z", "origin": [2.62641, 11.1067, -0.025]}, "faces": { "north": {"uv": [3, 1, 3.5, 1.5], "rotation": 270, "texture": "#1"}, "east": {"uv": [3, 1, 3.5, 1.5], "rotation": 270, "texture": "#1"}, "south": {"uv": [3, 1, 3.5, 1.5], "rotation": 270, "texture": "#1"}, "west": {"uv": [3, 1, 3.5, 1.5], "rotation": 270, "texture": "#1"}, "up": {"uv": [3, 1, 3.5, 1.5], "rotation": 270, "texture": "#1"}, "down": {"uv": [3, 1, 3.5, 1.5], "rotation": 270, "texture": "#1"} } }, { "from": [-0.48367, 10.92858, -0.1], "to": [2.01633, 11.62858, 0.05], "rotation": {"angle": 0, "axis": "z", "origin": [0.76633, 11.55358, -0.025]}, "faces": { "north": {"uv": [3, 1, 3.5, 1.5], "rotation": 270, "texture": "#1"}, "east": {"uv": [3, 1, 3.5, 1.5], "rotation": 270, "texture": "#1"}, "south": {"uv": [3, 1, 3.5, 1.5], "rotation": 270, "texture": "#1"}, "west": {"uv": [3, 1, 3.5, 1.5], "rotation": 270, "texture": "#1"}, "up": {"uv": [3, 1, 3.5, 1.5], "rotation": 270, "texture": "#1"}, "down": {"uv": [3, 1, 3.5, 1.5], "rotation": 270, "texture": "#1"} } }, { "from": [2.01633, 10.62858, -0.1], "to": [2.59133, 11.35358, 0.05], "rotation": {"angle": 0, "axis": "z", "origin": [0.76633, 11.55358, -0.025]}, "faces": { "north": {"uv": [3, 1, 3.5, 1.5], "rotation": 270, "texture": "#1"}, "east": {"uv": [3, 1, 3.5, 1.5], "rotation": 270, "texture": "#1"}, "south": {"uv": [3, 1, 3.5, 1.5], "rotation": 270, "texture": "#1"}, "west": {"uv": [3, 1, 3.5, 1.5], "rotation": 270, "texture": "#1"}, "up": {"uv": [3, 1, 3.5, 1.5], "rotation": 270, "texture": "#1"}, "down": {"uv": [3, 1, 3.5, 1.5], "rotation": 270, "texture": "#1"} } }, { "from": [22.3453, 3.77597, 17.16022], "to": [22.6717, 4.84656, 18.04803], "rotation": {"angle": 0, "axis": "y", "origin": [22.3453, 6.05643, 15.54009]}, "faces": { "north": {"uv": [1, 1, 2, 2], "rotation": 270, "texture": "#1"}, "east": {"uv": [1, 1, 2, 2], "rotation": 270, "texture": "#1"}, "south": {"uv": [1, 1, 2, 2], "rotation": 270, "texture": "#1"}, "west": {"uv": [1, 1, 2, 2], "rotation": 270, "texture": "#1"}, "up": {"uv": [1, 1, 2, 2], "rotation": 270, "texture": "#1"}, "down": {"uv": [1, 1, 2, 2], "rotation": 270, "texture": "#1"} } }, { "from": [-6.6717, 3.77597, 17.16022], "to": [-6.3453, 4.84656, 18.04803], "rotation": {"angle": 0, "axis": "y", "origin": [-6.3453, 6.05643, 15.54009]}, "faces": { "north": {"uv": [1, 1, 2, 2], "rotation": 270, "texture": "#1"}, "east": {"uv": [1, 1, 2, 2], "rotation": 270, "texture": "#1"}, "south": {"uv": [1, 1, 2, 2], "rotation": 270, "texture": "#1"}, "west": {"uv": [1, 1, 2, 2], "rotation": 270, "texture": "#1"}, "up": {"uv": [1, 1, 2, 2], "rotation": 270, "texture": "#1"}, "down": {"uv": [1, 1, 2, 2], "rotation": 270, "texture": "#1"} } }, { "from": [22.3453, 4.56956, 17.33512], "to": [22.6717, 5.8621, 17.90959], "rotation": {"angle": 22.5, "axis": "x", "origin": [22.3453, 6.05643, 15.54009]}, "faces": { "north": {"uv": [1, 1, 2, 2], "rotation": 270, "texture": "#1"}, "east": {"uv": [1, 1, 2, 2], "rotation": 270, "texture": "#1"}, "south": {"uv": [1, 1, 2, 2], "rotation": 270, "texture": "#1"}, "west": {"uv": [1, 1, 2, 2], "rotation": 270, "texture": "#1"}, "up": {"uv": [1, 1, 2, 2], "rotation": 270, "texture": "#1"}, "down": {"uv": [1, 1, 2, 2], "rotation": 270, "texture": "#1"} } }, { "from": [-6.6717, 4.56956, 17.33512], "to": [-6.3453, 5.8621, 17.90959], "rotation": {"angle": 22.5, "axis": "x", "origin": [-6.3453, 6.05643, 15.54009]}, "faces": { "north": {"uv": [1, 1, 2, 2], "rotation": 270, "texture": "#1"}, "east": {"uv": [1, 1, 2, 2], "rotation": 270, "texture": "#1"}, "south": {"uv": [1, 1, 2, 2], "rotation": 270, "texture": "#1"}, "west": {"uv": [1, 1, 2, 2], "rotation": 270, "texture": "#1"}, "up": {"uv": [1, 1, 2, 2], "rotation": 270, "texture": "#1"}, "down": {"uv": [1, 1, 2, 2], "rotation": 270, "texture": "#1"} } }, { "from": [22.3453, 5.36967, 17.2583], "to": [22.6717, 6.66222, 17.76748], "rotation": {"angle": 45, "axis": "x", "origin": [22.3453, 6.05643, 15.54009]}, "faces": { "north": {"uv": [1, 1, 2, 2], "rotation": 270, "texture": "#1"}, "east": {"uv": [1, 1, 2, 2], "rotation": 270, "texture": "#1"}, "south": {"uv": [1, 1, 2, 2], "rotation": 270, "texture": "#1"}, "west": {"uv": [1, 1, 2, 2], "rotation": 270, "texture": "#1"}, "up": {"uv": [1, 1, 2, 2], "rotation": 270, "texture": "#1"}, "down": {"uv": [1, 1, 2, 2], "rotation": 270, "texture": "#1"} } }, { "from": [-6.6717, 5.36967, 17.2583], "to": [-6.3453, 6.66222, 17.76748], "rotation": {"angle": 45, "axis": "x", "origin": [-6.3453, 6.05643, 15.54009]}, "faces": { "north": {"uv": [1, 1, 2, 2], "rotation": 270, "texture": "#1"}, "east": {"uv": [1, 1, 2, 2], "rotation": 270, "texture": "#1"}, "south": {"uv": [1, 1, 2, 2], "rotation": 270, "texture": "#1"}, "west": {"uv": [1, 1, 2, 2], "rotation": 270, "texture": "#1"}, "up": {"uv": [1, 1, 2, 2], "rotation": 270, "texture": "#1"}, "down": {"uv": [1, 1, 2, 2], "rotation": 270, "texture": "#1"} } }, { "from": [22.3453, 4.20641, 15.55938], "to": [22.6717, 6.45204, 16.38191], "rotation": {"angle": -22.5, "axis": "x", "origin": [22.3453, 6.05643, 15.54009]}, "faces": { "north": {"uv": [1, 1, 2, 2], "rotation": 270, "texture": "#1"}, "east": {"uv": [1, 1, 2, 2], "rotation": 270, "texture": "#1"}, "south": {"uv": [1, 1, 2, 2], "rotation": 270, "texture": "#1"}, "west": {"uv": [1, 1, 2, 2], "rotation": 270, "texture": "#1"}, "up": {"uv": [1, 1, 2, 2], "rotation": 270, "texture": "#1"}, "down": {"uv": [1, 1, 2, 2], "rotation": 270, "texture": "#1"} } }, { "from": [-6.6717, 4.20641, 15.55938], "to": [-6.3453, 6.45204, 16.38191], "rotation": {"angle": -22.5, "axis": "x", "origin": [-6.3453, 6.05643, 15.54009]}, "faces": { "north": {"uv": [1, 1, 2, 2], "rotation": 270, "texture": "#1"}, "east": {"uv": [1, 1, 2, 2], "rotation": 270, "texture": "#1"}, "south": {"uv": [1, 1, 2, 2], "rotation": 270, "texture": "#1"}, "west": {"uv": [1, 1, 2, 2], "rotation": 270, "texture": "#1"}, "up": {"uv": [1, 1, 2, 2], "rotation": 270, "texture": "#1"}, "down": {"uv": [1, 1, 2, 2], "rotation": 270, "texture": "#1"} } }, { "from": [22.3453, 4.16913, 15.70392], "to": [22.6717, 8.39927, 16.03032], "rotation": {"angle": -45, "axis": "x", "origin": [22.3453, 6.05643, 15.54009]}, "faces": { "north": {"uv": [1, 1, 2, 2], "rotation": 270, "texture": "#1"}, "east": {"uv": [1, 1, 2, 2], "rotation": 270, "texture": "#1"}, "south": {"uv": [1, 1, 2, 2], "rotation": 270, "texture": "#1"}, "west": {"uv": [1, 1, 2, 2], "rotation": 270, "texture": "#1"}, "up": {"uv": [1, 1, 2, 2], "rotation": 270, "texture": "#1"}, "down": {"uv": [1, 1, 2, 2], "rotation": 270, "texture": "#1"} } }, { "from": [-6.6717, 4.16913, 15.70392], "to": [-6.3453, 8.39927, 16.03032], "rotation": {"angle": -45, "axis": "x", "origin": [-6.3453, 6.05643, 15.54009]}, "faces": { "north": {"uv": [1, 1, 2, 2], "rotation": 270, "texture": "#1"}, "east": {"uv": [1, 1, 2, 2], "rotation": 270, "texture": "#1"}, "south": {"uv": [1, 1, 2, 2], "rotation": 270, "texture": "#1"}, "west": {"uv": [1, 1, 2, 2], "rotation": 270, "texture": "#1"}, "up": {"uv": [1, 1, 2, 2], "rotation": 270, "texture": "#1"}, "down": {"uv": [1, 1, 2, 2], "rotation": 270, "texture": "#1"} } }, { "from": [22.3453, 8.28363, 14.79488], "to": [22.6717, 9.31505, 15.12128], "rotation": {"angle": -22.5, "axis": "x", "origin": [22.3453, 6.05643, 15.54009]}, "faces": { "north": {"uv": [1, 1, 2, 2], "rotation": 270, "texture": "#1"}, "east": {"uv": [1, 1, 2, 2], "rotation": 270, "texture": "#1"}, "south": {"uv": [1, 1, 2, 2], "rotation": 270, "texture": "#1"}, "west": {"uv": [1, 1, 2, 2], "rotation": 270, "texture": "#1"}, "up": {"uv": [1, 1, 2, 2], "rotation": 270, "texture": "#1"}, "down": {"uv": [1, 1, 2, 2], "rotation": 270, "texture": "#1"} } }, { "from": [-6.6717, 8.28363, 14.79488], "to": [-6.3453, 9.31505, 15.12128], "rotation": {"angle": -22.5, "axis": "x", "origin": [-6.3453, 6.05643, 15.54009]}, "faces": { "north": {"uv": [1, 1, 2, 2], "rotation": 270, "texture": "#1"}, "east": {"uv": [1, 1, 2, 2], "rotation": 270, "texture": "#1"}, "south": {"uv": [1, 1, 2, 2], "rotation": 270, "texture": "#1"}, "west": {"uv": [1, 1, 2, 2], "rotation": 270, "texture": "#1"}, "up": {"uv": [1, 1, 2, 2], "rotation": 270, "texture": "#1"}, "down": {"uv": [1, 1, 2, 2], "rotation": 270, "texture": "#1"} } }, { "from": [22.3453, 2.98982, 16.98443], "to": [22.6717, 3.81235, 17.37611], "rotation": {"angle": -22.5, "axis": "x", "origin": [22.3453, 6.05643, 15.54009]}, "faces": { "north": {"uv": [1, 1, 2, 2], "rotation": 270, "texture": "#1"}, "east": {"uv": [1, 1, 2, 2], "rotation": 270, "texture": "#1"}, "south": {"uv": [1, 1, 2, 2], "rotation": 270, "texture": "#1"}, "west": {"uv": [1, 1, 2, 2], "rotation": 270, "texture": "#1"}, "up": {"uv": [1, 1, 2, 2], "rotation": 270, "texture": "#1"}, "down": {"uv": [1, 1, 2, 2], "rotation": 270, "texture": "#1"} } }, { "from": [-6.6717, 2.98982, 16.98443], "to": [-6.3453, 3.81235, 17.37611], "rotation": {"angle": -22.5, "axis": "x", "origin": [-6.3453, 6.05643, 15.54009]}, "faces": { "north": {"uv": [1, 1, 2, 2], "rotation": 270, "texture": "#1"}, "east": {"uv": [1, 1, 2, 2], "rotation": 270, "texture": "#1"}, "south": {"uv": [1, 1, 2, 2], "rotation": 270, "texture": "#1"}, "west": {"uv": [1, 1, 2, 2], "rotation": 270, "texture": "#1"}, "up": {"uv": [1, 1, 2, 2], "rotation": 270, "texture": "#1"}, "down": {"uv": [1, 1, 2, 2], "rotation": 270, "texture": "#1"} } }, { "from": [22.3453, 2.52063, 16.06281], "to": [22.6717, 2.84703, 16.18031], "rotation": {"angle": -45, "axis": "x", "origin": [22.3453, 6.05643, 15.54009]}, "faces": { "north": {"uv": [1, 1, 2, 2], "rotation": 270, "texture": "#1"}, "east": {"uv": [1, 1, 2, 2], "rotation": 270, "texture": "#1"}, "south": {"uv": [1, 1, 2, 2], "rotation": 270, "texture": "#1"}, "west": {"uv": [1, 1, 2, 2], "rotation": 270, "texture": "#1"}, "up": {"uv": [1, 1, 2, 2], "rotation": 270, "texture": "#1"}, "down": {"uv": [1, 1, 2, 2], "rotation": 270, "texture": "#1"} } }, { "from": [-6.6717, 2.52063, 16.06281], "to": [-6.3453, 2.84703, 16.18031], "rotation": {"angle": -45, "axis": "x", "origin": [-6.3453, 6.05643, 15.54009]}, "faces": { "north": {"uv": [1, 1, 2, 2], "rotation": 270, "texture": "#1"}, "east": {"uv": [1, 1, 2, 2], "rotation": 270, "texture": "#1"}, "south": {"uv": [1, 1, 2, 2], "rotation": 270, "texture": "#1"}, "west": {"uv": [1, 1, 2, 2], "rotation": 270, "texture": "#1"}, "up": {"uv": [1, 1, 2, 2], "rotation": 270, "texture": "#1"}, "down": {"uv": [1, 1, 2, 2], "rotation": 270, "texture": "#1"} } }, { "from": [22.3453, 6.46923, 11.53498], "to": [22.6717, 6.99147, 18.78106], "rotation": {"angle": 45, "axis": "x", "origin": [22.3453, 6.05643, 15.54009]}, "faces": { "north": {"uv": [1, 1, 2, 2], "rotation": 270, "texture": "#1"}, "east": {"uv": [1, 1, 2, 2], "rotation": 270, "texture": "#1"}, "south": {"uv": [1, 1, 2, 2], "rotation": 270, "texture": "#1"}, "west": {"uv": [1, 1, 2, 2], "rotation": 270, "texture": "#1"}, "up": {"uv": [1, 1, 2, 2], "rotation": 270, "texture": "#1"}, "down": {"uv": [1, 1, 2, 2], "rotation": 270, "texture": "#1"} } }, { "from": [-6.6717, 6.46923, 11.53498], "to": [-6.3453, 6.99147, 18.78106], "rotation": {"angle": 45, "axis": "x", "origin": [-6.3453, 6.05643, 15.54009]}, "faces": { "north": {"uv": [1, 1, 2, 2], "rotation": 270, "texture": "#1"}, "east": {"uv": [1, 1, 2, 2], "rotation": 270, "texture": "#1"}, "south": {"uv": [1, 1, 2, 2], "rotation": 270, "texture": "#1"}, "west": {"uv": [1, 1, 2, 2], "rotation": 270, "texture": "#1"}, "up": {"uv": [1, 1, 2, 2], "rotation": 270, "texture": "#1"}, "down": {"uv": [1, 1, 2, 2], "rotation": 270, "texture": "#1"} } }, { "from": [22.3453, 9.58699, 7.39644], "to": [22.6717, 10.10923, 12.01826], "rotation": {"angle": 0, "axis": "y", "origin": [22.3453, 6.05643, 15.01785]}, "faces": { "north": {"uv": [1, 1, 2, 2], "rotation": 270, "texture": "#1"}, "east": {"uv": [1, 1, 2, 2], "rotation": 270, "texture": "#1"}, "south": {"uv": [1, 1, 2, 2], "rotation": 270, "texture": "#1"}, "west": {"uv": [1, 1, 2, 2], "rotation": 270, "texture": "#1"}, "up": {"uv": [1, 1, 2, 2], "rotation": 270, "texture": "#1"}, "down": {"uv": [1, 1, 2, 2], "rotation": 270, "texture": "#1"} } }, { "from": [-6.6717, 9.58699, 7.39644], "to": [-6.3453, 10.10923, 12.01826], "rotation": {"angle": 0, "axis": "y", "origin": [-6.3453, 6.05643, 15.01785]}, "faces": { "north": {"uv": [1, 1, 2, 2], "rotation": 270, "texture": "#1"}, "east": {"uv": [1, 1, 2, 2], "rotation": 270, "texture": "#1"}, "south": {"uv": [1, 1, 2, 2], "rotation": 270, "texture": "#1"}, "west": {"uv": [1, 1, 2, 2], "rotation": 270, "texture": "#1"}, "up": {"uv": [1, 1, 2, 2], "rotation": 270, "texture": "#1"}, "down": {"uv": [1, 1, 2, 2], "rotation": 270, "texture": "#1"} } }, { "from": [22.37794, 9.61963, 3.79696], "to": [22.63906, 10.07659, 7.39644], "rotation": {"angle": 0, "axis": "y", "origin": [22.31266, 5.10851, 16.92319]}, "faces": { "north": {"uv": [3, 1, 3.5, 1.5], "rotation": 270, "texture": "#1"}, "east": {"uv": [3, 1, 3.5, 1.5], "rotation": 270, "texture": "#1"}, "south": {"uv": [3, 1, 3.5, 1.5], "rotation": 270, "texture": "#1"}, "west": {"uv": [3, 1, 3.5, 1.5], "rotation": 270, "texture": "#1"}, "up": {"uv": [3, 1, 3.5, 1.5], "rotation": 270, "texture": "#1"}, "down": {"uv": [3, 1, 3.5, 1.5], "rotation": 270, "texture": "#1"} } }, { "from": [-6.63906, 9.61963, 3.79696], "to": [-6.37794, 10.07659, 7.39644], "rotation": {"angle": 0, "axis": "y", "origin": [-6.31266, 5.10851, 16.92319]}, "faces": { "north": {"uv": [3, 1, 3.5, 1.5], "rotation": 270, "texture": "#1"}, "east": {"uv": [3, 1, 3.5, 1.5], "rotation": 270, "texture": "#1"}, "south": {"uv": [3, 1, 3.5, 1.5], "rotation": 270, "texture": "#1"}, "west": {"uv": [3, 1, 3.5, 1.5], "rotation": 270, "texture": "#1"}, "up": {"uv": [3, 1, 3.5, 1.5], "rotation": 270, "texture": "#1"}, "down": {"uv": [3, 1, 3.5, 1.5], "rotation": 270, "texture": "#1"} } }, { "from": [21.40735, 9.61963, -0.23252], "to": [21.66847, 10.07659, 4.04196], "rotation": {"angle": 22.5, "axis": "y", "origin": [21.53791, 9.84811, 1.47972]}, "faces": { "north": {"uv": [3, 1, 3.5, 1.5], "rotation": 270, "texture": "#1"}, "east": {"uv": [3, 1, 3.5, 1.5], "rotation": 270, "texture": "#1"}, "south": {"uv": [3, 1, 3.5, 1.5], "rotation": 270, "texture": "#1"}, "west": {"uv": [3, 1, 3.5, 1.5], "rotation": 270, "texture": "#1"}, "up": {"uv": [3, 1, 3.5, 1.5], "rotation": 270, "texture": "#1"}, "down": {"uv": [3, 1, 3.5, 1.5], "rotation": 270, "texture": "#1"} } }, { "from": [-5.66847, 9.61963, -0.23252], "to": [-5.40735, 10.07659, 4.04196], "rotation": {"angle": -22.5, "axis": "y", "origin": [-5.53791, 9.84811, 1.47972]}, "faces": { "north": {"uv": [3, 1, 3.5, 1.5], "rotation": 270, "texture": "#1"}, "east": {"uv": [3, 1, 3.5, 1.5], "rotation": 270, "texture": "#1"}, "south": {"uv": [3, 1, 3.5, 1.5], "rotation": 270, "texture": "#1"}, "west": {"uv": [3, 1, 3.5, 1.5], "rotation": 270, "texture": "#1"}, "up": {"uv": [3, 1, 3.5, 1.5], "rotation": 270, "texture": "#1"}, "down": {"uv": [3, 1, 3.5, 1.5], "rotation": 270, "texture": "#1"} } }, { "from": [22.3453, 7.93074, 10.73541], "to": [22.6717, 8.45298, 12.19768], "rotation": {"angle": 22.5, "axis": "x", "origin": [22.3453, 6.05643, 15.54009]}, "faces": { "north": {"uv": [1, 1, 2, 2], "rotation": 270, "texture": "#1"}, "east": {"uv": [1, 1, 2, 2], "rotation": 270, "texture": "#1"}, "south": {"uv": [1, 1, 2, 2], "rotation": 270, "texture": "#1"}, "west": {"uv": [1, 1, 2, 2], "rotation": 270, "texture": "#1"}, "up": {"uv": [1, 1, 2, 2], "rotation": 270, "texture": "#1"}, "down": {"uv": [1, 1, 2, 2], "rotation": 270, "texture": "#1"} } }, { "from": [-6.6717, 7.93074, 10.73541], "to": [-6.3453, 8.45298, 12.19768], "rotation": {"angle": 22.5, "axis": "x", "origin": [-6.3453, 6.05643, 15.54009]}, "faces": { "north": {"uv": [1, 1, 2, 2], "rotation": 270, "texture": "#1"}, "east": {"uv": [1, 1, 2, 2], "rotation": 270, "texture": "#1"}, "south": {"uv": [1, 1, 2, 2], "rotation": 270, "texture": "#1"}, "west": {"uv": [1, 1, 2, 2], "rotation": 270, "texture": "#1"}, "up": {"uv": [1, 1, 2, 2], "rotation": 270, "texture": "#1"}, "down": {"uv": [1, 1, 2, 2], "rotation": 270, "texture": "#1"} } }, { "from": [22.3453, 5.29483, 18.72534], "to": [22.6717, 5.38622, 19.05174], "rotation": {"angle": 22.5, "axis": "x", "origin": [22.3453, 6.05643, 15.54009]}, "faces": { "north": {"uv": [1, 1, 2, 2], "rotation": 270, "texture": "#1"}, "east": {"uv": [1, 1, 2, 2], "rotation": 270, "texture": "#1"}, "south": {"uv": [1, 1, 2, 2], "rotation": 270, "texture": "#1"}, "west": {"uv": [1, 1, 2, 2], "rotation": 270, "texture": "#1"}, "up": {"uv": [1, 1, 2, 2], "rotation": 270, "texture": "#1"}, "down": {"uv": [1, 1, 2, 2], "rotation": 270, "texture": "#1"} } }, { "from": [-6.6717, 5.29483, 18.72534], "to": [-6.3453, 5.38622, 19.05174], "rotation": {"angle": 22.5, "axis": "x", "origin": [-6.3453, 6.05643, 15.54009]}, "faces": { "north": {"uv": [1, 1, 2, 2], "rotation": 270, "texture": "#1"}, "east": {"uv": [1, 1, 2, 2], "rotation": 270, "texture": "#1"}, "south": {"uv": [1, 1, 2, 2], "rotation": 270, "texture": "#1"}, "west": {"uv": [1, 1, 2, 2], "rotation": 270, "texture": "#1"}, "up": {"uv": [1, 1, 2, 2], "rotation": 270, "texture": "#1"}, "down": {"uv": [1, 1, 2, 2], "rotation": 270, "texture": "#1"} } }, { "from": [22.3453, 3.32859, 17.31782], "to": [22.6717, 3.41998, 17.64422], "rotation": {"angle": -22.5, "axis": "x", "origin": [22.3453, 6.05643, 15.54009]}, "faces": { "north": {"uv": [1, 1, 2, 2], "rotation": 270, "texture": "#1"}, "east": {"uv": [1, 1, 2, 2], "rotation": 270, "texture": "#1"}, "south": {"uv": [1, 1, 2, 2], "rotation": 270, "texture": "#1"}, "west": {"uv": [1, 1, 2, 2], "rotation": 270, "texture": "#1"}, "up": {"uv": [1, 1, 2, 2], "rotation": 270, "texture": "#1"}, "down": {"uv": [1, 1, 2, 2], "rotation": 270, "texture": "#1"} } }, { "from": [-6.6717, 3.32859, 17.31782], "to": [-6.3453, 3.41998, 17.64422], "rotation": {"angle": -22.5, "axis": "x", "origin": [-6.3453, 6.05643, 15.54009]}, "faces": { "north": {"uv": [1, 1, 2, 2], "rotation": 270, "texture": "#1"}, "east": {"uv": [1, 1, 2, 2], "rotation": 270, "texture": "#1"}, "south": {"uv": [1, 1, 2, 2], "rotation": 270, "texture": "#1"}, "west": {"uv": [1, 1, 2, 2], "rotation": 270, "texture": "#1"}, "up": {"uv": [1, 1, 2, 2], "rotation": 270, "texture": "#1"}, "down": {"uv": [1, 1, 2, 2], "rotation": 270, "texture": "#1"} } }, { "from": [22.3453, 4.09339, 18.20155], "to": [22.6717, 4.34145, 18.52795], "rotation": {"angle": 0, "axis": "y", "origin": [22.3453, 6.05643, 15.54009]}, "faces": { "north": {"uv": [1, 1, 2, 2], "rotation": 270, "texture": "#1"}, "east": {"uv": [1, 1, 2, 2], "rotation": 270, "texture": "#1"}, "south": {"uv": [1, 1, 2, 2], "rotation": 270, "texture": "#1"}, "west": {"uv": [1, 1, 2, 2], "rotation": 270, "texture": "#1"}, "up": {"uv": [1, 1, 2, 2], "rotation": 270, "texture": "#1"}, "down": {"uv": [1, 1, 2, 2], "rotation": 270, "texture": "#1"} } }, { "from": [-6.6717, 4.09339, 18.20155], "to": [-6.3453, 4.34145, 18.52795], "rotation": {"angle": 0, "axis": "y", "origin": [-6.3453, 6.05643, 15.54009]}, "faces": { "north": {"uv": [1, 1, 2, 2], "rotation": 270, "texture": "#1"}, "east": {"uv": [1, 1, 2, 2], "rotation": 270, "texture": "#1"}, "south": {"uv": [1, 1, 2, 2], "rotation": 270, "texture": "#1"}, "west": {"uv": [1, 1, 2, 2], "rotation": 270, "texture": "#1"}, "up": {"uv": [1, 1, 2, 2], "rotation": 270, "texture": "#1"}, "down": {"uv": [1, 1, 2, 2], "rotation": 270, "texture": "#1"} } }, { "from": [13.375, 0.88489, -0.075], "to": [16.8, 1.03489, -0.025], "rotation": {"angle": 0, "axis": "z", "origin": [14.0875, 0.80989, 0.4]}, "faces": { "north": {"uv": [5, 1, 6, 2], "rotation": 270, "texture": "#1"}, "east": {"uv": [5, 1, 6, 2], "rotation": 270, "texture": "#1"}, "south": {"uv": [5, 1, 6, 2], "rotation": 270, "texture": "#1"}, "west": {"uv": [5, 1, 6, 2], "rotation": 270, "texture": "#1"}, "up": {"uv": [5, 1, 6, 2], "rotation": 270, "texture": "#1"}, "down": {"uv": [5, 1, 6, 2], "rotation": 270, "texture": "#1"} } }, { "from": [13.025, 1.03489, -0.075], "to": [17.15, 1.18489, -0.025], "rotation": {"angle": 0, "axis": "z", "origin": [14.0875, 0.95989, 0.4]}, "faces": { "north": {"uv": [5, 1, 6, 2], "rotation": 270, "texture": "#1"}, "east": {"uv": [5, 1, 6, 2], "rotation": 270, "texture": "#1"}, "south": {"uv": [5, 1, 6, 2], "rotation": 270, "texture": "#1"}, "west": {"uv": [5, 1, 6, 2], "rotation": 270, "texture": "#1"}, "up": {"uv": [5, 1, 6, 2], "rotation": 270, "texture": "#1"}, "down": {"uv": [5, 1, 6, 2], "rotation": 270, "texture": "#1"} } }, { "from": [12.65, 1.18489, -0.075], "to": [17.525, 1.33489, -0.025], "rotation": {"angle": 0, "axis": "z", "origin": [14.0875, 1.10989, 0.4]}, "faces": { "north": {"uv": [5, 1, 6, 2], "rotation": 270, "texture": "#1"}, "east": {"uv": [5, 1, 6, 2], "rotation": 270, "texture": "#1"}, "south": {"uv": [5, 1, 6, 2], "rotation": 270, "texture": "#1"}, "west": {"uv": [5, 1, 6, 2], "rotation": 270, "texture": "#1"}, "up": {"uv": [5, 1, 6, 2], "rotation": 270, "texture": "#1"}, "down": {"uv": [5, 1, 6, 2], "rotation": 270, "texture": "#1"} } }, { "from": [12.3, 1.33489, -0.075], "to": [17.875, 1.48489, -0.025], "rotation": {"angle": 0, "axis": "z", "origin": [14.0875, 1.25989, 0.4]}, "faces": { "north": {"uv": [5, 1, 6, 2], "rotation": 270, "texture": "#1"}, "east": {"uv": [5, 1, 6, 2], "rotation": 270, "texture": "#1"}, "south": {"uv": [5, 1, 6, 2], "rotation": 270, "texture": "#1"}, "west": {"uv": [5, 1, 6, 2], "rotation": 270, "texture": "#1"}, "up": {"uv": [5, 1, 6, 2], "rotation": 270, "texture": "#1"}, "down": {"uv": [5, 1, 6, 2], "rotation": 270, "texture": "#1"} } }, { "from": [11.95, 1.48489, -0.075], "to": [18.25, 1.63489, -0.025], "rotation": {"angle": 0, "axis": "z", "origin": [14.0875, 1.40989, 0.4]}, "faces": { "north": {"uv": [5, 1, 6, 2], "rotation": 270, "texture": "#1"}, "east": {"uv": [5, 1, 6, 2], "rotation": 270, "texture": "#1"}, "south": {"uv": [5, 1, 6, 2], "rotation": 270, "texture": "#1"}, "west": {"uv": [5, 1, 6, 2], "rotation": 270, "texture": "#1"}, "up": {"uv": [5, 1, 6, 2], "rotation": 270, "texture": "#1"}, "down": {"uv": [5, 1, 6, 2], "rotation": 270, "texture": "#1"} } }, { "from": [11.75, 1.63489, -0.075], "to": [18.425, 1.83489, -0.025], "rotation": {"angle": 0, "axis": "z", "origin": [14.0875, 1.55989, 0.4]}, "faces": { "north": {"uv": [5, 1, 6, 2], "rotation": 270, "texture": "#1"}, "east": {"uv": [5, 1, 6, 2], "rotation": 270, "texture": "#1"}, "south": {"uv": [5, 1, 6, 2], "rotation": 270, "texture": "#1"}, "west": {"uv": [5, 1, 6, 2], "rotation": 270, "texture": "#1"}, "up": {"uv": [5, 1, 6, 2], "rotation": 270, "texture": "#1"}, "down": {"uv": [5, 1, 6, 2], "rotation": 270, "texture": "#1"} } }, { "from": [11.55, 1.83489, -0.075], "to": [18.625, 2.03489, -0.025], "rotation": {"angle": 0, "axis": "z", "origin": [14.0875, 1.75989, 0.4]}, "faces": { "north": {"uv": [5, 1, 6, 2], "rotation": 270, "texture": "#1"}, "east": {"uv": [5, 1, 6, 2], "rotation": 270, "texture": "#1"}, "south": {"uv": [5, 1, 6, 2], "rotation": 270, "texture": "#1"}, "west": {"uv": [5, 1, 6, 2], "rotation": 270, "texture": "#1"}, "up": {"uv": [5, 1, 6, 2], "rotation": 270, "texture": "#1"}, "down": {"uv": [5, 1, 6, 2], "rotation": 270, "texture": "#1"} } }, { "from": [11.35, 2.03489, -0.075], "to": [18.825, 2.23489, -0.025], "rotation": {"angle": 0, "axis": "z", "origin": [14.0875, 1.95989, 0.4]}, "faces": { "north": {"uv": [5, 1, 6, 2], "rotation": 270, "texture": "#1"}, "east": {"uv": [5, 1, 6, 2], "rotation": 270, "texture": "#1"}, "south": {"uv": [5, 1, 6, 2], "rotation": 270, "texture": "#1"}, "west": {"uv": [5, 1, 6, 2], "rotation": 270, "texture": "#1"}, "up": {"uv": [5, 1, 6, 2], "rotation": 270, "texture": "#1"}, "down": {"uv": [5, 1, 6, 2], "rotation": 270, "texture": "#1"} } }, { "from": [11.15, 2.23489, -0.075], "to": [19.025, 2.43489, -0.025], "rotation": {"angle": 0, "axis": "z", "origin": [14.0875, 2.15989, 0.4]}, "faces": { "north": {"uv": [5, 1, 6, 2], "rotation": 270, "texture": "#1"}, "east": {"uv": [5, 1, 6, 2], "rotation": 270, "texture": "#1"}, "south": {"uv": [5, 1, 6, 2], "rotation": 270, "texture": "#1"}, "west": {"uv": [5, 1, 6, 2], "rotation": 270, "texture": "#1"}, "up": {"uv": [5, 1, 6, 2], "rotation": 270, "texture": "#1"}, "down": {"uv": [5, 1, 6, 2], "rotation": 270, "texture": "#1"} } }, { "from": [10.95, 2.43489, -0.075], "to": [19.225, 2.63489, -0.025], "rotation": {"angle": 0, "axis": "z", "origin": [14.0875, 2.35989, 0.4]}, "faces": { "north": {"uv": [5, 1, 6, 2], "rotation": 270, "texture": "#1"}, "east": {"uv": [5, 1, 6, 2], "rotation": 270, "texture": "#1"}, "south": {"uv": [5, 1, 6, 2], "rotation": 270, "texture": "#1"}, "west": {"uv": [5, 1, 6, 2], "rotation": 270, "texture": "#1"}, "up": {"uv": [5, 1, 6, 2], "rotation": 270, "texture": "#1"}, "down": {"uv": [5, 1, 6, 2], "rotation": 270, "texture": "#1"} } }, { "from": [10.8, 2.63489, -0.075], "to": [19.4, 2.93489, -0.025], "rotation": {"angle": 0, "axis": "z", "origin": [14.0875, 2.55989, 0.4]}, "faces": { "north": {"uv": [5, 1, 6, 2], "rotation": 270, "texture": "#1"}, "east": {"uv": [5, 1, 6, 2], "rotation": 270, "texture": "#1"}, "south": {"uv": [5, 1, 6, 2], "rotation": 270, "texture": "#1"}, "west": {"uv": [5, 1, 6, 2], "rotation": 270, "texture": "#1"}, "up": {"uv": [5, 1, 6, 2], "rotation": 270, "texture": "#1"}, "down": {"uv": [5, 1, 6, 2], "rotation": 270, "texture": "#1"} } }, { "from": [10.675, 2.93489, -0.075], "to": [19.525, 3.23489, -0.025], "rotation": {"angle": 0, "axis": "z", "origin": [14.0875, 2.85989, 0.4]}, "faces": { "north": {"uv": [5, 1, 6, 2], "rotation": 270, "texture": "#1"}, "east": {"uv": [5, 1, 6, 2], "rotation": 270, "texture": "#1"}, "south": {"uv": [5, 1, 6, 2], "rotation": 270, "texture": "#1"}, "west": {"uv": [5, 1, 6, 2], "rotation": 270, "texture": "#1"}, "up": {"uv": [5, 1, 6, 2], "rotation": 270, "texture": "#1"}, "down": {"uv": [5, 1, 6, 2], "rotation": 270, "texture": "#1"} } }, { "from": [10.525, 3.23489, -0.075], "to": [19.65, 3.60989, -0.025], "rotation": {"angle": 0, "axis": "z", "origin": [14.0875, 3.15989, 0.4]}, "faces": { "north": {"uv": [5, 1, 6, 2], "rotation": 270, "texture": "#1"}, "east": {"uv": [5, 1, 6, 2], "rotation": 270, "texture": "#1"}, "south": {"uv": [5, 1, 6, 2], "rotation": 270, "texture": "#1"}, "west": {"uv": [5, 1, 6, 2], "rotation": 270, "texture": "#1"}, "up": {"uv": [5, 1, 6, 2], "rotation": 270, "texture": "#1"}, "down": {"uv": [5, 1, 6, 2], "rotation": 270, "texture": "#1"} } }, { "from": [10.375, 3.60989, -0.075], "to": [19.8, 3.98489, -0.025], "rotation": {"angle": 0, "axis": "z", "origin": [14.0875, 3.53489, 0.4]}, "faces": { "north": {"uv": [5, 1, 6, 2], "rotation": 270, "texture": "#1"}, "east": {"uv": [5, 1, 6, 2], "rotation": 270, "texture": "#1"}, "south": {"uv": [5, 1, 6, 2], "rotation": 270, "texture": "#1"}, "west": {"uv": [5, 1, 6, 2], "rotation": 270, "texture": "#1"}, "up": {"uv": [5, 1, 6, 2], "rotation": 270, "texture": "#1"}, "down": {"uv": [5, 1, 6, 2], "rotation": 270, "texture": "#1"} } }, { "from": [10.225, 3.98489, -0.075], "to": [19.95, 4.33489, -0.025], "rotation": {"angle": 0, "axis": "z", "origin": [14.0875, 3.90989, 0.4]}, "faces": { "north": {"uv": [5, 1, 6, 2], "rotation": 270, "texture": "#1"}, "east": {"uv": [5, 1, 6, 2], "rotation": 270, "texture": "#1"}, "south": {"uv": [5, 1, 6, 2], "rotation": 270, "texture": "#1"}, "west": {"uv": [5, 1, 6, 2], "rotation": 270, "texture": "#1"}, "up": {"uv": [5, 1, 6, 2], "rotation": 270, "texture": "#1"}, "down": {"uv": [5, 1, 6, 2], "rotation": 270, "texture": "#1"} } }, { "from": [10.075, 4.33489, -0.075], "to": [20.1, 8.55989, -0.025], "rotation": {"angle": 0, "axis": "z", "origin": [14.0875, 4.25989, 0.4]}, "faces": { "north": {"uv": [5, 1, 6, 2], "rotation": 270, "texture": "#1"}, "east": {"uv": [5, 1, 6, 2], "rotation": 270, "texture": "#1"}, "south": {"uv": [5, 1, 6, 2], "rotation": 270, "texture": "#1"}, "west": {"uv": [5, 1, 6, 2], "rotation": 270, "texture": "#1"}, "up": {"uv": [5, 1, 6, 2], "rotation": 270, "texture": "#1"}, "down": {"uv": [5, 1, 6, 2], "rotation": 270, "texture": "#1"} } }, { "from": [11.575, 8.55989, -0.075], "to": [19.475, 10.13489, -0.025], "rotation": {"angle": 0, "axis": "z", "origin": [14.0875, 4.25989, 0.4]}, "faces": { "north": {"uv": [5, 1, 6, 2], "rotation": 270, "texture": "#1"}, "east": {"uv": [5, 1, 6, 2], "rotation": 270, "texture": "#1"}, "south": {"uv": [5, 1, 6, 2], "rotation": 270, "texture": "#1"}, "west": {"uv": [5, 1, 6, 2], "rotation": 270, "texture": "#1"}, "up": {"uv": [5, 1, 6, 2], "rotation": 270, "texture": "#1"}, "down": {"uv": [5, 1, 6, 2], "rotation": 270, "texture": "#1"} } }, { "from": [14.25, 10.13489, -0.075], "to": [17.475, 10.35989, -0.025], "rotation": {"angle": 0, "axis": "z", "origin": [14.0875, 4.25989, 0.4]}, "faces": { "north": {"uv": [5, 1, 6, 2], "rotation": 270, "texture": "#1"}, "east": {"uv": [5, 1, 6, 2], "rotation": 270, "texture": "#1"}, "south": {"uv": [5, 1, 6, 2], "rotation": 270, "texture": "#1"}, "west": {"uv": [5, 1, 6, 2], "rotation": 270, "texture": "#1"}, "up": {"uv": [5, 1, 6, 2], "rotation": 270, "texture": "#1"}, "down": {"uv": [5, 1, 6, 2], "rotation": 270, "texture": "#1"} } }, { "from": [-0.8, 0.88489, -0.075], "to": [2.625, 1.03489, -0.025], "rotation": {"angle": 0, "axis": "z", "origin": [1.9125, 0.80989, 0.4]}, "faces": { "north": {"uv": [5, 1, 6, 2], "rotation": 270, "texture": "#1"}, "east": {"uv": [5, 1, 6, 2], "rotation": 270, "texture": "#1"}, "south": {"uv": [5, 1, 6, 2], "rotation": 270, "texture": "#1"}, "west": {"uv": [5, 1, 6, 2], "rotation": 270, "texture": "#1"}, "up": {"uv": [5, 1, 6, 2], "rotation": 270, "texture": "#1"}, "down": {"uv": [5, 1, 6, 2], "rotation": 270, "texture": "#1"} } }, { "from": [-1.15, 1.03489, -0.075], "to": [2.975, 1.18489, -0.025], "rotation": {"angle": 0, "axis": "z", "origin": [1.9125, 0.95989, 0.4]}, "faces": { "north": {"uv": [5, 1, 6, 2], "rotation": 270, "texture": "#1"}, "east": {"uv": [5, 1, 6, 2], "rotation": 270, "texture": "#1"}, "south": {"uv": [5, 1, 6, 2], "rotation": 270, "texture": "#1"}, "west": {"uv": [5, 1, 6, 2], "rotation": 270, "texture": "#1"}, "up": {"uv": [5, 1, 6, 2], "rotation": 270, "texture": "#1"}, "down": {"uv": [5, 1, 6, 2], "rotation": 270, "texture": "#1"} } }, { "from": [-1.525, 1.18489, -0.075], "to": [3.35, 1.33489, -0.025], "rotation": {"angle": 0, "axis": "z", "origin": [1.9125, 1.10989, 0.4]}, "faces": { "north": {"uv": [5, 1, 6, 2], "rotation": 270, "texture": "#1"}, "east": {"uv": [5, 1, 6, 2], "rotation": 270, "texture": "#1"}, "south": {"uv": [5, 1, 6, 2], "rotation": 270, "texture": "#1"}, "west": {"uv": [5, 1, 6, 2], "rotation": 270, "texture": "#1"}, "up": {"uv": [5, 1, 6, 2], "rotation": 270, "texture": "#1"}, "down": {"uv": [5, 1, 6, 2], "rotation": 270, "texture": "#1"} } }, { "from": [-1.875, 1.33489, -0.075], "to": [3.7, 1.48489, -0.025], "rotation": {"angle": 0, "axis": "z", "origin": [1.9125, 1.25989, 0.4]}, "faces": { "north": {"uv": [5, 1, 6, 2], "rotation": 270, "texture": "#1"}, "east": {"uv": [5, 1, 6, 2], "rotation": 270, "texture": "#1"}, "south": {"uv": [5, 1, 6, 2], "rotation": 270, "texture": "#1"}, "west": {"uv": [5, 1, 6, 2], "rotation": 270, "texture": "#1"}, "up": {"uv": [5, 1, 6, 2], "rotation": 270, "texture": "#1"}, "down": {"uv": [5, 1, 6, 2], "rotation": 270, "texture": "#1"} } }, { "from": [-2.25, 1.48489, -0.075], "to": [4.05, 1.63489, -0.025], "rotation": {"angle": 0, "axis": "z", "origin": [1.9125, 1.40989, 0.4]}, "faces": { "north": {"uv": [5, 1, 6, 2], "rotation": 270, "texture": "#1"}, "east": {"uv": [5, 1, 6, 2], "rotation": 270, "texture": "#1"}, "south": {"uv": [5, 1, 6, 2], "rotation": 270, "texture": "#1"}, "west": {"uv": [5, 1, 6, 2], "rotation": 270, "texture": "#1"}, "up": {"uv": [5, 1, 6, 2], "rotation": 270, "texture": "#1"}, "down": {"uv": [5, 1, 6, 2], "rotation": 270, "texture": "#1"} } }, { "from": [-2.425, 1.63489, -0.075], "to": [4.25, 1.83489, -0.025], "rotation": {"angle": 0, "axis": "z", "origin": [1.9125, 1.55989, 0.4]}, "faces": { "north": {"uv": [5, 1, 6, 2], "rotation": 270, "texture": "#1"}, "east": {"uv": [5, 1, 6, 2], "rotation": 270, "texture": "#1"}, "south": {"uv": [5, 1, 6, 2], "rotation": 270, "texture": "#1"}, "west": {"uv": [5, 1, 6, 2], "rotation": 270, "texture": "#1"}, "up": {"uv": [5, 1, 6, 2], "rotation": 270, "texture": "#1"}, "down": {"uv": [5, 1, 6, 2], "rotation": 270, "texture": "#1"} } }, { "from": [-2.625, 1.83489, -0.075], "to": [4.45, 2.03489, -0.025], "rotation": {"angle": 0, "axis": "z", "origin": [1.9125, 1.75989, 0.4]}, "faces": { "north": {"uv": [5, 1, 6, 2], "rotation": 270, "texture": "#1"}, "east": {"uv": [5, 1, 6, 2], "rotation": 270, "texture": "#1"}, "south": {"uv": [5, 1, 6, 2], "rotation": 270, "texture": "#1"}, "west": {"uv": [5, 1, 6, 2], "rotation": 270, "texture": "#1"}, "up": {"uv": [5, 1, 6, 2], "rotation": 270, "texture": "#1"}, "down": {"uv": [5, 1, 6, 2], "rotation": 270, "texture": "#1"} } }, { "from": [-2.825, 2.03489, -0.075], "to": [4.65, 2.23489, -0.025], "rotation": {"angle": 0, "axis": "z", "origin": [1.9125, 1.95989, 0.4]}, "faces": { "north": {"uv": [5, 1, 6, 2], "rotation": 270, "texture": "#1"}, "east": {"uv": [5, 1, 6, 2], "rotation": 270, "texture": "#1"}, "south": {"uv": [5, 1, 6, 2], "rotation": 270, "texture": "#1"}, "west": {"uv": [5, 1, 6, 2], "rotation": 270, "texture": "#1"}, "up": {"uv": [5, 1, 6, 2], "rotation": 270, "texture": "#1"}, "down": {"uv": [5, 1, 6, 2], "rotation": 270, "texture": "#1"} } }, { "from": [-3.025, 2.23489, -0.075], "to": [4.85, 2.43489, -0.025], "rotation": {"angle": 0, "axis": "z", "origin": [1.9125, 2.15989, 0.4]}, "faces": { "north": {"uv": [5, 1, 6, 2], "rotation": 270, "texture": "#1"}, "east": {"uv": [5, 1, 6, 2], "rotation": 270, "texture": "#1"}, "south": {"uv": [5, 1, 6, 2], "rotation": 270, "texture": "#1"}, "west": {"uv": [5, 1, 6, 2], "rotation": 270, "texture": "#1"}, "up": {"uv": [5, 1, 6, 2], "rotation": 270, "texture": "#1"}, "down": {"uv": [5, 1, 6, 2], "rotation": 270, "texture": "#1"} } }, { "from": [-3.225, 2.43489, -0.075], "to": [5.05, 2.63489, -0.025], "rotation": {"angle": 0, "axis": "z", "origin": [1.9125, 2.35989, 0.4]}, "faces": { "north": {"uv": [5, 1, 6, 2], "rotation": 270, "texture": "#1"}, "east": {"uv": [5, 1, 6, 2], "rotation": 270, "texture": "#1"}, "south": {"uv": [5, 1, 6, 2], "rotation": 270, "texture": "#1"}, "west": {"uv": [5, 1, 6, 2], "rotation": 270, "texture": "#1"}, "up": {"uv": [5, 1, 6, 2], "rotation": 270, "texture": "#1"}, "down": {"uv": [5, 1, 6, 2], "rotation": 270, "texture": "#1"} } }, { "from": [-3.4, 2.63489, -0.075], "to": [5.2, 2.93489, -0.025], "rotation": {"angle": 0, "axis": "z", "origin": [1.9125, 2.55989, 0.4]}, "faces": { "north": {"uv": [5, 1, 6, 2], "rotation": 270, "texture": "#1"}, "east": {"uv": [5, 1, 6, 2], "rotation": 270, "texture": "#1"}, "south": {"uv": [5, 1, 6, 2], "rotation": 270, "texture": "#1"}, "west": {"uv": [5, 1, 6, 2], "rotation": 270, "texture": "#1"}, "up": {"uv": [5, 1, 6, 2], "rotation": 270, "texture": "#1"}, "down": {"uv": [5, 1, 6, 2], "rotation": 270, "texture": "#1"} } }, { "from": [-3.525, 2.93489, -0.075], "to": [5.325, 3.23489, -0.025], "rotation": {"angle": 0, "axis": "z", "origin": [1.9125, 2.85989, 0.4]}, "faces": { "north": {"uv": [5, 1, 6, 2], "rotation": 270, "texture": "#1"}, "east": {"uv": [5, 1, 6, 2], "rotation": 270, "texture": "#1"}, "south": {"uv": [5, 1, 6, 2], "rotation": 270, "texture": "#1"}, "west": {"uv": [5, 1, 6, 2], "rotation": 270, "texture": "#1"}, "up": {"uv": [5, 1, 6, 2], "rotation": 270, "texture": "#1"}, "down": {"uv": [5, 1, 6, 2], "rotation": 270, "texture": "#1"} } }, { "from": [-3.65, 3.23489, -0.075], "to": [5.475, 3.60989, -0.025], "rotation": {"angle": 0, "axis": "z", "origin": [1.9125, 3.15989, 0.4]}, "faces": { "north": {"uv": [5, 1, 6, 2], "rotation": 270, "texture": "#1"}, "east": {"uv": [5, 1, 6, 2], "rotation": 270, "texture": "#1"}, "south": {"uv": [5, 1, 6, 2], "rotation": 270, "texture": "#1"}, "west": {"uv": [5, 1, 6, 2], "rotation": 270, "texture": "#1"}, "up": {"uv": [5, 1, 6, 2], "rotation": 270, "texture": "#1"}, "down": {"uv": [5, 1, 6, 2], "rotation": 270, "texture": "#1"} } }, { "from": [-3.8, 3.60989, -0.075], "to": [5.625, 3.98489, -0.025], "rotation": {"angle": 0, "axis": "z", "origin": [1.9125, 3.53489, 0.4]}, "faces": { "north": {"uv": [5, 1, 6, 2], "rotation": 270, "texture": "#1"}, "east": {"uv": [5, 1, 6, 2], "rotation": 270, "texture": "#1"}, "south": {"uv": [5, 1, 6, 2], "rotation": 270, "texture": "#1"}, "west": {"uv": [5, 1, 6, 2], "rotation": 270, "texture": "#1"}, "up": {"uv": [5, 1, 6, 2], "rotation": 270, "texture": "#1"}, "down": {"uv": [5, 1, 6, 2], "rotation": 270, "texture": "#1"} } }, { "from": [-3.95, 3.98489, -0.075], "to": [5.775, 4.33489, -0.025], "rotation": {"angle": 0, "axis": "z", "origin": [1.9125, 3.90989, 0.4]}, "faces": { "north": {"uv": [5, 1, 6, 2], "rotation": 270, "texture": "#1"}, "east": {"uv": [5, 1, 6, 2], "rotation": 270, "texture": "#1"}, "south": {"uv": [5, 1, 6, 2], "rotation": 270, "texture": "#1"}, "west": {"uv": [5, 1, 6, 2], "rotation": 270, "texture": "#1"}, "up": {"uv": [5, 1, 6, 2], "rotation": 270, "texture": "#1"}, "down": {"uv": [5, 1, 6, 2], "rotation": 270, "texture": "#1"} } }, { "from": [-4.1, 4.33489, -0.075], "to": [5.925, 8.55989, -0.025], "rotation": {"angle": 0, "axis": "z", "origin": [1.9125, 4.25989, 0.4]}, "faces": { "north": {"uv": [5, 1, 6, 2], "rotation": 270, "texture": "#1"}, "east": {"uv": [5, 1, 6, 2], "rotation": 270, "texture": "#1"}, "south": {"uv": [5, 1, 6, 2], "rotation": 270, "texture": "#1"}, "west": {"uv": [5, 1, 6, 2], "rotation": 270, "texture": "#1"}, "up": {"uv": [5, 1, 6, 2], "rotation": 270, "texture": "#1"}, "down": {"uv": [5, 1, 6, 2], "rotation": 270, "texture": "#1"} } }, { "from": [-3.475, 8.55989, -0.075], "to": [4.425, 10.13489, -0.025], "rotation": {"angle": 0, "axis": "z", "origin": [1.9125, 4.25989, 0.4]}, "faces": { "north": {"uv": [5, 1, 6, 2], "rotation": 270, "texture": "#1"}, "east": {"uv": [5, 1, 6, 2], "rotation": 270, "texture": "#1"}, "south": {"uv": [5, 1, 6, 2], "rotation": 270, "texture": "#1"}, "west": {"uv": [5, 1, 6, 2], "rotation": 270, "texture": "#1"}, "up": {"uv": [5, 1, 6, 2], "rotation": 270, "texture": "#1"}, "down": {"uv": [5, 1, 6, 2], "rotation": 270, "texture": "#1"} } }, { "from": [-1.475, 10.13489, -0.075], "to": [1.75, 10.35989, -0.025], "rotation": {"angle": 0, "axis": "z", "origin": [1.9125, 4.25989, 0.4]}, "faces": { "north": {"uv": [5, 1, 6, 2], "rotation": 270, "texture": "#1"}, "east": {"uv": [5, 1, 6, 2], "rotation": 270, "texture": "#1"}, "south": {"uv": [5, 1, 6, 2], "rotation": 270, "texture": "#1"}, "west": {"uv": [5, 1, 6, 2], "rotation": 270, "texture": "#1"}, "up": {"uv": [5, 1, 6, 2], "rotation": 270, "texture": "#1"}, "down": {"uv": [5, 1, 6, 2], "rotation": 270, "texture": "#1"} } } ], "display": { "thirdperson_righthand": { "rotation": [90, 0, 0], "translation": [0, -1.25, 0.75], "scale": [0.16, 0.16797, 0.16797] }, "thirdperson_lefthand": { "rotation": [90, 0, 0], "translation": [0, -1.25, 0.75], "scale": [0.16797, 0.16797, 0.16797] }, "firstperson_righthand": { "translation": [2.5, 0, -1], "scale": [0.23828, 0.23828, 0.23828] }, "firstperson_lefthand": { "translation": [2.5, 0, -1], "scale": [0.23828, 0.23828, 0.23828] }, "ground": { "rotation": [-30, 56, -11], "scale": [0.17773, 0.17773, 0.17773] }, "gui": { "rotation": [29, 143, 0], "translation": [-0.5, 0.5, 0], "scale": [0.40234, 0.40234, 0.40234] }, "head": { "rotation": [-2, 0, 0], "translation": [0, -2.25, -3.8], "scale": [0.43946, 0.43946, 0.43946] }, "fixed": { "rotation": [-73, 0, 0], "translation": [0, 0.5, -1.5], "scale": [0.54882, 0.54882, 0.54882] } }, "groups": [ { "name": "group", "origin": [2.4125, 0.80989, 0.4], "color": 0, "children": [0, 1, 2, 3, 4, 5, 6, 7, 8] }, { "name": "group", "origin": [6.7125, 5.54295, 0.325], "color": 0, "children": [9, 10, 11, 12, 13, 14, 15, 16, 17, 18, 19, 20, 21, 22, 23, 24, 25, 26, 27, 28, 29, 30, 31, 32, 33, 34, 35] }, { "name": "group", "origin": [2.4125, 0.80989, 0.4], "color": 0, "children": [36, 37, 38, 39, 40, 41, 42, 43, 44] }, { "name": "group", "origin": [6.7125, 5.54295, 0.325], "color": 0, "children": [45, 46, 47, 48, 49, 50, 51, 52, 53, 54, 55, 56, 57, 58, 59, 60, 61, 62, 63, 64, 65, 66, 67, 68, 69, 70, 71] }, { "name": "group", "origin": [8, 8, 8], "color": 0, "children": [ 72, 73, 74, 75, 76, 77, { "name": "group", "origin": [15.23367, 11.55358, -0.025], "color": 0, "children": [78, 79, 80, 81, 82, 83, 84] }, { "name": "group", "origin": [15.23367, 11.55358, -0.025], "color": 0, "children": [85, 86, 87, 88, 89, 90, 91] } ] }, { "name": "glassessides", "origin": [8, 8, 8], "color": 0, "children": [92, 93, 94, 95, 96, 97, 98, 99, 100, 101, 102, 103, 104, 105, 106, 107, 108, 109, 110, 111, 112, 113, 114, 115, 116, 117, 118, 119, 120, 121, 122, 123] }, { "name": "group", "origin": [8, 8, 8], "color": 0, "children": [124, 125, 126, 127, 128, 129, 130, 131, 132, 133, 134, 135, 136, 137, 138, 139, 140, 141] }, { "name": "group", "origin": [8, 8, 8], "color": 0, "children": [142, 143, 144, 145, 146, 147, 148, 149, 150, 151, 152, 153, 154, 155, 156, 157, 158, 159] } ] }