{ "credit": "Made with Blockbench", "textures": { "1": "block/alyglasses" }, "elements": [ { "from": [6.55, 14.3, 2.175], "to": [9.8, 17.55, 2.975], "rotation": {"angle": 0, "axis": "y", "origin": [16.025, 24.55, -4.825]}, "faces": { "north": {"uv": [13.125, 14.875, 13, 15], "texture": "#1"}, "east": {"uv": [13.125, 14.875, 13, 15], "texture": "#1"}, "south": {"uv": [13.125, 14.875, 13, 15], "texture": "#1"}, "west": {"uv": [13.125, 14.875, 13, 15], "texture": "#1"}, "up": {"uv": [13, 15, 13.125, 14.875], "texture": "#1"}, "down": {"uv": [13, 15, 13.125, 14.875], "texture": "#1"} } }, { "from": [17.475, 6.075, 2.175], "to": [22.4, 7, 2.975], "rotation": {"angle": 0, "axis": "y", "origin": [27.1, 16.05, -4.825]}, "faces": { "north": {"uv": [13.125, 14.875, 13, 15], "texture": "#1"}, "east": {"uv": [13.125, 14.875, 13, 15], "texture": "#1"}, "south": {"uv": [13.125, 14.875, 13, 15], "texture": "#1"}, "west": {"uv": [13.125, 14.875, 13, 15], "texture": "#1"}, "up": {"uv": [13, 15, 13.125, 14.875], "texture": "#1"}, "down": {"uv": [13, 15, 13.125, 14.875], "texture": "#1"} } }, { "from": [-6.4, 6.075, 2.175], "to": [-1.475, 7, 2.975], "rotation": {"angle": 0, "axis": "y", "origin": [-11.1, 16.05, -4.825]}, "faces": { "north": {"uv": [13, 14.875, 13.125, 15], "texture": "#1"}, "east": {"uv": [13, 14.875, 13.125, 15], "texture": "#1"}, "south": {"uv": [13, 14.875, 13.125, 15], "texture": "#1"}, "west": {"uv": [13, 14.875, 13.125, 15], "texture": "#1"}, "up": {"uv": [13.125, 15, 13, 14.875], "texture": "#1"}, "down": {"uv": [13.125, 15, 13, 14.875], "texture": "#1"} } }, { "from": [22.03556, 6.98215, 2.175], "to": [27.03556, 8.35715, 2.975], "rotation": {"angle": 22.5, "axis": "z", "origin": [24.49806, 7.44465, 2.675]}, "faces": { "north": {"uv": [13.125, 14.875, 13, 15], "texture": "#1"}, "east": {"uv": [13.125, 14.875, 13, 15], "texture": "#1"}, "south": {"uv": [13.125, 14.875, 13, 15], "texture": "#1"}, "west": {"uv": [13.125, 14.875, 13, 15], "texture": "#1"}, "up": {"uv": [13, 15, 13.125, 14.875], "texture": "#1"}, "down": {"uv": [13, 15, 13.125, 14.875], "texture": "#1"} } }, { "from": [-11.03556, 6.98215, 2.175], "to": [-6.03556, 8.35715, 2.975], "rotation": {"angle": -22.5, "axis": "z", "origin": [-8.49806, 7.44465, 2.675]}, "faces": { "north": {"uv": [13, 14.875, 13.125, 15], "texture": "#1"}, "east": {"uv": [13, 14.875, 13.125, 15], "texture": "#1"}, "south": {"uv": [13, 14.875, 13.125, 15], "texture": "#1"}, "west": {"uv": [13, 14.875, 13.125, 15], "texture": "#1"}, "up": {"uv": [13.125, 15, 13, 14.875], "texture": "#1"}, "down": {"uv": [13.125, 15, 13, 14.875], "texture": "#1"} } }, { "from": [20.96056, 7.58215, 2.175], "to": [22.03556, 8.35715, 2.975], "rotation": {"angle": 22.5, "axis": "z", "origin": [24.49806, 7.44465, 2.675]}, "faces": { "north": {"uv": [13.125, 14.875, 13, 15], "texture": "#1"}, "east": {"uv": [13.125, 14.875, 13, 15], "texture": "#1"}, "south": {"uv": [13.125, 14.875, 13, 15], "texture": "#1"}, "west": {"uv": [13.125, 14.875, 13, 15], "texture": "#1"}, "up": {"uv": [13, 15, 13.125, 14.875], "texture": "#1"}, "down": {"uv": [13, 15, 13.125, 14.875], "texture": "#1"} } }, { "from": [-6.03556, 7.58215, 2.175], "to": [-4.96056, 8.35715, 2.975], "rotation": {"angle": -22.5, "axis": "z", "origin": [-8.49806, 7.44465, 2.675]}, "faces": { "north": {"uv": [13, 14.875, 13.125, 15], "texture": "#1"}, "east": {"uv": [13, 14.875, 13.125, 15], "texture": "#1"}, "south": {"uv": [13, 14.875, 13.125, 15], "texture": "#1"}, "west": {"uv": [13, 14.875, 13.125, 15], "texture": "#1"}, "up": {"uv": [13.125, 15, 13, 14.875], "texture": "#1"}, "down": {"uv": [13.125, 15, 13, 14.875], "texture": "#1"} } }, { "from": [28.25794, 9.83103, 2.175], "to": [29.85794, 14.38103, 2.975], "rotation": {"angle": -22.5, "axis": "z", "origin": [29.39544, 12.29353, 2.675]}, "faces": { "north": {"uv": [13, 15, 13.125, 14.875], "rotation": 270, "texture": "#1"}, "east": {"uv": [13, 15, 13.125, 14.875], "rotation": 270, "texture": "#1"}, "south": {"uv": [13, 15, 13.125, 14.875], "rotation": 270, "texture": "#1"}, "west": {"uv": [13, 15, 13.125, 14.875], "rotation": 270, "texture": "#1"}, "up": {"uv": [13.125, 14.875, 13, 15], "rotation": 270, "texture": "#1"}, "down": {"uv": [13.125, 14.875, 13, 15], "rotation": 270, "texture": "#1"} } }, { "from": [-13.85794, 9.83103, 2.175], "to": [-12.25794, 14.38103, 2.975], "rotation": {"angle": 22.5, "axis": "z", "origin": [-13.39544, 12.29353, 2.675]}, "faces": { "north": {"uv": [13, 14.875, 13.125, 15], "rotation": 270, "texture": "#1"}, "east": {"uv": [13, 14.875, 13.125, 15], "rotation": 270, "texture": "#1"}, "south": {"uv": [13, 14.875, 13.125, 15], "rotation": 270, "texture": "#1"}, "west": {"uv": [13, 14.875, 13.125, 15], "rotation": 270, "texture": "#1"}, "up": {"uv": [13.125, 15, 13, 14.875], "rotation": 270, "texture": "#1"}, "down": {"uv": [13.125, 15, 13, 14.875], "rotation": 270, "texture": "#1"} } }, { "from": [28.89658, 14.04514, 2.175], "to": [30.62158, 19.79514, 2.975], "rotation": {"angle": 0, "axis": "z", "origin": [30.15908, 16.50764, 2.675]}, "faces": { "north": {"uv": [13, 15, 13.125, 14.875], "rotation": 270, "texture": "#1"}, "east": {"uv": [13, 15, 13.125, 14.875], "rotation": 270, "texture": "#1"}, "south": {"uv": [13, 15, 13.125, 14.875], "rotation": 270, "texture": "#1"}, "west": {"uv": [13, 15, 13.125, 14.875], "rotation": 270, "texture": "#1"}, "up": {"uv": [13.125, 14.875, 13, 15], "rotation": 270, "texture": "#1"}, "down": {"uv": [13.125, 14.875, 13, 15], "rotation": 270, "texture": "#1"} } }, { "from": [-14.62158, 14.04514, 2.175], "to": [-12.89658, 19.79514, 2.975], "rotation": {"angle": 0, "axis": "z", "origin": [-14.15908, 16.50764, 2.675]}, "faces": { "north": {"uv": [13, 14.875, 13.125, 15], "rotation": 270, "texture": "#1"}, "east": {"uv": [13, 14.875, 13.125, 15], "rotation": 270, "texture": "#1"}, "south": {"uv": [13, 14.875, 13.125, 15], "rotation": 270, "texture": "#1"}, "west": {"uv": [13, 14.875, 13.125, 15], "rotation": 270, "texture": "#1"}, "up": {"uv": [13.125, 15, 13, 14.875], "rotation": 270, "texture": "#1"}, "down": {"uv": [13.125, 15, 13, 14.875], "rotation": 270, "texture": "#1"} } }, { "from": [27.73072, 18.63136, 2.175], "to": [29.45572, 21.40636, 2.975], "rotation": {"angle": 22.5, "axis": "z", "origin": [28.59322, 21.50636, 2.675]}, "faces": { "north": {"uv": [13, 15, 13.125, 14.875], "rotation": 270, "texture": "#1"}, "east": {"uv": [13, 15, 13.125, 14.875], "rotation": 270, "texture": "#1"}, "south": {"uv": [13, 15, 13.125, 14.875], "rotation": 270, "texture": "#1"}, "west": {"uv": [13, 15, 13.125, 14.875], "rotation": 270, "texture": "#1"}, "up": {"uv": [13.125, 14.875, 13, 15], "rotation": 270, "texture": "#1"}, "down": {"uv": [13.125, 14.875, 13, 15], "rotation": 270, "texture": "#1"} } }, { "from": [-13.45572, 18.63136, 2.175], "to": [-11.73072, 21.40636, 2.975], "rotation": {"angle": -22.5, "axis": "z", "origin": [-12.59322, 21.50636, 2.675]}, "faces": { "north": {"uv": [13, 14.875, 13.125, 15], "rotation": 270, "texture": "#1"}, "east": {"uv": [13, 14.875, 13.125, 15], "rotation": 270, "texture": "#1"}, "south": {"uv": [13, 14.875, 13.125, 15], "rotation": 270, "texture": "#1"}, "west": {"uv": [13, 14.875, 13.125, 15], "rotation": 270, "texture": "#1"}, "up": {"uv": [13.125, 15, 13, 14.875], "rotation": 270, "texture": "#1"}, "down": {"uv": [13.125, 15, 13, 14.875], "rotation": 270, "texture": "#1"} } }, { "from": [25.54909, 17.90172, 2.175], "to": [27.69909, 21.85172, 2.975], "rotation": {"angle": 45, "axis": "z", "origin": [26.41159, 23.72672, 2.675]}, "faces": { "north": {"uv": [13, 15, 13.125, 14.875], "rotation": 270, "texture": "#1"}, "east": {"uv": [13, 15, 13.125, 14.875], "rotation": 270, "texture": "#1"}, "south": {"uv": [13, 15, 13.125, 14.875], "rotation": 270, "texture": "#1"}, "west": {"uv": [13, 15, 13.125, 14.875], "rotation": 270, "texture": "#1"}, "up": {"uv": [13.125, 14.875, 13, 15], "rotation": 270, "texture": "#1"}, "down": {"uv": [13.125, 14.875, 13, 15], "rotation": 270, "texture": "#1"} } }, { "from": [-11.69909, 17.90172, 2.175], "to": [-9.54909, 21.85172, 2.975], "rotation": {"angle": -45, "axis": "z", "origin": [-10.41159, 23.72672, 2.675]}, "faces": { "north": {"uv": [13, 14.875, 13.125, 15], "rotation": 270, "texture": "#1"}, "east": {"uv": [13, 14.875, 13.125, 15], "rotation": 270, "texture": "#1"}, "south": {"uv": [13, 14.875, 13.125, 15], "rotation": 270, "texture": "#1"}, "west": {"uv": [13, 14.875, 13.125, 15], "rotation": 270, "texture": "#1"}, "up": {"uv": [13.125, 15, 13, 14.875], "rotation": 270, "texture": "#1"}, "down": {"uv": [13.125, 15, 13, 14.875], "rotation": 270, "texture": "#1"} } }, { "from": [26.67644, 22.82557, 2.175], "to": [28.60144, 24.55057, 2.975], "rotation": {"angle": -22.5, "axis": "z", "origin": [24.80144, 23.68807, 2.675]}, "faces": { "north": {"uv": [13.125, 14.875, 13, 15], "rotation": 180, "texture": "#1"}, "east": {"uv": [13.125, 14.875, 13, 15], "rotation": 180, "texture": "#1"}, "south": {"uv": [13.125, 14.875, 13, 15], "rotation": 180, "texture": "#1"}, "west": {"uv": [13.125, 14.875, 13, 15], "rotation": 180, "texture": "#1"}, "up": {"uv": [13, 15, 13.125, 14.875], "rotation": 180, "texture": "#1"}, "down": {"uv": [13, 15, 13.125, 14.875], "rotation": 180, "texture": "#1"} } }, { "from": [-12.60144, 22.82557, 2.175], "to": [-10.67644, 24.55057, 2.975], "rotation": {"angle": 22.5, "axis": "z", "origin": [-8.80144, 23.68807, 2.675]}, "faces": { "north": {"uv": [13, 14.875, 13.125, 15], "rotation": 180, "texture": "#1"}, "east": {"uv": [13, 14.875, 13.125, 15], "rotation": 180, "texture": "#1"}, "south": {"uv": [13, 14.875, 13.125, 15], "rotation": 180, "texture": "#1"}, "west": {"uv": [13, 14.875, 13.125, 15], "rotation": 180, "texture": "#1"}, "up": {"uv": [13.125, 15, 13, 14.875], "rotation": 180, "texture": "#1"}, "down": {"uv": [13.125, 15, 13, 14.875], "rotation": 180, "texture": "#1"} } }, { "from": [30.15144, 18.25057, 2.175], "to": [31.15144, 20.72557, 2.975], "rotation": {"angle": -22.5, "axis": "z", "origin": [28.27644, 19.11307, 2.675]}, "faces": { "north": {"uv": [13.125, 14.875, 13, 15], "rotation": 180, "texture": "#1"}, "east": {"uv": [13.125, 14.875, 13, 15], "rotation": 180, "texture": "#1"}, "south": {"uv": [13.125, 14.875, 13, 15], "rotation": 180, "texture": "#1"}, "west": {"uv": [13.125, 14.875, 13, 15], "rotation": 180, "texture": "#1"}, "up": {"uv": [13, 15, 13.125, 14.875], "rotation": 180, "texture": "#1"}, "down": {"uv": [13, 15, 13.125, 14.875], "rotation": 180, "texture": "#1"} } }, { "from": [-15.15144, 18.25057, 2.175], "to": [-14.15144, 20.72557, 2.975], "rotation": {"angle": 22.5, "axis": "z", "origin": [-12.27644, 19.11307, 2.675]}, "faces": { "north": {"uv": [13, 14.875, 13.125, 15], "rotation": 180, "texture": "#1"}, "east": {"uv": [13, 14.875, 13.125, 15], "rotation": 180, "texture": "#1"}, "south": {"uv": [13, 14.875, 13.125, 15], "rotation": 180, "texture": "#1"}, "west": {"uv": [13, 14.875, 13.125, 15], "rotation": 180, "texture": "#1"}, "up": {"uv": [13.125, 15, 13, 14.875], "rotation": 180, "texture": "#1"}, "down": {"uv": [13.125, 15, 13, 14.875], "rotation": 180, "texture": "#1"} } }, { "from": [30.54967, 19.50261, 2.175], "to": [31.54967, 21.97761, 2.975], "rotation": {"angle": 0, "axis": "z", "origin": [28.67467, 20.36511, 2.675]}, "faces": { "north": {"uv": [13.125, 14.875, 13, 15], "rotation": 180, "texture": "#1"}, "east": {"uv": [13.125, 14.875, 13, 15], "rotation": 180, "texture": "#1"}, "south": {"uv": [13.125, 14.875, 13, 15], "rotation": 180, "texture": "#1"}, "west": {"uv": [13.125, 14.875, 13, 15], "rotation": 180, "texture": "#1"}, "up": {"uv": [13, 15, 13.125, 14.875], "rotation": 180, "texture": "#1"}, "down": {"uv": [13, 15, 13.125, 14.875], "rotation": 180, "texture": "#1"} } }, { "from": [-15.54967, 19.50261, 2.175], "to": [-14.54967, 21.97761, 2.975], "rotation": {"angle": 0, "axis": "z", "origin": [-12.67467, 20.36511, 2.675]}, "faces": { "north": {"uv": [13, 14.875, 13.125, 15], "rotation": 180, "texture": "#1"}, "east": {"uv": [13, 14.875, 13.125, 15], "rotation": 180, "texture": "#1"}, "south": {"uv": [13, 14.875, 13.125, 15], "rotation": 180, "texture": "#1"}, "west": {"uv": [13, 14.875, 13.125, 15], "rotation": 180, "texture": "#1"}, "up": {"uv": [13.125, 15, 13, 14.875], "rotation": 180, "texture": "#1"}, "down": {"uv": [13.125, 15, 13, 14.875], "rotation": 180, "texture": "#1"} } }, { "from": [28.12467, 21.07761, 2.175], "to": [31.99967, 22.87761, 2.975], "rotation": {"angle": 0, "axis": "z", "origin": [29.12467, 21.94011, 2.675]}, "faces": { "north": {"uv": [13.125, 14.875, 13, 15], "rotation": 180, "texture": "#1"}, "east": {"uv": [13.125, 14.875, 13, 15], "rotation": 180, "texture": "#1"}, "south": {"uv": [13.125, 14.875, 13, 15], "rotation": 180, "texture": "#1"}, "west": {"uv": [13.125, 14.875, 13, 15], "rotation": 180, "texture": "#1"}, "up": {"uv": [13, 15, 13.125, 14.875], "rotation": 180, "texture": "#1"}, "down": {"uv": [13, 15, 13.125, 14.875], "rotation": 180, "texture": "#1"} } }, { "from": [-15.99967, 21.07761, 2.175], "to": [-12.12467, 22.87761, 2.975], "rotation": {"angle": 0, "axis": "z", "origin": [-13.12467, 21.94011, 2.675]}, "faces": { "north": {"uv": [13, 14.875, 13.125, 15], "rotation": 180, "texture": "#1"}, "east": {"uv": [13, 14.875, 13.125, 15], "rotation": 180, "texture": "#1"}, "south": {"uv": [13, 14.875, 13.125, 15], "rotation": 180, "texture": "#1"}, "west": {"uv": [13, 14.875, 13.125, 15], "rotation": 180, "texture": "#1"}, "up": {"uv": [13.125, 15, 13, 14.875], "rotation": 180, "texture": "#1"}, "down": {"uv": [13.125, 15, 13, 14.875], "rotation": 180, "texture": "#1"} } }, { "from": [30.60144, 19.82557, 2.175], "to": [31.60144, 22.30057, 2.975], "rotation": {"angle": -22.5, "axis": "z", "origin": [28.72644, 20.68807, 2.675]}, "faces": { "north": {"uv": [13.125, 14.875, 13, 15], "rotation": 180, "texture": "#1"}, "east": {"uv": [13.125, 14.875, 13, 15], "rotation": 180, "texture": "#1"}, "south": {"uv": [13.125, 14.875, 13, 15], "rotation": 180, "texture": "#1"}, "west": {"uv": [13.125, 14.875, 13, 15], "rotation": 180, "texture": "#1"}, "up": {"uv": [13, 15, 13.125, 14.875], "rotation": 180, "texture": "#1"}, "down": {"uv": [13, 15, 13.125, 14.875], "rotation": 180, "texture": "#1"} } }, { "from": [-15.60144, 19.82557, 2.175], "to": [-14.60144, 22.30057, 2.975], "rotation": {"angle": 22.5, "axis": "z", "origin": [-12.72644, 20.68807, 2.675]}, "faces": { "north": {"uv": [13, 14.875, 13.125, 15], "rotation": 180, "texture": "#1"}, "east": {"uv": [13, 14.875, 13.125, 15], "rotation": 180, "texture": "#1"}, "south": {"uv": [13, 14.875, 13.125, 15], "rotation": 180, "texture": "#1"}, "west": {"uv": [13, 14.875, 13.125, 15], "rotation": 180, "texture": "#1"}, "up": {"uv": [13.125, 15, 13, 14.875], "rotation": 180, "texture": "#1"}, "down": {"uv": [13.125, 15, 13, 14.875], "rotation": 180, "texture": "#1"} } }, { "from": [26.60794, 7.93103, 2.175], "to": [28.08294, 10.55603, 2.975], "rotation": {"angle": -45, "axis": "z", "origin": [27.62044, 9.24353, 2.675]}, "faces": { "north": {"uv": [13, 15, 13.125, 14.875], "rotation": 270, "texture": "#1"}, "east": {"uv": [13, 15, 13.125, 14.875], "rotation": 270, "texture": "#1"}, "south": {"uv": [13, 15, 13.125, 14.875], "rotation": 270, "texture": "#1"}, "west": {"uv": [13, 15, 13.125, 14.875], "rotation": 270, "texture": "#1"}, "up": {"uv": [13.125, 14.875, 13, 15], "rotation": 270, "texture": "#1"}, "down": {"uv": [13.125, 14.875, 13, 15], "rotation": 270, "texture": "#1"} } }, { "from": [-12.08294, 7.93103, 2.175], "to": [-10.60794, 10.55603, 2.975], "rotation": {"angle": 45, "axis": "z", "origin": [-11.62044, 9.24353, 2.675]}, "faces": { "north": {"uv": [13, 14.875, 13.125, 15], "rotation": 270, "texture": "#1"}, "east": {"uv": [13, 14.875, 13.125, 15], "rotation": 270, "texture": "#1"}, "south": {"uv": [13, 14.875, 13.125, 15], "rotation": 270, "texture": "#1"}, "west": {"uv": [13, 14.875, 13.125, 15], "rotation": 270, "texture": "#1"}, "up": {"uv": [13.125, 15, 13, 14.875], "rotation": 270, "texture": "#1"}, "down": {"uv": [13.125, 15, 13, 14.875], "rotation": 270, "texture": "#1"} } }, { "from": [13.7269, 6.54207, 2.175], "to": [17.7519, 7.46707, 2.975], "rotation": {"angle": -22.5, "axis": "z", "origin": [16.4394, 7.00457, 2.675]}, "faces": { "north": {"uv": [13.125, 14.875, 13, 15], "texture": "#1"}, "east": {"uv": [13.125, 14.875, 13, 15], "texture": "#1"}, "south": {"uv": [13.125, 14.875, 13, 15], "texture": "#1"}, "west": {"uv": [13.125, 14.875, 13, 15], "texture": "#1"}, "up": {"uv": [13, 15, 13.125, 14.875], "texture": "#1"}, "down": {"uv": [13, 15, 13.125, 14.875], "texture": "#1"} } }, { "from": [-1.7519, 6.54207, 2.175], "to": [2.2731, 7.46707, 2.975], "rotation": {"angle": 22.5, "axis": "z", "origin": [-0.4394, 7.00457, 2.675]}, "faces": { "north": {"uv": [13, 14.875, 13.125, 15], "texture": "#1"}, "east": {"uv": [13, 14.875, 13.125, 15], "texture": "#1"}, "south": {"uv": [13, 14.875, 13.125, 15], "texture": "#1"}, "west": {"uv": [13, 14.875, 13.125, 15], "texture": "#1"}, "up": {"uv": [13.125, 15, 13, 14.875], "texture": "#1"}, "down": {"uv": [13.125, 15, 13, 14.875], "texture": "#1"} } }, { "from": [10.64787, 8.90289, 2.175], "to": [14.67287, 9.82789, 2.975], "rotation": {"angle": -45, "axis": "z", "origin": [12.66037, 9.36539, 2.675]}, "faces": { "north": {"uv": [13.125, 14.875, 13, 15], "texture": "#1"}, "east": {"uv": [13.125, 14.875, 13, 15], "texture": "#1"}, "south": {"uv": [13.125, 14.875, 13, 15], "texture": "#1"}, "west": {"uv": [13.125, 14.875, 13, 15], "texture": "#1"}, "up": {"uv": [13, 15, 13.125, 14.875], "texture": "#1"}, "down": {"uv": [13, 15, 13.125, 14.875], "texture": "#1"} } }, { "from": [1.32713, 8.90289, 2.175], "to": [5.35213, 9.82789, 2.975], "rotation": {"angle": 45, "axis": "z", "origin": [3.33963, 9.36539, 2.675]}, "faces": { "north": {"uv": [13, 14.875, 13.125, 15], "texture": "#1"}, "east": {"uv": [13, 14.875, 13.125, 15], "texture": "#1"}, "south": {"uv": [13, 14.875, 13.125, 15], "texture": "#1"}, "west": {"uv": [13, 14.875, 13.125, 15], "texture": "#1"}, "up": {"uv": [13.125, 15, 13, 14.875], "texture": "#1"}, "down": {"uv": [13.125, 15, 13, 14.875], "texture": "#1"} } }, { "from": [10.10492, 10.4852, 2.175], "to": [11.02992, 14.5102, 2.975], "rotation": {"angle": 22.5, "axis": "z", "origin": [10.56742, 12.4977, 2.675]}, "faces": { "north": {"uv": [13, 15, 13.125, 14.875], "rotation": 90, "texture": "#1"}, "east": {"uv": [13, 15, 13.125, 14.875], "rotation": 90, "texture": "#1"}, "south": {"uv": [13, 15, 13.125, 14.875], "rotation": 90, "texture": "#1"}, "west": {"uv": [13, 15, 13.125, 14.875], "rotation": 90, "texture": "#1"}, "up": {"uv": [13.125, 14.875, 13, 15], "rotation": 90, "texture": "#1"}, "down": {"uv": [13.125, 14.875, 13, 15], "rotation": 90, "texture": "#1"} } }, { "from": [4.97008, 10.4852, 2.175], "to": [5.89508, 14.5102, 2.975], "rotation": {"angle": -22.5, "axis": "z", "origin": [5.43258, 12.4977, 2.675]}, "faces": { "north": {"uv": [13, 14.875, 13.125, 15], "rotation": 90, "texture": "#1"}, "east": {"uv": [13, 14.875, 13.125, 15], "rotation": 90, "texture": "#1"}, "south": {"uv": [13, 14.875, 13.125, 15], "rotation": 90, "texture": "#1"}, "west": {"uv": [13, 14.875, 13.125, 15], "rotation": 90, "texture": "#1"}, "up": {"uv": [13.125, 15, 13, 14.875], "rotation": 90, "texture": "#1"}, "down": {"uv": [13.125, 15, 13, 14.875], "rotation": 90, "texture": "#1"} } }, { "from": [10.65492, 11.1102, 2.175], "to": [11.37992, 17.2352, 2.975], "rotation": {"angle": 0, "axis": "z", "origin": [10.91742, 15.2227, 2.675]}, "faces": { "north": {"uv": [13, 15, 13.125, 14.875], "rotation": 90, "texture": "#1"}, "east": {"uv": [13, 15, 13.125, 14.875], "rotation": 90, "texture": "#1"}, "south": {"uv": [13, 15, 13.125, 14.875], "rotation": 90, "texture": "#1"}, "west": {"uv": [13, 15, 13.125, 14.875], "rotation": 90, "texture": "#1"}, "up": {"uv": [13.125, 14.875, 13, 15], "rotation": 90, "texture": "#1"}, "down": {"uv": [13.125, 14.875, 13, 15], "rotation": 90, "texture": "#1"} } }, { "from": [4.62008, 11.1102, 2.175], "to": [5.34508, 17.2352, 2.975], "rotation": {"angle": 0, "axis": "z", "origin": [5.08258, 15.2227, 2.675]}, "faces": { "north": {"uv": [13, 14.875, 13.125, 15], "rotation": 90, "texture": "#1"}, "east": {"uv": [13, 14.875, 13.125, 15], "rotation": 90, "texture": "#1"}, "south": {"uv": [13, 14.875, 13.125, 15], "rotation": 90, "texture": "#1"}, "west": {"uv": [13, 14.875, 13.125, 15], "rotation": 90, "texture": "#1"}, "up": {"uv": [13.125, 15, 13, 14.875], "rotation": 90, "texture": "#1"}, "down": {"uv": [13.125, 15, 13, 14.875], "rotation": 90, "texture": "#1"} } }, { "from": [10.10492, 13.1852, 2.175], "to": [11.47992, 15.1352, 2.975], "rotation": {"angle": 45, "axis": "z", "origin": [10.56742, 13.1227, 2.675]}, "faces": { "north": {"uv": [13, 15, 13.125, 14.875], "rotation": 90, "texture": "#1"}, "east": {"uv": [13, 15, 13.125, 14.875], "rotation": 90, "texture": "#1"}, "south": {"uv": [13, 15, 13.125, 14.875], "rotation": 90, "texture": "#1"}, "west": {"uv": [13, 15, 13.125, 14.875], "rotation": 90, "texture": "#1"}, "up": {"uv": [13.125, 14.875, 13, 15], "rotation": 90, "texture": "#1"}, "down": {"uv": [13.125, 14.875, 13, 15], "rotation": 90, "texture": "#1"} } }, { "from": [4.52008, 13.1852, 2.175], "to": [5.89508, 15.1352, 2.975], "rotation": {"angle": -45, "axis": "z", "origin": [5.43258, 13.1227, 2.675]}, "faces": { "north": {"uv": [13, 14.875, 13.125, 15], "rotation": 90, "texture": "#1"}, "east": {"uv": [13, 14.875, 13.125, 15], "rotation": 90, "texture": "#1"}, "south": {"uv": [13, 14.875, 13.125, 15], "rotation": 90, "texture": "#1"}, "west": {"uv": [13, 14.875, 13.125, 15], "rotation": 90, "texture": "#1"}, "up": {"uv": [13.125, 15, 13, 14.875], "rotation": 90, "texture": "#1"}, "down": {"uv": [13.125, 15, 13, 14.875], "rotation": 90, "texture": "#1"} } }, { "from": [8.42992, 13.5352, 2.175], "to": [9.77992, 14.4602, 2.975], "rotation": {"angle": -22.5, "axis": "z", "origin": [10.44242, 13.9977, 2.675]}, "faces": { "north": {"uv": [13.125, 14.875, 13, 15], "texture": "#1"}, "east": {"uv": [13.125, 14.875, 13, 15], "texture": "#1"}, "south": {"uv": [13.125, 14.875, 13, 15], "texture": "#1"}, "west": {"uv": [13.125, 14.875, 13, 15], "texture": "#1"}, "up": {"uv": [13, 15, 13.125, 14.875], "texture": "#1"}, "down": {"uv": [13, 15, 13.125, 14.875], "texture": "#1"} } }, { "from": [6.22008, 13.5352, 2.175], "to": [7.57008, 14.4602, 2.975], "rotation": {"angle": 22.5, "axis": "z", "origin": [5.55758, 13.9977, 2.675]}, "faces": { "north": {"uv": [13, 14.875, 13.125, 15], "texture": "#1"}, "east": {"uv": [13, 14.875, 13.125, 15], "texture": "#1"}, "south": {"uv": [13, 14.875, 13.125, 15], "texture": "#1"}, "west": {"uv": [13, 14.875, 13.125, 15], "texture": "#1"}, "up": {"uv": [13.125, 15, 13, 14.875], "texture": "#1"}, "down": {"uv": [13.125, 15, 13, 14.875], "texture": "#1"} } }, { "from": [12.6, 18.975, 2.175], "to": [21.2, 20.875, 2.975], "rotation": {"angle": 22.5, "axis": "z", "origin": [13.1, 20.375, 2.675]}, "faces": { "north": {"uv": [13.125, 14.875, 13, 15], "texture": "#1"}, "east": {"uv": [13.125, 14.875, 13, 15], "texture": "#1"}, "south": {"uv": [13.125, 14.875, 13, 15], "texture": "#1"}, "west": {"uv": [13.125, 14.875, 13, 15], "texture": "#1"}, "up": {"uv": [13, 15, 13.125, 14.875], "texture": "#1"}, "down": {"uv": [13, 15, 13.125, 14.875], "texture": "#1"} } }, { "from": [-5.2, 18.975, 2.175], "to": [3.4, 20.875, 2.975], "rotation": {"angle": -22.5, "axis": "z", "origin": [2.9, 20.375, 2.675]}, "faces": { "north": {"uv": [13, 14.875, 13.125, 15], "texture": "#1"}, "east": {"uv": [13, 14.875, 13.125, 15], "texture": "#1"}, "south": {"uv": [13, 14.875, 13.125, 15], "texture": "#1"}, "west": {"uv": [13, 14.875, 13.125, 15], "texture": "#1"}, "up": {"uv": [13.125, 15, 13, 14.875], "texture": "#1"}, "down": {"uv": [13.125, 15, 13, 14.875], "texture": "#1"} } }, { "from": [12.475, 19.075, 2.075], "to": [21.275, 19.575, 2.25], "rotation": {"angle": 22.5, "axis": "z", "origin": [13.1, 20.375, 2.675]}, "faces": { "north": {"uv": [13.125, 12.875, 13, 13], "texture": "#1"}, "east": {"uv": [13.125, 12.875, 13, 13], "texture": "#1"}, "south": {"uv": [13.125, 12.875, 13, 13], "texture": "#1"}, "west": {"uv": [13.125, 12.875, 13, 13], "texture": "#1"}, "up": {"uv": [13, 13, 13.125, 12.875], "texture": "#1"}, "down": {"uv": [13, 13, 13.125, 12.875], "texture": "#1"} } }, { "from": [-5.275, 19.075, 2.075], "to": [3.525, 19.575, 2.25], "rotation": {"angle": -22.5, "axis": "z", "origin": [2.9, 20.375, 2.675]}, "faces": { "north": {"uv": [13, 12.875, 13.125, 13], "texture": "#1"}, "east": {"uv": [13, 12.875, 13.125, 13], "texture": "#1"}, "south": {"uv": [13, 12.875, 13.125, 13], "texture": "#1"}, "west": {"uv": [13, 12.875, 13.125, 13], "texture": "#1"}, "up": {"uv": [13.125, 13, 13, 12.875], "texture": "#1"}, "down": {"uv": [13.125, 13, 13, 12.875], "texture": "#1"} } }, { "from": [10.43471, 16.00149, 2.175], "to": [14.05971, 17.75149, 2.975], "rotation": {"angle": 45, "axis": "z", "origin": [9.75971, 17.25149, 2.675]}, "faces": { "north": {"uv": [13.125, 14.875, 13, 15], "texture": "#1"}, "east": {"uv": [13.125, 14.875, 13, 15], "texture": "#1"}, "south": {"uv": [13.125, 14.875, 13, 15], "texture": "#1"}, "west": {"uv": [13.125, 14.875, 13, 15], "texture": "#1"}, "up": {"uv": [13, 15, 13.125, 14.875], "texture": "#1"}, "down": {"uv": [13, 15, 13.125, 14.875], "texture": "#1"} } }, { "from": [1.94029, 16.00149, 2.175], "to": [5.56529, 17.75149, 2.975], "rotation": {"angle": -45, "axis": "z", "origin": [6.24029, 17.25149, 2.675]}, "faces": { "north": {"uv": [13, 14.875, 13.125, 15], "texture": "#1"}, "east": {"uv": [13, 14.875, 13.125, 15], "texture": "#1"}, "south": {"uv": [13, 14.875, 13.125, 15], "texture": "#1"}, "west": {"uv": [13, 14.875, 13.125, 15], "texture": "#1"}, "up": {"uv": [13.125, 15, 13, 14.875], "texture": "#1"}, "down": {"uv": [13.125, 15, 13, 14.875], "texture": "#1"} } }, { "from": [11.97027, 16.09087, 2.075], "to": [13.44527, 16.59087, 2.25], "rotation": {"angle": 45, "axis": "z", "origin": [9.74527, 17.24087, 2.675]}, "faces": { "north": {"uv": [13.125, 12.875, 13, 13], "texture": "#1"}, "east": {"uv": [13.125, 12.875, 13, 13], "texture": "#1"}, "south": {"uv": [13.125, 12.875, 13, 13], "texture": "#1"}, "west": {"uv": [13.125, 12.875, 13, 13], "texture": "#1"}, "up": {"uv": [13, 13, 13.125, 12.875], "texture": "#1"}, "down": {"uv": [13, 13, 13.125, 12.875], "texture": "#1"} } }, { "from": [2.55473, 16.09087, 2.075], "to": [4.02973, 16.59087, 2.25], "rotation": {"angle": -45, "axis": "z", "origin": [6.25473, 17.24087, 2.675]}, "faces": { "north": {"uv": [13, 12.875, 13.125, 13], "texture": "#1"}, "east": {"uv": [13, 12.875, 13.125, 13], "texture": "#1"}, "south": {"uv": [13, 12.875, 13.125, 13], "texture": "#1"}, "west": {"uv": [13, 12.875, 13.125, 13], "texture": "#1"}, "up": {"uv": [13.125, 13, 13, 12.875], "texture": "#1"}, "down": {"uv": [13.125, 13, 13, 12.875], "texture": "#1"} } }, { "from": [10.40881, 13.98275, 2.175], "to": [12.15881, 18.53275, 2.975], "rotation": {"angle": -22.5, "axis": "z", "origin": [11.28381, 17.89525, 2.675]}, "faces": { "north": {"uv": [13, 15, 13.125, 14.875], "rotation": 270, "texture": "#1"}, "east": {"uv": [13, 15, 13.125, 14.875], "rotation": 270, "texture": "#1"}, "south": {"uv": [13, 15, 13.125, 14.875], "rotation": 270, "texture": "#1"}, "west": {"uv": [13, 15, 13.125, 14.875], "rotation": 270, "texture": "#1"}, "up": {"uv": [13.125, 14.875, 13, 15], "rotation": 270, "texture": "#1"}, "down": {"uv": [13.125, 14.875, 13, 15], "rotation": 270, "texture": "#1"} } }, { "from": [3.84119, 13.98275, 2.175], "to": [5.59119, 18.53275, 2.975], "rotation": {"angle": 22.5, "axis": "z", "origin": [4.71619, 17.89525, 2.675]}, "faces": { "north": {"uv": [13, 14.875, 13.125, 15], "rotation": 270, "texture": "#1"}, "east": {"uv": [13, 14.875, 13.125, 15], "rotation": 270, "texture": "#1"}, "south": {"uv": [13, 14.875, 13.125, 15], "rotation": 270, "texture": "#1"}, "west": {"uv": [13, 14.875, 13.125, 15], "rotation": 270, "texture": "#1"}, "up": {"uv": [13.125, 15, 13, 14.875], "rotation": 270, "texture": "#1"}, "down": {"uv": [13.125, 15, 13, 14.875], "rotation": 270, "texture": "#1"} } }, { "from": [8.63777, 14.97678, 2.175], "to": [10.61277, 17.42678, 2.975], "rotation": {"angle": 22.5, "axis": "z", "origin": [8.40027, 16.92678, 2.675]}, "faces": { "north": {"uv": [13.125, 14.875, 13, 15], "texture": "#1"}, "east": {"uv": [13.125, 14.875, 13, 15], "texture": "#1"}, "south": {"uv": [13.125, 14.875, 13, 15], "texture": "#1"}, "west": {"uv": [13.125, 14.875, 13, 15], "texture": "#1"}, "up": {"uv": [13, 15, 13.125, 14.875], "texture": "#1"}, "down": {"uv": [13, 15, 13.125, 14.875], "texture": "#1"} } }, { "from": [5.38723, 14.97678, 2.175], "to": [7.36223, 17.42678, 2.975], "rotation": {"angle": -22.5, "axis": "z", "origin": [7.59973, 16.92678, 2.675]}, "faces": { "north": {"uv": [13, 14.875, 13.125, 15], "texture": "#1"}, "east": {"uv": [13, 14.875, 13.125, 15], "texture": "#1"}, "south": {"uv": [13, 14.875, 13.125, 15], "texture": "#1"}, "west": {"uv": [13, 14.875, 13.125, 15], "texture": "#1"}, "up": {"uv": [13.125, 15, 13, 14.875], "texture": "#1"}, "down": {"uv": [13.125, 15, 13, 14.875], "texture": "#1"} } }, { "from": [20.39208, 22.16168, 2.175], "to": [30.96708, 23.93668, 2.975], "rotation": {"angle": 0, "axis": "z", "origin": [27.57958, 23.43668, 2.675]}, "faces": { "north": {"uv": [13.125, 14.875, 13, 15], "texture": "#1"}, "east": {"uv": [13.125, 14.875, 13, 15], "texture": "#1"}, "south": {"uv": [13.125, 14.875, 13, 15], "texture": "#1"}, "west": {"uv": [13.125, 14.875, 13, 15], "texture": "#1"}, "up": {"uv": [13, 15, 13.125, 14.875], "texture": "#1"}, "down": {"uv": [13, 15, 13.125, 14.875], "texture": "#1"} } }, { "from": [-14.96708, 22.16168, 2.175], "to": [-4.39208, 23.93668, 2.975], "rotation": {"angle": 0, "axis": "z", "origin": [-11.57958, 23.43668, 2.675]}, "faces": { "north": {"uv": [13, 14.875, 13.125, 15], "texture": "#1"}, "east": {"uv": [13, 14.875, 13.125, 15], "texture": "#1"}, "south": {"uv": [13, 14.875, 13.125, 15], "texture": "#1"}, "west": {"uv": [13, 14.875, 13.125, 15], "texture": "#1"}, "up": {"uv": [13.125, 15, 13, 14.875], "texture": "#1"}, "down": {"uv": [13.125, 15, 13, 14.875], "texture": "#1"} } }, { "from": [20.95886, 22.26433, 2.075], "to": [29.83386, 22.76433, 2.25], "rotation": {"angle": 0, "axis": "z", "origin": [27.72136, 23.43933, 2.675]}, "faces": { "north": {"uv": [13.125, 12.875, 13, 13], "texture": "#1"}, "east": {"uv": [13.125, 12.875, 13, 13], "texture": "#1"}, "south": {"uv": [13.125, 12.875, 13, 13], "texture": "#1"}, "west": {"uv": [13.125, 12.875, 13, 13], "texture": "#1"}, "up": {"uv": [13, 13, 13.125, 12.875], "texture": "#1"}, "down": {"uv": [13, 13, 13.125, 12.875], "texture": "#1"} } }, { "from": [-13.83386, 22.26433, 2.075], "to": [-4.95886, 22.76433, 2.25], "rotation": {"angle": 0, "axis": "z", "origin": [-11.72136, 23.43933, 2.675]}, "faces": { "north": {"uv": [13, 12.875, 13.125, 13], "texture": "#1"}, "east": {"uv": [13, 12.875, 13.125, 13], "texture": "#1"}, "south": {"uv": [13, 12.875, 13.125, 13], "texture": "#1"}, "west": {"uv": [13, 12.875, 13.125, 13], "texture": "#1"}, "up": {"uv": [13.125, 13, 13, 12.875], "texture": "#1"}, "down": {"uv": [13.125, 13, 13, 12.875], "texture": "#1"} } }, { "from": [30.60842, 22.13356, 2.175], "to": [31.10842, 23.90856, 2.975], "rotation": {"angle": -22.5, "axis": "z", "origin": [30.85842, 23.02106, 2.675]}, "faces": { "north": {"uv": [13.125, 14.875, 13, 15], "texture": "#1"}, "east": {"uv": [13.125, 14.875, 13, 15], "texture": "#1"}, "south": {"uv": [13.125, 14.875, 13, 15], "texture": "#1"}, "west": {"uv": [13.125, 14.875, 13, 15], "texture": "#1"}, "up": {"uv": [13, 15, 13.125, 14.875], "texture": "#1"}, "down": {"uv": [13, 15, 13.125, 14.875], "texture": "#1"} } }, { "from": [-15.10842, 22.13356, 2.175], "to": [-14.60842, 23.90856, 2.975], "rotation": {"angle": 22.5, "axis": "z", "origin": [-14.85842, 23.02106, 2.675]}, "faces": { "north": {"uv": [13, 14.875, 13.125, 15], "texture": "#1"}, "east": {"uv": [13, 14.875, 13.125, 15], "texture": "#1"}, "south": {"uv": [13, 14.875, 13.125, 15], "texture": "#1"}, "west": {"uv": [13, 14.875, 13.125, 15], "texture": "#1"}, "up": {"uv": [13.125, 15, 13, 14.875], "texture": "#1"}, "down": {"uv": [13.125, 15, 13, 14.875], "texture": "#1"} } }, { "from": [30.72824, 22.0535, 2.175], "to": [31.22824, 23.8285, 2.975], "rotation": {"angle": -45, "axis": "z", "origin": [30.97824, 22.941, 2.675]}, "faces": { "north": {"uv": [13.125, 14.875, 13, 15], "texture": "#1"}, "east": {"uv": [13.125, 14.875, 13, 15], "texture": "#1"}, "south": {"uv": [13.125, 14.875, 13, 15], "texture": "#1"}, "west": {"uv": [13.125, 14.875, 13, 15], "texture": "#1"}, "up": {"uv": [13, 15, 13.125, 14.875], "texture": "#1"}, "down": {"uv": [13, 15, 13.125, 14.875], "texture": "#1"} } }, { "from": [-15.22824, 22.0535, 2.175], "to": [-14.72824, 23.8285, 2.975], "rotation": {"angle": 45, "axis": "z", "origin": [-14.97824, 22.941, 2.675]}, "faces": { "north": {"uv": [13, 14.875, 13.125, 15], "texture": "#1"}, "east": {"uv": [13, 14.875, 13.125, 15], "texture": "#1"}, "south": {"uv": [13, 14.875, 13.125, 15], "texture": "#1"}, "west": {"uv": [13, 14.875, 13.125, 15], "texture": "#1"}, "up": {"uv": [13.125, 15, 13, 14.875], "texture": "#1"}, "down": {"uv": [13.125, 15, 13, 14.875], "texture": "#1"} } }, { "from": [30.1708, 22.52118, 2.175], "to": [31.9458, 23.07118, 2.975], "rotation": {"angle": 22.5, "axis": "z", "origin": [31.0583, 22.82118, 2.675]}, "faces": { "north": {"uv": [13, 15, 13.125, 14.875], "rotation": 90, "texture": "#1"}, "east": {"uv": [13, 15, 13.125, 14.875], "rotation": 90, "texture": "#1"}, "south": {"uv": [13, 15, 13.125, 14.875], "rotation": 90, "texture": "#1"}, "west": {"uv": [13, 15, 13.125, 14.875], "rotation": 90, "texture": "#1"}, "up": {"uv": [13.125, 14.875, 13, 15], "rotation": 90, "texture": "#1"}, "down": {"uv": [13.125, 14.875, 13, 15], "rotation": 90, "texture": "#1"} } }, { "from": [-15.9458, 22.52118, 2.175], "to": [-14.1708, 23.07118, 2.975], "rotation": {"angle": -22.5, "axis": "z", "origin": [-15.0583, 22.82118, 2.675]}, "faces": { "north": {"uv": [13, 14.875, 13.125, 15], "rotation": 90, "texture": "#1"}, "east": {"uv": [13, 14.875, 13.125, 15], "rotation": 90, "texture": "#1"}, "south": {"uv": [13, 14.875, 13.125, 15], "rotation": 90, "texture": "#1"}, "west": {"uv": [13, 14.875, 13.125, 15], "rotation": 90, "texture": "#1"}, "up": {"uv": [13.125, 15, 13, 14.875], "rotation": 90, "texture": "#1"}, "down": {"uv": [13.125, 15, 13, 14.875], "rotation": 90, "texture": "#1"} } }, { "name": "hexadecagon", "from": [29.733, 18.3125, 2.075], "to": [29.917, 19.2375, 2.675], "rotation": {"angle": -45, "axis": "z", "origin": [29.825, 18.775, 2.375]}, "faces": { "north": {"uv": [13.375, 12.5, 12.375, 13.5], "texture": "#1"}, "east": {"uv": [13.375, 12.5, 12.375, 13.5], "texture": "#1"}, "south": {"uv": [13.375, 12.5, 12.375, 13.5], "texture": "#1"}, "west": {"uv": [13.375, 12.5, 12.375, 13.5], "texture": "#1"}, "up": {"uv": [12.375, 13.5, 13.375, 12.5], "texture": "#1"}, "down": {"uv": [12.375, 13.5, 13.375, 12.5], "texture": "#1"} } }, { "name": "hexadecagon", "from": [-13.917, 18.3125, 2.075], "to": [-13.733, 19.2375, 2.675], "rotation": {"angle": 45, "axis": "z", "origin": [-13.825, 18.775, 2.375]}, "faces": { "north": {"uv": [12.375, 12.5, 13.375, 13.5], "texture": "#1"}, "east": {"uv": [12.375, 12.5, 13.375, 13.5], "texture": "#1"}, "south": {"uv": [12.375, 12.5, 13.375, 13.5], "texture": "#1"}, "west": {"uv": [12.375, 12.5, 13.375, 13.5], "texture": "#1"}, "up": {"uv": [13.375, 13.5, 12.375, 12.5], "texture": "#1"}, "down": {"uv": [13.375, 13.5, 12.375, 12.5], "texture": "#1"} } }, { "name": "hexadecagon", "from": [29.733, 18.3125, 2.075], "to": [29.917, 19.2375, 2.675], "rotation": {"angle": -22.5, "axis": "z", "origin": [29.825, 18.775, 2.375]}, "faces": { "north": {"uv": [13.375, 12.5, 12.375, 13.5], "texture": "#1"}, "east": {"uv": [13.375, 12.5, 12.375, 13.5], "texture": "#1"}, "south": {"uv": [13.375, 12.5, 12.375, 13.5], "texture": "#1"}, "west": {"uv": [13.375, 12.5, 12.375, 13.5], "texture": "#1"}, "up": {"uv": [12.375, 13.5, 13.375, 12.5], "texture": "#1"}, "down": {"uv": [12.375, 13.5, 13.375, 12.5], "texture": "#1"} } }, { "name": "hexadecagon", "from": [-13.917, 18.3125, 2.075], "to": [-13.733, 19.2375, 2.675], "rotation": {"angle": 22.5, "axis": "z", "origin": [-13.825, 18.775, 2.375]}, "faces": { "north": {"uv": [12.375, 12.5, 13.375, 13.5], "texture": "#1"}, "east": {"uv": [12.375, 12.5, 13.375, 13.5], "texture": "#1"}, "south": {"uv": [12.375, 12.5, 13.375, 13.5], "texture": "#1"}, "west": {"uv": [12.375, 12.5, 13.375, 13.5], "texture": "#1"}, "up": {"uv": [13.375, 13.5, 12.375, 12.5], "texture": "#1"}, "down": {"uv": [13.375, 13.5, 12.375, 12.5], "texture": "#1"} } }, { "name": "hexadecagon", "from": [29.733, 18.3125, 2.075], "to": [29.917, 19.2375, 2.675], "rotation": {"angle": 0, "axis": "z", "origin": [29.825, 18.775, 2.375]}, "faces": { "north": {"uv": [13.375, 12.5, 12.375, 13.5], "texture": "#1"}, "east": {"uv": [13.375, 12.5, 12.375, 13.5], "texture": "#1"}, "south": {"uv": [13.375, 12.5, 12.375, 13.5], "texture": "#1"}, "west": {"uv": [13.375, 12.5, 12.375, 13.5], "texture": "#1"}, "up": {"uv": [12.375, 13.5, 13.375, 12.5], "texture": "#1"}, "down": {"uv": [12.375, 13.5, 13.375, 12.5], "texture": "#1"} } }, { "name": "hexadecagon", "from": [-13.917, 18.3125, 2.075], "to": [-13.733, 19.2375, 2.675], "rotation": {"angle": 0, "axis": "z", "origin": [-13.825, 18.775, 2.375]}, "faces": { "north": {"uv": [12.375, 12.5, 13.375, 13.5], "texture": "#1"}, "east": {"uv": [12.375, 12.5, 13.375, 13.5], "texture": "#1"}, "south": {"uv": [12.375, 12.5, 13.375, 13.5], "texture": "#1"}, "west": {"uv": [12.375, 12.5, 13.375, 13.5], "texture": "#1"}, "up": {"uv": [13.375, 13.5, 12.375, 12.5], "texture": "#1"}, "down": {"uv": [13.375, 13.5, 12.375, 12.5], "texture": "#1"} } }, { "name": "hexadecagon", "from": [29.733, 18.3125, 2.075], "to": [29.917, 19.2375, 2.675], "rotation": {"angle": 22.5, "axis": "z", "origin": [29.825, 18.775, 2.375]}, "faces": { "north": {"uv": [13.375, 12.5, 12.375, 13.5], "texture": "#1"}, "east": {"uv": [13.375, 12.5, 12.375, 13.5], "texture": "#1"}, "south": {"uv": [13.375, 12.5, 12.375, 13.5], "texture": "#1"}, "west": {"uv": [13.375, 12.5, 12.375, 13.5], "texture": "#1"}, "up": {"uv": [12.375, 13.5, 13.375, 12.5], "texture": "#1"}, "down": {"uv": [12.375, 13.5, 13.375, 12.5], "texture": "#1"} } }, { "name": "hexadecagon", "from": [-13.917, 18.3125, 2.075], "to": [-13.733, 19.2375, 2.675], "rotation": {"angle": -22.5, "axis": "z", "origin": [-13.825, 18.775, 2.375]}, "faces": { "north": {"uv": [12.375, 12.5, 13.375, 13.5], "texture": "#1"}, "east": {"uv": [12.375, 12.5, 13.375, 13.5], "texture": "#1"}, "south": {"uv": [12.375, 12.5, 13.375, 13.5], "texture": "#1"}, "west": {"uv": [12.375, 12.5, 13.375, 13.5], "texture": "#1"}, "up": {"uv": [13.375, 13.5, 12.375, 12.5], "texture": "#1"}, "down": {"uv": [13.375, 13.5, 12.375, 12.5], "texture": "#1"} } }, { "name": "hexadecagon", "from": [29.733, 18.3125, 2.075], "to": [29.917, 19.2375, 2.675], "rotation": {"angle": 45, "axis": "z", "origin": [29.825, 18.775, 2.375]}, "faces": { "north": {"uv": [13.375, 12.5, 12.375, 13.5], "texture": "#1"}, "east": {"uv": [13.375, 12.5, 12.375, 13.5], "texture": "#1"}, "south": {"uv": [13.375, 12.5, 12.375, 13.5], "texture": "#1"}, "west": {"uv": [13.375, 12.5, 12.375, 13.5], "texture": "#1"}, "up": {"uv": [12.375, 13.5, 13.375, 12.5], "texture": "#1"}, "down": {"uv": [12.375, 13.5, 13.375, 12.5], "texture": "#1"} } }, { "name": "hexadecagon", "from": [-13.917, 18.3125, 2.075], "to": [-13.733, 19.2375, 2.675], "rotation": {"angle": -45, "axis": "z", "origin": [-13.825, 18.775, 2.375]}, "faces": { "north": {"uv": [12.375, 12.5, 13.375, 13.5], "texture": "#1"}, "east": {"uv": [12.375, 12.5, 13.375, 13.5], "texture": "#1"}, "south": {"uv": [12.375, 12.5, 13.375, 13.5], "texture": "#1"}, "west": {"uv": [12.375, 12.5, 13.375, 13.5], "texture": "#1"}, "up": {"uv": [13.375, 13.5, 12.375, 12.5], "texture": "#1"}, "down": {"uv": [13.375, 13.5, 12.375, 12.5], "texture": "#1"} } }, { "name": "hexadecagon", "from": [29.3625, 18.683, 2.075], "to": [30.2875, 18.867, 2.675], "rotation": {"angle": -22.5, "axis": "z", "origin": [29.825, 18.775, 2.375]}, "faces": { "north": {"uv": [13.375, 12.5, 12.375, 13.5], "texture": "#1"}, "east": {"uv": [13.375, 12.5, 12.375, 13.5], "texture": "#1"}, "south": {"uv": [13.375, 12.5, 12.375, 13.5], "texture": "#1"}, "west": {"uv": [13.375, 12.5, 12.375, 13.5], "texture": "#1"}, "up": {"uv": [12.375, 13.5, 13.375, 12.5], "texture": "#1"}, "down": {"uv": [12.375, 13.5, 13.375, 12.5], "texture": "#1"} } }, { "name": "hexadecagon", "from": [-14.2875, 18.683, 2.075], "to": [-13.3625, 18.867, 2.675], "rotation": {"angle": 22.5, "axis": "z", "origin": [-13.825, 18.775, 2.375]}, "faces": { "north": {"uv": [12.375, 12.5, 13.375, 13.5], "texture": "#1"}, "east": {"uv": [12.375, 12.5, 13.375, 13.5], "texture": "#1"}, "south": {"uv": [12.375, 12.5, 13.375, 13.5], "texture": "#1"}, "west": {"uv": [12.375, 12.5, 13.375, 13.5], "texture": "#1"}, "up": {"uv": [13.375, 13.5, 12.375, 12.5], "texture": "#1"}, "down": {"uv": [13.375, 13.5, 12.375, 12.5], "texture": "#1"} } }, { "name": "hexadecagon", "from": [29.3625, 18.683, 2.075], "to": [30.2875, 18.867, 2.675], "rotation": {"angle": 0, "axis": "z", "origin": [29.825, 18.775, 2.375]}, "faces": { "north": {"uv": [13.375, 12.5, 12.375, 13.5], "texture": "#1"}, "east": {"uv": [13.375, 12.5, 12.375, 13.5], "texture": "#1"}, "south": {"uv": [13.375, 12.5, 12.375, 13.5], "texture": "#1"}, "west": {"uv": [13.375, 12.5, 12.375, 13.5], "texture": "#1"}, "up": {"uv": [12.375, 13.5, 13.375, 12.5], "texture": "#1"}, "down": {"uv": [12.375, 13.5, 13.375, 12.5], "texture": "#1"} } }, { "name": "hexadecagon", "from": [-14.2875, 18.683, 2.075], "to": [-13.3625, 18.867, 2.675], "rotation": {"angle": 0, "axis": "z", "origin": [-13.825, 18.775, 2.375]}, "faces": { "north": {"uv": [12.375, 12.5, 13.375, 13.5], "texture": "#1"}, "east": {"uv": [12.375, 12.5, 13.375, 13.5], "texture": "#1"}, "south": {"uv": [12.375, 12.5, 13.375, 13.5], "texture": "#1"}, "west": {"uv": [12.375, 12.5, 13.375, 13.5], "texture": "#1"}, "up": {"uv": [13.375, 13.5, 12.375, 12.5], "texture": "#1"}, "down": {"uv": [13.375, 13.5, 12.375, 12.5], "texture": "#1"} } }, { "name": "hexadecagon", "from": [29.3625, 18.683, 2.075], "to": [30.2875, 18.867, 2.675], "rotation": {"angle": 22.5, "axis": "z", "origin": [29.825, 18.775, 2.375]}, "faces": { "north": {"uv": [13.375, 12.5, 12.375, 13.5], "texture": "#1"}, "east": {"uv": [13.375, 12.5, 12.375, 13.5], "texture": "#1"}, "south": {"uv": [13.375, 12.5, 12.375, 13.5], "texture": "#1"}, "west": {"uv": [13.375, 12.5, 12.375, 13.5], "texture": "#1"}, "up": {"uv": [12.375, 13.5, 13.375, 12.5], "texture": "#1"}, "down": {"uv": [12.375, 13.5, 13.375, 12.5], "texture": "#1"} } }, { "name": "hexadecagon", "from": [-14.2875, 18.683, 2.075], "to": [-13.3625, 18.867, 2.675], "rotation": {"angle": -22.5, "axis": "z", "origin": [-13.825, 18.775, 2.375]}, "faces": { "north": {"uv": [12.375, 12.5, 13.375, 13.5], "texture": "#1"}, "east": {"uv": [12.375, 12.5, 13.375, 13.5], "texture": "#1"}, "south": {"uv": [12.375, 12.5, 13.375, 13.5], "texture": "#1"}, "west": {"uv": [12.375, 12.5, 13.375, 13.5], "texture": "#1"}, "up": {"uv": [13.375, 13.5, 12.375, 12.5], "texture": "#1"}, "down": {"uv": [13.375, 13.5, 12.375, 12.5], "texture": "#1"} } }, { "from": [16.14208, 20.13668, 2.45], "to": [28.91708, 22.16168, 2.55], "rotation": {"angle": 0, "axis": "z", "origin": [27.57958, 23.43668, 2.625]}, "faces": { "north": {"uv": [15.375, 0, 14.625, 1.923], "texture": "#1"}, "east": {"uv": [15.375, 0, 14.625, 1.923], "texture": "#1"}, "south": {"uv": [15.375, 0, 14.625, 1.923], "texture": "#1"}, "west": {"uv": [15.375, 0, 14.625, 1.923], "texture": "#1"}, "up": {"uv": [14.625, 1.923, 15.375, 0], "texture": "#1"}, "down": {"uv": [14.625, 1.923, 15.375, 0], "texture": "#1"} } }, { "from": [-12.91708, 20.13668, 2.45], "to": [-0.14208, 22.16168, 2.55], "rotation": {"angle": 0, "axis": "z", "origin": [-11.57958, 23.43668, 2.625]}, "faces": { "north": {"uv": [14.625, 0, 15.375, 1.923], "texture": "#1"}, "east": {"uv": [14.625, 0, 15.375, 1.923], "texture": "#1"}, "south": {"uv": [14.625, 0, 15.375, 1.923], "texture": "#1"}, "west": {"uv": [14.625, 0, 15.375, 1.923], "texture": "#1"}, "up": {"uv": [15.375, 1.923, 14.625, 0], "texture": "#1"}, "down": {"uv": [15.375, 1.923, 14.625, 0], "texture": "#1"} } }, { "from": [11.96708, 17.28668, 2.45], "to": [28.91708, 20.13668, 2.55], "rotation": {"angle": 0, "axis": "z", "origin": [27.57958, 21.41168, 2.625]}, "faces": { "north": {"uv": [15.375, 1.923, 14.625, 4.631], "texture": "#1"}, "east": {"uv": [15.375, 1.923, 14.625, 4.631], "texture": "#1"}, "south": {"uv": [15.375, 1.923, 14.625, 4.631], "texture": "#1"}, "west": {"uv": [15.375, 1.923, 14.625, 4.631], "texture": "#1"}, "up": {"uv": [14.625, 4.631, 15.375, 1.923], "texture": "#1"}, "down": {"uv": [14.625, 4.631, 15.375, 1.923], "texture": "#1"} } }, { "from": [-12.91708, 17.28668, 2.45], "to": [4.03292, 20.13668, 2.55], "rotation": {"angle": 0, "axis": "z", "origin": [-11.57958, 21.41168, 2.625]}, "faces": { "north": {"uv": [14.625, 1.923, 15.375, 4.631], "texture": "#1"}, "east": {"uv": [14.625, 1.923, 15.375, 4.631], "texture": "#1"}, "south": {"uv": [14.625, 1.923, 15.375, 4.631], "texture": "#1"}, "west": {"uv": [14.625, 1.923, 15.375, 4.631], "texture": "#1"}, "up": {"uv": [15.375, 4.631, 14.625, 1.923], "texture": "#1"}, "down": {"uv": [15.375, 4.631, 14.625, 1.923], "texture": "#1"} } }, { "from": [11.36708, 10.03668, 2.45], "to": [28.91708, 17.28668, 2.55], "rotation": {"angle": 0, "axis": "z", "origin": [27.57958, 18.56168, 2.625]}, "faces": { "north": {"uv": [15.375, 4.631, 14.625, 11.519], "texture": "#1"}, "east": {"uv": [15.375, 4.631, 14.625, 11.519], "texture": "#1"}, "south": {"uv": [15.375, 4.631, 14.625, 11.519], "texture": "#1"}, "west": {"uv": [15.375, 4.631, 14.625, 11.519], "texture": "#1"}, "up": {"uv": [14.625, 11.519, 15.375, 4.631], "texture": "#1"}, "down": {"uv": [14.625, 11.519, 15.375, 4.631], "texture": "#1"} } }, { "from": [-12.91708, 10.03668, 2.45], "to": [4.63292, 17.28668, 2.55], "rotation": {"angle": 0, "axis": "z", "origin": [-11.57958, 18.56168, 2.625]}, "faces": { "north": {"uv": [14.625, 4.631, 15.375, 11.519], "texture": "#1"}, "east": {"uv": [14.625, 4.631, 15.375, 11.519], "texture": "#1"}, "south": {"uv": [14.625, 4.631, 15.375, 11.519], "texture": "#1"}, "west": {"uv": [14.625, 4.631, 15.375, 11.519], "texture": "#1"}, "up": {"uv": [15.375, 11.519, 14.625, 4.631], "texture": "#1"}, "down": {"uv": [15.375, 11.519, 14.625, 4.631], "texture": "#1"} } }, { "from": [12.64208, 8.73668, 2.45], "to": [26.96708, 10.03668, 2.55], "rotation": {"angle": 0, "axis": "z", "origin": [27.57958, 18.56168, 2.625]}, "faces": { "north": {"uv": [15.375, 11.519, 14.625, 12.754], "texture": "#1"}, "east": {"uv": [15.375, 11.519, 14.625, 12.754], "texture": "#1"}, "south": {"uv": [15.375, 11.519, 14.625, 12.754], "texture": "#1"}, "west": {"uv": [15.375, 11.519, 14.625, 12.754], "texture": "#1"}, "up": {"uv": [14.625, 12.754, 15.375, 11.519], "texture": "#1"}, "down": {"uv": [14.625, 12.754, 15.375, 11.519], "texture": "#1"} } }, { "from": [-10.96708, 8.73668, 2.45], "to": [3.35792, 10.03668, 2.55], "rotation": {"angle": 0, "axis": "z", "origin": [-11.57958, 18.56168, 2.625]}, "faces": { "north": {"uv": [14.625, 11.519, 15.375, 12.754], "texture": "#1"}, "east": {"uv": [14.625, 11.519, 15.375, 12.754], "texture": "#1"}, "south": {"uv": [14.625, 11.519, 15.375, 12.754], "texture": "#1"}, "west": {"uv": [14.625, 11.519, 15.375, 12.754], "texture": "#1"}, "up": {"uv": [15.375, 12.754, 14.625, 11.519], "texture": "#1"}, "down": {"uv": [15.375, 12.754, 14.625, 11.519], "texture": "#1"} } }, { "from": [13.94208, 7.56168, 2.45], "to": [25.21708, 8.73668, 2.55], "rotation": {"angle": 0, "axis": "z", "origin": [27.57958, 17.26168, 2.625]}, "faces": { "north": {"uv": [15.5, 12.75, 14.75, 13.866], "texture": "#1"}, "east": {"uv": [15.5, 12.75, 14.75, 13.866], "texture": "#1"}, "south": {"uv": [15.5, 12.75, 14.75, 13.866], "texture": "#1"}, "west": {"uv": [15.5, 12.75, 14.75, 13.866], "texture": "#1"}, "up": {"uv": [14.75, 13.866, 15.5, 12.75], "texture": "#1"}, "down": {"uv": [14.75, 13.866, 15.5, 12.75], "texture": "#1"} } }, { "from": [-9.21708, 7.56168, 2.45], "to": [2.05792, 8.73668, 2.55], "rotation": {"angle": 0, "axis": "z", "origin": [-11.57958, 17.26168, 2.625]}, "faces": { "north": {"uv": [14.75, 12.75, 15.5, 13.866], "texture": "#1"}, "east": {"uv": [14.75, 12.75, 15.5, 13.866], "texture": "#1"}, "south": {"uv": [14.75, 12.75, 15.5, 13.866], "texture": "#1"}, "west": {"uv": [14.75, 12.75, 15.5, 13.866], "texture": "#1"}, "up": {"uv": [15.5, 13.866, 14.75, 12.75], "texture": "#1"}, "down": {"uv": [15.5, 13.866, 14.75, 12.75], "texture": "#1"} } }, { "from": [16.31708, 6.98668, 2.45], "to": [22.39208, 7.56168, 2.55], "rotation": {"angle": 0, "axis": "z", "origin": [27.57958, 16.08668, 2.625]}, "faces": { "north": {"uv": [15.5, 13.866, 14.75, 15.991], "texture": "#1"}, "east": {"uv": [15.5, 13.866, 14.75, 15.991], "texture": "#1"}, "south": {"uv": [15.5, 13.866, 14.75, 15.991], "texture": "#1"}, "west": {"uv": [15.5, 13.866, 14.75, 15.991], "texture": "#1"}, "up": {"uv": [14.75, 15.991, 15.5, 13.866], "texture": "#1"}, "down": {"uv": [14.75, 15.991, 15.5, 13.866], "texture": "#1"} } }, { "from": [-6.39208, 6.98668, 2.45], "to": [-0.31708, 7.56168, 2.55], "rotation": {"angle": 0, "axis": "z", "origin": [-11.57958, 16.08668, 2.625]}, "faces": { "north": {"uv": [14.75, 13.866, 15.5, 15.991], "texture": "#1"}, "east": {"uv": [14.75, 13.866, 15.5, 15.991], "texture": "#1"}, "south": {"uv": [14.75, 13.866, 15.5, 15.991], "texture": "#1"}, "west": {"uv": [14.75, 13.866, 15.5, 15.991], "texture": "#1"}, "up": {"uv": [15.5, 15.991, 14.75, 13.866], "texture": "#1"}, "down": {"uv": [15.5, 15.991, 14.75, 13.866], "texture": "#1"} } }, { "from": [31.29353, 11.71121, 26.84368], "to": [31.82353, 13.44961, 28.28528], "rotation": {"angle": 0, "axis": "y", "origin": [31.29353, 15.41416, 24.21295]}, "faces": { "north": {"uv": [12.875, 14.75, 13.2, 15.425], "texture": "#1"}, "east": {"uv": [12.875, 14.75, 13.2, 15.425], "texture": "#1"}, "south": {"uv": [12.875, 14.75, 13.2, 15.425], "texture": "#1"}, "west": {"uv": [12.875, 14.75, 13.2, 15.425], "texture": "#1"}, "up": {"uv": [12.875, 14.75, 13.2, 15.425], "texture": "#1"}, "down": {"uv": [12.875, 14.75, 13.2, 15.425], "texture": "#1"} } }, { "from": [-15.82353, 11.71121, 26.84368], "to": [-15.29353, 13.44961, 28.28528], "rotation": {"angle": 0, "axis": "y", "origin": [-15.29353, 15.41416, 24.21295]}, "faces": { "north": {"uv": [12.875, 14.75, 13.2, 15.425], "texture": "#1"}, "east": {"uv": [12.875, 14.75, 13.2, 15.425], "texture": "#1"}, "south": {"uv": [12.875, 14.75, 13.2, 15.425], "texture": "#1"}, "west": {"uv": [12.875, 14.75, 13.2, 15.425], "texture": "#1"}, "up": {"uv": [12.875, 14.75, 13.2, 15.425], "texture": "#1"}, "down": {"uv": [12.875, 14.75, 13.2, 15.425], "texture": "#1"} } }, { "from": [31.29353, 12.99982, 27.12768], "to": [31.82353, 15.09862, 28.06048], "rotation": {"angle": 22.5, "axis": "x", "origin": [31.29353, 15.41416, 24.21295]}, "faces": { "north": {"uv": [12.875, 14.75, 13.2, 15.425], "texture": "#1"}, "east": {"uv": [12.875, 14.75, 13.2, 15.425], "texture": "#1"}, "south": {"uv": [12.875, 14.75, 13.2, 15.425], "texture": "#1"}, "west": {"uv": [12.875, 14.75, 13.2, 15.425], "texture": "#1"}, "up": {"uv": [12.875, 14.75, 13.2, 15.425], "texture": "#1"}, "down": {"uv": [12.875, 14.75, 13.2, 15.425], "texture": "#1"} } }, { "from": [-15.82353, 12.99982, 27.12768], "to": [-15.29353, 15.09862, 28.06048], "rotation": {"angle": 22.5, "axis": "x", "origin": [-15.29353, 15.41416, 24.21295]}, "faces": { "north": {"uv": [12.875, 14.75, 13.2, 15.425], "texture": "#1"}, "east": {"uv": [12.875, 14.75, 13.2, 15.425], "texture": "#1"}, "south": {"uv": [12.875, 14.75, 13.2, 15.425], "texture": "#1"}, "west": {"uv": [12.875, 14.75, 13.2, 15.425], "texture": "#1"}, "up": {"uv": [12.875, 14.75, 13.2, 15.425], "texture": "#1"}, "down": {"uv": [12.875, 14.75, 13.2, 15.425], "texture": "#1"} } }, { "from": [31.29353, 14.29902, 27.00293], "to": [31.82353, 16.39782, 27.82973], "rotation": {"angle": 45, "axis": "x", "origin": [31.29353, 15.41416, 24.21295]}, "faces": { "north": {"uv": [12.875, 14.75, 13.2, 15.425], "texture": "#1"}, "east": {"uv": [12.875, 14.75, 13.2, 15.425], "texture": "#1"}, "south": {"uv": [12.875, 14.75, 13.2, 15.425], "texture": "#1"}, "west": {"uv": [12.875, 14.75, 13.2, 15.425], "texture": "#1"}, "up": {"uv": [12.875, 14.75, 13.2, 15.425], "texture": "#1"}, "down": {"uv": [12.875, 14.75, 13.2, 15.425], "texture": "#1"} } }, { "from": [-15.82353, 14.29902, 27.00293], "to": [-15.29353, 16.39782, 27.82973], "rotation": {"angle": 45, "axis": "x", "origin": [-15.29353, 15.41416, 24.21295]}, "faces": { "north": {"uv": [12.875, 14.75, 13.2, 15.425], "texture": "#1"}, "east": {"uv": [12.875, 14.75, 13.2, 15.425], "texture": "#1"}, "south": {"uv": [12.875, 14.75, 13.2, 15.425], "texture": "#1"}, "west": {"uv": [12.875, 14.75, 13.2, 15.425], "texture": "#1"}, "up": {"uv": [12.875, 14.75, 13.2, 15.425], "texture": "#1"}, "down": {"uv": [12.875, 14.75, 13.2, 15.425], "texture": "#1"} } }, { "from": [31.29353, 12.41014, 24.24428], "to": [31.82353, 16.05654, 25.57988], "rotation": {"angle": -22.5, "axis": "x", "origin": [31.29353, 15.41416, 24.21295]}, "faces": { "north": {"uv": [12.875, 14.75, 13.2, 15.425], "rotation": 270, "texture": "#1"}, "east": {"uv": [12.875, 14.75, 13.2, 15.425], "rotation": 270, "texture": "#1"}, "south": {"uv": [12.875, 14.75, 13.2, 15.425], "rotation": 270, "texture": "#1"}, "west": {"uv": [12.875, 14.75, 13.2, 15.425], "rotation": 270, "texture": "#1"}, "up": {"uv": [12.875, 14.75, 13.2, 15.425], "rotation": 270, "texture": "#1"}, "down": {"uv": [12.875, 14.75, 13.2, 15.425], "rotation": 270, "texture": "#1"} } }, { "from": [-15.82353, 12.41014, 24.24428], "to": [-15.29353, 16.05654, 25.57988], "rotation": {"angle": -22.5, "axis": "x", "origin": [-15.29353, 15.41416, 24.21295]}, "faces": { "north": {"uv": [12.875, 14.75, 13.2, 15.425], "rotation": 90, "texture": "#1"}, "east": {"uv": [12.875, 14.75, 13.2, 15.425], "rotation": 90, "texture": "#1"}, "south": {"uv": [12.875, 14.75, 13.2, 15.425], "rotation": 90, "texture": "#1"}, "west": {"uv": [12.875, 14.75, 13.2, 15.425], "rotation": 90, "texture": "#1"}, "up": {"uv": [12.875, 14.75, 13.2, 15.425], "rotation": 90, "texture": "#1"}, "down": {"uv": [12.875, 14.75, 13.2, 15.425], "rotation": 90, "texture": "#1"} } }, { "from": [31.29353, 12.3496, 24.47898], "to": [31.82353, 19.2184, 25.00898], "rotation": {"angle": -45, "axis": "x", "origin": [31.29353, 15.41416, 24.21295]}, "faces": { "north": {"uv": [12.875, 14.75, 13.2, 15.425], "rotation": 270, "texture": "#1"}, "east": {"uv": [12.875, 14.75, 13.2, 15.425], "rotation": 270, "texture": "#1"}, "south": {"uv": [12.875, 14.75, 13.2, 15.425], "rotation": 270, "texture": "#1"}, "west": {"uv": [12.875, 14.75, 13.2, 15.425], "rotation": 270, "texture": "#1"}, "up": {"uv": [12.875, 14.75, 13.2, 15.425], "rotation": 270, "texture": "#1"}, "down": {"uv": [12.875, 14.75, 13.2, 15.425], "rotation": 270, "texture": "#1"} } }, { "from": [-15.82353, 12.3496, 24.47898], "to": [-15.29353, 19.2184, 25.00898], "rotation": {"angle": -45, "axis": "x", "origin": [-15.29353, 15.41416, 24.21295]}, "faces": { "north": {"uv": [12.875, 14.75, 13.2, 15.425], "rotation": 90, "texture": "#1"}, "east": {"uv": [12.875, 14.75, 13.2, 15.425], "rotation": 90, "texture": "#1"}, "south": {"uv": [12.875, 14.75, 13.2, 15.425], "rotation": 90, "texture": "#1"}, "west": {"uv": [12.875, 14.75, 13.2, 15.425], "rotation": 90, "texture": "#1"}, "up": {"uv": [12.875, 14.75, 13.2, 15.425], "rotation": 90, "texture": "#1"}, "down": {"uv": [12.875, 14.75, 13.2, 15.425], "rotation": 90, "texture": "#1"} } }, { "from": [31.29353, 19.03062, 23.0029], "to": [31.82353, 20.70542, 23.5329], "rotation": {"angle": -22.5, "axis": "x", "origin": [31.29353, 15.41416, 24.21295]}, "faces": { "north": {"uv": [12.875, 14.75, 13.2, 15.425], "rotation": 270, "texture": "#1"}, "east": {"uv": [12.875, 14.75, 13.2, 15.425], "rotation": 270, "texture": "#1"}, "south": {"uv": [12.875, 14.75, 13.2, 15.425], "rotation": 270, "texture": "#1"}, "west": {"uv": [12.875, 14.75, 13.2, 15.425], "rotation": 270, "texture": "#1"}, "up": {"uv": [12.875, 14.75, 13.2, 15.425], "rotation": 270, "texture": "#1"}, "down": {"uv": [12.875, 14.75, 13.2, 15.425], "rotation": 270, "texture": "#1"} } }, { "from": [-15.82353, 19.03062, 23.0029], "to": [-15.29353, 20.70542, 23.5329], "rotation": {"angle": -22.5, "axis": "x", "origin": [-15.29353, 15.41416, 24.21295]}, "faces": { "north": {"uv": [12.875, 14.75, 13.2, 15.425], "rotation": 90, "texture": "#1"}, "east": {"uv": [12.875, 14.75, 13.2, 15.425], "rotation": 90, "texture": "#1"}, "south": {"uv": [12.875, 14.75, 13.2, 15.425], "rotation": 90, "texture": "#1"}, "west": {"uv": [12.875, 14.75, 13.2, 15.425], "rotation": 90, "texture": "#1"}, "up": {"uv": [12.875, 14.75, 13.2, 15.425], "rotation": 90, "texture": "#1"}, "down": {"uv": [12.875, 14.75, 13.2, 15.425], "rotation": 90, "texture": "#1"} } }, { "from": [31.29353, 10.43467, 26.55823], "to": [31.82353, 11.77027, 27.19423], "rotation": {"angle": -22.5, "axis": "x", "origin": [31.29353, 15.41416, 24.21295]}, "faces": { "north": {"uv": [12.875, 14.75, 13.2, 15.425], "texture": "#1"}, "east": {"uv": [12.875, 14.75, 13.2, 15.425], "texture": "#1"}, "south": {"uv": [12.875, 14.75, 13.2, 15.425], "texture": "#1"}, "west": {"uv": [12.875, 14.75, 13.2, 15.425], "texture": "#1"}, "up": {"uv": [12.875, 14.75, 13.2, 15.425], "texture": "#1"}, "down": {"uv": [12.875, 14.75, 13.2, 15.425], "texture": "#1"} } }, { "from": [-15.82353, 10.43467, 26.55823], "to": [-15.29353, 11.77027, 27.19423], "rotation": {"angle": -22.5, "axis": "x", "origin": [-15.29353, 15.41416, 24.21295]}, "faces": { "north": {"uv": [12.875, 14.75, 13.2, 15.425], "texture": "#1"}, "east": {"uv": [12.875, 14.75, 13.2, 15.425], "texture": "#1"}, "south": {"uv": [12.875, 14.75, 13.2, 15.425], "texture": "#1"}, "west": {"uv": [12.875, 14.75, 13.2, 15.425], "texture": "#1"}, "up": {"uv": [12.875, 14.75, 13.2, 15.425], "texture": "#1"}, "down": {"uv": [12.875, 14.75, 13.2, 15.425], "texture": "#1"} } }, { "from": [31.29353, 9.67282, 25.06173], "to": [31.82353, 10.20282, 25.25253], "rotation": {"angle": -45, "axis": "x", "origin": [31.29353, 15.41416, 24.21295]}, "faces": { "north": {"uv": [12.875, 14.75, 13.2, 15.425], "texture": "#1"}, "east": {"uv": [12.875, 14.75, 13.2, 15.425], "texture": "#1"}, "south": {"uv": [12.875, 14.75, 13.2, 15.425], "texture": "#1"}, "west": {"uv": [12.875, 14.75, 13.2, 15.425], "texture": "#1"}, "up": {"uv": [12.875, 14.75, 13.2, 15.425], "texture": "#1"}, "down": {"uv": [12.875, 14.75, 13.2, 15.425], "texture": "#1"} } }, { "from": [-15.82353, 9.67282, 25.06173], "to": [-15.29353, 10.20282, 25.25253], "rotation": {"angle": -45, "axis": "x", "origin": [-15.29353, 15.41416, 24.21295]}, "faces": { "north": {"uv": [12.875, 14.75, 13.2, 15.425], "texture": "#1"}, "east": {"uv": [12.875, 14.75, 13.2, 15.425], "texture": "#1"}, "south": {"uv": [12.875, 14.75, 13.2, 15.425], "texture": "#1"}, "west": {"uv": [12.875, 14.75, 13.2, 15.425], "texture": "#1"}, "up": {"uv": [12.875, 14.75, 13.2, 15.425], "texture": "#1"}, "down": {"uv": [12.875, 14.75, 13.2, 15.425], "texture": "#1"} } }, { "from": [31.29353, 16.08446, 17.70956], "to": [31.82353, 16.93246, 29.47556], "rotation": {"angle": 45, "axis": "x", "origin": [31.29353, 15.41416, 24.21295]}, "faces": { "north": {"uv": [12.875, 14.75, 13.2, 15.425], "texture": "#1"}, "east": {"uv": [12.875, 14.75, 13.2, 15.425], "texture": "#1"}, "south": {"uv": [12.875, 14.75, 13.2, 15.425], "texture": "#1"}, "west": {"uv": [12.875, 14.75, 13.2, 15.425], "texture": "#1"}, "up": {"uv": [12.875, 14.75, 13.2, 15.425], "texture": "#1"}, "down": {"uv": [12.875, 14.75, 13.2, 15.425], "texture": "#1"} } }, { "from": [-15.82353, 16.08446, 17.70956], "to": [-15.29353, 16.93246, 29.47556], "rotation": {"angle": 45, "axis": "x", "origin": [-15.29353, 15.41416, 24.21295]}, "faces": { "north": {"uv": [12.875, 14.75, 13.2, 15.425], "texture": "#1"}, "east": {"uv": [12.875, 14.75, 13.2, 15.425], "texture": "#1"}, "south": {"uv": [12.875, 14.75, 13.2, 15.425], "texture": "#1"}, "west": {"uv": [12.875, 14.75, 13.2, 15.425], "texture": "#1"}, "up": {"uv": [12.875, 14.75, 13.2, 15.425], "texture": "#1"}, "down": {"uv": [12.875, 14.75, 13.2, 15.425], "texture": "#1"} } }, { "from": [31.29353, 21.14699, 10.9895], "to": [31.82353, 21.99499, 18.4943], "rotation": {"angle": 0, "axis": "y", "origin": [31.29353, 15.41416, 23.36495]}, "faces": { "north": {"uv": [12.875, 14.75, 13.2, 15.425], "texture": "#1"}, "east": {"uv": [12.875, 14.75, 13.2, 15.425], "texture": "#1"}, "south": {"uv": [12.875, 14.75, 13.2, 15.425], "texture": "#1"}, "west": {"uv": [12.875, 14.75, 13.2, 15.425], "texture": "#1"}, "up": {"uv": [12.875, 14.75, 13.2, 15.425], "texture": "#1"}, "down": {"uv": [12.875, 14.75, 13.2, 15.425], "texture": "#1"} } }, { "from": [-15.82353, 21.14699, 10.9895], "to": [-15.29353, 21.99499, 18.4943], "rotation": {"angle": 0, "axis": "y", "origin": [-15.29353, 15.41416, 23.36495]}, "faces": { "north": {"uv": [12.875, 14.75, 13.2, 15.425], "texture": "#1"}, "east": {"uv": [12.875, 14.75, 13.2, 15.425], "texture": "#1"}, "south": {"uv": [12.875, 14.75, 13.2, 15.425], "texture": "#1"}, "west": {"uv": [12.875, 14.75, 13.2, 15.425], "texture": "#1"}, "up": {"uv": [12.875, 14.75, 13.2, 15.425], "texture": "#1"}, "down": {"uv": [12.875, 14.75, 13.2, 15.425], "texture": "#1"} } }, { "from": [31.34653, 21.19999, 2.6685], "to": [31.77053, 21.94199, 10.9895], "rotation": {"angle": 0, "axis": "y", "origin": [31.24053, 13.87495, 26.4588]}, "faces": { "north": {"uv": [12.75, 12.625, 13.075, 13.3], "texture": "#1"}, "east": {"uv": [12.75, 12.625, 13.075, 13.3], "texture": "#1"}, "south": {"uv": [12.75, 12.625, 13.075, 13.3], "texture": "#1"}, "west": {"uv": [12.75, 12.625, 13.075, 13.3], "texture": "#1"}, "up": {"uv": [12.75, 12.625, 13.075, 13.3], "texture": "#1"}, "down": {"uv": [12.75, 12.625, 13.075, 13.3], "texture": "#1"} } }, { "from": [-15.77053, 21.19999, 2.6685], "to": [-15.34653, 21.94199, 10.9895], "rotation": {"angle": 0, "axis": "y", "origin": [-15.24053, 13.87495, 26.4588]}, "faces": { "north": {"uv": [12.75, 12.625, 13.075, 13.3], "texture": "#1"}, "east": {"uv": [12.75, 12.625, 13.075, 13.3], "texture": "#1"}, "south": {"uv": [12.75, 12.625, 13.075, 13.3], "texture": "#1"}, "west": {"uv": [12.75, 12.625, 13.075, 13.3], "texture": "#1"}, "up": {"uv": [12.75, 12.625, 13.075, 13.3], "texture": "#1"}, "down": {"uv": [12.75, 12.625, 13.075, 13.3], "texture": "#1"} } }, { "from": [31.29353, 18.45762, 16.41123], "to": [31.82353, 19.30562, 18.78563], "rotation": {"angle": 22.5, "axis": "x", "origin": [31.29353, 15.41416, 24.21295]}, "faces": { "north": {"uv": [12.875, 14.75, 13.2, 15.425], "texture": "#1"}, "east": {"uv": [12.875, 14.75, 13.2, 15.425], "texture": "#1"}, "south": {"uv": [12.875, 14.75, 13.2, 15.425], "texture": "#1"}, "west": {"uv": [12.875, 14.75, 13.2, 15.425], "texture": "#1"}, "up": {"uv": [12.875, 14.75, 13.2, 15.425], "texture": "#1"}, "down": {"uv": [12.875, 14.75, 13.2, 15.425], "texture": "#1"} } }, { "from": [-15.82353, 18.45762, 16.41123], "to": [-15.29353, 19.30562, 18.78563], "rotation": {"angle": 22.5, "axis": "x", "origin": [-15.29353, 15.41416, 24.21295]}, "faces": { "north": {"uv": [12.875, 14.75, 13.2, 15.425], "texture": "#1"}, "east": {"uv": [12.875, 14.75, 13.2, 15.425], "texture": "#1"}, "south": {"uv": [12.875, 14.75, 13.2, 15.425], "texture": "#1"}, "west": {"uv": [12.875, 14.75, 13.2, 15.425], "texture": "#1"}, "up": {"uv": [12.875, 14.75, 13.2, 15.425], "texture": "#1"}, "down": {"uv": [12.875, 14.75, 13.2, 15.425], "texture": "#1"} } }, { "from": [31.29353, 14.17749, 29.38508], "to": [31.82353, 14.32589, 29.91508], "rotation": {"angle": 22.5, "axis": "x", "origin": [31.29353, 15.41416, 24.21295]}, "faces": { "north": {"uv": [12.875, 14.75, 13.2, 15.425], "rotation": 90, "texture": "#1"}, "east": {"uv": [12.875, 14.75, 13.2, 15.425], "rotation": 90, "texture": "#1"}, "south": {"uv": [12.875, 14.75, 13.2, 15.425], "rotation": 90, "texture": "#1"}, "west": {"uv": [12.875, 14.75, 13.2, 15.425], "rotation": 90, "texture": "#1"}, "up": {"uv": [12.875, 14.75, 13.2, 15.425], "rotation": 90, "texture": "#1"}, "down": {"uv": [12.875, 14.75, 13.2, 15.425], "rotation": 90, "texture": "#1"} } }, { "from": [-15.82353, 14.17749, 29.38508], "to": [-15.29353, 14.32589, 29.91508], "rotation": {"angle": 22.5, "axis": "x", "origin": [-15.29353, 15.41416, 24.21295]}, "faces": { "north": {"uv": [12.875, 14.75, 13.2, 15.425], "rotation": 270, "texture": "#1"}, "east": {"uv": [12.875, 14.75, 13.2, 15.425], "rotation": 270, "texture": "#1"}, "south": {"uv": [12.875, 14.75, 13.2, 15.425], "rotation": 270, "texture": "#1"}, "west": {"uv": [12.875, 14.75, 13.2, 15.425], "rotation": 270, "texture": "#1"}, "up": {"uv": [12.875, 14.75, 13.2, 15.425], "rotation": 270, "texture": "#1"}, "down": {"uv": [12.875, 14.75, 13.2, 15.425], "rotation": 270, "texture": "#1"} } }, { "from": [31.29353, 10.98476, 27.09959], "to": [31.82353, 11.13316, 27.62959], "rotation": {"angle": -22.5, "axis": "x", "origin": [31.29353, 15.41416, 24.21295]}, "faces": { "north": {"uv": [12.875, 14.75, 13.2, 15.425], "rotation": 90, "texture": "#1"}, "east": {"uv": [12.875, 14.75, 13.2, 15.425], "rotation": 90, "texture": "#1"}, "south": {"uv": [12.875, 14.75, 13.2, 15.425], "rotation": 90, "texture": "#1"}, "west": {"uv": [12.875, 14.75, 13.2, 15.425], "rotation": 90, "texture": "#1"}, "up": {"uv": [12.875, 14.75, 13.2, 15.425], "rotation": 90, "texture": "#1"}, "down": {"uv": [12.875, 14.75, 13.2, 15.425], "rotation": 90, "texture": "#1"} } }, { "from": [-15.82353, 10.98476, 27.09959], "to": [-15.29353, 11.13316, 27.62959], "rotation": {"angle": -22.5, "axis": "x", "origin": [-15.29353, 15.41416, 24.21295]}, "faces": { "north": {"uv": [12.875, 14.75, 13.2, 15.425], "rotation": 270, "texture": "#1"}, "east": {"uv": [12.875, 14.75, 13.2, 15.425], "rotation": 270, "texture": "#1"}, "south": {"uv": [12.875, 14.75, 13.2, 15.425], "rotation": 270, "texture": "#1"}, "west": {"uv": [12.875, 14.75, 13.2, 15.425], "rotation": 270, "texture": "#1"}, "up": {"uv": [12.875, 14.75, 13.2, 15.425], "rotation": 270, "texture": "#1"}, "down": {"uv": [12.875, 14.75, 13.2, 15.425], "rotation": 270, "texture": "#1"} } }, { "from": [31.29353, 12.22662, 28.53457], "to": [31.82353, 12.62942, 29.06457], "rotation": {"angle": 0, "axis": "y", "origin": [31.29353, 15.41416, 24.21295]}, "faces": { "north": {"uv": [12.875, 14.75, 13.2, 15.425], "rotation": 90, "texture": "#1"}, "east": {"uv": [12.875, 14.75, 13.2, 15.425], "rotation": 90, "texture": "#1"}, "south": {"uv": [12.875, 14.75, 13.2, 15.425], "rotation": 90, "texture": "#1"}, "west": {"uv": [12.875, 14.75, 13.2, 15.425], "rotation": 90, "texture": "#1"}, "up": {"uv": [12.875, 14.75, 13.2, 15.425], "rotation": 90, "texture": "#1"}, "down": {"uv": [12.875, 14.75, 13.2, 15.425], "rotation": 90, "texture": "#1"} } }, { "from": [-15.82353, 12.22662, 28.53457], "to": [-15.29353, 12.62942, 29.06457], "rotation": {"angle": 0, "axis": "y", "origin": [-15.29353, 15.41416, 24.21295]}, "faces": { "north": {"uv": [12.875, 14.75, 13.2, 15.425], "rotation": 270, "texture": "#1"}, "east": {"uv": [12.875, 14.75, 13.2, 15.425], "rotation": 270, "texture": "#1"}, "south": {"uv": [12.875, 14.75, 13.2, 15.425], "rotation": 270, "texture": "#1"}, "west": {"uv": [12.875, 14.75, 13.2, 15.425], "rotation": 270, "texture": "#1"}, "up": {"uv": [12.875, 14.75, 13.2, 15.425], "rotation": 270, "texture": "#1"}, "down": {"uv": [12.875, 14.75, 13.2, 15.425], "rotation": 270, "texture": "#1"} } }, { "name": "hexadecagon", "from": [11.94041, 17.96295, 2.075], "to": [12.03987, 18.46295, 2.675], "rotation": {"angle": -45, "axis": "z", "origin": [11.99014, 18.21295, 2.375]}, "faces": { "north": {"uv": [12.5, 12.5, 13.5, 13.5], "texture": "#1"}, "east": {"uv": [12.5, 12.5, 13.5, 13.5], "texture": "#1"}, "south": {"uv": [12.5, 12.5, 13.5, 13.5], "texture": "#1"}, "west": {"uv": [12.5, 12.5, 13.5, 13.5], "texture": "#1"}, "up": {"uv": [12.5, 12.5, 13.5, 13.5], "texture": "#1"}, "down": {"uv": [12.5, 12.5, 13.5, 13.5], "texture": "#1"} } }, { "name": "hexadecagon", "from": [3.96013, 17.96295, 2.075], "to": [4.05959, 18.46295, 2.675], "rotation": {"angle": 45, "axis": "z", "origin": [4.00986, 18.21295, 2.375]}, "faces": { "north": {"uv": [13.5, 12.5, 12.5, 13.5], "texture": "#1"}, "east": {"uv": [13.5, 12.5, 12.5, 13.5], "texture": "#1"}, "south": {"uv": [13.5, 12.5, 12.5, 13.5], "texture": "#1"}, "west": {"uv": [13.5, 12.5, 12.5, 13.5], "texture": "#1"}, "up": {"uv": [13.5, 12.5, 12.5, 13.5], "texture": "#1"}, "down": {"uv": [13.5, 12.5, 12.5, 13.5], "texture": "#1"} } }, { "name": "hexadecagon", "from": [11.94041, 17.96295, 2.075], "to": [12.03987, 18.46295, 2.675], "rotation": {"angle": -22.5, "axis": "z", "origin": [11.99014, 18.21295, 2.375]}, "faces": { "north": {"uv": [12.5, 12.5, 13.5, 13.5], "texture": "#1"}, "east": {"uv": [12.5, 12.5, 13.5, 13.5], "texture": "#1"}, "south": {"uv": [12.5, 12.5, 13.5, 13.5], "texture": "#1"}, "west": {"uv": [12.5, 12.5, 13.5, 13.5], "texture": "#1"}, "up": {"uv": [12.5, 12.5, 13.5, 13.5], "texture": "#1"}, "down": {"uv": [12.5, 12.5, 13.5, 13.5], "texture": "#1"} } }, { "name": "hexadecagon", "from": [3.96013, 17.96295, 2.075], "to": [4.05959, 18.46295, 2.675], "rotation": {"angle": 22.5, "axis": "z", "origin": [4.00986, 18.21295, 2.375]}, "faces": { "north": {"uv": [13.5, 12.5, 12.5, 13.5], "texture": "#1"}, "east": {"uv": [13.5, 12.5, 12.5, 13.5], "texture": "#1"}, "south": {"uv": [13.5, 12.5, 12.5, 13.5], "texture": "#1"}, "west": {"uv": [13.5, 12.5, 12.5, 13.5], "texture": "#1"}, "up": {"uv": [13.5, 12.5, 12.5, 13.5], "texture": "#1"}, "down": {"uv": [13.5, 12.5, 12.5, 13.5], "texture": "#1"} } }, { "name": "hexadecagon", "from": [11.94041, 17.96295, 2.075], "to": [12.03987, 18.46295, 2.675], "rotation": {"angle": 0, "axis": "z", "origin": [11.99014, 18.21295, 2.375]}, "faces": { "north": {"uv": [12.5, 12.5, 13.5, 13.5], "texture": "#1"}, "east": {"uv": [12.5, 12.5, 13.5, 13.5], "texture": "#1"}, "south": {"uv": [12.5, 12.5, 13.5, 13.5], "texture": "#1"}, "west": {"uv": [12.5, 12.5, 13.5, 13.5], "texture": "#1"}, "up": {"uv": [12.5, 12.5, 13.5, 13.5], "texture": "#1"}, "down": {"uv": [12.5, 12.5, 13.5, 13.5], "texture": "#1"} } }, { "name": "hexadecagon", "from": [3.96013, 17.96295, 2.075], "to": [4.05959, 18.46295, 2.675], "rotation": {"angle": 0, "axis": "z", "origin": [4.00986, 18.21295, 2.375]}, "faces": { "north": {"uv": [13.5, 12.5, 12.5, 13.5], "texture": "#1"}, "east": {"uv": [13.5, 12.5, 12.5, 13.5], "texture": "#1"}, "south": {"uv": [13.5, 12.5, 12.5, 13.5], "texture": "#1"}, "west": {"uv": [13.5, 12.5, 12.5, 13.5], "texture": "#1"}, "up": {"uv": [13.5, 12.5, 12.5, 13.5], "texture": "#1"}, "down": {"uv": [13.5, 12.5, 12.5, 13.5], "texture": "#1"} } }, { "name": "hexadecagon", "from": [11.94041, 17.96295, 2.075], "to": [12.03987, 18.46295, 2.675], "rotation": {"angle": 22.5, "axis": "z", "origin": [11.99014, 18.21295, 2.375]}, "faces": { "north": {"uv": [12.5, 12.5, 13.5, 13.5], "texture": "#1"}, "east": {"uv": [12.5, 12.5, 13.5, 13.5], "texture": "#1"}, "south": {"uv": [12.5, 12.5, 13.5, 13.5], "texture": "#1"}, "west": {"uv": [12.5, 12.5, 13.5, 13.5], "texture": "#1"}, "up": {"uv": [12.5, 12.5, 13.5, 13.5], "texture": "#1"}, "down": {"uv": [12.5, 12.5, 13.5, 13.5], "texture": "#1"} } }, { "name": "hexadecagon", "from": [3.96013, 17.96295, 2.075], "to": [4.05959, 18.46295, 2.675], "rotation": {"angle": -22.5, "axis": "z", "origin": [4.00986, 18.21295, 2.375]}, "faces": { "north": {"uv": [13.5, 12.5, 12.5, 13.5], "texture": "#1"}, "east": {"uv": [13.5, 12.5, 12.5, 13.5], "texture": "#1"}, "south": {"uv": [13.5, 12.5, 12.5, 13.5], "texture": "#1"}, "west": {"uv": [13.5, 12.5, 12.5, 13.5], "texture": "#1"}, "up": {"uv": [13.5, 12.5, 12.5, 13.5], "texture": "#1"}, "down": {"uv": [13.5, 12.5, 12.5, 13.5], "texture": "#1"} } }, { "name": "hexadecagon", "from": [11.74014, 18.16322, 2.075], "to": [12.24014, 18.26268, 2.675], "rotation": {"angle": -22.5, "axis": "z", "origin": [11.99014, 18.21295, 2.375]}, "faces": { "north": {"uv": [12.5, 12.5, 13.5, 13.5], "texture": "#1"}, "east": {"uv": [12.5, 12.5, 13.5, 13.5], "texture": "#1"}, "south": {"uv": [12.5, 12.5, 13.5, 13.5], "texture": "#1"}, "west": {"uv": [12.5, 12.5, 13.5, 13.5], "texture": "#1"}, "up": {"uv": [12.5, 12.5, 13.5, 13.5], "texture": "#1"}, "down": {"uv": [12.5, 12.5, 13.5, 13.5], "texture": "#1"} } }, { "name": "hexadecagon", "from": [3.75986, 18.16322, 2.075], "to": [4.25986, 18.26268, 2.675], "rotation": {"angle": 22.5, "axis": "z", "origin": [4.00986, 18.21295, 2.375]}, "faces": { "north": {"uv": [13.5, 12.5, 12.5, 13.5], "texture": "#1"}, "east": {"uv": [13.5, 12.5, 12.5, 13.5], "texture": "#1"}, "south": {"uv": [13.5, 12.5, 12.5, 13.5], "texture": "#1"}, "west": {"uv": [13.5, 12.5, 12.5, 13.5], "texture": "#1"}, "up": {"uv": [13.5, 12.5, 12.5, 13.5], "texture": "#1"}, "down": {"uv": [13.5, 12.5, 12.5, 13.5], "texture": "#1"} } }, { "name": "hexadecagon", "from": [11.74014, 18.16322, 2.075], "to": [12.24014, 18.26268, 2.675], "rotation": {"angle": 0, "axis": "z", "origin": [11.99014, 18.21295, 2.375]}, "faces": { "north": {"uv": [12.5, 12.5, 13.5, 13.5], "texture": "#1"}, "east": {"uv": [12.5, 12.5, 13.5, 13.5], "texture": "#1"}, "south": {"uv": [12.5, 12.5, 13.5, 13.5], "texture": "#1"}, "west": {"uv": [12.5, 12.5, 13.5, 13.5], "texture": "#1"}, "up": {"uv": [12.5, 12.5, 13.5, 13.5], "texture": "#1"}, "down": {"uv": [12.5, 12.5, 13.5, 13.5], "texture": "#1"} } }, { "name": "hexadecagon", "from": [3.75986, 18.16322, 2.075], "to": [4.25986, 18.26268, 2.675], "rotation": {"angle": 0, "axis": "z", "origin": [4.00986, 18.21295, 2.375]}, "faces": { "north": {"uv": [13.5, 12.5, 12.5, 13.5], "texture": "#1"}, "east": {"uv": [13.5, 12.5, 12.5, 13.5], "texture": "#1"}, "south": {"uv": [13.5, 12.5, 12.5, 13.5], "texture": "#1"}, "west": {"uv": [13.5, 12.5, 12.5, 13.5], "texture": "#1"}, "up": {"uv": [13.5, 12.5, 12.5, 13.5], "texture": "#1"}, "down": {"uv": [13.5, 12.5, 12.5, 13.5], "texture": "#1"} } }, { "name": "hexadecagon", "from": [11.74014, 18.16322, 2.075], "to": [12.24014, 18.26268, 2.675], "rotation": {"angle": 22.5, "axis": "z", "origin": [11.99014, 18.21295, 2.375]}, "faces": { "north": {"uv": [12.5, 12.5, 13.5, 13.5], "texture": "#1"}, "east": {"uv": [12.5, 12.5, 13.5, 13.5], "texture": "#1"}, "south": {"uv": [12.5, 12.5, 13.5, 13.5], "texture": "#1"}, "west": {"uv": [12.5, 12.5, 13.5, 13.5], "texture": "#1"}, "up": {"uv": [12.5, 12.5, 13.5, 13.5], "texture": "#1"}, "down": {"uv": [12.5, 12.5, 13.5, 13.5], "texture": "#1"} } }, { "name": "hexadecagon", "from": [3.75986, 18.16322, 2.075], "to": [4.25986, 18.26268, 2.675], "rotation": {"angle": -22.5, "axis": "z", "origin": [4.00986, 18.21295, 2.375]}, "faces": { "north": {"uv": [13.5, 12.5, 12.5, 13.5], "texture": "#1"}, "east": {"uv": [13.5, 12.5, 12.5, 13.5], "texture": "#1"}, "south": {"uv": [13.5, 12.5, 12.5, 13.5], "texture": "#1"}, "west": {"uv": [13.5, 12.5, 12.5, 13.5], "texture": "#1"}, "up": {"uv": [13.5, 12.5, 12.5, 13.5], "texture": "#1"}, "down": {"uv": [13.5, 12.5, 12.5, 13.5], "texture": "#1"} } }, { "name": "hexadecagon", "from": [29.53413, 22.46461, 2.075], "to": [30.03413, 22.56406, 2.675], "rotation": {"angle": 0, "axis": "z", "origin": [29.78413, 22.51433, 2.375]}, "faces": { "north": {"uv": [12.5, 12.5, 13.5, 13.5], "rotation": 270, "texture": "#1"}, "east": {"uv": [12.5, 12.5, 13.5, 13.5], "rotation": 90, "texture": "#1"}, "south": {"uv": [12.5, 12.5, 13.5, 13.5], "rotation": 90, "texture": "#1"}, "west": {"uv": [12.5, 12.5, 13.5, 13.5], "rotation": 90, "texture": "#1"}, "up": {"uv": [12.5, 12.5, 13.5, 13.5], "rotation": 90, "texture": "#1"}, "down": {"uv": [12.5, 12.5, 13.5, 13.5], "rotation": 90, "texture": "#1"} } }, { "name": "hexadecagon", "from": [-14.03413, 22.46461, 2.075], "to": [-13.53413, 22.56406, 2.675], "rotation": {"angle": 0, "axis": "z", "origin": [-13.78413, 22.51433, 2.375]}, "faces": { "north": {"uv": [12.5, 13.5, 13.5, 12.5], "rotation": 270, "texture": "#1"}, "east": {"uv": [12.5, 13.5, 13.5, 12.5], "rotation": 90, "texture": "#1"}, "south": {"uv": [12.5, 13.5, 13.5, 12.5], "rotation": 90, "texture": "#1"}, "west": {"uv": [12.5, 13.5, 13.5, 12.5], "rotation": 90, "texture": "#1"}, "up": {"uv": [12.5, 13.5, 13.5, 12.5], "rotation": 90, "texture": "#1"}, "down": {"uv": [12.5, 13.5, 13.5, 12.5], "rotation": 90, "texture": "#1"} } }, { "name": "hexadecagon", "from": [29.53413, 22.46461, 2.075], "to": [30.03413, 22.56406, 2.675], "rotation": {"angle": 22.5, "axis": "z", "origin": [29.78413, 22.51433, 2.375]}, "faces": { "north": {"uv": [12.5, 12.5, 13.5, 13.5], "rotation": 270, "texture": "#1"}, "east": {"uv": [12.5, 12.5, 13.5, 13.5], "rotation": 90, "texture": "#1"}, "south": {"uv": [12.5, 12.5, 13.5, 13.5], "rotation": 90, "texture": "#1"}, "west": {"uv": [12.5, 12.5, 13.5, 13.5], "rotation": 90, "texture": "#1"}, "up": {"uv": [12.5, 12.5, 13.5, 13.5], "rotation": 90, "texture": "#1"}, "down": {"uv": [12.5, 12.5, 13.5, 13.5], "rotation": 90, "texture": "#1"} } }, { "name": "hexadecagon", "from": [-14.03413, 22.46461, 2.075], "to": [-13.53413, 22.56406, 2.675], "rotation": {"angle": -22.5, "axis": "z", "origin": [-13.78413, 22.51433, 2.375]}, "faces": { "north": {"uv": [12.5, 13.5, 13.5, 12.5], "rotation": 270, "texture": "#1"}, "east": {"uv": [12.5, 13.5, 13.5, 12.5], "rotation": 90, "texture": "#1"}, "south": {"uv": [12.5, 13.5, 13.5, 12.5], "rotation": 90, "texture": "#1"}, "west": {"uv": [12.5, 13.5, 13.5, 12.5], "rotation": 90, "texture": "#1"}, "up": {"uv": [12.5, 13.5, 13.5, 12.5], "rotation": 90, "texture": "#1"}, "down": {"uv": [12.5, 13.5, 13.5, 12.5], "rotation": 90, "texture": "#1"} } }, { "name": "hexadecagon", "from": [29.73441, 22.26433, 2.075], "to": [29.83386, 22.76433, 2.675], "rotation": {"angle": -45, "axis": "z", "origin": [29.78413, 22.51433, 2.375]}, "faces": { "north": {"uv": [12.5, 12.5, 13.5, 13.5], "texture": "#1"}, "east": {"uv": [12.5, 12.5, 13.5, 13.5], "texture": "#1"}, "south": {"uv": [12.5, 12.5, 13.5, 13.5], "texture": "#1"}, "west": {"uv": [12.5, 12.5, 13.5, 13.5], "texture": "#1"}, "up": {"uv": [12.5, 12.5, 13.5, 13.5], "texture": "#1"}, "down": {"uv": [12.5, 12.5, 13.5, 13.5], "texture": "#1"} } }, { "name": "hexadecagon", "from": [-13.83386, 22.26433, 2.075], "to": [-13.73441, 22.76433, 2.675], "rotation": {"angle": 45, "axis": "z", "origin": [-13.78413, 22.51433, 2.375]}, "faces": { "north": {"uv": [13.5, 12.5, 12.5, 13.5], "texture": "#1"}, "east": {"uv": [13.5, 12.5, 12.5, 13.5], "texture": "#1"}, "south": {"uv": [13.5, 12.5, 12.5, 13.5], "texture": "#1"}, "west": {"uv": [13.5, 12.5, 12.5, 13.5], "texture": "#1"}, "up": {"uv": [13.5, 12.5, 12.5, 13.5], "texture": "#1"}, "down": {"uv": [13.5, 12.5, 12.5, 13.5], "texture": "#1"} } }, { "name": "hexadecagon", "from": [29.73441, 22.26433, 2.075], "to": [29.83386, 22.76433, 2.675], "rotation": {"angle": -22.5, "axis": "z", "origin": [29.78413, 22.51433, 2.375]}, "faces": { "north": {"uv": [12.5, 12.5, 13.5, 13.5], "texture": "#1"}, "east": {"uv": [12.5, 12.5, 13.5, 13.5], "texture": "#1"}, "south": {"uv": [12.5, 12.5, 13.5, 13.5], "texture": "#1"}, "west": {"uv": [12.5, 12.5, 13.5, 13.5], "texture": "#1"}, "up": {"uv": [12.5, 12.5, 13.5, 13.5], "texture": "#1"}, "down": {"uv": [12.5, 12.5, 13.5, 13.5], "texture": "#1"} } }, { "name": "hexadecagon", "from": [-13.83386, 22.26433, 2.075], "to": [-13.73441, 22.76433, 2.675], "rotation": {"angle": 22.5, "axis": "z", "origin": [-13.78413, 22.51433, 2.375]}, "faces": { "north": {"uv": [13.5, 12.5, 12.5, 13.5], "texture": "#1"}, "east": {"uv": [13.5, 12.5, 12.5, 13.5], "texture": "#1"}, "south": {"uv": [13.5, 12.5, 12.5, 13.5], "texture": "#1"}, "west": {"uv": [13.5, 12.5, 12.5, 13.5], "texture": "#1"}, "up": {"uv": [13.5, 12.5, 12.5, 13.5], "texture": "#1"}, "down": {"uv": [13.5, 12.5, 12.5, 13.5], "texture": "#1"} } }, { "name": "hexadecagon", "from": [29.73441, 22.26433, 2.075], "to": [29.83386, 22.76433, 2.675], "rotation": {"angle": 22.5, "axis": "z", "origin": [29.78413, 22.51433, 2.375]}, "faces": { "north": {"uv": [12.5, 12.5, 13.5, 13.5], "rotation": 270, "texture": "#1"}, "east": {"uv": [12.5, 12.5, 13.5, 13.5], "rotation": 90, "texture": "#1"}, "south": {"uv": [12.5, 12.5, 13.5, 13.5], "rotation": 90, "texture": "#1"}, "west": {"uv": [12.5, 12.5, 13.5, 13.5], "rotation": 90, "texture": "#1"}, "up": {"uv": [12.5, 12.5, 13.5, 13.5], "rotation": 90, "texture": "#1"}, "down": {"uv": [12.5, 12.5, 13.5, 13.5], "rotation": 90, "texture": "#1"} } }, { "name": "hexadecagon", "from": [-13.83386, 22.26433, 2.075], "to": [-13.73441, 22.76433, 2.675], "rotation": {"angle": -22.5, "axis": "z", "origin": [-13.78413, 22.51433, 2.375]}, "faces": { "north": {"uv": [12.5, 13.5, 13.5, 12.5], "rotation": 270, "texture": "#1"}, "east": {"uv": [12.5, 13.5, 13.5, 12.5], "rotation": 90, "texture": "#1"}, "south": {"uv": [12.5, 13.5, 13.5, 12.5], "rotation": 90, "texture": "#1"}, "west": {"uv": [12.5, 13.5, 13.5, 12.5], "rotation": 90, "texture": "#1"}, "up": {"uv": [12.5, 13.5, 13.5, 12.5], "rotation": 90, "texture": "#1"}, "down": {"uv": [12.5, 13.5, 13.5, 12.5], "rotation": 90, "texture": "#1"} } }, { "name": "hexadecagon", "from": [29.53413, 22.46461, 2.075], "to": [30.03413, 22.56406, 2.675], "rotation": {"angle": -45, "axis": "z", "origin": [29.78413, 22.51433, 2.375]}, "faces": { "north": {"uv": [12.5, 12.5, 13.5, 13.5], "texture": "#1"}, "east": {"uv": [12.5, 12.5, 13.5, 13.5], "texture": "#1"}, "south": {"uv": [12.5, 12.5, 13.5, 13.5], "texture": "#1"}, "west": {"uv": [12.5, 12.5, 13.5, 13.5], "texture": "#1"}, "up": {"uv": [12.5, 12.5, 13.5, 13.5], "texture": "#1"}, "down": {"uv": [12.5, 12.5, 13.5, 13.5], "texture": "#1"} } }, { "name": "hexadecagon", "from": [-14.03413, 22.46461, 2.075], "to": [-13.53413, 22.56406, 2.675], "rotation": {"angle": 45, "axis": "z", "origin": [-13.78413, 22.51433, 2.375]}, "faces": { "north": {"uv": [13.5, 12.5, 12.5, 13.5], "texture": "#1"}, "east": {"uv": [13.5, 12.5, 12.5, 13.5], "texture": "#1"}, "south": {"uv": [13.5, 12.5, 12.5, 13.5], "texture": "#1"}, "west": {"uv": [13.5, 12.5, 12.5, 13.5], "texture": "#1"}, "up": {"uv": [13.5, 12.5, 12.5, 13.5], "texture": "#1"}, "down": {"uv": [13.5, 12.5, 12.5, 13.5], "texture": "#1"} } }, { "name": "hexadecagon", "from": [29.53413, 22.46461, 2.075], "to": [30.03413, 22.56406, 2.675], "rotation": {"angle": -22.5, "axis": "z", "origin": [29.78413, 22.51433, 2.375]}, "faces": { "north": {"uv": [12.5, 12.5, 13.5, 13.5], "texture": "#1"}, "east": {"uv": [12.5, 12.5, 13.5, 13.5], "texture": "#1"}, "south": {"uv": [12.5, 12.5, 13.5, 13.5], "texture": "#1"}, "west": {"uv": [12.5, 12.5, 13.5, 13.5], "texture": "#1"}, "up": {"uv": [12.5, 12.5, 13.5, 13.5], "texture": "#1"}, "down": {"uv": [12.5, 12.5, 13.5, 13.5], "texture": "#1"} } }, { "name": "hexadecagon", "from": [-14.03413, 22.46461, 2.075], "to": [-13.53413, 22.56406, 2.675], "rotation": {"angle": 22.5, "axis": "z", "origin": [-13.78413, 22.51433, 2.375]}, "faces": { "north": {"uv": [13.5, 12.5, 12.5, 13.5], "texture": "#1"}, "east": {"uv": [13.5, 12.5, 12.5, 13.5], "texture": "#1"}, "south": {"uv": [13.5, 12.5, 12.5, 13.5], "texture": "#1"}, "west": {"uv": [13.5, 12.5, 12.5, 13.5], "texture": "#1"}, "up": {"uv": [13.5, 12.5, 12.5, 13.5], "texture": "#1"}, "down": {"uv": [13.5, 12.5, 12.5, 13.5], "texture": "#1"} } } ], "display": { "thirdperson_righthand": { "rotation": [90, 0, 0], "translation": [0, -0.75, 0], "scale": [0.16, 0.16797, 0.16797] }, "thirdperson_lefthand": { "rotation": [90, 0, 0], "translation": [0, -0.75, -0.25], "scale": [0.16797, 0.16797, 0.16797] }, "firstperson_righthand": { "translation": [2.5, 0, -0.5], "scale": [0.23828, 0.23828, 0.23828] }, "firstperson_lefthand": { "translation": [2.5, 0, -0.5], "scale": [0.23828, 0.23828, 0.23828] }, "ground": { "rotation": [-30, 56, -11], "scale": [0.17773, 0.17773, 0.17773] }, "gui": { "rotation": [29, 143, 0], "translation": [-1.25, -2.25, 0], "scale": [0.28711, 0.28711, 0.28711] }, "head": { "rotation": [-2, 0, 0], "translation": [0, -5.25, -5.65], "scale": [0.2754, 0.2754, 0.2754] }, "fixed": { "rotation": [-78, 0, 0], "translation": [0, -2.5, 0.75], "scale": [0.34179, 0.34179, 0.34179] } }, "groups": [ { "name": "group", "origin": [31.0583, 22.82118, 1.1], "color": 0, "children": [ 0, 1, 2, 3, 4, 5, 6, 7, 8, 9, 10, 11, 12, 13, 14, 15, 16, 17, 18, 19, 20, 21, 22, 23, 24, 25, 26, 27, 28, 29, 30, 31, 32, 33, 34, 35, 36, 37, 38, 39, 40, 41, 42, 43, 44, 45, 46, 47, 48, 49, 50, 51, 52, 53, 54, 55, 56, 57, 58, 59, 60, { "name": "hexadecagon", "origin": [8, 8, 8], "color": 0, "children": [61, 62, 63, 64, 65, 66, 67, 68, 69, 70, 71, 72, 73, 74, 75, 76] }, { "name": "group", "origin": [27.57958, 16.08668, 1.1], "color": 0, "children": [77, 78, 79, 80, 81, 82, 83, 84, 85, 86, 87, 88] } ] }, { "name": "glassessides", "origin": [8, 8, 8], "color": 0, "children": [89, 90, 91, 92, 93, 94, 95, 96, 97, 98, 99, 100, 101, 102, 103, 104, 105, 106, 107, 108, 109, 110, 111, 112, 113, 114, 115, 116, 117, 118] }, { "name": "hexadecagon", "origin": [8, 8, 8], "color": 0, "children": [119, 120, 121, 122, 123, 124, 125, 126, 127, 128, 129, 130, 131, 132] }, { "name": "hexadecagon", "origin": [8, 8, 8], "color": 0, "children": [133, 134, 135, 136, 137, 138, 139, 140, 141, 142, 143, 144, 145, 146] } ] }