{ "credit": "Made with Blockbench", "textures": { "voxels_atlas": "block/waveearrings" }, "elements": [ { "name": "Voxels", "from": [-5.375, 7.125, 12.125], "to": [-5, 9.375, 12.375], "rotation": {"angle": 0, "axis": "y", "origin": [4, 8, 8]}, "faces": { "north": {"uv": [5.25, 13.75, 4.875, 16], "texture": "#voxels_atlas"}, "east": {"uv": [7, 13.75, 6.75, 16], "texture": "#voxels_atlas"}, "south": {"uv": [4.875, 11.5, 5.25, 13.75], "texture": "#voxels_atlas"}, "west": {"uv": [7, 13.75, 7.25, 16], "texture": "#voxels_atlas"}, "up": {"uv": [6, 13.75, 6.375, 13.5], "texture": "#voxels_atlas"}, "down": {"uv": [6, 13.25, 6.375, 13.5], "texture": "#voxels_atlas"} } }, { "name": "Voxels", "from": [-5.375, 7.75, 9.5], "to": [-5, 9.375, 9.75], "rotation": {"angle": 0, "axis": "y", "origin": [4, 8, 8]}, "faces": { "north": {"uv": [6.375, 14.375, 6, 16], "texture": "#voxels_atlas"}, "east": {"uv": [7.5, 14.375, 7.25, 16], "texture": "#voxels_atlas"}, "south": {"uv": [6.375, 14.375, 6.75, 16], "texture": "#voxels_atlas"}, "west": {"uv": [5.5, 11.625, 5.75, 13.25], "texture": "#voxels_atlas"}, "up": {"uv": [7.5, 13.875, 7.875, 13.625], "texture": "#voxels_atlas"}, "down": {"uv": [6, 13.75, 6.375, 14], "texture": "#voxels_atlas"} } }, { "name": "Voxels", "from": [-5.375, 9.125, 9.75], "to": [-5, 9.375, 12.125], "rotation": {"angle": 0, "axis": "y", "origin": [4, 8, 8]}, "faces": { "east": {"uv": [2.875, 10.875, 0.5, 11.125], "texture": "#voxels_atlas"}, "west": {"uv": [2.875, 10.875, 5.25, 11.125], "texture": "#voxels_atlas"}, "up": {"uv": [4.25, 13.625, 4.625, 11.25], "texture": "#voxels_atlas"}, "down": {"uv": [4.25, 13.625, 4.625, 16], "texture": "#voxels_atlas"} } }, { "name": "Voxels", "from": [-5.375, 12.75, 10.875], "to": [-5.25, 13.125, 11], "rotation": {"angle": 0, "axis": "y", "origin": [4, 7, 8]}, "faces": { "north": {"uv": [4.75, 11.25, 4.625, 11.625], "texture": "#voxels_atlas"}, "east": {"uv": [5.5, 11.25, 5.375, 11.625], "texture": "#voxels_atlas"}, "south": {"uv": [4.75, 11.25, 4.875, 11.625], "texture": "#voxels_atlas"}, "west": {"uv": [5.25, 11.25, 5.375, 11.625], "texture": "#voxels_atlas"}, "up": {"uv": [0.25, 0.125, 0.375, 0], "texture": "#voxels_atlas"}, "down": {"uv": [0.25, 0.875, 0.375, 1], "texture": "#voxels_atlas"} } }, { "name": "Voxels", "from": [-5.25, 2.75, 9.5], "to": [-5, 7.75, 9.625], "rotation": {"angle": 0, "axis": "y", "origin": [4, 8, 8]}, "faces": { "north": {"uv": [0.25, 6.125, 0, 11.125], "texture": "#voxels_atlas"}, "east": {"uv": [0.375, 6.125, 0.25, 11.125], "texture": "#voxels_atlas"}, "south": {"uv": [0, 1.125, 0.25, 6.125], "texture": "#voxels_atlas"}, "west": {"uv": [0.25, 1.125, 0.375, 6.125], "texture": "#voxels_atlas"}, "up": {"uv": [4.625, 11.25, 4.875, 11.125], "texture": "#voxels_atlas"}, "down": {"uv": [3.75, 11.125, 4, 11.25], "texture": "#voxels_atlas"} } }, { "name": "Voxels", "from": [-5.25, 2.75, 9.625], "to": [-5, 2.875, 12.375], "rotation": {"angle": 0, "axis": "y", "origin": [4, 8, 8]}, "faces": { "east": {"uv": [8, 11, 5.25, 11.125], "texture": "#voxels_atlas"}, "south": {"uv": [5.5, 11.125, 5.75, 11.25], "texture": "#voxels_atlas"}, "west": {"uv": [5.25, 10.875, 8, 11], "texture": "#voxels_atlas"}, "up": {"uv": [5.75, 16, 6, 13.25], "texture": "#voxels_atlas"}, "down": {"uv": [5.5, 13.25, 5.75, 16], "texture": "#voxels_atlas"} } }, { "name": "Voxels", "from": [-5.25, 2.875, 12.25], "to": [-5, 7.125, 12.375], "rotation": {"angle": 0, "axis": "y", "origin": [4, 8, 8]}, "faces": { "north": {"uv": [4, 11.75, 3.75, 16], "texture": "#voxels_atlas"}, "east": {"uv": [0.625, 6.625, 0.5, 10.875], "texture": "#voxels_atlas"}, "south": {"uv": [4, 11.75, 4.25, 16], "texture": "#voxels_atlas"}, "west": {"uv": [0.5, 2.375, 0.625, 6.625], "texture": "#voxels_atlas"}, "up": {"uv": [6.5, 13.375, 6.75, 13.25], "texture": "#voxels_atlas"}, "down": {"uv": [6.75, 13.25, 7, 13.375], "texture": "#voxels_atlas"} } }, { "name": "Voxels", "from": [-5.25, 9.625, 10.875], "to": [-4.875, 9.75, 11], "rotation": {"angle": 0, "axis": "y", "origin": [4, 8, 8]}, "faces": { "north": {"uv": [7.875, 12.875, 7.5, 13], "texture": "#voxels_atlas"}, "east": {"uv": [0.625, 0.375, 0.5, 0.5], "texture": "#voxels_atlas"}, "south": {"uv": [7.5, 12.75, 7.875, 12.875], "texture": "#voxels_atlas"}, "west": {"uv": [0.375, 0, 0.5, 0.125], "texture": "#voxels_atlas"}, "up": {"uv": [7.5, 13.125, 7.875, 13], "texture": "#voxels_atlas"}, "down": {"uv": [7.5, 13.125, 7.875, 13.25], "texture": "#voxels_atlas"} } }, { "name": "Voxels", "from": [-5.25, 9.75, 10.875], "to": [-5.125, 12.375, 11], "rotation": {"angle": 0, "axis": "y", "origin": [4, 8, 8]}, "faces": { "north": {"uv": [1.125, 7.25, 1, 10.875], "texture": "#voxels_atlas"}, "east": {"uv": [1.25, 7.25, 1.125, 10.875], "texture": "#voxels_atlas"}, "south": {"uv": [1.375, 7.25, 1.5, 10.875], "texture": "#voxels_atlas"}, "west": {"uv": [1.25, 7.25, 1.375, 10.875], "texture": "#voxels_atlas"}, "up": {"uv": [1.25, 7.25, 1.375, 7.125], "texture": "#voxels_atlas"} } }, { "name": "Voxels", "from": [-5.25, 12.625, 10.875], "to": [-4.875, 12.75, 11], "rotation": {"angle": 0, "axis": "y", "origin": [4, 7, 8]}, "faces": { "north": {"uv": [6.5, 12, 6.125, 12.125], "texture": "#voxels_atlas"}, "east": {"uv": [1.625, 7.125, 1.5, 7.25], "texture": "#voxels_atlas"}, "south": {"uv": [6.125, 11.875, 6.5, 12], "texture": "#voxels_atlas"}, "west": {"uv": [1.375, 7.125, 1.5, 7.25], "texture": "#voxels_atlas"}, "up": {"uv": [6.125, 12.25, 6.5, 12.125], "texture": "#voxels_atlas"}, "down": {"uv": [7.375, 12.5, 7.75, 12.625], "texture": "#voxels_atlas"} } }, { "name": "Voxels", "from": [-5.25, 13.125, 10.875], "to": [-4.875, 13.25, 11], "rotation": {"angle": 0, "axis": "y", "origin": [4, 7, 8]}, "faces": { "north": {"uv": [6.5, 11.5, 6.125, 11.625], "texture": "#voxels_atlas"}, "east": {"uv": [1.75, 7.125, 1.625, 7.25], "texture": "#voxels_atlas"}, "south": {"uv": [6.125, 11.375, 6.5, 11.5], "texture": "#voxels_atlas"}, "west": {"uv": [1.625, 7.25, 1.75, 7.375], "texture": "#voxels_atlas"}, "up": {"uv": [6.125, 11.75, 6.5, 11.625], "texture": "#voxels_atlas"}, "down": {"uv": [6.125, 11.75, 6.5, 11.875], "texture": "#voxels_atlas"} } }, { "name": "Voxels", "from": [-5.25, 13.375, 10.875], "to": [-4.875, 13.75, 11], "rotation": {"angle": 0, "axis": "y", "origin": [4, 7, 8]}, "faces": { "north": {"uv": [6.375, 14, 6, 14.375], "texture": "#voxels_atlas"}, "east": {"uv": [6.625, 11.125, 6.5, 11.5], "texture": "#voxels_atlas"}, "south": {"uv": [4.875, 11.125, 5.25, 11.5], "texture": "#voxels_atlas"}, "west": {"uv": [6.5, 11.5, 6.625, 11.875], "texture": "#voxels_atlas"}, "up": {"uv": [6.125, 11.25, 6.5, 11.125], "texture": "#voxels_atlas"}, "down": {"uv": [6.125, 11.25, 6.5, 11.375], "texture": "#voxels_atlas"} } }, { "name": "Voxels", "from": [-5.25, 13.5, 10.75], "to": [-4.875, 13.625, 11.125], "rotation": {"angle": 0, "axis": "y", "origin": [4, 7, 8]}, "faces": { "north": {"uv": [7.875, 12, 7.5, 12.125], "texture": "#voxels_atlas"}, "east": {"uv": [3.25, 7.125, 3.125, 7.25], "texture": "#voxels_atlas"}, "south": {"uv": [6.75, 11.875, 7.125, 12], "texture": "#voxels_atlas"}, "west": {"uv": [0.25, 1, 0.375, 1.125], "texture": "#voxels_atlas"}, "up": {"uv": [7.125, 12.125, 7.5, 12], "texture": "#voxels_atlas"}, "down": {"uv": [6.75, 12, 7.125, 12.125], "texture": "#voxels_atlas"} } }, { "name": "Voxels", "from": [-5.125, 2.875, 9.625], "to": [-5, 7.75, 11.5], "rotation": {"angle": 0, "axis": "y", "origin": [4, 8, 8]}, "faces": { "east": {"uv": [1.875, 11.125, 0, 16], "texture": "#voxels_atlas"}, "south": {"uv": [0.375, 1.375, 0.5, 6.25], "texture": "#voxels_atlas"}, "west": {"uv": [1.875, 11.125, 3.75, 16], "texture": "#voxels_atlas"}, "up": {"uv": [0.5, 2.375, 0.625, 0.5], "texture": "#voxels_atlas"} } }, { "name": "Voxels", "from": [-5.125, 2.875, 11.5], "to": [-5, 6.625, 11.625], "rotation": {"angle": 0, "axis": "y", "origin": [4, 8, 8]}, "faces": { "east": {"uv": [0.75, 7.125, 0.625, 10.875], "texture": "#voxels_atlas"}, "south": {"uv": [0.875, 7.125, 1, 10.875], "texture": "#voxels_atlas"}, "west": {"uv": [0.625, 3.375, 0.75, 7.125], "texture": "#voxels_atlas"}, "up": {"uv": [3.25, 7.75, 3.375, 7.625], "texture": "#voxels_atlas"} } }, { "name": "Voxels", "from": [-5.125, 2.875, 11.625], "to": [-5, 6.375, 11.75], "rotation": {"angle": 0, "axis": "y", "origin": [4, 8, 8]}, "faces": { "east": {"uv": [2, 7.375, 1.875, 10.875], "texture": "#voxels_atlas"}, "south": {"uv": [1.625, 7.375, 1.75, 10.875], "texture": "#voxels_atlas"}, "west": {"uv": [1.75, 7.375, 1.875, 10.875], "texture": "#voxels_atlas"}, "up": {"uv": [6.375, 13.375, 6.5, 13.25], "texture": "#voxels_atlas"} } }, { "name": "Voxels", "from": [-5.125, 2.875, 11.75], "to": [-5, 6.25, 12], "rotation": {"angle": 0, "axis": "y", "origin": [4, 8, 8]}, "faces": { "east": {"uv": [5.5, 12.625, 5.25, 16], "texture": "#voxels_atlas"}, "south": {"uv": [0.625, 0, 0.75, 3.375], "texture": "#voxels_atlas"}, "west": {"uv": [4.625, 12.625, 4.875, 16], "texture": "#voxels_atlas"}, "up": {"uv": [7.875, 14.375, 8, 14.125], "texture": "#voxels_atlas"} } }, { "name": "Voxels", "from": [-5.125, 2.875, 12], "to": [-5, 6.125, 12.125], "rotation": {"angle": 0, "axis": "y", "origin": [4, 8, 8]}, "faces": { "east": {"uv": [2.375, 7.625, 2.25, 10.875], "texture": "#voxels_atlas"}, "south": {"uv": [2.5, 7.625, 2.625, 10.875], "texture": "#voxels_atlas"}, "west": {"uv": [2.125, 7.625, 2.25, 10.875], "texture": "#voxels_atlas"}, "up": {"uv": [6.75, 11.25, 6.875, 11.125], "texture": "#voxels_atlas"} } }, { "name": "Voxels", "from": [-5.125, 2.875, 12.125], "to": [-5, 6, 12.25], "rotation": {"angle": 0, "axis": "y", "origin": [4, 8, 8]}, "faces": { "east": {"uv": [3.125, 7.75, 3, 10.875], "texture": "#voxels_atlas"}, "south": {"uv": [2.875, 7.75, 3, 10.875], "texture": "#voxels_atlas"}, "west": {"uv": [2.625, 7.75, 2.75, 10.875], "texture": "#voxels_atlas"}, "up": {"uv": [7.875, 12.25, 8, 12.125], "texture": "#voxels_atlas"} } }, { "name": "Voxels", "from": [-5.125, 6.625, 11.625], "to": [-5, 7.875, 11.75], "rotation": {"angle": 0, "axis": "y", "origin": [4, 8, 8]}, "faces": { "north": {"uv": [3.5, 8.375, 3.375, 9.625], "texture": "#voxels_atlas"}, "east": {"uv": [0.5, 0.125, 0.375, 1.375], "texture": "#voxels_atlas"}, "south": {"uv": [3.375, 9.625, 3.5, 10.875], "texture": "#voxels_atlas"}, "west": {"uv": [3.25, 7.875, 3.375, 9.125], "texture": "#voxels_atlas"}, "up": {"uv": [7.875, 13.25, 8, 13.125], "texture": "#voxels_atlas"}, "down": {"uv": [7.875, 13, 8, 13.125], "texture": "#voxels_atlas"} } }, { "name": "Voxels", "from": [-5.125, 6.625, 11.75], "to": [-5, 7.625, 12], "rotation": {"angle": 0, "axis": "y", "origin": [4, 8, 8]}, "faces": { "east": {"uv": [5.5, 11.625, 5.25, 12.625], "texture": "#voxels_atlas"}, "south": {"uv": [6.5, 13.375, 6.625, 14.375], "texture": "#voxels_atlas"}, "west": {"uv": [4.625, 11.625, 4.875, 12.625], "texture": "#voxels_atlas"}, "up": {"uv": [7.875, 14.125, 8, 13.875], "texture": "#voxels_atlas"}, "down": {"uv": [7.875, 13.625, 8, 13.875], "texture": "#voxels_atlas"} } }, { "name": "Voxels", "from": [-5.125, 6.75, 12], "to": [-5, 7, 12.125], "rotation": {"angle": 0, "axis": "y", "origin": [4, 8, 8]}, "faces": { "east": {"uv": [7.5, 11.5, 7.375, 11.75], "texture": "#voxels_atlas"}, "south": {"uv": [7.5, 11.5, 7.625, 11.75], "texture": "#voxels_atlas"}, "west": {"uv": [7.375, 11.25, 7.5, 11.5], "texture": "#voxels_atlas"}, "up": {"uv": [3.25, 7.25, 3.375, 7.125], "texture": "#voxels_atlas"}, "down": {"uv": [3.375, 8.25, 3.5, 8.375], "texture": "#voxels_atlas"} } }, { "name": "Voxels", "from": [-5.125, 6.875, 11.5], "to": [-5, 7.625, 11.625], "rotation": {"angle": 0, "axis": "y", "origin": [4, 8, 8]}, "faces": { "north": {"uv": [6.125, 11.5, 6, 12.25], "texture": "#voxels_atlas"}, "east": {"uv": [6, 11.5, 5.875, 12.25], "texture": "#voxels_atlas"}, "south": {"uv": [7.375, 13.625, 7.5, 14.375], "texture": "#voxels_atlas"}, "west": {"uv": [5.75, 11.5, 5.875, 12.25], "texture": "#voxels_atlas"}, "up": {"uv": [0.25, 0.625, 0.375, 0.5], "texture": "#voxels_atlas"}, "down": {"uv": [0.25, 0.375, 0.375, 0.5], "texture": "#voxels_atlas"} } }, { "name": "Voxels", "from": [-5.125, 7.125, 12], "to": [-5, 7.5, 12.125], "rotation": {"angle": 0, "axis": "y", "origin": [4, 8, 8]}, "faces": { "east": {"uv": [5.75, 11.25, 5.625, 11.625], "texture": "#voxels_atlas"}, "west": {"uv": [5.5, 11.25, 5.625, 11.625], "texture": "#voxels_atlas"}, "up": {"uv": [0, 0.25, 0.125, 0.125], "texture": "#voxels_atlas"}, "down": {"uv": [0.125, 0.125, 0.25, 0.25], "texture": "#voxels_atlas"} } }, { "name": "Voxels", "from": [-5.125, 7.75, 9.75], "to": [-5, 8, 11.5], "rotation": {"angle": 0, "axis": "y", "origin": [4, 8, 8]}, "faces": { "north": {"uv": [8, 14.375, 7.875, 14.625], "texture": "#voxels_atlas"}, "east": {"uv": [7.5, 12.75, 5.75, 13], "texture": "#voxels_atlas"}, "south": {"uv": [7.75, 11.75, 7.875, 12], "texture": "#voxels_atlas"}, "west": {"uv": [5.75, 13, 7.5, 13.25], "texture": "#voxels_atlas"}, "up": {"uv": [3.125, 9, 3.25, 7.25], "texture": "#voxels_atlas"} } }, { "name": "Voxels", "from": [-5.125, 7.875, 11.5], "to": [-5, 8.125, 11.625], "rotation": {"angle": 0, "axis": "y", "origin": [4, 8, 8]}, "faces": { "north": {"uv": [8, 11.75, 7.875, 12], "texture": "#voxels_atlas"}, "east": {"uv": [7.375, 11.25, 7.25, 11.5], "texture": "#voxels_atlas"}, "south": {"uv": [7.25, 11.5, 7.375, 11.75], "texture": "#voxels_atlas"}, "west": {"uv": [7.5, 11.75, 7.625, 12], "texture": "#voxels_atlas"}, "up": {"uv": [0.25, 0.25, 0.375, 0.125], "texture": "#voxels_atlas"}, "down": {"uv": [0.25, 0.25, 0.375, 0.375], "texture": "#voxels_atlas"} } }, { "name": "Voxels", "from": [-5.125, 8, 9.875], "to": [-5, 8.125, 11.5], "rotation": {"angle": 0, "axis": "y", "origin": [4, 8, 8]}, "faces": { "north": {"uv": [2, 7.25, 1.875, 7.375], "texture": "#voxels_atlas"}, "east": {"uv": [7.375, 12.625, 5.75, 12.75], "texture": "#voxels_atlas"}, "south": {"uv": [1.875, 7.125, 2, 7.25], "texture": "#voxels_atlas"}, "west": {"uv": [5.75, 12.5, 7.375, 12.625], "texture": "#voxels_atlas"}, "up": {"uv": [7.625, 16, 7.75, 14.375], "texture": "#voxels_atlas"} } }, { "name": "Voxels", "from": [-5.125, 8.125, 10], "to": [-5, 8.25, 11.375], "rotation": {"angle": 0, "axis": "y", "origin": [4, 8, 8]}, "faces": { "north": {"uv": [6.75, 13.375, 6.625, 13.5], "texture": "#voxels_atlas"}, "east": {"uv": [7.125, 12.25, 5.75, 12.375], "texture": "#voxels_atlas"}, "south": {"uv": [7.875, 13.25, 8, 13.375], "texture": "#voxels_atlas"}, "west": {"uv": [5.75, 12.375, 7.125, 12.5], "texture": "#voxels_atlas"}, "up": {"uv": [7.75, 16, 7.875, 14.625], "texture": "#voxels_atlas"} } }, { "name": "Voxels", "from": [-5.125, 8.25, 10.25], "to": [-5, 8.375, 11.125], "rotation": {"angle": 0, "axis": "y", "origin": [4, 8, 8]}, "faces": { "north": {"uv": [8, 12.875, 7.875, 13], "texture": "#voxels_atlas"}, "east": {"uv": [8, 12.375, 7.125, 12.5], "texture": "#voxels_atlas"}, "south": {"uv": [7.875, 12.75, 8, 12.875], "texture": "#voxels_atlas"}, "west": {"uv": [7.125, 12.25, 8, 12.375], "texture": "#voxels_atlas"}, "up": {"uv": [7.25, 14.375, 7.375, 13.5], "texture": "#voxels_atlas"} } }, { "name": "Voxels", "from": [-5.125, 8.375, 10.5], "to": [-5, 8.5, 11], "rotation": {"angle": 0, "axis": "y", "origin": [4, 8, 8]}, "faces": { "north": {"uv": [7.5, 11.125, 7.375, 11.25], "texture": "#voxels_atlas"}, "east": {"uv": [8, 13.375, 7.5, 13.5], "texture": "#voxels_atlas"}, "south": {"uv": [7.5, 11.125, 7.625, 11.25], "texture": "#voxels_atlas"}, "west": {"uv": [7.5, 13.5, 8, 13.625], "texture": "#voxels_atlas"}, "up": {"uv": [3.875, 11.75, 4, 11.25], "texture": "#voxels_atlas"} } }, { "name": "Voxels", "from": [-5.125, 9.375, 10.625], "to": [-5, 9.625, 10.75], "rotation": {"angle": 0, "axis": "y", "origin": [4, 8, 8]}, "faces": { "north": {"uv": [7.5, 11.75, 7.375, 12], "texture": "#voxels_atlas"}, "east": {"uv": [4.25, 11.125, 4.125, 11.375], "texture": "#voxels_atlas"}, "south": {"uv": [7.625, 11.75, 7.75, 12], "texture": "#voxels_atlas"}, "west": {"uv": [4, 11.125, 4.125, 11.375], "texture": "#voxels_atlas"}, "up": {"uv": [7.75, 11.5, 7.875, 11.375], "texture": "#voxels_atlas"} } }, { "name": "Voxels", "from": [-5.125, 9.375, 11.125], "to": [-5, 9.625, 11.25], "rotation": {"angle": 0, "axis": "y", "origin": [4, 8, 8]}, "faces": { "north": {"uv": [7.375, 13.25, 7.25, 13.5], "texture": "#voxels_atlas"}, "east": {"uv": [7.875, 14.375, 7.75, 14.625], "texture": "#voxels_atlas"}, "south": {"uv": [7.125, 11.125, 7.25, 11.375], "texture": "#voxels_atlas"}, "west": {"uv": [7.25, 11.75, 7.375, 12], "texture": "#voxels_atlas"}, "up": {"uv": [7.75, 11.375, 7.875, 11.25], "texture": "#voxels_atlas"} } }, { "name": "Voxels", "from": [-5.125, 9.5, 10.875], "to": [-5, 9.625, 11], "rotation": {"angle": 0, "axis": "y", "origin": [4, 8, 8]}, "faces": { "north": {"uv": [8, 11.125, 7.875, 11.25], "texture": "#voxels_atlas"}, "east": {"uv": [0.25, 1, 0.125, 1.125], "texture": "#voxels_atlas"}, "south": {"uv": [0, 1, 0.125, 1.125], "texture": "#voxels_atlas"}, "west": {"uv": [1.5, 7.25, 1.625, 7.375], "texture": "#voxels_atlas"}, "down": {"uv": [7.875, 11.25, 8, 11.375], "texture": "#voxels_atlas"} } }, { "name": "Voxels", "from": [-5.125, 9.625, 10.75], "to": [-5, 9.75, 10.875], "rotation": {"angle": 0, "axis": "y", "origin": [4, 8, 8]}, "faces": { "north": {"uv": [0.125, 0.75, 0, 0.875], "texture": "#voxels_atlas"}, "east": {"uv": [0.25, 0.625, 0.125, 0.75], "texture": "#voxels_atlas"}, "south": {"uv": [0.125, 0.75, 0.25, 0.875], "texture": "#voxels_atlas"}, "west": {"uv": [0, 0.625, 0.125, 0.75], "texture": "#voxels_atlas"}, "up": {"uv": [0.125, 1, 0.25, 0.875], "texture": "#voxels_atlas"}, "down": {"uv": [0, 0.875, 0.125, 1], "texture": "#voxels_atlas"} } }, { "name": "Voxels", "from": [-5.125, 9.625, 11], "to": [-5, 9.75, 11.125], "rotation": {"angle": 0, "axis": "y", "origin": [4, 8, 8]}, "faces": { "north": {"uv": [0.125, 0.375, 0, 0.5], "texture": "#voxels_atlas"}, "east": {"uv": [0.25, 0.25, 0.125, 0.375], "texture": "#voxels_atlas"}, "south": {"uv": [0.125, 0.375, 0.25, 0.5], "texture": "#voxels_atlas"}, "west": {"uv": [0, 0.25, 0.125, 0.375], "texture": "#voxels_atlas"}, "up": {"uv": [0.125, 0.625, 0.25, 0.5], "texture": "#voxels_atlas"}, "down": {"uv": [0, 0.5, 0.125, 0.625], "texture": "#voxels_atlas"} } }, { "name": "Voxels", "from": [-5.125, 12.25, 10.75], "to": [-5, 12.375, 11.125], "rotation": {"angle": 0, "axis": "y", "origin": [4, 7, 8]}, "faces": { "north": {"uv": [0.125, 0, 0, 0.125], "texture": "#voxels_atlas"}, "east": {"uv": [7.75, 12.625, 7.375, 12.75], "texture": "#voxels_atlas"}, "south": {"uv": [0.125, 0, 0.25, 0.125], "texture": "#voxels_atlas"}, "west": {"uv": [7.5, 13.25, 7.875, 13.375], "texture": "#voxels_atlas"}, "up": {"uv": [6.875, 13.75, 7, 13.375], "texture": "#voxels_atlas"}, "down": {"uv": [6.75, 13.375, 6.875, 13.75], "texture": "#voxels_atlas"} } }, { "name": "Voxels", "from": [-5.125, 12.375, 10.625], "to": [-5, 12.75, 10.75], "rotation": {"angle": 0, "axis": "y", "origin": [4, 7, 8]}, "faces": { "north": {"uv": [7.125, 13.375, 7, 13.75], "texture": "#voxels_atlas"}, "east": {"uv": [5.875, 11.125, 5.75, 11.5], "texture": "#voxels_atlas"}, "south": {"uv": [7.125, 13.375, 7.25, 13.75], "texture": "#voxels_atlas"}, "west": {"uv": [7.375, 13.25, 7.5, 13.625], "texture": "#voxels_atlas"}, "up": {"uv": [0.25, 0.75, 0.375, 0.625], "texture": "#voxels_atlas"}, "down": {"uv": [0.25, 0.75, 0.375, 0.875], "texture": "#voxels_atlas"} } }, { "name": "Voxels", "from": [-5.125, 12.375, 10.875], "to": [-4.875, 12.5, 11], "rotation": {"angle": 0, "axis": "y", "origin": [4, 7, 8]}, "faces": { "north": {"uv": [8, 12.5, 7.75, 12.625], "texture": "#voxels_atlas"}, "east": {"uv": [0.625, 0, 0.5, 0.125], "texture": "#voxels_atlas"}, "south": {"uv": [6.875, 11.125, 7.125, 11.25], "texture": "#voxels_atlas"}, "west": {"uv": [0.5, 0.125, 0.625, 0.25], "texture": "#voxels_atlas"}, "up": {"uv": [7.75, 12.75, 8, 12.625], "texture": "#voxels_atlas"}, "down": {"uv": [7, 13.25, 7.25, 13.375], "texture": "#voxels_atlas"} } }, { "name": "Voxels", "from": [-5.125, 12.375, 11.125], "to": [-5, 12.75, 11.25], "rotation": {"angle": 0, "axis": "y", "origin": [4, 7, 8]}, "faces": { "north": {"uv": [6, 11.125, 5.875, 11.5], "texture": "#voxels_atlas"}, "east": {"uv": [6.75, 11.875, 6.625, 12.25], "texture": "#voxels_atlas"}, "south": {"uv": [6, 11.125, 6.125, 11.5], "texture": "#voxels_atlas"}, "west": {"uv": [6.5, 11.875, 6.625, 12.25], "texture": "#voxels_atlas"}, "up": {"uv": [1.125, 7.25, 1.25, 7.125], "texture": "#voxels_atlas"}, "down": {"uv": [1, 7.125, 1.125, 7.25], "texture": "#voxels_atlas"} } }, { "name": "Voxels", "from": [-5.125, 12.75, 10.75], "to": [-5, 12.875, 11.125], "rotation": {"angle": 0, "axis": "y", "origin": [4, 7, 8]}, "faces": { "north": {"uv": [1.875, 7.25, 1.75, 7.375], "texture": "#voxels_atlas"}, "east": {"uv": [7.125, 11.625, 6.75, 11.75], "texture": "#voxels_atlas"}, "south": {"uv": [1.75, 7.125, 1.875, 7.25], "texture": "#voxels_atlas"}, "west": {"uv": [6.75, 11.75, 7.125, 11.875], "texture": "#voxels_atlas"}, "up": {"uv": [6.625, 11.5, 6.75, 11.125], "texture": "#voxels_atlas"}, "down": {"uv": [6.625, 11.5, 6.75, 11.875], "texture": "#voxels_atlas"} } }, { "name": "Voxels", "from": [-5.125, 13.25, 10.875], "to": [-5, 13.375, 11], "rotation": {"angle": 0, "axis": "y", "origin": [4, 7, 8]}, "faces": { "north": {"uv": [2.125, 7.125, 2, 7.25], "texture": "#voxels_atlas"}, "east": {"uv": [2.25, 7.25, 2.125, 7.375], "texture": "#voxels_atlas"}, "south": {"uv": [2.125, 7.5, 2.25, 7.625], "texture": "#voxels_atlas"}, "west": {"uv": [2.125, 7.375, 2.25, 7.5], "texture": "#voxels_atlas"} } }, { "name": "Voxels", "from": [-5.125, 13.375, 10.75], "to": [-5, 13.75, 11.125], "rotation": {"angle": 0, "axis": "y", "origin": [4, 7, 8]}, "faces": { "north": {"uv": [2.875, 7.375, 2.75, 7.5], "texture": "#voxels_atlas"}, "east": {"uv": [3, 7.625, 2.875, 7.75], "texture": "#voxels_atlas"}, "south": {"uv": [2.75, 7.25, 2.875, 7.375], "texture": "#voxels_atlas"}, "west": {"uv": [2.75, 7.125, 2.875, 7.25], "texture": "#voxels_atlas"}, "up": {"uv": [2.75, 7.625, 2.875, 7.5], "texture": "#voxels_atlas"}, "down": {"uv": [2.75, 7.625, 2.875, 7.75], "texture": "#voxels_atlas"} } }, { "name": "Voxels", "from": [-5, 12, 10.875], "to": [-4.875, 12.125, 11], "rotation": {"angle": 0, "axis": "y", "origin": [4, 7, 8]}, "faces": { "north": {"uv": [3, 7.25, 2.875, 7.375], "texture": "#voxels_atlas"}, "east": {"uv": [3.125, 7.5, 3, 7.625], "texture": "#voxels_atlas"}, "south": {"uv": [2.875, 7.125, 3, 7.25], "texture": "#voxels_atlas"}, "west": {"uv": [3, 7.625, 3.125, 7.75], "texture": "#voxels_atlas"}, "up": {"uv": [2.875, 7.5, 3, 7.375], "texture": "#voxels_atlas"}, "down": {"uv": [2.875, 7.5, 3, 7.625], "texture": "#voxels_atlas"} } }, { "name": "Voxels", "from": [-4.875, 12.125, 10.875], "to": [-4.75, 12.375, 11], "rotation": {"angle": 0, "axis": "y", "origin": [4, 7, 8]}, "faces": { "north": {"uv": [7.75, 11.5, 7.625, 11.75], "texture": "#voxels_atlas"}, "east": {"uv": [7.625, 11.25, 7.5, 11.5], "texture": "#voxels_atlas"}, "south": {"uv": [7.75, 11.5, 7.875, 11.75], "texture": "#voxels_atlas"}, "west": {"uv": [7.875, 11.5, 8, 11.75], "texture": "#voxels_atlas"}, "up": {"uv": [3, 7.375, 3.125, 7.25], "texture": "#voxels_atlas"}, "down": {"uv": [3, 7.375, 3.125, 7.5], "texture": "#voxels_atlas"} } }, { "name": "Voxels", "from": [-4.875, 12.75, 10.875], "to": [-4.75, 13.125, 11], "rotation": {"angle": 0, "axis": "y", "origin": [4, 7, 8]}, "faces": { "north": {"uv": [7, 11.25, 6.875, 11.625], "texture": "#voxels_atlas"}, "east": {"uv": [6.875, 11.25, 6.75, 11.625], "texture": "#voxels_atlas"}, "south": {"uv": [7, 11.25, 7.125, 11.625], "texture": "#voxels_atlas"}, "west": {"uv": [7.125, 11.625, 7.25, 12], "texture": "#voxels_atlas"}, "up": {"uv": [3.25, 7.5, 3.375, 7.375], "texture": "#voxels_atlas"}, "down": {"uv": [3.25, 7.5, 3.375, 7.625], "texture": "#voxels_atlas"} } }, { "name": "Voxels", "from": [21, 7.125, 12.125], "to": [21.375, 9.375, 12.375], "rotation": {"angle": 0, "axis": "y", "origin": [12, 8, 8]}, "faces": { "north": {"uv": [4.875, 13.75, 5.25, 16], "texture": "#voxels_atlas"}, "east": {"uv": [7.25, 13.75, 7, 16], "texture": "#voxels_atlas"}, "south": {"uv": [5.25, 11.5, 4.875, 13.75], "texture": "#voxels_atlas"}, "west": {"uv": [6.75, 13.75, 7, 16], "texture": "#voxels_atlas"}, "up": {"uv": [6.375, 13.75, 6, 13.5], "texture": "#voxels_atlas"}, "down": {"uv": [6.375, 13.25, 6, 13.5], "texture": "#voxels_atlas"} } }, { "name": "Voxels", "from": [21, 7.75, 9.5], "to": [21.375, 9.375, 9.75], "rotation": {"angle": 0, "axis": "y", "origin": [12, 8, 8]}, "faces": { "north": {"uv": [6, 14.375, 6.375, 16], "texture": "#voxels_atlas"}, "east": {"uv": [5.75, 11.625, 5.5, 13.25], "texture": "#voxels_atlas"}, "south": {"uv": [6.75, 14.375, 6.375, 16], "texture": "#voxels_atlas"}, "west": {"uv": [7.25, 14.375, 7.5, 16], "texture": "#voxels_atlas"}, "up": {"uv": [7.875, 13.875, 7.5, 13.625], "texture": "#voxels_atlas"}, "down": {"uv": [6.375, 13.75, 6, 14], "texture": "#voxels_atlas"} } }, { "name": "Voxels", "from": [21, 9.125, 9.75], "to": [21.375, 9.375, 12.125], "rotation": {"angle": 0, "axis": "y", "origin": [12, 8, 8]}, "faces": { "east": {"uv": [5.25, 10.875, 2.875, 11.125], "texture": "#voxels_atlas"}, "west": {"uv": [0.5, 10.875, 2.875, 11.125], "texture": "#voxels_atlas"}, "up": {"uv": [4.625, 13.625, 4.25, 11.25], "texture": "#voxels_atlas"}, "down": {"uv": [4.625, 13.625, 4.25, 16], "texture": "#voxels_atlas"} } }, { "name": "Voxels", "from": [21.25, 12.75, 10.875], "to": [21.375, 13.125, 11], "rotation": {"angle": 0, "axis": "y", "origin": [12, 7, 8]}, "faces": { "north": {"uv": [4.625, 11.25, 4.75, 11.625], "texture": "#voxels_atlas"}, "east": {"uv": [5.375, 11.25, 5.25, 11.625], "texture": "#voxels_atlas"}, "south": {"uv": [4.875, 11.25, 4.75, 11.625], "texture": "#voxels_atlas"}, "west": {"uv": [5.375, 11.25, 5.5, 11.625], "texture": "#voxels_atlas"}, "up": {"uv": [0.375, 0.125, 0.25, 0], "texture": "#voxels_atlas"}, "down": {"uv": [0.375, 0.875, 0.25, 1], "texture": "#voxels_atlas"} } }, { "name": "Voxels", "from": [21, 2.75, 9.5], "to": [21.25, 7.75, 9.625], "rotation": {"angle": 0, "axis": "y", "origin": [12, 8, 8]}, "faces": { "north": {"uv": [0, 6.125, 0.25, 11.125], "texture": "#voxels_atlas"}, "east": {"uv": [0.375, 1.125, 0.25, 6.125], "texture": "#voxels_atlas"}, "south": {"uv": [0.25, 1.125, 0, 6.125], "texture": "#voxels_atlas"}, "west": {"uv": [0.25, 6.125, 0.375, 11.125], "texture": "#voxels_atlas"}, "up": {"uv": [4.875, 11.25, 4.625, 11.125], "texture": "#voxels_atlas"}, "down": {"uv": [4, 11.125, 3.75, 11.25], "texture": "#voxels_atlas"} } }, { "name": "Voxels", "from": [21, 2.75, 9.625], "to": [21.25, 2.875, 12.375], "rotation": {"angle": 0, "axis": "y", "origin": [12, 8, 8]}, "faces": { "east": {"uv": [8, 10.875, 5.25, 11], "texture": "#voxels_atlas"}, "south": {"uv": [5.75, 11.125, 5.5, 11.25], "texture": "#voxels_atlas"}, "west": {"uv": [5.25, 11, 8, 11.125], "texture": "#voxels_atlas"}, "up": {"uv": [6, 16, 5.75, 13.25], "texture": "#voxels_atlas"}, "down": {"uv": [5.75, 13.25, 5.5, 16], "texture": "#voxels_atlas"} } }, { "name": "Voxels", "from": [21, 2.875, 12.25], "to": [21.25, 7.125, 12.375], "rotation": {"angle": 0, "axis": "y", "origin": [12, 8, 8]}, "faces": { "north": {"uv": [3.75, 11.75, 4, 16], "texture": "#voxels_atlas"}, "east": {"uv": [0.625, 2.375, 0.5, 6.625], "texture": "#voxels_atlas"}, "south": {"uv": [4.25, 11.75, 4, 16], "texture": "#voxels_atlas"}, "west": {"uv": [0.5, 6.625, 0.625, 10.875], "texture": "#voxels_atlas"}, "up": {"uv": [6.75, 13.375, 6.5, 13.25], "texture": "#voxels_atlas"}, "down": {"uv": [7, 13.25, 6.75, 13.375], "texture": "#voxels_atlas"} } }, { "name": "Voxels", "from": [20.875, 9.625, 10.875], "to": [21.25, 9.75, 11], "rotation": {"angle": 0, "axis": "y", "origin": [12, 8, 8]}, "faces": { "north": {"uv": [7.5, 12.875, 7.875, 13], "texture": "#voxels_atlas"}, "east": {"uv": [0.5, 0, 0.375, 0.125], "texture": "#voxels_atlas"}, "south": {"uv": [7.875, 12.75, 7.5, 12.875], "texture": "#voxels_atlas"}, "west": {"uv": [0.5, 0.375, 0.625, 0.5], "texture": "#voxels_atlas"}, "up": {"uv": [7.875, 13.125, 7.5, 13], "texture": "#voxels_atlas"}, "down": {"uv": [7.875, 13.125, 7.5, 13.25], "texture": "#voxels_atlas"} } }, { "name": "Voxels", "from": [21.125, 9.75, 10.875], "to": [21.25, 12.375, 11], "rotation": {"angle": 0, "axis": "y", "origin": [12, 8, 8]}, "faces": { "north": {"uv": [1, 7.25, 1.125, 10.875], "texture": "#voxels_atlas"}, "east": {"uv": [1.375, 7.25, 1.25, 10.875], "texture": "#voxels_atlas"}, "south": {"uv": [1.5, 7.25, 1.375, 10.875], "texture": "#voxels_atlas"}, "west": {"uv": [1.125, 7.25, 1.25, 10.875], "texture": "#voxels_atlas"}, "up": {"uv": [1.375, 7.25, 1.25, 7.125], "texture": "#voxels_atlas"} } }, { "name": "Voxels", "from": [20.875, 12.625, 10.875], "to": [21.25, 12.75, 11], "rotation": {"angle": 0, "axis": "y", "origin": [12, 7, 8]}, "faces": { "north": {"uv": [6.125, 12, 6.5, 12.125], "texture": "#voxels_atlas"}, "east": {"uv": [1.5, 7.125, 1.375, 7.25], "texture": "#voxels_atlas"}, "south": {"uv": [6.5, 11.875, 6.125, 12], "texture": "#voxels_atlas"}, "west": {"uv": [1.5, 7.125, 1.625, 7.25], "texture": "#voxels_atlas"}, "up": {"uv": [6.5, 12.25, 6.125, 12.125], "texture": "#voxels_atlas"}, "down": {"uv": [7.75, 12.5, 7.375, 12.625], "texture": "#voxels_atlas"} } }, { "name": "Voxels", "from": [20.875, 13.125, 10.875], "to": [21.25, 13.25, 11], "rotation": {"angle": 0, "axis": "y", "origin": [12, 7, 8]}, "faces": { "north": {"uv": [6.125, 11.5, 6.5, 11.625], "texture": "#voxels_atlas"}, "east": {"uv": [1.75, 7.25, 1.625, 7.375], "texture": "#voxels_atlas"}, "south": {"uv": [6.5, 11.375, 6.125, 11.5], "texture": "#voxels_atlas"}, "west": {"uv": [1.625, 7.125, 1.75, 7.25], "texture": "#voxels_atlas"}, "up": {"uv": [6.5, 11.75, 6.125, 11.625], "texture": "#voxels_atlas"}, "down": {"uv": [6.5, 11.75, 6.125, 11.875], "texture": "#voxels_atlas"} } }, { "name": "Voxels", "from": [20.875, 13.375, 10.875], "to": [21.25, 13.75, 11], "rotation": {"angle": 0, "axis": "y", "origin": [12, 7, 8]}, "faces": { "north": {"uv": [6, 14, 6.375, 14.375], "texture": "#voxels_atlas"}, "east": {"uv": [6.625, 11.5, 6.5, 11.875], "texture": "#voxels_atlas"}, "south": {"uv": [5.25, 11.125, 4.875, 11.5], "texture": "#voxels_atlas"}, "west": {"uv": [6.5, 11.125, 6.625, 11.5], "texture": "#voxels_atlas"}, "up": {"uv": [6.5, 11.25, 6.125, 11.125], "texture": "#voxels_atlas"}, "down": {"uv": [6.5, 11.25, 6.125, 11.375], "texture": "#voxels_atlas"} } }, { "name": "Voxels", "from": [20.875, 13.5, 10.75], "to": [21.25, 13.625, 11.125], "rotation": {"angle": 0, "axis": "y", "origin": [12, 7, 8]}, "faces": { "north": {"uv": [7.5, 12, 7.875, 12.125], "texture": "#voxels_atlas"}, "east": {"uv": [0.375, 1, 0.25, 1.125], "texture": "#voxels_atlas"}, "south": {"uv": [7.125, 11.875, 6.75, 12], "texture": "#voxels_atlas"}, "west": {"uv": [3.125, 7.125, 3.25, 7.25], "texture": "#voxels_atlas"}, "up": {"uv": [7.5, 12.125, 7.125, 12], "texture": "#voxels_atlas"}, "down": {"uv": [7.125, 12, 6.75, 12.125], "texture": "#voxels_atlas"} } }, { "name": "Voxels", "from": [21, 2.875, 9.625], "to": [21.125, 7.75, 11.5], "rotation": {"angle": 0, "axis": "y", "origin": [12, 8, 8]}, "faces": { "east": {"uv": [3.75, 11.125, 1.875, 16], "texture": "#voxels_atlas"}, "south": {"uv": [0.5, 1.375, 0.375, 6.25], "texture": "#voxels_atlas"}, "west": {"uv": [0, 11.125, 1.875, 16], "texture": "#voxels_atlas"}, "up": {"uv": [0.625, 2.375, 0.5, 0.5], "texture": "#voxels_atlas"} } }, { "name": "Voxels", "from": [21, 2.875, 11.5], "to": [21.125, 6.625, 11.625], "rotation": {"angle": 0, "axis": "y", "origin": [12, 8, 8]}, "faces": { "east": {"uv": [0.75, 3.375, 0.625, 7.125], "texture": "#voxels_atlas"}, "south": {"uv": [1, 7.125, 0.875, 10.875], "texture": "#voxels_atlas"}, "west": {"uv": [0.625, 7.125, 0.75, 10.875], "texture": "#voxels_atlas"}, "up": {"uv": [3.375, 7.75, 3.25, 7.625], "texture": "#voxels_atlas"} } }, { "name": "Voxels", "from": [21, 2.875, 11.625], "to": [21.125, 6.375, 11.75], "rotation": {"angle": 0, "axis": "y", "origin": [12, 8, 8]}, "faces": { "east": {"uv": [1.875, 7.375, 1.75, 10.875], "texture": "#voxels_atlas"}, "south": {"uv": [1.75, 7.375, 1.625, 10.875], "texture": "#voxels_atlas"}, "west": {"uv": [1.875, 7.375, 2, 10.875], "texture": "#voxels_atlas"}, "up": {"uv": [6.5, 13.375, 6.375, 13.25], "texture": "#voxels_atlas"} } }, { "name": "Voxels", "from": [21, 2.875, 11.75], "to": [21.125, 6.25, 12], "rotation": {"angle": 0, "axis": "y", "origin": [12, 8, 8]}, "faces": { "east": {"uv": [4.875, 12.625, 4.625, 16], "texture": "#voxels_atlas"}, "south": {"uv": [0.75, 0, 0.625, 3.375], "texture": "#voxels_atlas"}, "west": {"uv": [5.25, 12.625, 5.5, 16], "texture": "#voxels_atlas"}, "up": {"uv": [8, 14.375, 7.875, 14.125], "texture": "#voxels_atlas"} } }, { "name": "Voxels", "from": [21, 2.875, 12], "to": [21.125, 6.125, 12.125], "rotation": {"angle": 0, "axis": "y", "origin": [12, 8, 8]}, "faces": { "east": {"uv": [2.25, 7.625, 2.125, 10.875], "texture": "#voxels_atlas"}, "south": {"uv": [2.625, 7.625, 2.5, 10.875], "texture": "#voxels_atlas"}, "west": {"uv": [2.25, 7.625, 2.375, 10.875], "texture": "#voxels_atlas"}, "up": {"uv": [6.875, 11.25, 6.75, 11.125], "texture": "#voxels_atlas"} } }, { "name": "Voxels", "from": [21, 2.875, 12.125], "to": [21.125, 6, 12.25], "rotation": {"angle": 0, "axis": "y", "origin": [12, 8, 8]}, "faces": { "east": {"uv": [2.75, 7.75, 2.625, 10.875], "texture": "#voxels_atlas"}, "south": {"uv": [3, 7.75, 2.875, 10.875], "texture": "#voxels_atlas"}, "west": {"uv": [3, 7.75, 3.125, 10.875], "texture": "#voxels_atlas"}, "up": {"uv": [8, 12.25, 7.875, 12.125], "texture": "#voxels_atlas"} } }, { "name": "Voxels", "from": [21, 6.625, 11.625], "to": [21.125, 7.875, 11.75], "rotation": {"angle": 0, "axis": "y", "origin": [12, 8, 8]}, "faces": { "north": {"uv": [3.375, 8.375, 3.5, 9.625], "texture": "#voxels_atlas"}, "east": {"uv": [3.375, 7.875, 3.25, 9.125], "texture": "#voxels_atlas"}, "south": {"uv": [3.5, 9.625, 3.375, 10.875], "texture": "#voxels_atlas"}, "west": {"uv": [0.375, 0.125, 0.5, 1.375], "texture": "#voxels_atlas"}, "up": {"uv": [8, 13.25, 7.875, 13.125], "texture": "#voxels_atlas"}, "down": {"uv": [8, 13, 7.875, 13.125], "texture": "#voxels_atlas"} } }, { "name": "Voxels", "from": [21, 6.625, 11.75], "to": [21.125, 7.625, 12], "rotation": {"angle": 0, "axis": "y", "origin": [12, 8, 8]}, "faces": { "east": {"uv": [4.875, 11.625, 4.625, 12.625], "texture": "#voxels_atlas"}, "south": {"uv": [6.625, 13.375, 6.5, 14.375], "texture": "#voxels_atlas"}, "west": {"uv": [5.25, 11.625, 5.5, 12.625], "texture": "#voxels_atlas"}, "up": {"uv": [8, 14.125, 7.875, 13.875], "texture": "#voxels_atlas"}, "down": {"uv": [8, 13.625, 7.875, 13.875], "texture": "#voxels_atlas"} } }, { "name": "Voxels", "from": [21, 6.75, 12], "to": [21.125, 7, 12.125], "rotation": {"angle": 0, "axis": "y", "origin": [12, 8, 8]}, "faces": { "east": {"uv": [7.5, 11.25, 7.375, 11.5], "texture": "#voxels_atlas"}, "south": {"uv": [7.625, 11.5, 7.5, 11.75], "texture": "#voxels_atlas"}, "west": {"uv": [7.375, 11.5, 7.5, 11.75], "texture": "#voxels_atlas"}, "up": {"uv": [3.375, 7.25, 3.25, 7.125], "texture": "#voxels_atlas"}, "down": {"uv": [3.5, 8.25, 3.375, 8.375], "texture": "#voxels_atlas"} } }, { "name": "Voxels", "from": [21, 6.875, 11.5], "to": [21.125, 7.625, 11.625], "rotation": {"angle": 0, "axis": "y", "origin": [12, 8, 8]}, "faces": { "north": {"uv": [6, 11.5, 6.125, 12.25], "texture": "#voxels_atlas"}, "east": {"uv": [5.875, 11.5, 5.75, 12.25], "texture": "#voxels_atlas"}, "south": {"uv": [7.5, 13.625, 7.375, 14.375], "texture": "#voxels_atlas"}, "west": {"uv": [5.875, 11.5, 6, 12.25], "texture": "#voxels_atlas"}, "up": {"uv": [0.375, 0.625, 0.25, 0.5], "texture": "#voxels_atlas"}, "down": {"uv": [0.375, 0.375, 0.25, 0.5], "texture": "#voxels_atlas"} } }, { "name": "Voxels", "from": [21, 7.125, 12], "to": [21.125, 7.5, 12.125], "rotation": {"angle": 0, "axis": "y", "origin": [12, 8, 8]}, "faces": { "east": {"uv": [5.625, 11.25, 5.5, 11.625], "texture": "#voxels_atlas"}, "west": {"uv": [5.625, 11.25, 5.75, 11.625], "texture": "#voxels_atlas"}, "up": {"uv": [0.125, 0.25, 0, 0.125], "texture": "#voxels_atlas"}, "down": {"uv": [0.25, 0.125, 0.125, 0.25], "texture": "#voxels_atlas"} } }, { "name": "Voxels", "from": [21, 7.75, 9.75], "to": [21.125, 8, 11.5], "rotation": {"angle": 0, "axis": "y", "origin": [12, 8, 8]}, "faces": { "north": {"uv": [7.875, 14.375, 8, 14.625], "texture": "#voxels_atlas"}, "east": {"uv": [7.5, 13, 5.75, 13.25], "texture": "#voxels_atlas"}, "south": {"uv": [7.875, 11.75, 7.75, 12], "texture": "#voxels_atlas"}, "west": {"uv": [5.75, 12.75, 7.5, 13], "texture": "#voxels_atlas"}, "up": {"uv": [3.25, 9, 3.125, 7.25], "texture": "#voxels_atlas"} } }, { "name": "Voxels", "from": [21, 7.875, 11.5], "to": [21.125, 8.125, 11.625], "rotation": {"angle": 0, "axis": "y", "origin": [12, 8, 8]}, "faces": { "north": {"uv": [7.875, 11.75, 8, 12], "texture": "#voxels_atlas"}, "east": {"uv": [7.625, 11.75, 7.5, 12], "texture": "#voxels_atlas"}, "south": {"uv": [7.375, 11.5, 7.25, 11.75], "texture": "#voxels_atlas"}, "west": {"uv": [7.25, 11.25, 7.375, 11.5], "texture": "#voxels_atlas"}, "up": {"uv": [0.375, 0.25, 0.25, 0.125], "texture": "#voxels_atlas"}, "down": {"uv": [0.375, 0.25, 0.25, 0.375], "texture": "#voxels_atlas"} } }, { "name": "Voxels", "from": [21, 8, 9.875], "to": [21.125, 8.125, 11.5], "rotation": {"angle": 0, "axis": "y", "origin": [12, 8, 8]}, "faces": { "north": {"uv": [1.875, 7.25, 2, 7.375], "texture": "#voxels_atlas"}, "east": {"uv": [7.375, 12.5, 5.75, 12.625], "texture": "#voxels_atlas"}, "south": {"uv": [2, 7.125, 1.875, 7.25], "texture": "#voxels_atlas"}, "west": {"uv": [5.75, 12.625, 7.375, 12.75], "texture": "#voxels_atlas"}, "up": {"uv": [7.75, 16, 7.625, 14.375], "texture": "#voxels_atlas"} } }, { "name": "Voxels", "from": [21, 8.125, 10], "to": [21.125, 8.25, 11.375], "rotation": {"angle": 0, "axis": "y", "origin": [12, 8, 8]}, "faces": { "north": {"uv": [6.625, 13.375, 6.75, 13.5], "texture": "#voxels_atlas"}, "east": {"uv": [7.125, 12.375, 5.75, 12.5], "texture": "#voxels_atlas"}, "south": {"uv": [8, 13.25, 7.875, 13.375], "texture": "#voxels_atlas"}, "west": {"uv": [5.75, 12.25, 7.125, 12.375], "texture": "#voxels_atlas"}, "up": {"uv": [7.875, 16, 7.75, 14.625], "texture": "#voxels_atlas"} } }, { "name": "Voxels", "from": [21, 8.25, 10.25], "to": [21.125, 8.375, 11.125], "rotation": {"angle": 0, "axis": "y", "origin": [12, 8, 8]}, "faces": { "north": {"uv": [7.875, 12.875, 8, 13], "texture": "#voxels_atlas"}, "east": {"uv": [8, 12.25, 7.125, 12.375], "texture": "#voxels_atlas"}, "south": {"uv": [8, 12.75, 7.875, 12.875], "texture": "#voxels_atlas"}, "west": {"uv": [7.125, 12.375, 8, 12.5], "texture": "#voxels_atlas"}, "up": {"uv": [7.375, 14.375, 7.25, 13.5], "texture": "#voxels_atlas"} } }, { "name": "Voxels", "from": [21, 8.375, 10.5], "to": [21.125, 8.5, 11], "rotation": {"angle": 0, "axis": "y", "origin": [12, 8, 8]}, "faces": { "north": {"uv": [7.375, 11.125, 7.5, 11.25], "texture": "#voxels_atlas"}, "east": {"uv": [8, 13.5, 7.5, 13.625], "texture": "#voxels_atlas"}, "south": {"uv": [7.625, 11.125, 7.5, 11.25], "texture": "#voxels_atlas"}, "west": {"uv": [7.5, 13.375, 8, 13.5], "texture": "#voxels_atlas"}, "up": {"uv": [4, 11.75, 3.875, 11.25], "texture": "#voxels_atlas"} } }, { "name": "Voxels", "from": [21, 9.375, 10.625], "to": [21.125, 9.625, 10.75], "rotation": {"angle": 0, "axis": "y", "origin": [12, 8, 8]}, "faces": { "north": {"uv": [7.375, 11.75, 7.5, 12], "texture": "#voxels_atlas"}, "east": {"uv": [4.125, 11.125, 4, 11.375], "texture": "#voxels_atlas"}, "south": {"uv": [7.75, 11.75, 7.625, 12], "texture": "#voxels_atlas"}, "west": {"uv": [4.125, 11.125, 4.25, 11.375], "texture": "#voxels_atlas"}, "up": {"uv": [7.875, 11.5, 7.75, 11.375], "texture": "#voxels_atlas"} } }, { "name": "Voxels", "from": [21, 9.375, 11.125], "to": [21.125, 9.625, 11.25], "rotation": {"angle": 0, "axis": "y", "origin": [12, 8, 8]}, "faces": { "north": {"uv": [7.25, 13.25, 7.375, 13.5], "texture": "#voxels_atlas"}, "east": {"uv": [7.375, 11.75, 7.25, 12], "texture": "#voxels_atlas"}, "south": {"uv": [7.25, 11.125, 7.125, 11.375], "texture": "#voxels_atlas"}, "west": {"uv": [7.75, 14.375, 7.875, 14.625], "texture": "#voxels_atlas"}, "up": {"uv": [7.875, 11.375, 7.75, 11.25], "texture": "#voxels_atlas"} } }, { "name": "Voxels", "from": [21, 9.5, 10.875], "to": [21.125, 9.625, 11], "rotation": {"angle": 0, "axis": "y", "origin": [12, 8, 8]}, "faces": { "north": {"uv": [7.875, 11.125, 8, 11.25], "texture": "#voxels_atlas"}, "east": {"uv": [1.625, 7.25, 1.5, 7.375], "texture": "#voxels_atlas"}, "south": {"uv": [0.125, 1, 0, 1.125], "texture": "#voxels_atlas"}, "west": {"uv": [0.125, 1, 0.25, 1.125], "texture": "#voxels_atlas"}, "down": {"uv": [8, 11.25, 7.875, 11.375], "texture": "#voxels_atlas"} } }, { "name": "Voxels", "from": [21, 9.625, 10.75], "to": [21.125, 9.75, 10.875], "rotation": {"angle": 0, "axis": "y", "origin": [12, 8, 8]}, "faces": { "north": {"uv": [0, 0.75, 0.125, 0.875], "texture": "#voxels_atlas"}, "east": {"uv": [0.125, 0.625, 0, 0.75], "texture": "#voxels_atlas"}, "south": {"uv": [0.25, 0.75, 0.125, 0.875], "texture": "#voxels_atlas"}, "west": {"uv": [0.125, 0.625, 0.25, 0.75], "texture": "#voxels_atlas"}, "up": {"uv": [0.25, 1, 0.125, 0.875], "texture": "#voxels_atlas"}, "down": {"uv": [0.125, 0.875, 0, 1], "texture": "#voxels_atlas"} } }, { "name": "Voxels", "from": [21, 9.625, 11], "to": [21.125, 9.75, 11.125], "rotation": {"angle": 0, "axis": "y", "origin": [12, 8, 8]}, "faces": { "north": {"uv": [0, 0.375, 0.125, 0.5], "texture": "#voxels_atlas"}, "east": {"uv": [0.125, 0.25, 0, 0.375], "texture": "#voxels_atlas"}, "south": {"uv": [0.25, 0.375, 0.125, 0.5], "texture": "#voxels_atlas"}, "west": {"uv": [0.125, 0.25, 0.25, 0.375], "texture": "#voxels_atlas"}, "up": {"uv": [0.25, 0.625, 0.125, 0.5], "texture": "#voxels_atlas"}, "down": {"uv": [0.125, 0.5, 0, 0.625], "texture": "#voxels_atlas"} } }, { "name": "Voxels", "from": [21, 12.25, 10.75], "to": [21.125, 12.375, 11.125], "rotation": {"angle": 0, "axis": "y", "origin": [12, 7, 8]}, "faces": { "north": {"uv": [0, 0, 0.125, 0.125], "texture": "#voxels_atlas"}, "east": {"uv": [7.875, 13.25, 7.5, 13.375], "texture": "#voxels_atlas"}, "south": {"uv": [0.25, 0, 0.125, 0.125], "texture": "#voxels_atlas"}, "west": {"uv": [7.375, 12.625, 7.75, 12.75], "texture": "#voxels_atlas"}, "up": {"uv": [7, 13.75, 6.875, 13.375], "texture": "#voxels_atlas"}, "down": {"uv": [6.875, 13.375, 6.75, 13.75], "texture": "#voxels_atlas"} } }, { "name": "Voxels", "from": [21, 12.375, 10.625], "to": [21.125, 12.75, 10.75], "rotation": {"angle": 0, "axis": "y", "origin": [12, 7, 8]}, "faces": { "north": {"uv": [7, 13.375, 7.125, 13.75], "texture": "#voxels_atlas"}, "east": {"uv": [7.5, 13.25, 7.375, 13.625], "texture": "#voxels_atlas"}, "south": {"uv": [7.25, 13.375, 7.125, 13.75], "texture": "#voxels_atlas"}, "west": {"uv": [5.75, 11.125, 5.875, 11.5], "texture": "#voxels_atlas"}, "up": {"uv": [0.375, 0.75, 0.25, 0.625], "texture": "#voxels_atlas"}, "down": {"uv": [0.375, 0.75, 0.25, 0.875], "texture": "#voxels_atlas"} } }, { "name": "Voxels", "from": [20.875, 12.375, 10.875], "to": [21.125, 12.5, 11], "rotation": {"angle": 0, "axis": "y", "origin": [12, 7, 8]}, "faces": { "north": {"uv": [7.75, 12.5, 8, 12.625], "texture": "#voxels_atlas"}, "east": {"uv": [0.625, 0.125, 0.5, 0.25], "texture": "#voxels_atlas"}, "south": {"uv": [7.125, 11.125, 6.875, 11.25], "texture": "#voxels_atlas"}, "west": {"uv": [0.5, 0, 0.625, 0.125], "texture": "#voxels_atlas"}, "up": {"uv": [8, 12.75, 7.75, 12.625], "texture": "#voxels_atlas"}, "down": {"uv": [7.25, 13.25, 7, 13.375], "texture": "#voxels_atlas"} } }, { "name": "Voxels", "from": [21, 12.375, 11.125], "to": [21.125, 12.75, 11.25], "rotation": {"angle": 0, "axis": "y", "origin": [12, 7, 8]}, "faces": { "north": {"uv": [5.875, 11.125, 6, 11.5], "texture": "#voxels_atlas"}, "east": {"uv": [6.625, 11.875, 6.5, 12.25], "texture": "#voxels_atlas"}, "south": {"uv": [6.125, 11.125, 6, 11.5], "texture": "#voxels_atlas"}, "west": {"uv": [6.625, 11.875, 6.75, 12.25], "texture": "#voxels_atlas"}, "up": {"uv": [1.25, 7.25, 1.125, 7.125], "texture": "#voxels_atlas"}, "down": {"uv": [1.125, 7.125, 1, 7.25], "texture": "#voxels_atlas"} } }, { "name": "Voxels", "from": [21, 12.75, 10.75], "to": [21.125, 12.875, 11.125], "rotation": {"angle": 0, "axis": "y", "origin": [12, 7, 8]}, "faces": { "north": {"uv": [1.75, 7.25, 1.875, 7.375], "texture": "#voxels_atlas"}, "east": {"uv": [7.125, 11.75, 6.75, 11.875], "texture": "#voxels_atlas"}, "south": {"uv": [1.875, 7.125, 1.75, 7.25], "texture": "#voxels_atlas"}, "west": {"uv": [6.75, 11.625, 7.125, 11.75], "texture": "#voxels_atlas"}, "up": {"uv": [6.75, 11.5, 6.625, 11.125], "texture": "#voxels_atlas"}, "down": {"uv": [6.75, 11.5, 6.625, 11.875], "texture": "#voxels_atlas"} } }, { "name": "Voxels", "from": [21, 13.25, 10.875], "to": [21.125, 13.375, 11], "rotation": {"angle": 0, "axis": "y", "origin": [12, 7, 8]}, "faces": { "north": {"uv": [2, 7.125, 2.125, 7.25], "texture": "#voxels_atlas"}, "east": {"uv": [2.25, 7.375, 2.125, 7.5], "texture": "#voxels_atlas"}, "south": {"uv": [2.25, 7.5, 2.125, 7.625], "texture": "#voxels_atlas"}, "west": {"uv": [2.125, 7.25, 2.25, 7.375], "texture": "#voxels_atlas"} } }, { "name": "Voxels", "from": [21, 13.375, 10.75], "to": [21.125, 13.75, 11.125], "rotation": {"angle": 0, "axis": "y", "origin": [12, 7, 8]}, "faces": { "north": {"uv": [2.75, 7.375, 2.875, 7.5], "texture": "#voxels_atlas"}, "east": {"uv": [2.875, 7.125, 2.75, 7.25], "texture": "#voxels_atlas"}, "south": {"uv": [2.875, 7.25, 2.75, 7.375], "texture": "#voxels_atlas"}, "west": {"uv": [2.875, 7.625, 3, 7.75], "texture": "#voxels_atlas"}, "up": {"uv": [2.875, 7.625, 2.75, 7.5], "texture": "#voxels_atlas"}, "down": {"uv": [2.875, 7.625, 2.75, 7.75], "texture": "#voxels_atlas"} } }, { "name": "Voxels", "from": [20.875, 12, 10.875], "to": [21, 12.125, 11], "rotation": {"angle": 0, "axis": "y", "origin": [12, 7, 8]}, "faces": { "north": {"uv": [2.875, 7.25, 3, 7.375], "texture": "#voxels_atlas"}, "east": {"uv": [3.125, 7.625, 3, 7.75], "texture": "#voxels_atlas"}, "south": {"uv": [3, 7.125, 2.875, 7.25], "texture": "#voxels_atlas"}, "west": {"uv": [3, 7.5, 3.125, 7.625], "texture": "#voxels_atlas"}, "up": {"uv": [3, 7.5, 2.875, 7.375], "texture": "#voxels_atlas"}, "down": {"uv": [3, 7.5, 2.875, 7.625], "texture": "#voxels_atlas"} } }, { "name": "Voxels", "from": [20.75, 12.125, 10.875], "to": [20.875, 12.375, 11], "rotation": {"angle": 0, "axis": "y", "origin": [12, 7, 8]}, "faces": { "north": {"uv": [7.625, 11.5, 7.75, 11.75], "texture": "#voxels_atlas"}, "east": {"uv": [8, 11.5, 7.875, 11.75], "texture": "#voxels_atlas"}, "south": {"uv": [7.875, 11.5, 7.75, 11.75], "texture": "#voxels_atlas"}, "west": {"uv": [7.5, 11.25, 7.625, 11.5], "texture": "#voxels_atlas"}, "up": {"uv": [3.125, 7.375, 3, 7.25], "texture": "#voxels_atlas"}, "down": {"uv": [3.125, 7.375, 3, 7.5], "texture": "#voxels_atlas"} } }, { "name": "Voxels", "from": [20.75, 12.75, 10.875], "to": [20.875, 13.125, 11], "rotation": {"angle": 0, "axis": "y", "origin": [12, 7, 8]}, "faces": { "north": {"uv": [6.875, 11.25, 7, 11.625], "texture": "#voxels_atlas"}, "east": {"uv": [7.25, 11.625, 7.125, 12], "texture": "#voxels_atlas"}, "south": {"uv": [7.125, 11.25, 7, 11.625], "texture": "#voxels_atlas"}, "west": {"uv": [6.75, 11.25, 6.875, 11.625], "texture": "#voxels_atlas"}, "up": {"uv": [3.375, 7.5, 3.25, 7.375], "texture": "#voxels_atlas"}, "down": {"uv": [3.375, 7.5, 3.25, 7.625], "texture": "#voxels_atlas"} } } ], "gui_light": "front", "display": { "thirdperson_righthand": { "rotation": [90, 90, -16], "translation": [1, -2.4, -1.5], "scale": [0.1543, 0.32227, -0.32227] }, "thirdperson_lefthand": { "rotation": [90, 90, -16], "translation": [-1, -2.4, -1.5], "scale": [0.1543, 0.32227, 0.32227] }, "firstperson_righthand": { "rotation": [-31, 24, -2], "translation": [5, 2.25, 0], "scale": [0.37109, 0.37109, 0.37109] }, "firstperson_lefthand": { "rotation": [-31, 24, -2], "translation": [4.75, 3.75, 2.25], "scale": [0.37109, 0.37109, -0.37109] }, "ground": { "rotation": [50, 41, -1], "translation": [0, -1.25, 0], "scale": [0.14648, 0.14648, 0.14648] }, "gui": { "rotation": [-11, 76, 0], "translation": [-2.75, 0, 0], "scale": [0.98242, 0.98242, 0.98242] }, "head": { "translation": [0, -6.75, -2.75], "scale": [0.49219, 0.49219, -0.49219] }, "fixed": { "rotation": [18, 0, 0], "translation": [0, -0.25, -1.75], "scale": [0.60742, 0.60742, 0.60742] } }, "groups": [ { "name": "group", "origin": [8, 8, 8], "color": 0, "children": [0, 1, 2, 3, 4, 5, 6, 7, 8, 9, 10, 11, 12, 13, 14, 15, 16, 17, 18, 19, 20, 21, 22, 23, 24, 25, 26, 27, 28, 29, 30, 31, 32, 33, 34, 35, 36, 37, 38, 39, 40, 41, 42, 43, 44] }, { "name": "group", "origin": [8, 8, 8], "color": 0, "children": [45, 46, 47, 48, 49, 50, 51, 52, 53, 54, 55, 56, 57, 58, 59, 60, 61, 62, 63, 64, 65, 66, 67, 68, 69, 70, 71, 72, 73, 74, 75, 76, 77, 78, 79, 80, 81, 82, 83, 84, 85, 86, 87, 88, 89] } ] }