{ "credit": "Made with Blockbench", "textures": { "0": "block/chanelearrings" }, "elements": [ { "from": [4.04, 9.386, 7.736], "to": [4.084, 9.54, 7.956], "rotation": {"angle": 0, "axis": "y", "origin": [5.8, 11.08, 9.54]}, "faces": { "north": {"uv": [1, 1.7, 2, 4.4], "texture": "#0"}, "east": {"uv": [1, 1.7, 2, 4.4], "texture": "#0"}, "south": {"uv": [1, 1.7, 2, 4.4], "texture": "#0"}, "west": {"uv": [1, 1.7, 2, 4.4], "texture": "#0"}, "up": {"uv": [1, 1.7, 2, 4.4], "texture": "#0"}, "down": {"uv": [1, 1.7, 2, 4.4], "texture": "#0"} } }, { "from": [4.04, 8.43399, 7.736], "to": [4.084, 8.58799, 7.956], "rotation": {"angle": 0, "axis": "y", "origin": [5.8, 10.10599, 9.54]}, "faces": { "north": {"uv": [1, 1.7, 2, 4.4], "texture": "#0"}, "east": {"uv": [1, 1.7, 2, 4.4], "texture": "#0"}, "south": {"uv": [1, 1.7, 2, 4.4], "texture": "#0"}, "west": {"uv": [1, 1.7, 2, 4.4], "texture": "#0"}, "up": {"uv": [1, 1.7, 2, 4.4], "texture": "#0"}, "down": {"uv": [1, 1.7, 2, 4.4], "texture": "#0"} } }, { "from": [4.051, 7.09749, 7.65063], "to": [4.073, 7.20149, 7.89813], "rotation": {"angle": 0, "axis": "y", "origin": [5.8, 8.76949, 9.45463]}, "faces": { "north": {"uv": [1, 1.7, 2, 4.4], "texture": "#0"}, "east": {"uv": [1, 1.7, 2, 4.4], "texture": "#0"}, "south": {"uv": [1, 1.7, 2, 4.4], "texture": "#0"}, "west": {"uv": [1, 1.7, 2, 4.4], "texture": "#0"}, "up": {"uv": [1, 1.7, 2, 4.4], "texture": "#0"}, "down": {"uv": [1, 1.7, 2, 4.4], "texture": "#0"} } }, { "from": [4.051, 7.09749, 7.7085], "to": [4.073, 7.20149, 7.956], "rotation": {"angle": 0, "axis": "y", "origin": [5.8, 8.76949, 9.5125]}, "faces": { "north": {"uv": [1, 1.7, 2, 4.4], "texture": "#0"}, "east": {"uv": [1, 1.7, 2, 4.4], "texture": "#0"}, "south": {"uv": [1, 1.7, 2, 4.4], "texture": "#0"}, "west": {"uv": [1, 1.7, 2, 4.4], "texture": "#0"}, "up": {"uv": [1, 1.7, 2, 4.4], "texture": "#0"}, "down": {"uv": [1, 1.7, 2, 4.4], "texture": "#0"} } }, { "from": [4.04, 7.33724, 8.16082], "to": [4.084, 8.43724, 8.31482], "rotation": {"angle": 0, "axis": "y", "origin": [5.8, 9.00924, 9.94282]}, "faces": { "north": {"uv": [1, 1.7, 2, 4.4], "texture": "#0"}, "east": {"uv": [1, 1.7, 2, 4.4], "texture": "#0"}, "south": {"uv": [1, 1.7, 2, 4.4], "texture": "#0"}, "west": {"uv": [1, 1.7, 2, 4.4], "texture": "#0"}, "up": {"uv": [1, 1.7, 2, 4.4], "texture": "#0"}, "down": {"uv": [1, 1.7, 2, 4.4], "texture": "#0"} } }, { "from": [4.04, 7.33724, 7.29182], "to": [4.084, 8.43724, 7.44582], "rotation": {"angle": 0, "axis": "y", "origin": [5.8, 9.00924, 9.07382]}, "faces": { "north": {"uv": [1, 1.7, 2, 4.4], "texture": "#0"}, "east": {"uv": [1, 1.7, 2, 4.4], "texture": "#0"}, "south": {"uv": [1, 1.7, 2, 4.4], "texture": "#0"}, "west": {"uv": [1, 1.7, 2, 4.4], "texture": "#0"}, "up": {"uv": [1, 1.7, 2, 4.4], "texture": "#0"}, "down": {"uv": [1, 1.7, 2, 4.4], "texture": "#0"} } }, { "from": [10.2805, 8.55274, 8.15818], "to": [10.3245, 9.65274, 8.31218], "rotation": {"angle": 0, "axis": "y", "origin": [12.0405, 10.22474, 6.53018]}, "faces": { "north": {"uv": [1, 1.7, 2, 4.4], "texture": "#0"}, "east": {"uv": [1, 1.7, 2, 4.4], "texture": "#0"}, "south": {"uv": [1, 1.7, 2, 4.4], "texture": "#0"}, "west": {"uv": [1, 1.7, 2, 4.4], "texture": "#0"}, "up": {"uv": [1, 1.7, 2, 4.4], "texture": "#0"}, "down": {"uv": [1, 1.7, 2, 4.4], "texture": "#0"} } }, { "from": [10.2805, 6.14674, 8.15818], "to": [10.3245, 7.38674, 8.31218], "rotation": {"angle": 0, "axis": "y", "origin": [12.0405, 7.95874, 6.53018]}, "faces": { "north": {"uv": [1, 1.7, 2, 4.4], "texture": "#0"}, "east": {"uv": [1, 1.7, 2, 4.4], "texture": "#0"}, "south": {"uv": [1, 1.7, 2, 4.4], "texture": "#0"}, "west": {"uv": [1, 1.7, 2, 4.4], "texture": "#0"}, "up": {"uv": [1, 1.7, 2, 4.4], "texture": "#0"}, "down": {"uv": [1, 1.7, 2, 4.4], "texture": "#0"} } }, { "from": [10.2805, 7.47474, 8.15818], "to": [10.3245, 8.44274, 8.31218], "rotation": {"angle": 0, "axis": "y", "origin": [12.0405, 9.01474, 6.53018]}, "faces": { "north": {"uv": [1, 1.7, 2, 4.4], "texture": "#0"}, "east": {"uv": [1, 1.7, 2, 4.4], "texture": "#0"}, "south": {"uv": [1, 1.7, 2, 4.4], "texture": "#0"}, "west": {"uv": [1, 1.7, 2, 4.4], "texture": "#0"}, "up": {"uv": [1, 1.7, 2, 4.4], "texture": "#0"}, "down": {"uv": [1, 1.7, 2, 4.4], "texture": "#0"} } }, { "from": [10.2805, 8.26674, 7.27818], "to": [10.3245, 8.44274, 8.15818], "rotation": {"angle": 0, "axis": "y", "origin": [12.0405, 9.01474, 6.53018]}, "faces": { "north": {"uv": [1, 1.7, 2, 4.4], "texture": "#0"}, "east": {"uv": [1, 1.7, 2, 4.4], "texture": "#0"}, "south": {"uv": [1, 1.7, 2, 4.4], "texture": "#0"}, "west": {"uv": [1, 1.7, 2, 4.4], "texture": "#0"}, "up": {"uv": [1, 1.7, 2, 4.4], "texture": "#0"}, "down": {"uv": [1, 1.7, 2, 4.4], "texture": "#0"} } }, { "from": [10.2805, 7.47474, 7.27818], "to": [10.3245, 7.65074, 8.15818], "rotation": {"angle": 0, "axis": "y", "origin": [12.0405, 8.22274, 6.53018]}, "faces": { "north": {"uv": [1, 1.7, 2, 4.4], "texture": "#0"}, "east": {"uv": [1, 1.7, 2, 4.4], "texture": "#0"}, "south": {"uv": [1, 1.7, 2, 4.4], "texture": "#0"}, "west": {"uv": [1, 1.7, 2, 4.4], "texture": "#0"}, "up": {"uv": [1, 1.7, 2, 4.4], "texture": "#0"}, "down": {"uv": [1, 1.7, 2, 4.4], "texture": "#0"} } }, { "from": [10.2805, 6.14674, 7.27818], "to": [10.3245, 6.32274, 8.15818], "rotation": {"angle": 0, "axis": "y", "origin": [12.0405, 6.89474, 6.53018]}, "faces": { "north": {"uv": [1, 1.7, 2, 4.4], "texture": "#0"}, "east": {"uv": [1, 1.7, 2, 4.4], "texture": "#0"}, "south": {"uv": [1, 1.7, 2, 4.4], "texture": "#0"}, "west": {"uv": [1, 1.7, 2, 4.4], "texture": "#0"}, "up": {"uv": [1, 1.7, 2, 4.4], "texture": "#0"}, "down": {"uv": [1, 1.7, 2, 4.4], "texture": "#0"} } }, { "from": [10.2805, 7.87074, 7.49818], "to": [10.3245, 8.04674, 8.15818], "rotation": {"angle": 0, "axis": "y", "origin": [12.0405, 8.61874, 6.53018]}, "faces": { "north": {"uv": [1, 1.7, 2, 4.4], "texture": "#0"}, "east": {"uv": [1, 1.7, 2, 4.4], "texture": "#0"}, "south": {"uv": [1, 1.7, 2, 4.4], "texture": "#0"}, "west": {"uv": [1, 1.7, 2, 4.4], "texture": "#0"}, "up": {"uv": [1, 1.7, 2, 4.4], "texture": "#0"}, "down": {"uv": [1, 1.7, 2, 4.4], "texture": "#0"} } }, { "from": [10.2805, 8.55058, 7.28703], "to": [10.3245, 9.65058, 7.44103], "rotation": {"angle": 0, "axis": "y", "origin": [12.0405, 10.22258, 5.65903]}, "faces": { "north": {"uv": [1, 1.7, 2, 4.4], "texture": "#0"}, "east": {"uv": [1, 1.7, 2, 4.4], "texture": "#0"}, "south": {"uv": [1, 1.7, 2, 4.4], "texture": "#0"}, "west": {"uv": [1, 1.7, 2, 4.4], "texture": "#0"}, "up": {"uv": [1, 1.7, 2, 4.4], "texture": "#0"}, "down": {"uv": [1, 1.7, 2, 4.4], "texture": "#0"} } }, { "from": [4.04, 7.82124, 7.44582], "to": [4.084, 7.97524, 8.16082], "rotation": {"angle": 0, "axis": "y", "origin": [5.8, 9.60324, 6.68132]}, "faces": { "north": {"uv": [1, 1.7, 2, 4.4], "rotation": 270, "texture": "#0"}, "east": {"uv": [1, 1.7, 2, 4.4], "rotation": 270, "texture": "#0"}, "south": {"uv": [1, 1.7, 2, 4.4], "rotation": 270, "texture": "#0"}, "west": {"uv": [1, 1.7, 2, 4.4], "rotation": 270, "texture": "#0"}, "up": {"uv": [1, 1.7, 2, 4.4], "rotation": 270, "texture": "#0"}, "down": {"uv": [1, 1.7, 2, 4.4], "rotation": 270, "texture": "#0"} } }, { "from": [4.04, 6.43524, 7.50632], "to": [4.084, 6.58924, 8.09482], "rotation": {"angle": 0, "axis": "y", "origin": [5.8, 8.21724, 6.68132]}, "faces": { "north": {"uv": [1, 1.7, 2, 4.4], "rotation": 270, "texture": "#0"}, "east": {"uv": [1, 1.7, 2, 4.4], "rotation": 270, "texture": "#0"}, "south": {"uv": [1, 1.7, 2, 4.4], "rotation": 270, "texture": "#0"}, "west": {"uv": [1, 1.7, 2, 4.4], "rotation": 270, "texture": "#0"}, "up": {"uv": [1, 1.7, 2, 4.4], "rotation": 270, "texture": "#0"}, "down": {"uv": [1, 1.7, 2, 4.4], "rotation": 270, "texture": "#0"} } }, { "from": [4.04, 7.00444, 7.66399], "to": [4.084, 7.15844, 7.88399], "rotation": {"angle": 0, "axis": "y", "origin": [5.8, 8.78644, 6.83899]}, "faces": { "north": {"uv": [1, 1.7, 2, 4.4], "rotation": 270, "texture": "#0"}, "east": {"uv": [1, 1.7, 2, 4.4], "rotation": 270, "texture": "#0"}, "south": {"uv": [1, 1.7, 2, 4.4], "rotation": 270, "texture": "#0"}, "west": {"uv": [1, 1.7, 2, 4.4], "rotation": 270, "texture": "#0"}, "up": {"uv": [1, 1.7, 2, 4.4], "rotation": 270, "texture": "#0"}, "down": {"uv": [1, 1.7, 2, 4.4], "rotation": 270, "texture": "#0"} } }, { "from": [4.04, 7.00444, 7.72855], "to": [4.084, 7.15844, 7.94855], "rotation": {"angle": 0, "axis": "y", "origin": [5.8, 8.78644, 6.90355]}, "faces": { "north": {"uv": [1, 1.7, 2, 4.4], "rotation": 270, "texture": "#0"}, "east": {"uv": [1, 1.7, 2, 4.4], "rotation": 270, "texture": "#0"}, "south": {"uv": [1, 1.7, 2, 4.4], "rotation": 270, "texture": "#0"}, "west": {"uv": [1, 1.7, 2, 4.4], "rotation": 270, "texture": "#0"}, "up": {"uv": [1, 1.7, 2, 4.4], "rotation": 270, "texture": "#0"}, "down": {"uv": [1, 1.7, 2, 4.4], "rotation": 270, "texture": "#0"} } }, { "from": [10.2915, 6.29199, 7.3865], "to": [10.308, 7.60999, 7.4115], "rotation": {"angle": 0, "axis": "y", "origin": [12.0405, 9.34999, 9.1275]}, "faces": { "north": {"uv": [1, 1.7, 2, 4.4], "texture": "#0"}, "east": {"uv": [1, 1.7, 2, 4.4], "texture": "#0"}, "south": {"uv": [1, 1.7, 2, 4.4], "texture": "#0"}, "west": {"uv": [1, 1.7, 2, 4.4], "texture": "#0"}, "up": {"uv": [1, 1.7, 2, 4.4], "texture": "#0"}, "down": {"uv": [1, 1.7, 2, 4.4], "texture": "#0"} } }, { "from": [4.051, 8.43399, 7.3985], "to": [4.0675, 8.80199, 7.4235], "rotation": {"angle": 0, "axis": "y", "origin": [5.8, 10.99199, 9.1395]}, "faces": { "north": {"uv": [1, 1.7, 2, 4.4], "texture": "#0"}, "east": {"uv": [1, 1.7, 2, 4.4], "texture": "#0"}, "south": {"uv": [1, 1.7, 2, 4.4], "texture": "#0"}, "west": {"uv": [1, 1.7, 2, 4.4], "texture": "#0"}, "up": {"uv": [1, 1.7, 2, 4.4], "texture": "#0"}, "down": {"uv": [1, 1.7, 2, 4.4], "texture": "#0"} } }, { "from": [4.051, 8.43399, 8.2735], "to": [4.0675, 8.67699, 8.2985], "rotation": {"angle": 0, "axis": "y", "origin": [5.8, 10.99199, 10.0145]}, "faces": { "north": {"uv": [1, 1.7, 2, 4.4], "texture": "#0"}, "east": {"uv": [1, 1.7, 2, 4.4], "texture": "#0"}, "south": {"uv": [1, 1.7, 2, 4.4], "texture": "#0"}, "west": {"uv": [1, 1.7, 2, 4.4], "texture": "#0"}, "up": {"uv": [1, 1.7, 2, 4.4], "texture": "#0"}, "down": {"uv": [1, 1.7, 2, 4.4], "texture": "#0"} } }, { "from": [10.2915, 7.29199, 7.3865], "to": [10.308, 7.60999, 7.4115], "rotation": {"angle": 0, "axis": "y", "origin": [12.0405, 9.34999, 9.1275]}, "faces": { "north": {"uv": [1, 1.7, 2, 4.4], "texture": "#0"}, "east": {"uv": [1, 1.7, 2, 4.4], "texture": "#0"}, "south": {"uv": [1, 1.7, 2, 4.4], "texture": "#0"}, "west": {"uv": [1, 1.7, 2, 4.4], "texture": "#0"}, "up": {"uv": [1, 1.7, 2, 4.4], "texture": "#0"}, "down": {"uv": [1, 1.7, 2, 4.4], "texture": "#0"} } }, { "from": [10.2915, 7.34199, 8.2615], "to": [10.308, 7.65999, 8.2865], "rotation": {"angle": 0, "axis": "y", "origin": [12.0405, 9.39999, 10.0025]}, "faces": { "north": {"uv": [1, 1.7, 2, 4.4], "texture": "#0"}, "east": {"uv": [1, 1.7, 2, 4.4], "texture": "#0"}, "south": {"uv": [1, 1.7, 2, 4.4], "texture": "#0"}, "west": {"uv": [1, 1.7, 2, 4.4], "texture": "#0"}, "up": {"uv": [1, 1.7, 2, 4.4], "texture": "#0"}, "down": {"uv": [1, 1.7, 2, 4.4], "texture": "#0"} } }, { "from": [10.2915, 8.41699, 8.2615], "to": [10.308, 8.73499, 8.2865], "rotation": {"angle": 0, "axis": "y", "origin": [12.0405, 10.47499, 10.0025]}, "faces": { "north": {"uv": [1, 1.7, 2, 4.4], "texture": "#0"}, "east": {"uv": [1, 1.7, 2, 4.4], "texture": "#0"}, "south": {"uv": [1, 1.7, 2, 4.4], "texture": "#0"}, "west": {"uv": [1, 1.7, 2, 4.4], "texture": "#0"}, "up": {"uv": [1, 1.7, 2, 4.4], "texture": "#0"}, "down": {"uv": [1, 1.7, 2, 4.4], "texture": "#0"} } }, { "from": [10.2915, 8.41699, 7.3865], "to": [10.308, 8.73499, 7.4115], "rotation": {"angle": 0, "axis": "y", "origin": [12.0405, 10.47499, 9.1275]}, "faces": { "north": {"uv": [1, 1.7, 2, 4.4], "texture": "#0"}, "east": {"uv": [1, 1.7, 2, 4.4], "texture": "#0"}, "south": {"uv": [1, 1.7, 2, 4.4], "texture": "#0"}, "west": {"uv": [1, 1.7, 2, 4.4], "texture": "#0"}, "up": {"uv": [1, 1.7, 2, 4.4], "texture": "#0"}, "down": {"uv": [1, 1.7, 2, 4.4], "texture": "#0"} } }, { "from": [10.2915, 7.16699, 7.3365], "to": [10.308, 7.18499, 7.3865], "rotation": {"angle": 0, "axis": "y", "origin": [12.0405, 9.14999, 9.1275]}, "faces": { "north": {"uv": [1, 1.7, 2, 4.4], "texture": "#0"}, "east": {"uv": [1, 1.7, 2, 4.4], "texture": "#0"}, "south": {"uv": [1, 1.7, 2, 4.4], "texture": "#0"}, "west": {"uv": [1, 1.7, 2, 4.4], "texture": "#0"}, "up": {"uv": [1, 1.7, 2, 4.4], "texture": "#0"}, "down": {"uv": [1, 1.7, 2, 4.4], "texture": "#0"} } }, { "from": [10.2915, 6.76699, 7.3365], "to": [10.308, 6.78499, 7.3865], "rotation": {"angle": 0, "axis": "y", "origin": [12.0405, 8.74999, 9.1275]}, "faces": { "north": {"uv": [1, 1.7, 2, 4.4], "texture": "#0"}, "east": {"uv": [1, 1.7, 2, 4.4], "texture": "#0"}, "south": {"uv": [1, 1.7, 2, 4.4], "texture": "#0"}, "west": {"uv": [1, 1.7, 2, 4.4], "texture": "#0"}, "up": {"uv": [1, 1.7, 2, 4.4], "texture": "#0"}, "down": {"uv": [1, 1.7, 2, 4.4], "texture": "#0"} } }, { "from": [10.2915, 6.36699, 7.3365], "to": [10.308, 6.38499, 7.3865], "rotation": {"angle": 0, "axis": "y", "origin": [12.0405, 8.34999, 9.1275]}, "faces": { "north": {"uv": [1, 1.7, 2, 4.4], "texture": "#0"}, "east": {"uv": [1, 1.7, 2, 4.4], "texture": "#0"}, "south": {"uv": [1, 1.7, 2, 4.4], "texture": "#0"}, "west": {"uv": [1, 1.7, 2, 4.4], "texture": "#0"}, "up": {"uv": [1, 1.7, 2, 4.4], "texture": "#0"}, "down": {"uv": [1, 1.7, 2, 4.4], "texture": "#0"} } }, { "from": [10.2915, 7.36699, 7.3365], "to": [10.308, 7.38499, 7.3865], "rotation": {"angle": 0, "axis": "y", "origin": [12.0405, 9.34999, 9.1275]}, "faces": { "north": {"uv": [1, 1.7, 2, 4.4], "texture": "#0"}, "east": {"uv": [1, 1.7, 2, 4.4], "texture": "#0"}, "south": {"uv": [1, 1.7, 2, 4.4], "texture": "#0"}, "west": {"uv": [1, 1.7, 2, 4.4], "texture": "#0"}, "up": {"uv": [1, 1.7, 2, 4.4], "texture": "#0"}, "down": {"uv": [1, 1.7, 2, 4.4], "texture": "#0"} } }, { "from": [10.2915, 7.41699, 8.2115], "to": [10.308, 7.43499, 8.2615], "rotation": {"angle": 0, "axis": "y", "origin": [12.0405, 9.39999, 10.0025]}, "faces": { "north": {"uv": [1, 1.7, 2, 4.4], "texture": "#0"}, "east": {"uv": [1, 1.7, 2, 4.4], "texture": "#0"}, "south": {"uv": [1, 1.7, 2, 4.4], "texture": "#0"}, "west": {"uv": [1, 1.7, 2, 4.4], "texture": "#0"}, "up": {"uv": [1, 1.7, 2, 4.4], "texture": "#0"}, "down": {"uv": [1, 1.7, 2, 4.4], "texture": "#0"} } }, { "from": [10.2915, 8.49199, 8.2115], "to": [10.308, 8.50999, 8.2615], "rotation": {"angle": 0, "axis": "y", "origin": [12.0405, 10.47499, 10.0025]}, "faces": { "north": {"uv": [1, 1.7, 2, 4.4], "texture": "#0"}, "east": {"uv": [1, 1.7, 2, 4.4], "texture": "#0"}, "south": {"uv": [1, 1.7, 2, 4.4], "texture": "#0"}, "west": {"uv": [1, 1.7, 2, 4.4], "texture": "#0"}, "up": {"uv": [1, 1.7, 2, 4.4], "texture": "#0"}, "down": {"uv": [1, 1.7, 2, 4.4], "texture": "#0"} } }, { "from": [10.2915, 8.49199, 7.3365], "to": [10.308, 8.50999, 7.3865], "rotation": {"angle": 0, "axis": "y", "origin": [12.0405, 10.47499, 9.1275]}, "faces": { "north": {"uv": [1, 1.7, 2, 4.4], "texture": "#0"}, "east": {"uv": [1, 1.7, 2, 4.4], "texture": "#0"}, "south": {"uv": [1, 1.7, 2, 4.4], "texture": "#0"}, "west": {"uv": [1, 1.7, 2, 4.4], "texture": "#0"}, "up": {"uv": [1, 1.7, 2, 4.4], "texture": "#0"}, "down": {"uv": [1, 1.7, 2, 4.4], "texture": "#0"} } }, { "from": [10.2915, 6.96699, 7.3365], "to": [10.308, 6.98499, 7.3865], "rotation": {"angle": 0, "axis": "y", "origin": [12.0405, 8.94999, 9.1275]}, "faces": { "north": {"uv": [1, 1.7, 2, 4.4], "texture": "#0"}, "east": {"uv": [1, 1.7, 2, 4.4], "texture": "#0"}, "south": {"uv": [1, 1.7, 2, 4.4], "texture": "#0"}, "west": {"uv": [1, 1.7, 2, 4.4], "texture": "#0"}, "up": {"uv": [1, 1.7, 2, 4.4], "texture": "#0"}, "down": {"uv": [1, 1.7, 2, 4.4], "texture": "#0"} } }, { "from": [4.051, 8.60899, 7.3485], "to": [4.0675, 8.62699, 7.3985], "rotation": {"angle": 0, "axis": "y", "origin": [5.8, 10.59199, 9.1395]}, "faces": { "north": {"uv": [1, 1.7, 2, 4.4], "texture": "#0"}, "east": {"uv": [1, 1.7, 2, 4.4], "texture": "#0"}, "south": {"uv": [1, 1.7, 2, 4.4], "texture": "#0"}, "west": {"uv": [1, 1.7, 2, 4.4], "texture": "#0"}, "up": {"uv": [1, 1.7, 2, 4.4], "texture": "#0"}, "down": {"uv": [1, 1.7, 2, 4.4], "texture": "#0"} } }, { "from": [4.051, 8.60899, 8.2235], "to": [4.0675, 8.62699, 8.2735], "rotation": {"angle": 0, "axis": "y", "origin": [5.8, 10.59199, 10.0145]}, "faces": { "north": {"uv": [1, 1.7, 2, 4.4], "texture": "#0"}, "east": {"uv": [1, 1.7, 2, 4.4], "texture": "#0"}, "south": {"uv": [1, 1.7, 2, 4.4], "texture": "#0"}, "west": {"uv": [1, 1.7, 2, 4.4], "texture": "#0"}, "up": {"uv": [1, 1.7, 2, 4.4], "texture": "#0"}, "down": {"uv": [1, 1.7, 2, 4.4], "texture": "#0"} } }, { "from": [10.2915, 6.56699, 7.3365], "to": [10.308, 6.58499, 7.3865], "rotation": {"angle": 0, "axis": "y", "origin": [12.0405, 8.54999, 9.1275]}, "faces": { "north": {"uv": [1, 1.7, 2, 4.4], "texture": "#0"}, "east": {"uv": [1, 1.7, 2, 4.4], "texture": "#0"}, "south": {"uv": [1, 1.7, 2, 4.4], "texture": "#0"}, "west": {"uv": [1, 1.7, 2, 4.4], "texture": "#0"}, "up": {"uv": [1, 1.7, 2, 4.4], "texture": "#0"}, "down": {"uv": [1, 1.7, 2, 4.4], "texture": "#0"} } }, { "from": [10.2915, 7.06699, 7.3365], "to": [10.308, 7.08499, 7.3865], "rotation": {"angle": 0, "axis": "y", "origin": [12.0405, 9.04999, 9.1275]}, "faces": { "north": {"uv": [1, 1.7, 2, 4.4], "texture": "#0"}, "east": {"uv": [1, 1.7, 2, 4.4], "texture": "#0"}, "south": {"uv": [1, 1.7, 2, 4.4], "texture": "#0"}, "west": {"uv": [1, 1.7, 2, 4.4], "texture": "#0"}, "up": {"uv": [1, 1.7, 2, 4.4], "texture": "#0"}, "down": {"uv": [1, 1.7, 2, 4.4], "texture": "#0"} } }, { "from": [4.051, 8.70899, 7.3485], "to": [4.0675, 8.72699, 7.3985], "rotation": {"angle": 0, "axis": "y", "origin": [5.8, 10.69199, 9.1395]}, "faces": { "north": {"uv": [1, 1.7, 2, 4.4], "texture": "#0"}, "east": {"uv": [1, 1.7, 2, 4.4], "texture": "#0"}, "south": {"uv": [1, 1.7, 2, 4.4], "texture": "#0"}, "west": {"uv": [1, 1.7, 2, 4.4], "texture": "#0"}, "up": {"uv": [1, 1.7, 2, 4.4], "texture": "#0"}, "down": {"uv": [1, 1.7, 2, 4.4], "texture": "#0"} } }, { "from": [10.2915, 6.66699, 7.3365], "to": [10.308, 6.68499, 7.3865], "rotation": {"angle": 0, "axis": "y", "origin": [12.0405, 8.64999, 9.1275]}, "faces": { "north": {"uv": [1, 1.7, 2, 4.4], "texture": "#0"}, "east": {"uv": [1, 1.7, 2, 4.4], "texture": "#0"}, "south": {"uv": [1, 1.7, 2, 4.4], "texture": "#0"}, "west": {"uv": [1, 1.7, 2, 4.4], "texture": "#0"}, "up": {"uv": [1, 1.7, 2, 4.4], "texture": "#0"}, "down": {"uv": [1, 1.7, 2, 4.4], "texture": "#0"} } }, { "from": [10.2915, 6.26699, 7.3365], "to": [10.308, 6.28499, 7.3865], "rotation": {"angle": 0, "axis": "y", "origin": [12.0405, 8.24999, 9.1275]}, "faces": { "north": {"uv": [1, 1.7, 2, 4.4], "texture": "#0"}, "east": {"uv": [1, 1.7, 2, 4.4], "texture": "#0"}, "south": {"uv": [1, 1.7, 2, 4.4], "texture": "#0"}, "west": {"uv": [1, 1.7, 2, 4.4], "texture": "#0"}, "up": {"uv": [1, 1.7, 2, 4.4], "texture": "#0"}, "down": {"uv": [1, 1.7, 2, 4.4], "texture": "#0"} } }, { "from": [10.2915, 7.26699, 7.3365], "to": [10.308, 7.28499, 7.3865], "rotation": {"angle": 0, "axis": "y", "origin": [12.0405, 9.24999, 9.1275]}, "faces": { "north": {"uv": [1, 1.7, 2, 4.4], "texture": "#0"}, "east": {"uv": [1, 1.7, 2, 4.4], "texture": "#0"}, "south": {"uv": [1, 1.7, 2, 4.4], "texture": "#0"}, "west": {"uv": [1, 1.7, 2, 4.4], "texture": "#0"}, "up": {"uv": [1, 1.7, 2, 4.4], "texture": "#0"}, "down": {"uv": [1, 1.7, 2, 4.4], "texture": "#0"} } }, { "from": [10.2915, 6.86699, 7.3365], "to": [10.308, 6.88499, 7.3865], "rotation": {"angle": 0, "axis": "y", "origin": [12.0405, 8.84999, 9.1275]}, "faces": { "north": {"uv": [1, 1.7, 2, 4.4], "texture": "#0"}, "east": {"uv": [1, 1.7, 2, 4.4], "texture": "#0"}, "south": {"uv": [1, 1.7, 2, 4.4], "texture": "#0"}, "west": {"uv": [1, 1.7, 2, 4.4], "texture": "#0"}, "up": {"uv": [1, 1.7, 2, 4.4], "texture": "#0"}, "down": {"uv": [1, 1.7, 2, 4.4], "texture": "#0"} } }, { "from": [4.051, 8.50899, 7.3485], "to": [4.0675, 8.52699, 7.3985], "rotation": {"angle": 0, "axis": "y", "origin": [5.8, 10.49199, 9.1395]}, "faces": { "north": {"uv": [1, 1.7, 2, 4.4], "texture": "#0"}, "east": {"uv": [1, 1.7, 2, 4.4], "texture": "#0"}, "south": {"uv": [1, 1.7, 2, 4.4], "texture": "#0"}, "west": {"uv": [1, 1.7, 2, 4.4], "texture": "#0"}, "up": {"uv": [1, 1.7, 2, 4.4], "texture": "#0"}, "down": {"uv": [1, 1.7, 2, 4.4], "texture": "#0"} } }, { "from": [4.051, 8.50899, 8.2235], "to": [4.0675, 8.52699, 8.2735], "rotation": {"angle": 0, "axis": "y", "origin": [5.8, 10.49199, 10.0145]}, "faces": { "north": {"uv": [1, 1.7, 2, 4.4], "texture": "#0"}, "east": {"uv": [1, 1.7, 2, 4.4], "texture": "#0"}, "south": {"uv": [1, 1.7, 2, 4.4], "texture": "#0"}, "west": {"uv": [1, 1.7, 2, 4.4], "texture": "#0"}, "up": {"uv": [1, 1.7, 2, 4.4], "texture": "#0"}, "down": {"uv": [1, 1.7, 2, 4.4], "texture": "#0"} } }, { "from": [10.2915, 6.46699, 7.3365], "to": [10.308, 6.48499, 7.3865], "rotation": {"angle": 0, "axis": "y", "origin": [12.0405, 8.44999, 9.1275]}, "faces": { "north": {"uv": [1, 1.7, 2, 4.4], "texture": "#0"}, "east": {"uv": [1, 1.7, 2, 4.4], "texture": "#0"}, "south": {"uv": [1, 1.7, 2, 4.4], "texture": "#0"}, "west": {"uv": [1, 1.7, 2, 4.4], "texture": "#0"}, "up": {"uv": [1, 1.7, 2, 4.4], "texture": "#0"}, "down": {"uv": [1, 1.7, 2, 4.4], "texture": "#0"} } }, { "from": [10.2915, 6.29199, 7.3115], "to": [10.308, 7.60999, 7.3365], "rotation": {"angle": 0, "axis": "y", "origin": [12.0405, 9.34999, 9.0525]}, "faces": { "north": {"uv": [1, 1.7, 2, 4.4], "texture": "#0"}, "east": {"uv": [1, 1.7, 2, 4.4], "texture": "#0"}, "south": {"uv": [1, 1.7, 2, 4.4], "texture": "#0"}, "west": {"uv": [1, 1.7, 2, 4.4], "texture": "#0"}, "up": {"uv": [1, 1.7, 2, 4.4], "texture": "#0"}, "down": {"uv": [1, 1.7, 2, 4.4], "texture": "#0"} } }, { "from": [4.051, 8.43399, 7.3235], "to": [4.0675, 8.80199, 7.3485], "rotation": {"angle": 0, "axis": "y", "origin": [5.8, 10.99199, 9.0645]}, "faces": { "north": {"uv": [1, 1.7, 2, 4.4], "texture": "#0"}, "east": {"uv": [1, 1.7, 2, 4.4], "texture": "#0"}, "south": {"uv": [1, 1.7, 2, 4.4], "texture": "#0"}, "west": {"uv": [1, 1.7, 2, 4.4], "texture": "#0"}, "up": {"uv": [1, 1.7, 2, 4.4], "texture": "#0"}, "down": {"uv": [1, 1.7, 2, 4.4], "texture": "#0"} } }, { "from": [4.051, 8.43399, 8.1985], "to": [4.0675, 8.67699, 8.2235], "rotation": {"angle": 0, "axis": "y", "origin": [5.8, 10.99199, 9.9395]}, "faces": { "north": {"uv": [1, 1.7, 2, 4.4], "texture": "#0"}, "east": {"uv": [1, 1.7, 2, 4.4], "texture": "#0"}, "south": {"uv": [1, 1.7, 2, 4.4], "texture": "#0"}, "west": {"uv": [1, 1.7, 2, 4.4], "texture": "#0"}, "up": {"uv": [1, 1.7, 2, 4.4], "texture": "#0"}, "down": {"uv": [1, 1.7, 2, 4.4], "texture": "#0"} } }, { "from": [10.2915, 7.29199, 7.3115], "to": [10.308, 7.60999, 7.3365], "rotation": {"angle": 0, "axis": "y", "origin": [12.0405, 9.34999, 9.0525]}, "faces": { "north": {"uv": [1, 1.7, 2, 4.4], "texture": "#0"}, "east": {"uv": [1, 1.7, 2, 4.4], "texture": "#0"}, "south": {"uv": [1, 1.7, 2, 4.4], "texture": "#0"}, "west": {"uv": [1, 1.7, 2, 4.4], "texture": "#0"}, "up": {"uv": [1, 1.7, 2, 4.4], "texture": "#0"}, "down": {"uv": [1, 1.7, 2, 4.4], "texture": "#0"} } }, { "from": [10.2915, 7.34199, 8.1865], "to": [10.308, 7.65999, 8.2115], "rotation": {"angle": 0, "axis": "y", "origin": [12.0405, 9.39999, 9.9275]}, "faces": { "north": {"uv": [1, 1.7, 2, 4.4], "texture": "#0"}, "east": {"uv": [1, 1.7, 2, 4.4], "texture": "#0"}, "south": {"uv": [1, 1.7, 2, 4.4], "texture": "#0"}, "west": {"uv": [1, 1.7, 2, 4.4], "texture": "#0"}, "up": {"uv": [1, 1.7, 2, 4.4], "texture": "#0"}, "down": {"uv": [1, 1.7, 2, 4.4], "texture": "#0"} } }, { "from": [10.2915, 8.41699, 8.1865], "to": [10.308, 8.73499, 8.2115], "rotation": {"angle": 0, "axis": "y", "origin": [12.0405, 10.47499, 9.9275]}, "faces": { "north": {"uv": [1, 1.7, 2, 4.4], "texture": "#0"}, "east": {"uv": [1, 1.7, 2, 4.4], "texture": "#0"}, "south": {"uv": [1, 1.7, 2, 4.4], "texture": "#0"}, "west": {"uv": [1, 1.7, 2, 4.4], "texture": "#0"}, "up": {"uv": [1, 1.7, 2, 4.4], "texture": "#0"}, "down": {"uv": [1, 1.7, 2, 4.4], "texture": "#0"} } }, { "from": [10.2915, 8.41699, 7.3115], "to": [10.308, 8.73499, 7.3365], "rotation": {"angle": 0, "axis": "y", "origin": [12.0405, 10.47499, 9.0525]}, "faces": { "north": {"uv": [1, 1.7, 2, 4.4], "texture": "#0"}, "east": {"uv": [1, 1.7, 2, 4.4], "texture": "#0"}, "south": {"uv": [1, 1.7, 2, 4.4], "texture": "#0"}, "west": {"uv": [1, 1.7, 2, 4.4], "texture": "#0"}, "up": {"uv": [1, 1.7, 2, 4.4], "texture": "#0"}, "down": {"uv": [1, 1.7, 2, 4.4], "texture": "#0"} } }, { "from": [4.04, 9.85811, 6.80944], "to": [4.084, 10.01211, 7.02944], "rotation": {"angle": -22.5, "axis": "x", "origin": [5.8, 11.55211, 8.56944]}, "faces": { "north": {"uv": [1, 1.7, 2, 4.4], "texture": "#0"}, "east": {"uv": [1, 1.7, 2, 4.4], "texture": "#0"}, "south": {"uv": [1, 1.7, 2, 4.4], "texture": "#0"}, "west": {"uv": [1, 1.7, 2, 4.4], "texture": "#0"}, "up": {"uv": [1, 1.7, 2, 4.4], "texture": "#0"}, "down": {"uv": [1, 1.7, 2, 4.4], "texture": "#0"} } }, { "from": [4.04, 9.85811, 8.66256], "to": [4.084, 10.01211, 8.88256], "rotation": {"angle": 22.5, "axis": "x", "origin": [5.8, 11.55211, 7.12256]}, "faces": { "north": {"uv": [1, 1.7, 2, 4.4], "texture": "#0"}, "east": {"uv": [1, 1.7, 2, 4.4], "texture": "#0"}, "south": {"uv": [1, 1.7, 2, 4.4], "texture": "#0"}, "west": {"uv": [1, 1.7, 2, 4.4], "texture": "#0"}, "up": {"uv": [1, 1.7, 2, 4.4], "texture": "#0"}, "down": {"uv": [1, 1.7, 2, 4.4], "texture": "#0"} } }, { "from": [4.04, 9.9397, 5.77275], "to": [4.084, 10.0937, 5.99275], "rotation": {"angle": -45, "axis": "x", "origin": [5.8, 11.6337, 7.53275]}, "faces": { "north": {"uv": [1, 1.7, 2, 4.4], "texture": "#0"}, "east": {"uv": [1, 1.7, 2, 4.4], "texture": "#0"}, "south": {"uv": [1, 1.7, 2, 4.4], "texture": "#0"}, "west": {"uv": [1, 1.7, 2, 4.4], "texture": "#0"}, "up": {"uv": [1, 1.7, 2, 4.4], "texture": "#0"}, "down": {"uv": [1, 1.7, 2, 4.4], "texture": "#0"} } }, { "from": [4.04, 9.9397, 9.69925], "to": [4.084, 10.0937, 9.91925], "rotation": {"angle": 45, "axis": "x", "origin": [5.8, 11.6337, 8.15925]}, "faces": { "north": {"uv": [1, 1.7, 2, 4.4], "texture": "#0"}, "east": {"uv": [1, 1.7, 2, 4.4], "texture": "#0"}, "south": {"uv": [1, 1.7, 2, 4.4], "texture": "#0"}, "west": {"uv": [1, 1.7, 2, 4.4], "texture": "#0"}, "up": {"uv": [1, 1.7, 2, 4.4], "texture": "#0"}, "down": {"uv": [1, 1.7, 2, 4.4], "texture": "#0"} } }, { "from": [4.04, 9.55235, 8.08374], "to": [4.084, 9.77235, 8.23774], "rotation": {"angle": 22.5, "axis": "x", "origin": [5.8, 11.31235, 6.54374]}, "faces": { "north": {"uv": [1, 1.7, 2, 4.4], "rotation": 270, "texture": "#0"}, "east": {"uv": [1, 1.7, 2, 4.4], "rotation": 270, "texture": "#0"}, "south": {"uv": [1, 1.7, 2, 4.4], "rotation": 270, "texture": "#0"}, "west": {"uv": [1, 1.7, 2, 4.4], "rotation": 270, "texture": "#0"}, "up": {"uv": [1, 1.7, 2, 4.4], "rotation": 270, "texture": "#0"}, "down": {"uv": [1, 1.7, 2, 4.4], "rotation": 270, "texture": "#0"} } }, { "from": [4.04, 6.53055, 8.37055], "to": [4.084, 7.63055, 8.52455], "rotation": {"angle": 22.5, "axis": "x", "origin": [5.8, 9.17055, 6.83055]}, "faces": { "north": {"uv": [1, 1.7, 2, 4.4], "rotation": 270, "texture": "#0"}, "east": {"uv": [1, 1.7, 2, 4.4], "rotation": 270, "texture": "#0"}, "south": {"uv": [1, 1.7, 2, 4.4], "rotation": 270, "texture": "#0"}, "west": {"uv": [1, 1.7, 2, 4.4], "rotation": 270, "texture": "#0"}, "up": {"uv": [1, 1.7, 2, 4.4], "rotation": 270, "texture": "#0"}, "down": {"uv": [1, 1.7, 2, 4.4], "rotation": 270, "texture": "#0"} } }, { "from": [4.04, 6.53055, 7.08799], "to": [4.084, 7.63055, 7.24199], "rotation": {"angle": -22.5, "axis": "x", "origin": [5.8, 9.17055, 8.78199]}, "faces": { "north": {"uv": [1, 1.7, 2, 4.4], "rotation": 270, "texture": "#0"}, "east": {"uv": [1, 1.7, 2, 4.4], "rotation": 270, "texture": "#0"}, "south": {"uv": [1, 1.7, 2, 4.4], "rotation": 270, "texture": "#0"}, "west": {"uv": [1, 1.7, 2, 4.4], "rotation": 270, "texture": "#0"}, "up": {"uv": [1, 1.7, 2, 4.4], "rotation": 270, "texture": "#0"}, "down": {"uv": [1, 1.7, 2, 4.4], "rotation": 270, "texture": "#0"} } }, { "from": [4.04, 8.87699, 7.29299], "to": [4.084, 9.09699, 7.44699], "rotation": {"angle": 0, "axis": "y", "origin": [5.8, 10.63699, 5.75299]}, "faces": { "north": {"uv": [1, 1.7, 2, 4.4], "rotation": 270, "texture": "#0"}, "east": {"uv": [1, 1.7, 2, 4.4], "rotation": 270, "texture": "#0"}, "south": {"uv": [1, 1.7, 2, 4.4], "rotation": 270, "texture": "#0"}, "west": {"uv": [1, 1.7, 2, 4.4], "rotation": 270, "texture": "#0"}, "up": {"uv": [1, 1.7, 2, 4.4], "rotation": 270, "texture": "#0"}, "down": {"uv": [1, 1.7, 2, 4.4], "rotation": 270, "texture": "#0"} } }, { "from": [4.04, 7.95043, 6.82089], "to": [4.084, 8.17043, 6.97489], "rotation": {"angle": -22.5, "axis": "x", "origin": [5.8, 9.71043, 5.28089]}, "faces": { "north": {"uv": [1, 1.7, 2, 4.4], "rotation": 270, "texture": "#0"}, "east": {"uv": [1, 1.7, 2, 4.4], "rotation": 270, "texture": "#0"}, "south": {"uv": [1, 1.7, 2, 4.4], "rotation": 270, "texture": "#0"}, "west": {"uv": [1, 1.7, 2, 4.4], "rotation": 270, "texture": "#0"}, "up": {"uv": [1, 1.7, 2, 4.4], "rotation": 270, "texture": "#0"}, "down": {"uv": [1, 1.7, 2, 4.4], "rotation": 270, "texture": "#0"} } }, { "from": [4.04, 6.91374, 6.73929], "to": [4.084, 7.13374, 6.89329], "rotation": {"angle": -45, "axis": "x", "origin": [5.8, 8.67374, 5.19929]}, "faces": { "north": {"uv": [1, 1.7, 2, 4.4], "rotation": 270, "texture": "#0"}, "east": {"uv": [1, 1.7, 2, 4.4], "rotation": 270, "texture": "#0"}, "south": {"uv": [1, 1.7, 2, 4.4], "rotation": 270, "texture": "#0"}, "west": {"uv": [1, 1.7, 2, 4.4], "rotation": 270, "texture": "#0"}, "up": {"uv": [1, 1.7, 2, 4.4], "rotation": 270, "texture": "#0"}, "down": {"uv": [1, 1.7, 2, 4.4], "rotation": 270, "texture": "#0"} } }, { "from": [10.2805, 6.77184, 8.75097], "to": [10.3245, 8.00384, 8.90497], "rotation": {"angle": 45, "axis": "x", "origin": [12.0405, 9.54384, 10.44497]}, "faces": { "north": {"uv": [1, 1.7, 2, 4.4], "rotation": 270, "texture": "#0"}, "east": {"uv": [1, 1.7, 2, 4.4], "rotation": 270, "texture": "#0"}, "south": {"uv": [1, 1.7, 2, 4.4], "rotation": 270, "texture": "#0"}, "west": {"uv": [1, 1.7, 2, 4.4], "rotation": 270, "texture": "#0"}, "up": {"uv": [1, 1.7, 2, 4.4], "rotation": 270, "texture": "#0"}, "down": {"uv": [1, 1.7, 2, 4.4], "rotation": 270, "texture": "#0"} } }, { "from": [4.051, 5.57724, 6.65393], "to": [4.073, 5.79724, 6.75793], "rotation": {"angle": -45, "axis": "x", "origin": [5.8, 7.33724, 5.11393]}, "faces": { "north": {"uv": [1, 1.7, 2, 4.4], "rotation": 270, "texture": "#0"}, "east": {"uv": [1, 1.7, 2, 4.4], "rotation": 270, "texture": "#0"}, "south": {"uv": [1, 1.7, 2, 4.4], "rotation": 270, "texture": "#0"}, "west": {"uv": [1, 1.7, 2, 4.4], "rotation": 270, "texture": "#0"}, "up": {"uv": [1, 1.7, 2, 4.4], "rotation": 270, "texture": "#0"}, "down": {"uv": [1, 1.7, 2, 4.4], "rotation": 270, "texture": "#0"} } }, { "from": [4.04, 6.91374, 8.79871], "to": [4.084, 7.13374, 8.95271], "rotation": {"angle": 45, "axis": "x", "origin": [5.8, 8.67374, 10.49271]}, "faces": { "north": {"uv": [1, 1.7, 2, 4.4], "rotation": 270, "texture": "#0"}, "east": {"uv": [1, 1.7, 2, 4.4], "rotation": 270, "texture": "#0"}, "south": {"uv": [1, 1.7, 2, 4.4], "rotation": 270, "texture": "#0"}, "west": {"uv": [1, 1.7, 2, 4.4], "rotation": 270, "texture": "#0"}, "up": {"uv": [1, 1.7, 2, 4.4], "rotation": 270, "texture": "#0"}, "down": {"uv": [1, 1.7, 2, 4.4], "rotation": 270, "texture": "#0"} } }, { "from": [4.051, 5.57724, 8.84871], "to": [4.073, 5.79724, 8.95271], "rotation": {"angle": 45, "axis": "x", "origin": [5.8, 7.33724, 10.49271]}, "faces": { "north": {"uv": [1, 1.7, 2, 4.4], "rotation": 270, "texture": "#0"}, "east": {"uv": [1, 1.7, 2, 4.4], "rotation": 270, "texture": "#0"}, "south": {"uv": [1, 1.7, 2, 4.4], "rotation": 270, "texture": "#0"}, "west": {"uv": [1, 1.7, 2, 4.4], "rotation": 270, "texture": "#0"}, "up": {"uv": [1, 1.7, 2, 4.4], "rotation": 270, "texture": "#0"}, "down": {"uv": [1, 1.7, 2, 4.4], "rotation": 270, "texture": "#0"} } }, { "from": [4.04, 9.22473, 7.06064], "to": [4.084, 9.37873, 7.28064], "rotation": {"angle": 22.5, "axis": "x", "origin": [5.8, 7.68473, 5.52064]}, "faces": { "north": {"uv": [1, 1.7, 2, 4.4], "rotation": 180, "texture": "#0"}, "east": {"uv": [1, 1.7, 2, 4.4], "rotation": 180, "texture": "#0"}, "south": {"uv": [1, 1.7, 2, 4.4], "rotation": 180, "texture": "#0"}, "west": {"uv": [1, 1.7, 2, 4.4], "rotation": 180, "texture": "#0"}, "up": {"uv": [1, 1.7, 2, 4.4], "rotation": 180, "texture": "#0"}, "down": {"uv": [1, 1.7, 2, 4.4], "rotation": 180, "texture": "#0"} } }, { "from": [4.051, 7.88823, 6.97527], "to": [4.073, 7.99223, 7.19527], "rotation": {"angle": 22.5, "axis": "x", "origin": [5.8, 6.34823, 5.43527]}, "faces": { "north": {"uv": [1, 1.7, 2, 4.4], "rotation": 180, "texture": "#0"}, "east": {"uv": [1, 1.7, 2, 4.4], "rotation": 180, "texture": "#0"}, "south": {"uv": [1, 1.7, 2, 4.4], "rotation": 180, "texture": "#0"}, "west": {"uv": [1, 1.7, 2, 4.4], "rotation": 180, "texture": "#0"}, "up": {"uv": [1, 1.7, 2, 4.4], "rotation": 180, "texture": "#0"}, "down": {"uv": [1, 1.7, 2, 4.4], "rotation": 180, "texture": "#0"} } }, { "from": [4.04, 9.22473, 8.41136], "to": [4.084, 9.37873, 8.63136], "rotation": {"angle": -22.5, "axis": "x", "origin": [5.8, 7.68473, 10.17136]}, "faces": { "north": {"uv": [1, 1.7, 2, 4.4], "rotation": 180, "texture": "#0"}, "east": {"uv": [1, 1.7, 2, 4.4], "rotation": 180, "texture": "#0"}, "south": {"uv": [1, 1.7, 2, 4.4], "rotation": 180, "texture": "#0"}, "west": {"uv": [1, 1.7, 2, 4.4], "rotation": 180, "texture": "#0"}, "up": {"uv": [1, 1.7, 2, 4.4], "rotation": 180, "texture": "#0"}, "down": {"uv": [1, 1.7, 2, 4.4], "rotation": 180, "texture": "#0"} } }, { "from": [4.051, 7.88823, 8.41136], "to": [4.073, 7.99223, 8.63136], "rotation": {"angle": -22.5, "axis": "x", "origin": [5.8, 6.34823, 10.17136]}, "faces": { "north": {"uv": [1, 1.7, 2, 4.4], "rotation": 180, "texture": "#0"}, "east": {"uv": [1, 1.7, 2, 4.4], "rotation": 180, "texture": "#0"}, "south": {"uv": [1, 1.7, 2, 4.4], "rotation": 180, "texture": "#0"}, "west": {"uv": [1, 1.7, 2, 4.4], "rotation": 180, "texture": "#0"}, "up": {"uv": [1, 1.7, 2, 4.4], "rotation": 180, "texture": "#0"}, "down": {"uv": [1, 1.7, 2, 4.4], "rotation": 180, "texture": "#0"} } }, { "from": [4.025, 9.425, 7.8], "to": [4.1, 9.5, 7.875], "rotation": {"angle": 0, "axis": "y", "origin": [12.05, 16.425, 14.9]}, "faces": { "north": {"uv": [9, 8, 13.075, 12.075], "texture": "#0"}, "east": {"uv": [9, 8, 13.075, 12.075], "texture": "#0"}, "south": {"uv": [9, 8, 13.075, 12.075], "texture": "#0"}, "west": {"uv": [9, 8, 13.075, 12.075], "texture": "#0"}, "up": {"uv": [9, 8, 13.075, 12.075], "texture": "#0"}, "down": {"uv": [9, 8, 13.075, 12.075], "texture": "#0"} } }, { "from": [4.0519, 9.50957, 7.8], "to": [4.0769, 9.78457, 7.875], "rotation": {"angle": 0, "axis": "y", "origin": [12.0519, 16.50957, 14.9]}, "faces": { "north": {"uv": [9, 8, 13.075, 12.075], "texture": "#0"}, "east": {"uv": [9, 8, 13.075, 12.075], "texture": "#0"}, "south": {"uv": [9, 8, 13.075, 12.075], "texture": "#0"}, "west": {"uv": [9, 8, 13.075, 12.075], "texture": "#0"}, "up": {"uv": [9, 8, 13.075, 12.075], "texture": "#0"}, "down": {"uv": [9, 8, 13.075, 12.075], "texture": "#0"} } }, { "from": [10.2981, 9.23457, 7.75], "to": [10.3231, 9.78457, 7.825], "rotation": {"angle": 0, "axis": "y", "origin": [2.3231, 16.50957, 14.85]}, "faces": { "north": {"uv": [13.075, 8, 9, 12.075], "texture": "#0"}, "east": {"uv": [13.075, 8, 9, 12.075], "texture": "#0"}, "south": {"uv": [13.075, 8, 9, 12.075], "texture": "#0"}, "west": {"uv": [13.075, 8, 9, 12.075], "texture": "#0"}, "up": {"uv": [13.075, 8, 9, 12.075], "texture": "#0"}, "down": {"uv": [13.075, 8, 9, 12.075], "texture": "#0"} } }, { "from": [6.12172, 6.19026, 7.8], "to": [6.14672, 6.46526, 7.875], "rotation": {"angle": -22.5, "axis": "z", "origin": [14.12172, 13.19026, 14.9]}, "faces": { "north": {"uv": [9, 8, 13.075, 12.075], "texture": "#0"}, "east": {"uv": [9, 8, 13.075, 12.075], "texture": "#0"}, "south": {"uv": [9, 8, 13.075, 12.075], "texture": "#0"}, "west": {"uv": [9, 8, 13.075, 12.075], "texture": "#0"}, "up": {"uv": [9, 8, 13.075, 12.075], "texture": "#0"}, "down": {"uv": [9, 8, 13.075, 12.075], "texture": "#0"} } }, { "from": [8.22828, 6.19026, 7.75], "to": [8.25328, 6.46526, 7.825], "rotation": {"angle": 22.5, "axis": "z", "origin": [0.25328, 13.19026, 14.85]}, "faces": { "north": {"uv": [13.075, 8, 9, 12.075], "texture": "#0"}, "east": {"uv": [13.075, 8, 9, 12.075], "texture": "#0"}, "south": {"uv": [13.075, 8, 9, 12.075], "texture": "#0"}, "west": {"uv": [13.075, 8, 9, 12.075], "texture": "#0"}, "up": {"uv": [13.075, 8, 9, 12.075], "texture": "#0"}, "down": {"uv": [13.075, 8, 9, 12.075], "texture": "#0"} } }, { "from": [4.025, 8.475, 7.8], "to": [4.1, 8.55, 7.875], "rotation": {"angle": 0, "axis": "y", "origin": [12.05, 1.55, 14.9]}, "faces": { "north": {"uv": [9, 8, 13.075, 12.075], "texture": "#0"}, "east": {"uv": [9, 8, 13.075, 12.075], "texture": "#0"}, "south": {"uv": [9, 8, 13.075, 12.075], "texture": "#0"}, "west": {"uv": [9, 8, 13.075, 12.075], "texture": "#0"}, "up": {"uv": [9, 8, 13.075, 12.075], "texture": "#0"}, "down": {"uv": [9, 8, 13.075, 12.075], "texture": "#0"} } }, { "from": [4.025, 9.375, 8], "to": [4.1, 9.45, 8.075], "rotation": {"angle": 0, "axis": "y", "origin": [12.05, 16.375, 15.1]}, "faces": { "north": {"uv": [9, 8, 13.075, 12.075], "texture": "#0"}, "east": {"uv": [9, 8, 13.075, 12.075], "texture": "#0"}, "south": {"uv": [9, 8, 13.075, 12.075], "texture": "#0"}, "west": {"uv": [9, 8, 13.075, 12.075], "texture": "#0"}, "up": {"uv": [9, 8, 13.075, 12.075], "texture": "#0"}, "down": {"uv": [9, 8, 13.075, 12.075], "texture": "#0"} } }, { "from": [4.025, 8.525, 8], "to": [4.1, 8.6, 8.075], "rotation": {"angle": 0, "axis": "y", "origin": [12.05, 1.6, 15.1]}, "faces": { "north": {"uv": [9, 8, 13.075, 12.075], "texture": "#0"}, "east": {"uv": [9, 8, 13.075, 12.075], "texture": "#0"}, "south": {"uv": [9, 8, 13.075, 12.075], "texture": "#0"}, "west": {"uv": [9, 8, 13.075, 12.075], "texture": "#0"}, "up": {"uv": [9, 8, 13.075, 12.075], "texture": "#0"}, "down": {"uv": [9, 8, 13.075, 12.075], "texture": "#0"} } }, { "from": [4.025, 9.375, 7.6], "to": [4.1, 9.45, 7.675], "rotation": {"angle": 0, "axis": "y", "origin": [12.05, 16.375, 0.575]}, "faces": { "north": {"uv": [9, 8, 13.075, 12.075], "texture": "#0"}, "east": {"uv": [9, 8, 13.075, 12.075], "texture": "#0"}, "south": {"uv": [9, 8, 13.075, 12.075], "texture": "#0"}, "west": {"uv": [9, 8, 13.075, 12.075], "texture": "#0"}, "up": {"uv": [9, 8, 13.075, 12.075], "texture": "#0"}, "down": {"uv": [9, 8, 13.075, 12.075], "texture": "#0"} } }, { "from": [4.025, 8.525, 7.6], "to": [4.1, 8.6, 7.675], "rotation": {"angle": 0, "axis": "y", "origin": [12.05, 1.6, 0.575]}, "faces": { "north": {"uv": [9, 8, 13.075, 12.075], "texture": "#0"}, "east": {"uv": [9, 8, 13.075, 12.075], "texture": "#0"}, "south": {"uv": [9, 8, 13.075, 12.075], "texture": "#0"}, "west": {"uv": [9, 8, 13.075, 12.075], "texture": "#0"}, "up": {"uv": [9, 8, 13.075, 12.075], "texture": "#0"}, "down": {"uv": [9, 8, 13.075, 12.075], "texture": "#0"} } }, { "from": [4.025, 9.275, 8.15], "to": [4.1, 9.35, 8.225], "rotation": {"angle": 0, "axis": "y", "origin": [12.05, 16.275, 15.25]}, "faces": { "north": {"uv": [9, 8, 13.075, 12.075], "texture": "#0"}, "east": {"uv": [9, 8, 13.075, 12.075], "texture": "#0"}, "south": {"uv": [9, 8, 13.075, 12.075], "texture": "#0"}, "west": {"uv": [9, 8, 13.075, 12.075], "texture": "#0"}, "up": {"uv": [9, 8, 13.075, 12.075], "texture": "#0"}, "down": {"uv": [9, 8, 13.075, 12.075], "texture": "#0"} } }, { "from": [4.025, 8.625, 8.15], "to": [4.1, 8.7, 8.225], "rotation": {"angle": 0, "axis": "y", "origin": [12.05, 1.7, 15.25]}, "faces": { "north": {"uv": [9, 8, 13.075, 12.075], "texture": "#0"}, "east": {"uv": [9, 8, 13.075, 12.075], "texture": "#0"}, "south": {"uv": [9, 8, 13.075, 12.075], "texture": "#0"}, "west": {"uv": [9, 8, 13.075, 12.075], "texture": "#0"}, "up": {"uv": [9, 8, 13.075, 12.075], "texture": "#0"}, "down": {"uv": [9, 8, 13.075, 12.075], "texture": "#0"} } }, { "from": [4.025, 9.275, 7.45], "to": [4.1, 9.35, 7.525], "rotation": {"angle": 0, "axis": "y", "origin": [12.05, 16.275, 0.425]}, "faces": { "north": {"uv": [9, 8, 13.075, 12.075], "texture": "#0"}, "east": {"uv": [9, 8, 13.075, 12.075], "texture": "#0"}, "south": {"uv": [9, 8, 13.075, 12.075], "texture": "#0"}, "west": {"uv": [9, 8, 13.075, 12.075], "texture": "#0"}, "up": {"uv": [9, 8, 13.075, 12.075], "texture": "#0"}, "down": {"uv": [9, 8, 13.075, 12.075], "texture": "#0"} } }, { "from": [4.025, 8.65, 7.45], "to": [4.1, 8.725, 7.525], "rotation": {"angle": 0, "axis": "y", "origin": [12.05, 1.725, 0.425]}, "faces": { "north": {"uv": [9, 8, 13.075, 12.075], "texture": "#0"}, "east": {"uv": [9, 8, 13.075, 12.075], "texture": "#0"}, "south": {"uv": [9, 8, 13.075, 12.075], "texture": "#0"}, "west": {"uv": [9, 8, 13.075, 12.075], "texture": "#0"}, "up": {"uv": [9, 8, 13.075, 12.075], "texture": "#0"}, "down": {"uv": [9, 8, 13.075, 12.075], "texture": "#0"} } }, { "from": [4.025, 9.125, 7.375], "to": [4.1, 9.2, 7.45], "rotation": {"angle": 0, "axis": "y", "origin": [12.05, 16.125, 0.35]}, "faces": { "north": {"uv": [9, 8, 13.075, 12.075], "texture": "#0"}, "east": {"uv": [9, 8, 13.075, 12.075], "texture": "#0"}, "south": {"uv": [9, 8, 13.075, 12.075], "texture": "#0"}, "west": {"uv": [9, 8, 13.075, 12.075], "texture": "#0"}, "up": {"uv": [9, 8, 13.075, 12.075], "texture": "#0"}, "down": {"uv": [9, 8, 13.075, 12.075], "texture": "#0"} } }, { "from": [4.025, 8.8, 7.375], "to": [4.1, 8.875, 7.45], "rotation": {"angle": 0, "axis": "y", "origin": [12.05, 1.875, 0.35]}, "faces": { "north": {"uv": [9, 8, 13.075, 12.075], "texture": "#0"}, "east": {"uv": [9, 8, 13.075, 12.075], "texture": "#0"}, "south": {"uv": [9, 8, 13.075, 12.075], "texture": "#0"}, "west": {"uv": [9, 8, 13.075, 12.075], "texture": "#0"}, "up": {"uv": [9, 8, 13.075, 12.075], "texture": "#0"}, "down": {"uv": [9, 8, 13.075, 12.075], "texture": "#0"} } }, { "from": [4.025, 8.95, 7.35], "to": [4.1, 9.025, 7.425], "rotation": {"angle": 0, "axis": "y", "origin": [12.05, 15.95, 0.325]}, "faces": { "north": {"uv": [9, 8, 13.075, 12.075], "texture": "#0"}, "east": {"uv": [9, 8, 13.075, 12.075], "texture": "#0"}, "south": {"uv": [9, 8, 13.075, 12.075], "texture": "#0"}, "west": {"uv": [9, 8, 13.075, 12.075], "texture": "#0"}, "up": {"uv": [9, 8, 13.075, 12.075], "texture": "#0"}, "down": {"uv": [9, 8, 13.075, 12.075], "texture": "#0"} } }, { "from": [4.025, 8.3, 7.35], "to": [4.1, 8.375, 7.425], "rotation": {"angle": 0, "axis": "y", "origin": [12.05, 15.3, 0.325]}, "faces": { "north": {"uv": [9, 8, 13.075, 12.075], "texture": "#0"}, "east": {"uv": [9, 8, 13.075, 12.075], "texture": "#0"}, "south": {"uv": [9, 8, 13.075, 12.075], "texture": "#0"}, "west": {"uv": [9, 8, 13.075, 12.075], "texture": "#0"}, "up": {"uv": [9, 8, 13.075, 12.075], "texture": "#0"}, "down": {"uv": [9, 8, 13.075, 12.075], "texture": "#0"} } }, { "from": [4.025, 8.3, 8.2], "to": [4.1, 8.375, 8.275], "rotation": {"angle": 0, "axis": "y", "origin": [12.05, 15.3, 1.175]}, "faces": { "north": {"uv": [9, 8, 13.075, 12.075], "texture": "#0"}, "east": {"uv": [9, 8, 13.075, 12.075], "texture": "#0"}, "south": {"uv": [9, 8, 13.075, 12.075], "texture": "#0"}, "west": {"uv": [9, 8, 13.075, 12.075], "texture": "#0"}, "up": {"uv": [9, 8, 13.075, 12.075], "texture": "#0"}, "down": {"uv": [9, 8, 13.075, 12.075], "texture": "#0"} } }, { "from": [10.25, 7.25, 8.2], "to": [10.35, 7.325, 8.275], "rotation": {"angle": 0, "axis": "y", "origin": [18.35, 14.25, 1.175]}, "faces": { "north": {"uv": [9, 8, 13.075, 12.075], "texture": "#0"}, "east": {"uv": [9, 8, 13.075, 12.075], "texture": "#0"}, "south": {"uv": [9, 8, 13.075, 12.075], "texture": "#0"}, "west": {"uv": [9, 8, 13.075, 12.075], "texture": "#0"}, "up": {"uv": [9, 8, 13.075, 12.075], "texture": "#0"}, "down": {"uv": [9, 8, 13.075, 12.075], "texture": "#0"} } }, { "from": [10.25, 9.5, 8.2], "to": [10.35, 9.575, 8.275], "rotation": {"angle": 0, "axis": "y", "origin": [18.35, 16.5, 1.175]}, "faces": { "north": {"uv": [9, 8, 13.075, 12.075], "texture": "#0"}, "east": {"uv": [9, 8, 13.075, 12.075], "texture": "#0"}, "south": {"uv": [9, 8, 13.075, 12.075], "texture": "#0"}, "west": {"uv": [9, 8, 13.075, 12.075], "texture": "#0"}, "up": {"uv": [9, 8, 13.075, 12.075], "texture": "#0"}, "down": {"uv": [9, 8, 13.075, 12.075], "texture": "#0"} } }, { "from": [10.25, 12.5, 14.85], "to": [10.35, 12.575, 14.925], "rotation": {"angle": 45, "axis": "x", "origin": [18.35, 19.2, 7.825]}, "faces": { "north": {"uv": [9, 8, 13.075, 12.075], "texture": "#0"}, "east": {"uv": [9, 8, 13.075, 12.075], "texture": "#0"}, "south": {"uv": [9, 8, 13.075, 12.075], "texture": "#0"}, "west": {"uv": [9, 8, 13.075, 12.075], "texture": "#0"}, "up": {"uv": [9, 8, 13.075, 12.075], "texture": "#0"}, "down": {"uv": [9, 8, 13.075, 12.075], "texture": "#0"} } }, { "from": [10.25, 12.325, 14.85], "to": [10.35, 12.4, 14.925], "rotation": {"angle": 45, "axis": "x", "origin": [18.35, 19.2, 7.825]}, "faces": { "north": {"uv": [9, 8, 13.075, 12.075], "texture": "#0"}, "east": {"uv": [9, 8, 13.075, 12.075], "texture": "#0"}, "south": {"uv": [9, 8, 13.075, 12.075], "texture": "#0"}, "west": {"uv": [9, 8, 13.075, 12.075], "texture": "#0"}, "up": {"uv": [9, 8, 13.075, 12.075], "texture": "#0"}, "down": {"uv": [9, 8, 13.075, 12.075], "texture": "#0"} } }, { "from": [10.25, 11.95, 14.85], "to": [10.35, 12.025, 14.925], "rotation": {"angle": 45, "axis": "x", "origin": [18.35, 19.2, 7.825]}, "faces": { "north": {"uv": [9, 8, 13.075, 12.075], "texture": "#0"}, "east": {"uv": [9, 8, 13.075, 12.075], "texture": "#0"}, "south": {"uv": [9, 8, 13.075, 12.075], "texture": "#0"}, "west": {"uv": [9, 8, 13.075, 12.075], "texture": "#0"}, "up": {"uv": [9, 8, 13.075, 12.075], "texture": "#0"}, "down": {"uv": [9, 8, 13.075, 12.075], "texture": "#0"} } }, { "from": [10.25, 12.15, 14.85], "to": [10.35, 12.225, 14.925], "rotation": {"angle": 45, "axis": "x", "origin": [18.35, 19.2, 7.825]}, "faces": { "north": {"uv": [9, 8, 13.075, 12.075], "texture": "#0"}, "east": {"uv": [9, 8, 13.075, 12.075], "texture": "#0"}, "south": {"uv": [9, 8, 13.075, 12.075], "texture": "#0"}, "west": {"uv": [9, 8, 13.075, 12.075], "texture": "#0"}, "up": {"uv": [9, 8, 13.075, 12.075], "texture": "#0"}, "down": {"uv": [9, 8, 13.075, 12.075], "texture": "#0"} } }, { "from": [10.25, 11.775, 14.85], "to": [10.35, 11.85, 14.925], "rotation": {"angle": 45, "axis": "x", "origin": [18.35, 19.2, 7.825]}, "faces": { "north": {"uv": [9, 8, 13.075, 12.075], "texture": "#0"}, "east": {"uv": [9, 8, 13.075, 12.075], "texture": "#0"}, "south": {"uv": [9, 8, 13.075, 12.075], "texture": "#0"}, "west": {"uv": [9, 8, 13.075, 12.075], "texture": "#0"}, "up": {"uv": [9, 8, 13.075, 12.075], "texture": "#0"}, "down": {"uv": [9, 8, 13.075, 12.075], "texture": "#0"} } }, { "from": [10.25, 11.6, 14.85], "to": [10.35, 11.675, 14.925], "rotation": {"angle": 45, "axis": "x", "origin": [18.35, 19.2, 7.825]}, "faces": { "north": {"uv": [9, 8, 13.075, 12.075], "texture": "#0"}, "east": {"uv": [9, 8, 13.075, 12.075], "texture": "#0"}, "south": {"uv": [9, 8, 13.075, 12.075], "texture": "#0"}, "west": {"uv": [9, 8, 13.075, 12.075], "texture": "#0"}, "up": {"uv": [9, 8, 13.075, 12.075], "texture": "#0"}, "down": {"uv": [9, 8, 13.075, 12.075], "texture": "#0"} } }, { "from": [10.25, 9.5, 7.325], "to": [10.35, 9.575, 7.4], "rotation": {"angle": 0, "axis": "y", "origin": [18.35, 16.5, 0.3]}, "faces": { "north": {"uv": [9, 8, 13.075, 12.075], "texture": "#0"}, "east": {"uv": [9, 8, 13.075, 12.075], "texture": "#0"}, "south": {"uv": [9, 8, 13.075, 12.075], "texture": "#0"}, "west": {"uv": [9, 8, 13.075, 12.075], "texture": "#0"}, "up": {"uv": [9, 8, 13.075, 12.075], "texture": "#0"}, "down": {"uv": [9, 8, 13.075, 12.075], "texture": "#0"} } }, { "from": [10.25, 8.325, 8.2], "to": [10.35, 8.4, 8.275], "rotation": {"angle": 0, "axis": "y", "origin": [18.35, 15.325, 1.175]}, "faces": { "north": {"uv": [9, 8, 13.075, 12.075], "texture": "#0"}, "east": {"uv": [9, 8, 13.075, 12.075], "texture": "#0"}, "south": {"uv": [9, 8, 13.075, 12.075], "texture": "#0"}, "west": {"uv": [9, 8, 13.075, 12.075], "texture": "#0"}, "up": {"uv": [9, 8, 13.075, 12.075], "texture": "#0"}, "down": {"uv": [9, 8, 13.075, 12.075], "texture": "#0"} } }, { "from": [4.025, 8, 7.35], "to": [4.1, 8.075, 7.425], "rotation": {"angle": 0, "axis": "y", "origin": [12.05, 15, 0.325]}, "faces": { "north": {"uv": [9, 8, 13.075, 12.075], "texture": "#0"}, "east": {"uv": [9, 8, 13.075, 12.075], "texture": "#0"}, "south": {"uv": [9, 8, 13.075, 12.075], "texture": "#0"}, "west": {"uv": [9, 8, 13.075, 12.075], "texture": "#0"}, "up": {"uv": [9, 8, 13.075, 12.075], "texture": "#0"}, "down": {"uv": [9, 8, 13.075, 12.075], "texture": "#0"} } }, { "from": [4.025, 8, 8.2], "to": [4.1, 8.075, 8.275], "rotation": {"angle": 0, "axis": "y", "origin": [12.05, 15, 1.175]}, "faces": { "north": {"uv": [9, 8, 13.075, 12.075], "texture": "#0"}, "east": {"uv": [9, 8, 13.075, 12.075], "texture": "#0"}, "south": {"uv": [9, 8, 13.075, 12.075], "texture": "#0"}, "west": {"uv": [9, 8, 13.075, 12.075], "texture": "#0"}, "up": {"uv": [9, 8, 13.075, 12.075], "texture": "#0"}, "down": {"uv": [9, 8, 13.075, 12.075], "texture": "#0"} } }, { "from": [10.25, 6.95, 8.2], "to": [10.35, 7.025, 8.275], "rotation": {"angle": 0, "axis": "y", "origin": [18.35, 13.95, 1.175]}, "faces": { "north": {"uv": [9, 8, 13.075, 12.075], "texture": "#0"}, "east": {"uv": [9, 8, 13.075, 12.075], "texture": "#0"}, "south": {"uv": [9, 8, 13.075, 12.075], "texture": "#0"}, "west": {"uv": [9, 8, 13.075, 12.075], "texture": "#0"}, "up": {"uv": [9, 8, 13.075, 12.075], "texture": "#0"}, "down": {"uv": [9, 8, 13.075, 12.075], "texture": "#0"} } }, { "from": [10.25, 9.2, 8.2], "to": [10.35, 9.275, 8.275], "rotation": {"angle": 0, "axis": "y", "origin": [18.35, 16.2, 1.175]}, "faces": { "north": {"uv": [9, 8, 13.075, 12.075], "texture": "#0"}, "east": {"uv": [9, 8, 13.075, 12.075], "texture": "#0"}, "south": {"uv": [9, 8, 13.075, 12.075], "texture": "#0"}, "west": {"uv": [9, 8, 13.075, 12.075], "texture": "#0"}, "up": {"uv": [9, 8, 13.075, 12.075], "texture": "#0"}, "down": {"uv": [9, 8, 13.075, 12.075], "texture": "#0"} } }, { "from": [10.25, 9.2, 7.325], "to": [10.35, 9.275, 7.4], "rotation": {"angle": 0, "axis": "y", "origin": [18.35, 16.2, 0.3]}, "faces": { "north": {"uv": [9, 8, 13.075, 12.075], "texture": "#0"}, "east": {"uv": [9, 8, 13.075, 12.075], "texture": "#0"}, "south": {"uv": [9, 8, 13.075, 12.075], "texture": "#0"}, "west": {"uv": [9, 8, 13.075, 12.075], "texture": "#0"}, "up": {"uv": [9, 8, 13.075, 12.075], "texture": "#0"}, "down": {"uv": [9, 8, 13.075, 12.075], "texture": "#0"} } }, { "from": [10.25, 8, 8.2], "to": [10.35, 8.075, 8.275], "rotation": {"angle": 0, "axis": "y", "origin": [18.35, 15, 1.175]}, "faces": { "north": {"uv": [9, 8, 13.075, 12.075], "texture": "#0"}, "east": {"uv": [9, 8, 13.075, 12.075], "texture": "#0"}, "south": {"uv": [9, 8, 13.075, 12.075], "texture": "#0"}, "west": {"uv": [9, 8, 13.075, 12.075], "texture": "#0"}, "up": {"uv": [9, 8, 13.075, 12.075], "texture": "#0"}, "down": {"uv": [9, 8, 13.075, 12.075], "texture": "#0"} } }, { "from": [4.025, 7.7, 7.35], "to": [4.1, 7.775, 7.425], "rotation": {"angle": 0, "axis": "y", "origin": [12.05, 14.7, 0.325]}, "faces": { "north": {"uv": [9, 8, 13.075, 12.075], "texture": "#0"}, "east": {"uv": [9, 8, 13.075, 12.075], "texture": "#0"}, "south": {"uv": [9, 8, 13.075, 12.075], "texture": "#0"}, "west": {"uv": [9, 8, 13.075, 12.075], "texture": "#0"}, "up": {"uv": [9, 8, 13.075, 12.075], "texture": "#0"}, "down": {"uv": [9, 8, 13.075, 12.075], "texture": "#0"} } }, { "from": [4.025, 7.85, 7.775], "to": [4.1, 7.925, 7.85], "rotation": {"angle": 0, "axis": "y", "origin": [12.05, 14.95, 14.775]}, "faces": { "north": {"uv": [9, 8, 13.075, 12.075], "rotation": 90, "texture": "#0"}, "east": {"uv": [9, 8, 13.075, 12.075], "rotation": 90, "texture": "#0"}, "south": {"uv": [9, 8, 13.075, 12.075], "rotation": 90, "texture": "#0"}, "west": {"uv": [9, 8, 13.075, 12.075], "rotation": 90, "texture": "#0"}, "up": {"uv": [9, 8, 13.075, 12.075], "rotation": 90, "texture": "#0"}, "down": {"uv": [9, 8, 13.075, 12.075], "rotation": 90, "texture": "#0"} } }, { "from": [4.025, 6.475, 7.775], "to": [4.1, 6.55, 7.85], "rotation": {"angle": 0, "axis": "y", "origin": [12.05, 13.575, 14.775]}, "faces": { "north": {"uv": [9, 8, 13.075, 12.075], "rotation": 90, "texture": "#0"}, "east": {"uv": [9, 8, 13.075, 12.075], "rotation": 90, "texture": "#0"}, "south": {"uv": [9, 8, 13.075, 12.075], "rotation": 90, "texture": "#0"}, "west": {"uv": [9, 8, 13.075, 12.075], "rotation": 90, "texture": "#0"}, "up": {"uv": [9, 8, 13.075, 12.075], "rotation": 90, "texture": "#0"}, "down": {"uv": [9, 8, 13.075, 12.075], "rotation": 90, "texture": "#0"} } }, { "from": [4.025, 7.7, 8.2], "to": [4.1, 7.775, 8.275], "rotation": {"angle": 0, "axis": "y", "origin": [12.05, 14.7, 1.175]}, "faces": { "north": {"uv": [9, 8, 13.075, 12.075], "texture": "#0"}, "east": {"uv": [9, 8, 13.075, 12.075], "texture": "#0"}, "south": {"uv": [9, 8, 13.075, 12.075], "texture": "#0"}, "west": {"uv": [9, 8, 13.075, 12.075], "texture": "#0"}, "up": {"uv": [9, 8, 13.075, 12.075], "texture": "#0"}, "down": {"uv": [9, 8, 13.075, 12.075], "texture": "#0"} } }, { "from": [10.25, 6.65, 8.2], "to": [10.35, 6.725, 8.275], "rotation": {"angle": 0, "axis": "y", "origin": [18.35, 13.65, 1.175]}, "faces": { "north": {"uv": [9, 8, 13.075, 12.075], "texture": "#0"}, "east": {"uv": [9, 8, 13.075, 12.075], "texture": "#0"}, "south": {"uv": [9, 8, 13.075, 12.075], "texture": "#0"}, "west": {"uv": [9, 8, 13.075, 12.075], "texture": "#0"}, "up": {"uv": [9, 8, 13.075, 12.075], "texture": "#0"}, "down": {"uv": [9, 8, 13.075, 12.075], "texture": "#0"} } }, { "from": [10.25, 8.9, 8.2], "to": [10.35, 8.975, 8.275], "rotation": {"angle": 0, "axis": "y", "origin": [18.35, 15.9, 1.175]}, "faces": { "north": {"uv": [9, 8, 13.075, 12.075], "texture": "#0"}, "east": {"uv": [9, 8, 13.075, 12.075], "texture": "#0"}, "south": {"uv": [9, 8, 13.075, 12.075], "texture": "#0"}, "west": {"uv": [9, 8, 13.075, 12.075], "texture": "#0"}, "up": {"uv": [9, 8, 13.075, 12.075], "texture": "#0"}, "down": {"uv": [9, 8, 13.075, 12.075], "texture": "#0"} } }, { "from": [10.25, 8.9, 7.325], "to": [10.35, 8.975, 7.4], "rotation": {"angle": 0, "axis": "y", "origin": [18.35, 15.9, 0.3]}, "faces": { "north": {"uv": [9, 8, 13.075, 12.075], "texture": "#0"}, "east": {"uv": [9, 8, 13.075, 12.075], "texture": "#0"}, "south": {"uv": [9, 8, 13.075, 12.075], "texture": "#0"}, "west": {"uv": [9, 8, 13.075, 12.075], "texture": "#0"}, "up": {"uv": [9, 8, 13.075, 12.075], "texture": "#0"}, "down": {"uv": [9, 8, 13.075, 12.075], "texture": "#0"} } }, { "from": [10.25, 7.7, 8.2], "to": [10.35, 7.775, 8.275], "rotation": {"angle": 0, "axis": "y", "origin": [18.35, 14.7, 1.175]}, "faces": { "north": {"uv": [9, 8, 13.075, 12.075], "texture": "#0"}, "east": {"uv": [9, 8, 13.075, 12.075], "texture": "#0"}, "south": {"uv": [9, 8, 13.075, 12.075], "texture": "#0"}, "west": {"uv": [9, 8, 13.075, 12.075], "texture": "#0"}, "up": {"uv": [9, 8, 13.075, 12.075], "texture": "#0"}, "down": {"uv": [9, 8, 13.075, 12.075], "texture": "#0"} } }, { "from": [4.025, 8.15, 7.35], "to": [4.1, 8.225, 7.425], "rotation": {"angle": 0, "axis": "y", "origin": [12.05, 15.15, 0.325]}, "faces": { "north": {"uv": [9, 8, 13.075, 12.075], "texture": "#0"}, "east": {"uv": [9, 8, 13.075, 12.075], "texture": "#0"}, "south": {"uv": [9, 8, 13.075, 12.075], "texture": "#0"}, "west": {"uv": [9, 8, 13.075, 12.075], "texture": "#0"}, "up": {"uv": [9, 8, 13.075, 12.075], "texture": "#0"}, "down": {"uv": [9, 8, 13.075, 12.075], "texture": "#0"} } }, { "from": [4.025, 8.15, 8.2], "to": [4.1, 8.225, 8.275], "rotation": {"angle": 0, "axis": "y", "origin": [12.05, 15.15, 1.175]}, "faces": { "north": {"uv": [9, 8, 13.075, 12.075], "texture": "#0"}, "east": {"uv": [9, 8, 13.075, 12.075], "texture": "#0"}, "south": {"uv": [9, 8, 13.075, 12.075], "texture": "#0"}, "west": {"uv": [9, 8, 13.075, 12.075], "texture": "#0"}, "up": {"uv": [9, 8, 13.075, 12.075], "texture": "#0"}, "down": {"uv": [9, 8, 13.075, 12.075], "texture": "#0"} } }, { "from": [10.25, 7.1, 8.2], "to": [10.35, 7.175, 8.275], "rotation": {"angle": 0, "axis": "y", "origin": [18.35, 14.1, 1.175]}, "faces": { "north": {"uv": [9, 8, 13.075, 12.075], "texture": "#0"}, "east": {"uv": [9, 8, 13.075, 12.075], "texture": "#0"}, "south": {"uv": [9, 8, 13.075, 12.075], "texture": "#0"}, "west": {"uv": [9, 8, 13.075, 12.075], "texture": "#0"}, "up": {"uv": [9, 8, 13.075, 12.075], "texture": "#0"}, "down": {"uv": [9, 8, 13.075, 12.075], "texture": "#0"} } }, { "from": [10.25, 9.35, 8.2], "to": [10.35, 9.425, 8.275], "rotation": {"angle": 0, "axis": "y", "origin": [18.35, 16.35, 1.175]}, "faces": { "north": {"uv": [9, 8, 13.075, 12.075], "texture": "#0"}, "east": {"uv": [9, 8, 13.075, 12.075], "texture": "#0"}, "south": {"uv": [9, 8, 13.075, 12.075], "texture": "#0"}, "west": {"uv": [9, 8, 13.075, 12.075], "texture": "#0"}, "up": {"uv": [9, 8, 13.075, 12.075], "texture": "#0"}, "down": {"uv": [9, 8, 13.075, 12.075], "texture": "#0"} } }, { "from": [10.25, 9.35, 7.325], "to": [10.35, 9.425, 7.4], "rotation": {"angle": 0, "axis": "y", "origin": [18.35, 16.35, 0.3]}, "faces": { "north": {"uv": [9, 8, 13.075, 12.075], "texture": "#0"}, "east": {"uv": [9, 8, 13.075, 12.075], "texture": "#0"}, "south": {"uv": [9, 8, 13.075, 12.075], "texture": "#0"}, "west": {"uv": [9, 8, 13.075, 12.075], "texture": "#0"}, "up": {"uv": [9, 8, 13.075, 12.075], "texture": "#0"}, "down": {"uv": [9, 8, 13.075, 12.075], "texture": "#0"} } }, { "from": [10.25, 8.15, 8.2], "to": [10.35, 8.225, 8.275], "rotation": {"angle": 0, "axis": "y", "origin": [18.35, 15.15, 1.175]}, "faces": { "north": {"uv": [9, 8, 13.075, 12.075], "texture": "#0"}, "east": {"uv": [9, 8, 13.075, 12.075], "texture": "#0"}, "south": {"uv": [9, 8, 13.075, 12.075], "texture": "#0"}, "west": {"uv": [9, 8, 13.075, 12.075], "texture": "#0"}, "up": {"uv": [9, 8, 13.075, 12.075], "texture": "#0"}, "down": {"uv": [9, 8, 13.075, 12.075], "texture": "#0"} } }, { "from": [4.025, 7.85, 7.35], "to": [4.1, 7.925, 7.425], "rotation": {"angle": 0, "axis": "y", "origin": [12.05, 14.85, 0.325]}, "faces": { "north": {"uv": [9, 8, 13.075, 12.075], "texture": "#0"}, "east": {"uv": [9, 8, 13.075, 12.075], "texture": "#0"}, "south": {"uv": [9, 8, 13.075, 12.075], "texture": "#0"}, "west": {"uv": [9, 8, 13.075, 12.075], "texture": "#0"}, "up": {"uv": [9, 8, 13.075, 12.075], "texture": "#0"}, "down": {"uv": [9, 8, 13.075, 12.075], "texture": "#0"} } }, { "from": [4.025, 3.7, 5.775], "to": [4.1, 3.775, 5.85], "rotation": {"angle": -22.5, "axis": "x", "origin": [12.05, 10.7, -1.25]}, "faces": { "north": {"uv": [9, 8, 13.075, 12.075], "texture": "#0"}, "east": {"uv": [9, 8, 13.075, 12.075], "texture": "#0"}, "south": {"uv": [9, 8, 13.075, 12.075], "texture": "#0"}, "west": {"uv": [9, 8, 13.075, 12.075], "texture": "#0"}, "up": {"uv": [9, 8, 13.075, 12.075], "texture": "#0"}, "down": {"uv": [9, 8, 13.075, 12.075], "texture": "#0"} } }, { "from": [4.025, 3.7, 9.75], "to": [4.1, 3.775, 9.825], "rotation": {"angle": 22.5, "axis": "x", "origin": [12.05, 10.7, 16.85]}, "faces": { "north": {"uv": [9, 8, 13.075, 12.075], "texture": "#0"}, "east": {"uv": [9, 8, 13.075, 12.075], "texture": "#0"}, "south": {"uv": [9, 8, 13.075, 12.075], "texture": "#0"}, "west": {"uv": [9, 8, 13.075, 12.075], "texture": "#0"}, "up": {"uv": [9, 8, 13.075, 12.075], "texture": "#0"}, "down": {"uv": [9, 8, 13.075, 12.075], "texture": "#0"} } }, { "from": [4.025, 3.55, 5.775], "to": [4.1, 3.625, 5.85], "rotation": {"angle": -22.5, "axis": "x", "origin": [12.05, 10.7, -1.25]}, "faces": { "north": {"uv": [9, 8, 13.075, 12.075], "texture": "#0"}, "east": {"uv": [9, 8, 13.075, 12.075], "texture": "#0"}, "south": {"uv": [9, 8, 13.075, 12.075], "texture": "#0"}, "west": {"uv": [9, 8, 13.075, 12.075], "texture": "#0"}, "up": {"uv": [9, 8, 13.075, 12.075], "texture": "#0"}, "down": {"uv": [9, 8, 13.075, 12.075], "texture": "#0"} } }, { "from": [4.025, 3.55, 9.75], "to": [4.1, 3.625, 9.825], "rotation": {"angle": 22.5, "axis": "x", "origin": [12.05, 10.7, 16.85]}, "faces": { "north": {"uv": [9, 8, 13.075, 12.075], "texture": "#0"}, "east": {"uv": [9, 8, 13.075, 12.075], "texture": "#0"}, "south": {"uv": [9, 8, 13.075, 12.075], "texture": "#0"}, "west": {"uv": [9, 8, 13.075, 12.075], "texture": "#0"}, "up": {"uv": [9, 8, 13.075, 12.075], "texture": "#0"}, "down": {"uv": [9, 8, 13.075, 12.075], "texture": "#0"} } }, { "from": [4.025, 3.4, 5.775], "to": [4.1, 3.475, 5.85], "rotation": {"angle": -22.5, "axis": "x", "origin": [12.05, 10.7, -1.25]}, "faces": { "north": {"uv": [9, 8, 13.075, 12.075], "texture": "#0"}, "east": {"uv": [9, 8, 13.075, 12.075], "texture": "#0"}, "south": {"uv": [9, 8, 13.075, 12.075], "texture": "#0"}, "west": {"uv": [9, 8, 13.075, 12.075], "texture": "#0"}, "up": {"uv": [9, 8, 13.075, 12.075], "texture": "#0"}, "down": {"uv": [9, 8, 13.075, 12.075], "texture": "#0"} } }, { "from": [4.025, 3.4, 9.75], "to": [4.1, 3.475, 9.825], "rotation": {"angle": 22.5, "axis": "x", "origin": [12.05, 10.7, 16.85]}, "faces": { "north": {"uv": [9, 8, 13.075, 12.075], "texture": "#0"}, "east": {"uv": [9, 8, 13.075, 12.075], "texture": "#0"}, "south": {"uv": [9, 8, 13.075, 12.075], "texture": "#0"}, "west": {"uv": [9, 8, 13.075, 12.075], "texture": "#0"}, "up": {"uv": [9, 8, 13.075, 12.075], "texture": "#0"}, "down": {"uv": [9, 8, 13.075, 12.075], "texture": "#0"} } }, { "from": [4.025, 3.25, 5.775], "to": [4.1, 3.325, 5.85], "rotation": {"angle": -22.5, "axis": "x", "origin": [12.05, 10.7, -1.25]}, "faces": { "north": {"uv": [9, 8, 13.075, 12.075], "texture": "#0"}, "east": {"uv": [9, 8, 13.075, 12.075], "texture": "#0"}, "south": {"uv": [9, 8, 13.075, 12.075], "texture": "#0"}, "west": {"uv": [9, 8, 13.075, 12.075], "texture": "#0"}, "up": {"uv": [9, 8, 13.075, 12.075], "texture": "#0"}, "down": {"uv": [9, 8, 13.075, 12.075], "texture": "#0"} } }, { "from": [4.025, 3.25, 9.75], "to": [4.1, 3.325, 9.825], "rotation": {"angle": 22.5, "axis": "x", "origin": [12.05, 10.7, 16.85]}, "faces": { "north": {"uv": [9, 8, 13.075, 12.075], "texture": "#0"}, "east": {"uv": [9, 8, 13.075, 12.075], "texture": "#0"}, "south": {"uv": [9, 8, 13.075, 12.075], "texture": "#0"}, "west": {"uv": [9, 8, 13.075, 12.075], "texture": "#0"}, "up": {"uv": [9, 8, 13.075, 12.075], "texture": "#0"}, "down": {"uv": [9, 8, 13.075, 12.075], "texture": "#0"} } }, { "from": [4.025, 3.1, 5.775], "to": [4.1, 3.175, 5.85], "rotation": {"angle": -22.5, "axis": "x", "origin": [12.05, 10.7, -1.25]}, "faces": { "north": {"uv": [9, 8, 13.075, 12.075], "texture": "#0"}, "east": {"uv": [9, 8, 13.075, 12.075], "texture": "#0"}, "south": {"uv": [9, 8, 13.075, 12.075], "texture": "#0"}, "west": {"uv": [9, 8, 13.075, 12.075], "texture": "#0"}, "up": {"uv": [9, 8, 13.075, 12.075], "texture": "#0"}, "down": {"uv": [9, 8, 13.075, 12.075], "texture": "#0"} } }, { "from": [4.025, 3.1, 9.75], "to": [4.1, 3.175, 9.825], "rotation": {"angle": 22.5, "axis": "x", "origin": [12.05, 10.7, 16.85]}, "faces": { "north": {"uv": [9, 8, 13.075, 12.075], "texture": "#0"}, "east": {"uv": [9, 8, 13.075, 12.075], "texture": "#0"}, "south": {"uv": [9, 8, 13.075, 12.075], "texture": "#0"}, "west": {"uv": [9, 8, 13.075, 12.075], "texture": "#0"}, "up": {"uv": [9, 8, 13.075, 12.075], "texture": "#0"}, "down": {"uv": [9, 8, 13.075, 12.075], "texture": "#0"} } }, { "from": [4.025, 2.95, 5.775], "to": [4.1, 3.025, 5.85], "rotation": {"angle": -22.5, "axis": "x", "origin": [12.05, 10.7, -1.25]}, "faces": { "north": {"uv": [9, 8, 13.075, 12.075], "texture": "#0"}, "east": {"uv": [9, 8, 13.075, 12.075], "texture": "#0"}, "south": {"uv": [9, 8, 13.075, 12.075], "texture": "#0"}, "west": {"uv": [9, 8, 13.075, 12.075], "texture": "#0"}, "up": {"uv": [9, 8, 13.075, 12.075], "texture": "#0"}, "down": {"uv": [9, 8, 13.075, 12.075], "texture": "#0"} } }, { "from": [4.025, 2.95, 9.75], "to": [4.1, 3.025, 9.825], "rotation": {"angle": 22.5, "axis": "x", "origin": [12.05, 10.7, 16.85]}, "faces": { "north": {"uv": [9, 8, 13.075, 12.075], "texture": "#0"}, "east": {"uv": [9, 8, 13.075, 12.075], "texture": "#0"}, "south": {"uv": [9, 8, 13.075, 12.075], "texture": "#0"}, "west": {"uv": [9, 8, 13.075, 12.075], "texture": "#0"}, "up": {"uv": [9, 8, 13.075, 12.075], "texture": "#0"}, "down": {"uv": [9, 8, 13.075, 12.075], "texture": "#0"} } }, { "from": [4.025, 7.85, 7.925], "to": [4.1, 7.925, 8], "rotation": {"angle": 0, "axis": "y", "origin": [12.05, 14.95, 14.925]}, "faces": { "north": {"uv": [9, 8, 13.075, 12.075], "rotation": 90, "texture": "#0"}, "east": {"uv": [9, 8, 13.075, 12.075], "rotation": 90, "texture": "#0"}, "south": {"uv": [9, 8, 13.075, 12.075], "rotation": 90, "texture": "#0"}, "west": {"uv": [9, 8, 13.075, 12.075], "rotation": 90, "texture": "#0"}, "up": {"uv": [9, 8, 13.075, 12.075], "rotation": 90, "texture": "#0"}, "down": {"uv": [9, 8, 13.075, 12.075], "rotation": 90, "texture": "#0"} } }, { "from": [4.025, 6.475, 7.925], "to": [4.1, 6.55, 8], "rotation": {"angle": 0, "axis": "y", "origin": [12.05, 13.575, 14.925]}, "faces": { "north": {"uv": [9, 8, 13.075, 12.075], "rotation": 90, "texture": "#0"}, "east": {"uv": [9, 8, 13.075, 12.075], "rotation": 90, "texture": "#0"}, "south": {"uv": [9, 8, 13.075, 12.075], "rotation": 90, "texture": "#0"}, "west": {"uv": [9, 8, 13.075, 12.075], "rotation": 90, "texture": "#0"}, "up": {"uv": [9, 8, 13.075, 12.075], "rotation": 90, "texture": "#0"}, "down": {"uv": [9, 8, 13.075, 12.075], "rotation": 90, "texture": "#0"} } }, { "from": [4.025, 7.85, 8.05], "to": [4.1, 7.925, 8.125], "rotation": {"angle": 0, "axis": "y", "origin": [12.05, 14.95, 15.05]}, "faces": { "north": {"uv": [9, 8, 13.075, 12.075], "rotation": 90, "texture": "#0"}, "east": {"uv": [9, 8, 13.075, 12.075], "rotation": 90, "texture": "#0"}, "south": {"uv": [9, 8, 13.075, 12.075], "rotation": 90, "texture": "#0"}, "west": {"uv": [9, 8, 13.075, 12.075], "rotation": 90, "texture": "#0"}, "up": {"uv": [9, 8, 13.075, 12.075], "rotation": 90, "texture": "#0"}, "down": {"uv": [9, 8, 13.075, 12.075], "rotation": 90, "texture": "#0"} } }, { "from": [4.025, 7.85, 8.2], "to": [4.1, 7.925, 8.275], "rotation": {"angle": 0, "axis": "y", "origin": [12.05, 14.85, 1.175]}, "faces": { "north": {"uv": [9, 8, 13.075, 12.075], "texture": "#0"}, "east": {"uv": [9, 8, 13.075, 12.075], "texture": "#0"}, "south": {"uv": [9, 8, 13.075, 12.075], "texture": "#0"}, "west": {"uv": [9, 8, 13.075, 12.075], "texture": "#0"}, "up": {"uv": [9, 8, 13.075, 12.075], "texture": "#0"}, "down": {"uv": [9, 8, 13.075, 12.075], "texture": "#0"} } }, { "from": [10.25, 6.8, 8.2], "to": [10.35, 6.875, 8.275], "rotation": {"angle": 0, "axis": "y", "origin": [18.35, 13.8, 1.175]}, "faces": { "north": {"uv": [9, 8, 13.075, 12.075], "texture": "#0"}, "east": {"uv": [9, 8, 13.075, 12.075], "texture": "#0"}, "south": {"uv": [9, 8, 13.075, 12.075], "texture": "#0"}, "west": {"uv": [9, 8, 13.075, 12.075], "texture": "#0"}, "up": {"uv": [9, 8, 13.075, 12.075], "texture": "#0"}, "down": {"uv": [9, 8, 13.075, 12.075], "texture": "#0"} } }, { "from": [10.25, 9.05, 8.2], "to": [10.35, 9.125, 8.275], "rotation": {"angle": 0, "axis": "y", "origin": [18.35, 16.05, 1.175]}, "faces": { "north": {"uv": [9, 8, 13.075, 12.075], "texture": "#0"}, "east": {"uv": [9, 8, 13.075, 12.075], "texture": "#0"}, "south": {"uv": [9, 8, 13.075, 12.075], "texture": "#0"}, "west": {"uv": [9, 8, 13.075, 12.075], "texture": "#0"}, "up": {"uv": [9, 8, 13.075, 12.075], "texture": "#0"}, "down": {"uv": [9, 8, 13.075, 12.075], "texture": "#0"} } }, { "from": [10.25, 9.05, 7.325], "to": [10.35, 9.125, 7.4], "rotation": {"angle": 0, "axis": "y", "origin": [18.35, 16.05, 0.3]}, "faces": { "north": {"uv": [9, 8, 13.075, 12.075], "texture": "#0"}, "east": {"uv": [9, 8, 13.075, 12.075], "texture": "#0"}, "south": {"uv": [9, 8, 13.075, 12.075], "texture": "#0"}, "west": {"uv": [9, 8, 13.075, 12.075], "texture": "#0"}, "up": {"uv": [9, 8, 13.075, 12.075], "texture": "#0"}, "down": {"uv": [9, 8, 13.075, 12.075], "texture": "#0"} } }, { "from": [10.25, 7.85, 8.2], "to": [10.35, 7.925, 8.275], "rotation": {"angle": 0, "axis": "y", "origin": [18.35, 14.85, 1.175]}, "faces": { "north": {"uv": [9, 8, 13.075, 12.075], "texture": "#0"}, "east": {"uv": [9, 8, 13.075, 12.075], "texture": "#0"}, "south": {"uv": [9, 8, 13.075, 12.075], "texture": "#0"}, "west": {"uv": [9, 8, 13.075, 12.075], "texture": "#0"}, "up": {"uv": [9, 8, 13.075, 12.075], "texture": "#0"}, "down": {"uv": [9, 8, 13.075, 12.075], "texture": "#0"} } }, { "from": [4.025, 7.55, 7.35], "to": [4.1, 7.625, 7.425], "rotation": {"angle": 0, "axis": "y", "origin": [12.05, 14.55, 0.325]}, "faces": { "north": {"uv": [9, 8, 13.075, 12.075], "texture": "#0"}, "east": {"uv": [9, 8, 13.075, 12.075], "texture": "#0"}, "south": {"uv": [9, 8, 13.075, 12.075], "texture": "#0"}, "west": {"uv": [9, 8, 13.075, 12.075], "texture": "#0"}, "up": {"uv": [9, 8, 13.075, 12.075], "texture": "#0"}, "down": {"uv": [9, 8, 13.075, 12.075], "texture": "#0"} } }, { "from": [4.025, 7.85, 7.625], "to": [4.1, 7.925, 7.7], "rotation": {"angle": 0, "axis": "y", "origin": [12.05, 14.95, 14.625]}, "faces": { "north": {"uv": [9, 8, 13.075, 12.075], "rotation": 90, "texture": "#0"}, "east": {"uv": [9, 8, 13.075, 12.075], "rotation": 90, "texture": "#0"}, "south": {"uv": [9, 8, 13.075, 12.075], "rotation": 90, "texture": "#0"}, "west": {"uv": [9, 8, 13.075, 12.075], "rotation": 90, "texture": "#0"}, "up": {"uv": [9, 8, 13.075, 12.075], "rotation": 90, "texture": "#0"}, "down": {"uv": [9, 8, 13.075, 12.075], "rotation": 90, "texture": "#0"} } }, { "from": [4.025, 6.475, 7.625], "to": [4.1, 6.55, 7.7], "rotation": {"angle": 0, "axis": "y", "origin": [12.05, 13.575, 14.625]}, "faces": { "north": {"uv": [9, 8, 13.075, 12.075], "rotation": 90, "texture": "#0"}, "east": {"uv": [9, 8, 13.075, 12.075], "rotation": 90, "texture": "#0"}, "south": {"uv": [9, 8, 13.075, 12.075], "rotation": 90, "texture": "#0"}, "west": {"uv": [9, 8, 13.075, 12.075], "rotation": 90, "texture": "#0"}, "up": {"uv": [9, 8, 13.075, 12.075], "rotation": 90, "texture": "#0"}, "down": {"uv": [9, 8, 13.075, 12.075], "rotation": 90, "texture": "#0"} } }, { "from": [4.025, 7.55, 8.2], "to": [4.1, 7.625, 8.275], "rotation": {"angle": 0, "axis": "y", "origin": [12.05, 14.55, 1.175]}, "faces": { "north": {"uv": [9, 8, 13.075, 12.075], "texture": "#0"}, "east": {"uv": [9, 8, 13.075, 12.075], "texture": "#0"}, "south": {"uv": [9, 8, 13.075, 12.075], "texture": "#0"}, "west": {"uv": [9, 8, 13.075, 12.075], "texture": "#0"}, "up": {"uv": [9, 8, 13.075, 12.075], "texture": "#0"}, "down": {"uv": [9, 8, 13.075, 12.075], "texture": "#0"} } }, { "from": [10.25, 6.5, 8.2], "to": [10.35, 6.575, 8.275], "rotation": {"angle": 0, "axis": "y", "origin": [18.35, 13.5, 1.175]}, "faces": { "north": {"uv": [9, 8, 13.075, 12.075], "texture": "#0"}, "east": {"uv": [9, 8, 13.075, 12.075], "texture": "#0"}, "south": {"uv": [9, 8, 13.075, 12.075], "texture": "#0"}, "west": {"uv": [9, 8, 13.075, 12.075], "texture": "#0"}, "up": {"uv": [9, 8, 13.075, 12.075], "texture": "#0"}, "down": {"uv": [9, 8, 13.075, 12.075], "texture": "#0"} } }, { "from": [10.25, 8.75, 8.2], "to": [10.35, 8.825, 8.275], "rotation": {"angle": 0, "axis": "y", "origin": [18.35, 15.75, 1.175]}, "faces": { "north": {"uv": [9, 8, 13.075, 12.075], "texture": "#0"}, "east": {"uv": [9, 8, 13.075, 12.075], "texture": "#0"}, "south": {"uv": [9, 8, 13.075, 12.075], "texture": "#0"}, "west": {"uv": [9, 8, 13.075, 12.075], "texture": "#0"}, "up": {"uv": [9, 8, 13.075, 12.075], "texture": "#0"}, "down": {"uv": [9, 8, 13.075, 12.075], "texture": "#0"} } }, { "from": [10.25, 8.75, 7.325], "to": [10.35, 8.825, 7.4], "rotation": {"angle": 0, "axis": "y", "origin": [18.35, 15.75, 0.3]}, "faces": { "north": {"uv": [9, 8, 13.075, 12.075], "texture": "#0"}, "east": {"uv": [9, 8, 13.075, 12.075], "texture": "#0"}, "south": {"uv": [9, 8, 13.075, 12.075], "texture": "#0"}, "west": {"uv": [9, 8, 13.075, 12.075], "texture": "#0"}, "up": {"uv": [9, 8, 13.075, 12.075], "texture": "#0"}, "down": {"uv": [9, 8, 13.075, 12.075], "texture": "#0"} } }, { "from": [10.25, 7.525, 8.2], "to": [10.35, 7.6, 8.275], "rotation": {"angle": 0, "axis": "y", "origin": [18.35, 14.525, 1.175]}, "faces": { "north": {"uv": [9, 8, 13.075, 12.075], "texture": "#0"}, "east": {"uv": [9, 8, 13.075, 12.075], "texture": "#0"}, "south": {"uv": [9, 8, 13.075, 12.075], "texture": "#0"}, "west": {"uv": [9, 8, 13.075, 12.075], "texture": "#0"}, "up": {"uv": [9, 8, 13.075, 12.075], "texture": "#0"}, "down": {"uv": [9, 8, 13.075, 12.075], "texture": "#0"} } }, { "from": [4.025, 7.4, 7.35], "to": [4.1, 7.475, 7.425], "rotation": {"angle": 0, "axis": "y", "origin": [12.05, 14.4, 0.325]}, "faces": { "north": {"uv": [9, 8, 13.075, 12.075], "texture": "#0"}, "east": {"uv": [9, 8, 13.075, 12.075], "texture": "#0"}, "south": {"uv": [9, 8, 13.075, 12.075], "texture": "#0"}, "west": {"uv": [9, 8, 13.075, 12.075], "texture": "#0"}, "up": {"uv": [9, 8, 13.075, 12.075], "texture": "#0"}, "down": {"uv": [9, 8, 13.075, 12.075], "texture": "#0"} } }, { "from": [4.025, 7.05, 7.775], "to": [4.1, 7.125, 7.85], "rotation": {"angle": 0, "axis": "y", "origin": [12.05, 14.05, 0.75]}, "faces": { "north": {"uv": [9, 8, 13.075, 12.075], "texture": "#0"}, "east": {"uv": [9, 8, 13.075, 12.075], "texture": "#0"}, "south": {"uv": [9, 8, 13.075, 12.075], "texture": "#0"}, "west": {"uv": [9, 8, 13.075, 12.075], "texture": "#0"}, "up": {"uv": [9, 8, 13.075, 12.075], "texture": "#0"}, "down": {"uv": [9, 8, 13.075, 12.075], "texture": "#0"} } }, { "from": [4.025, 7.85, 7.475], "to": [4.1, 7.925, 7.55], "rotation": {"angle": 0, "axis": "y", "origin": [12.05, 14.95, 14.475]}, "faces": { "north": {"uv": [9, 8, 13.075, 12.075], "rotation": 90, "texture": "#0"}, "east": {"uv": [9, 8, 13.075, 12.075], "rotation": 90, "texture": "#0"}, "south": {"uv": [9, 8, 13.075, 12.075], "rotation": 90, "texture": "#0"}, "west": {"uv": [9, 8, 13.075, 12.075], "rotation": 90, "texture": "#0"}, "up": {"uv": [9, 8, 13.075, 12.075], "rotation": 90, "texture": "#0"}, "down": {"uv": [9, 8, 13.075, 12.075], "rotation": 90, "texture": "#0"} } }, { "from": [4.025, 7.4, 8.2], "to": [4.1, 7.475, 8.275], "rotation": {"angle": 0, "axis": "y", "origin": [12.05, 14.4, 1.175]}, "faces": { "north": {"uv": [9, 8, 13.075, 12.075], "texture": "#0"}, "east": {"uv": [9, 8, 13.075, 12.075], "texture": "#0"}, "south": {"uv": [9, 8, 13.075, 12.075], "texture": "#0"}, "west": {"uv": [9, 8, 13.075, 12.075], "texture": "#0"}, "up": {"uv": [9, 8, 13.075, 12.075], "texture": "#0"}, "down": {"uv": [9, 8, 13.075, 12.075], "texture": "#0"} } }, { "from": [10.25, 6.35, 8.2], "to": [10.35, 6.425, 8.275], "rotation": {"angle": 0, "axis": "y", "origin": [18.35, 13.35, 1.175]}, "faces": { "north": {"uv": [9, 8, 13.075, 12.075], "texture": "#0"}, "east": {"uv": [9, 8, 13.075, 12.075], "texture": "#0"}, "south": {"uv": [9, 8, 13.075, 12.075], "texture": "#0"}, "west": {"uv": [9, 8, 13.075, 12.075], "texture": "#0"}, "up": {"uv": [9, 8, 13.075, 12.075], "texture": "#0"}, "down": {"uv": [9, 8, 13.075, 12.075], "texture": "#0"} } }, { "from": [10.25, 8.6, 8.2], "to": [10.35, 8.675, 8.275], "rotation": {"angle": 0, "axis": "y", "origin": [18.35, 15.6, 1.175]}, "faces": { "north": {"uv": [9, 8, 13.075, 12.075], "texture": "#0"}, "east": {"uv": [9, 8, 13.075, 12.075], "texture": "#0"}, "south": {"uv": [9, 8, 13.075, 12.075], "texture": "#0"}, "west": {"uv": [9, 8, 13.075, 12.075], "texture": "#0"}, "up": {"uv": [9, 8, 13.075, 12.075], "texture": "#0"}, "down": {"uv": [9, 8, 13.075, 12.075], "texture": "#0"} } }, { "from": [10.25, 8.6, 7.325], "to": [10.35, 8.675, 7.4], "rotation": {"angle": 0, "axis": "y", "origin": [18.35, 15.6, 0.3]}, "faces": { "north": {"uv": [9, 8, 13.075, 12.075], "texture": "#0"}, "east": {"uv": [9, 8, 13.075, 12.075], "texture": "#0"}, "south": {"uv": [9, 8, 13.075, 12.075], "texture": "#0"}, "west": {"uv": [9, 8, 13.075, 12.075], "texture": "#0"}, "up": {"uv": [9, 8, 13.075, 12.075], "texture": "#0"}, "down": {"uv": [9, 8, 13.075, 12.075], "texture": "#0"} } }, { "from": [10.25, 6.2, 8.2], "to": [10.35, 6.275, 8.275], "rotation": {"angle": 0, "axis": "y", "origin": [18.35, 13.2, 1.175]}, "faces": { "north": {"uv": [9, 8, 13.075, 12.075], "texture": "#0"}, "east": {"uv": [9, 8, 13.075, 12.075], "texture": "#0"}, "south": {"uv": [9, 8, 13.075, 12.075], "texture": "#0"}, "west": {"uv": [9, 8, 13.075, 12.075], "texture": "#0"}, "up": {"uv": [9, 8, 13.075, 12.075], "texture": "#0"}, "down": {"uv": [9, 8, 13.075, 12.075], "texture": "#0"} } }, { "from": [10.25, 6.2, 7.925], "to": [10.35, 6.275, 8], "rotation": {"angle": 0, "axis": "y", "origin": [18.35, 13.2, 0.9]}, "faces": { "north": {"uv": [9, 8, 13.075, 12.075], "texture": "#0"}, "east": {"uv": [9, 8, 13.075, 12.075], "texture": "#0"}, "south": {"uv": [9, 8, 13.075, 12.075], "texture": "#0"}, "west": {"uv": [9, 8, 13.075, 12.075], "texture": "#0"}, "up": {"uv": [9, 8, 13.075, 12.075], "texture": "#0"}, "down": {"uv": [9, 8, 13.075, 12.075], "texture": "#0"} } }, { "from": [10.25, 7.525, 7.925], "to": [10.35, 7.6, 8], "rotation": {"angle": 0, "axis": "y", "origin": [18.35, 14.525, 0.9]}, "faces": { "north": {"uv": [9, 8, 13.075, 12.075], "texture": "#0"}, "east": {"uv": [9, 8, 13.075, 12.075], "texture": "#0"}, "south": {"uv": [9, 8, 13.075, 12.075], "texture": "#0"}, "west": {"uv": [9, 8, 13.075, 12.075], "texture": "#0"}, "up": {"uv": [9, 8, 13.075, 12.075], "texture": "#0"}, "down": {"uv": [9, 8, 13.075, 12.075], "texture": "#0"} } }, { "from": [10.25, 8.325, 7.925], "to": [10.35, 8.4, 8], "rotation": {"angle": 0, "axis": "y", "origin": [18.35, 15.325, 0.9]}, "faces": { "north": {"uv": [9, 8, 13.075, 12.075], "texture": "#0"}, "east": {"uv": [9, 8, 13.075, 12.075], "texture": "#0"}, "south": {"uv": [9, 8, 13.075, 12.075], "texture": "#0"}, "west": {"uv": [9, 8, 13.075, 12.075], "texture": "#0"}, "up": {"uv": [9, 8, 13.075, 12.075], "texture": "#0"}, "down": {"uv": [9, 8, 13.075, 12.075], "texture": "#0"} } }, { "from": [10.25, 7.925, 7.875], "to": [10.35, 8, 7.95], "rotation": {"angle": 0, "axis": "y", "origin": [18.35, 14.925, 0.85]}, "faces": { "north": {"uv": [9, 8, 13.075, 12.075], "texture": "#0"}, "east": {"uv": [9, 8, 13.075, 12.075], "texture": "#0"}, "south": {"uv": [9, 8, 13.075, 12.075], "texture": "#0"}, "west": {"uv": [9, 8, 13.075, 12.075], "texture": "#0"}, "up": {"uv": [9, 8, 13.075, 12.075], "texture": "#0"}, "down": {"uv": [9, 8, 13.075, 12.075], "texture": "#0"} } }, { "from": [10.25, 6.2, 7.475], "to": [10.35, 6.275, 7.55], "rotation": {"angle": 0, "axis": "y", "origin": [18.35, 13.2, 0.45]}, "faces": { "north": {"uv": [9, 8, 13.075, 12.075], "texture": "#0"}, "east": {"uv": [9, 8, 13.075, 12.075], "texture": "#0"}, "south": {"uv": [9, 8, 13.075, 12.075], "texture": "#0"}, "west": {"uv": [9, 8, 13.075, 12.075], "texture": "#0"}, "up": {"uv": [9, 8, 13.075, 12.075], "texture": "#0"}, "down": {"uv": [9, 8, 13.075, 12.075], "texture": "#0"} } }, { "from": [10.25, 7.525, 7.475], "to": [10.35, 7.6, 7.55], "rotation": {"angle": 0, "axis": "y", "origin": [18.35, 14.525, 0.45]}, "faces": { "north": {"uv": [9, 8, 13.075, 12.075], "texture": "#0"}, "east": {"uv": [9, 8, 13.075, 12.075], "texture": "#0"}, "south": {"uv": [9, 8, 13.075, 12.075], "texture": "#0"}, "west": {"uv": [9, 8, 13.075, 12.075], "texture": "#0"}, "up": {"uv": [9, 8, 13.075, 12.075], "texture": "#0"}, "down": {"uv": [9, 8, 13.075, 12.075], "texture": "#0"} } }, { "from": [10.25, 8.325, 7.475], "to": [10.35, 8.4, 7.55], "rotation": {"angle": 0, "axis": "y", "origin": [18.35, 15.325, 0.45]}, "faces": { "north": {"uv": [9, 8, 13.075, 12.075], "texture": "#0"}, "east": {"uv": [9, 8, 13.075, 12.075], "texture": "#0"}, "south": {"uv": [9, 8, 13.075, 12.075], "texture": "#0"}, "west": {"uv": [9, 8, 13.075, 12.075], "texture": "#0"}, "up": {"uv": [9, 8, 13.075, 12.075], "texture": "#0"}, "down": {"uv": [9, 8, 13.075, 12.075], "texture": "#0"} } }, { "from": [10.25, 6.2, 8.075], "to": [10.35, 6.275, 8.15], "rotation": {"angle": 0, "axis": "y", "origin": [18.35, 13.2, 1.05]}, "faces": { "north": {"uv": [9, 8, 13.075, 12.075], "texture": "#0"}, "east": {"uv": [9, 8, 13.075, 12.075], "texture": "#0"}, "south": {"uv": [9, 8, 13.075, 12.075], "texture": "#0"}, "west": {"uv": [9, 8, 13.075, 12.075], "texture": "#0"}, "up": {"uv": [9, 8, 13.075, 12.075], "texture": "#0"}, "down": {"uv": [9, 8, 13.075, 12.075], "texture": "#0"} } }, { "from": [10.25, 7.525, 8.075], "to": [10.35, 7.6, 8.15], "rotation": {"angle": 0, "axis": "y", "origin": [18.35, 14.525, 1.05]}, "faces": { "north": {"uv": [9, 8, 13.075, 12.075], "texture": "#0"}, "east": {"uv": [9, 8, 13.075, 12.075], "texture": "#0"}, "south": {"uv": [9, 8, 13.075, 12.075], "texture": "#0"}, "west": {"uv": [9, 8, 13.075, 12.075], "texture": "#0"}, "up": {"uv": [9, 8, 13.075, 12.075], "texture": "#0"}, "down": {"uv": [9, 8, 13.075, 12.075], "texture": "#0"} } }, { "from": [10.25, 8.325, 8.075], "to": [10.35, 8.4, 8.15], "rotation": {"angle": 0, "axis": "y", "origin": [18.35, 15.325, 1.05]}, "faces": { "north": {"uv": [9, 8, 13.075, 12.075], "texture": "#0"}, "east": {"uv": [9, 8, 13.075, 12.075], "texture": "#0"}, "south": {"uv": [9, 8, 13.075, 12.075], "texture": "#0"}, "west": {"uv": [9, 8, 13.075, 12.075], "texture": "#0"}, "up": {"uv": [9, 8, 13.075, 12.075], "texture": "#0"}, "down": {"uv": [9, 8, 13.075, 12.075], "texture": "#0"} } }, { "from": [10.25, 7.925, 8.025], "to": [10.35, 8, 8.1], "rotation": {"angle": 0, "axis": "y", "origin": [18.35, 14.925, 1]}, "faces": { "north": {"uv": [9, 8, 13.075, 12.075], "texture": "#0"}, "east": {"uv": [9, 8, 13.075, 12.075], "texture": "#0"}, "south": {"uv": [9, 8, 13.075, 12.075], "texture": "#0"}, "west": {"uv": [9, 8, 13.075, 12.075], "texture": "#0"}, "up": {"uv": [9, 8, 13.075, 12.075], "texture": "#0"}, "down": {"uv": [9, 8, 13.075, 12.075], "texture": "#0"} } }, { "from": [10.25, 6.2, 7.625], "to": [10.35, 6.275, 7.7], "rotation": {"angle": 0, "axis": "y", "origin": [18.35, 13.2, 0.6]}, "faces": { "north": {"uv": [9, 8, 13.075, 12.075], "texture": "#0"}, "east": {"uv": [9, 8, 13.075, 12.075], "texture": "#0"}, "south": {"uv": [9, 8, 13.075, 12.075], "texture": "#0"}, "west": {"uv": [9, 8, 13.075, 12.075], "texture": "#0"}, "up": {"uv": [9, 8, 13.075, 12.075], "texture": "#0"}, "down": {"uv": [9, 8, 13.075, 12.075], "texture": "#0"} } }, { "from": [10.25, 7.525, 7.625], "to": [10.35, 7.6, 7.7], "rotation": {"angle": 0, "axis": "y", "origin": [18.35, 14.525, 0.6]}, "faces": { "north": {"uv": [9, 8, 13.075, 12.075], "texture": "#0"}, "east": {"uv": [9, 8, 13.075, 12.075], "texture": "#0"}, "south": {"uv": [9, 8, 13.075, 12.075], "texture": "#0"}, "west": {"uv": [9, 8, 13.075, 12.075], "texture": "#0"}, "up": {"uv": [9, 8, 13.075, 12.075], "texture": "#0"}, "down": {"uv": [9, 8, 13.075, 12.075], "texture": "#0"} } }, { "from": [10.25, 8.325, 7.625], "to": [10.35, 8.4, 7.7], "rotation": {"angle": 0, "axis": "y", "origin": [18.35, 15.325, 0.6]}, "faces": { "north": {"uv": [9, 8, 13.075, 12.075], "texture": "#0"}, "east": {"uv": [9, 8, 13.075, 12.075], "texture": "#0"}, "south": {"uv": [9, 8, 13.075, 12.075], "texture": "#0"}, "west": {"uv": [9, 8, 13.075, 12.075], "texture": "#0"}, "up": {"uv": [9, 8, 13.075, 12.075], "texture": "#0"}, "down": {"uv": [9, 8, 13.075, 12.075], "texture": "#0"} } }, { "from": [10.25, 7.925, 7.575], "to": [10.35, 8, 7.65], "rotation": {"angle": 0, "axis": "y", "origin": [18.35, 14.925, 0.55]}, "faces": { "north": {"uv": [9, 8, 13.075, 12.075], "texture": "#0"}, "east": {"uv": [9, 8, 13.075, 12.075], "texture": "#0"}, "south": {"uv": [9, 8, 13.075, 12.075], "texture": "#0"}, "west": {"uv": [9, 8, 13.075, 12.075], "texture": "#0"}, "up": {"uv": [9, 8, 13.075, 12.075], "texture": "#0"}, "down": {"uv": [9, 8, 13.075, 12.075], "texture": "#0"} } }, { "from": [10.25, 6.2, 7.775], "to": [10.35, 6.275, 7.85], "rotation": {"angle": 0, "axis": "y", "origin": [18.35, 13.2, 0.75]}, "faces": { "north": {"uv": [9, 8, 13.075, 12.075], "texture": "#0"}, "east": {"uv": [9, 8, 13.075, 12.075], "texture": "#0"}, "south": {"uv": [9, 8, 13.075, 12.075], "texture": "#0"}, "west": {"uv": [9, 8, 13.075, 12.075], "texture": "#0"}, "up": {"uv": [9, 8, 13.075, 12.075], "texture": "#0"}, "down": {"uv": [9, 8, 13.075, 12.075], "texture": "#0"} } }, { "from": [10.25, 7.525, 7.775], "to": [10.35, 7.6, 7.85], "rotation": {"angle": 0, "axis": "y", "origin": [18.35, 14.525, 0.75]}, "faces": { "north": {"uv": [9, 8, 13.075, 12.075], "texture": "#0"}, "east": {"uv": [9, 8, 13.075, 12.075], "texture": "#0"}, "south": {"uv": [9, 8, 13.075, 12.075], "texture": "#0"}, "west": {"uv": [9, 8, 13.075, 12.075], "texture": "#0"}, "up": {"uv": [9, 8, 13.075, 12.075], "texture": "#0"}, "down": {"uv": [9, 8, 13.075, 12.075], "texture": "#0"} } }, { "from": [10.25, 8.325, 7.775], "to": [10.35, 8.4, 7.85], "rotation": {"angle": 0, "axis": "y", "origin": [18.35, 15.325, 0.75]}, "faces": { "north": {"uv": [9, 8, 13.075, 12.075], "texture": "#0"}, "east": {"uv": [9, 8, 13.075, 12.075], "texture": "#0"}, "south": {"uv": [9, 8, 13.075, 12.075], "texture": "#0"}, "west": {"uv": [9, 8, 13.075, 12.075], "texture": "#0"}, "up": {"uv": [9, 8, 13.075, 12.075], "texture": "#0"}, "down": {"uv": [9, 8, 13.075, 12.075], "texture": "#0"} } }, { "from": [10.25, 7.925, 7.725], "to": [10.35, 8, 7.8], "rotation": {"angle": 0, "axis": "y", "origin": [18.35, 14.925, 0.7]}, "faces": { "north": {"uv": [9, 8, 13.075, 12.075], "texture": "#0"}, "east": {"uv": [9, 8, 13.075, 12.075], "texture": "#0"}, "south": {"uv": [9, 8, 13.075, 12.075], "texture": "#0"}, "west": {"uv": [9, 8, 13.075, 12.075], "texture": "#0"}, "up": {"uv": [9, 8, 13.075, 12.075], "texture": "#0"}, "down": {"uv": [9, 8, 13.075, 12.075], "texture": "#0"} } }, { "from": [10.25, 6.2, 7.325], "to": [10.35, 6.275, 7.4], "rotation": {"angle": 0, "axis": "y", "origin": [18.35, 13.2, 0.3]}, "faces": { "north": {"uv": [9, 8, 13.075, 12.075], "texture": "#0"}, "east": {"uv": [9, 8, 13.075, 12.075], "texture": "#0"}, "south": {"uv": [9, 8, 13.075, 12.075], "texture": "#0"}, "west": {"uv": [9, 8, 13.075, 12.075], "texture": "#0"}, "up": {"uv": [9, 8, 13.075, 12.075], "texture": "#0"}, "down": {"uv": [9, 8, 13.075, 12.075], "texture": "#0"} } }, { "from": [10.25, 7.525, 7.325], "to": [10.35, 7.6, 7.4], "rotation": {"angle": 0, "axis": "y", "origin": [18.35, 14.525, 0.3]}, "faces": { "north": {"uv": [9, 8, 13.075, 12.075], "texture": "#0"}, "east": {"uv": [9, 8, 13.075, 12.075], "texture": "#0"}, "south": {"uv": [9, 8, 13.075, 12.075], "texture": "#0"}, "west": {"uv": [9, 8, 13.075, 12.075], "texture": "#0"}, "up": {"uv": [9, 8, 13.075, 12.075], "texture": "#0"}, "down": {"uv": [9, 8, 13.075, 12.075], "texture": "#0"} } }, { "from": [10.25, 8.325, 7.325], "to": [10.35, 8.4, 7.4], "rotation": {"angle": 0, "axis": "y", "origin": [18.35, 15.325, 0.3]}, "faces": { "north": {"uv": [9, 8, 13.075, 12.075], "texture": "#0"}, "east": {"uv": [9, 8, 13.075, 12.075], "texture": "#0"}, "south": {"uv": [9, 8, 13.075, 12.075], "texture": "#0"}, "west": {"uv": [9, 8, 13.075, 12.075], "texture": "#0"}, "up": {"uv": [9, 8, 13.075, 12.075], "texture": "#0"}, "down": {"uv": [9, 8, 13.075, 12.075], "texture": "#0"} } } ], "display": { "thirdperson_righthand": { "scale": [0.24, 1, 1] }, "thirdperson_lefthand": { "scale": [0.24, 1, 1] }, "gui": { "rotation": [0, 59, 0] }, "head": { "translation": [1.71, -7.5, -3.75], "scale": [2.05, 2.05, 2.05] } }, "groups": [ { "name": "group", "origin": [8, 8, 8], "color": 0, "children": [0, 1, 2, 3, 4, 5, 6, 7, 8, 9, 10, 11, 12, 13, 14, 15, 16, 17, 18, 19, 20, 21, 22, 23, 24, 25, 26, 27, 28, 29, 30, 31, 32, 33, 34, 35, 36, 37, 38, 39, 40, 41, 42, 43, 44, 45, 46, 47, 48, 49, 50, 51, 52, 53, 54, 55, 56, 57, 58, 59, 60, 61, 62, 63, 64, 65, 66, 67, 68, 69] }, { "name": "group", "origin": [8, 8, 8], "color": 0, "children": [70, 71, 72, 73, 74, 75, 76, 77, 78, 79, 80, 81, 82, 83, 84, 85, 86, 87, 88, 89, 90, 91, 92, 93, 94, 95, 96, 97, 98, 99, 100, 101, 102, 103, 104, 105, 106, 107, 108, 109, 110, 111, 112, 113, 114, 115, 116, 117, 118, 119, 120, 121, 122, 123, 124, 125, 126, 127, 128, 129, 130, 131, 132, 133, 134, 135, 136, 137, 138, 139, 140, 141, 142, 143, 144, 145, 146, 147, 148, 149, 150, 151, 152, 153, 154, 155, 156, 157, 158, 159, 160, 161, 162, 163, 164, 165, 166, 167, 168, 169, 170, 171, 172, 173, 174, 175, 176, 177] } ] }