{ "credit": "Made with Blockbench", "textures": { "0": "block/moustacheglasses" }, "elements": [ { "from": [7.75, 8.625, 4], "to": [8.25, 8.875, 4.25], "rotation": {"angle": 0, "axis": "y", "origin": [8, 8.75, 4.125]}, "faces": { "north": {"uv": [1, 1, 2, 2], "texture": "#0"}, "east": {"uv": [1, 1, 2, 2], "texture": "#0"}, "south": {"uv": [1, 1, 2, 2], "texture": "#0"}, "west": {"uv": [1, 1, 2, 2], "texture": "#0"}, "up": {"uv": [1, 1, 2, 2], "texture": "#0"}, "down": {"uv": [1, 1, 2, 2], "texture": "#0"} } }, { "from": [7.0859, 8.44317, 4], "to": [7.8359, 8.69317, 4.25], "rotation": {"angle": 22.5, "axis": "z", "origin": [7.3359, 8.56817, 4.125]}, "faces": { "north": {"uv": [1, 1, 2, 2], "texture": "#0"}, "east": {"uv": [1, 1, 2, 2], "texture": "#0"}, "south": {"uv": [1, 1, 2, 2], "texture": "#0"}, "west": {"uv": [1, 1, 2, 2], "texture": "#0"}, "up": {"uv": [1, 1, 2, 2], "texture": "#0"}, "down": {"uv": [1, 1, 2, 2], "texture": "#0"} } }, { "from": [8.1641, 8.44317, 4], "to": [8.9141, 8.69317, 4.25], "rotation": {"angle": -22.5, "axis": "z", "origin": [8.6641, 8.56817, 4.125]}, "faces": { "north": {"uv": [1, 1, 2, 2], "texture": "#0"}, "east": {"uv": [1, 1, 2, 2], "texture": "#0"}, "south": {"uv": [1, 1, 2, 2], "texture": "#0"}, "west": {"uv": [1, 1, 2, 2], "texture": "#0"}, "up": {"uv": [1, 1, 2, 2], "texture": "#0"}, "down": {"uv": [1, 1, 2, 2], "texture": "#0"} } }, { "from": [3.125, 7.875, 4], "to": [3.375, 8.125, 9.25], "rotation": {"angle": 0, "axis": "y", "origin": [10.375, 15.125, 12]}, "faces": { "north": {"uv": [1, 1, 2, 2], "texture": "#0"}, "east": {"uv": [1, 1, 2, 2], "texture": "#0"}, "south": {"uv": [1, 1, 2, 2], "texture": "#0"}, "west": {"uv": [1, 1, 2, 2], "texture": "#0"}, "up": {"uv": [1, 1, 2, 2], "texture": "#0"}, "down": {"uv": [1, 1, 2, 2], "texture": "#0"} } }, { "from": [3.125, 6.62474, 9.24869], "to": [3.375, 8.12474, 9.49869], "rotation": {"angle": -22.5, "axis": "x", "origin": [3.25, 7.49974, 9.37369]}, "faces": { "north": {"uv": [1, 1, 2, 2], "rotation": 180, "texture": "#0"}, "east": {"uv": [1, 1, 2, 2], "rotation": 180, "texture": "#0"}, "south": {"uv": [1, 1, 2, 2], "rotation": 180, "texture": "#0"}, "west": {"uv": [1, 1, 2, 2], "rotation": 180, "texture": "#0"}, "up": {"uv": [1, 1, 2, 2], "rotation": 180, "texture": "#0"}, "down": {"uv": [1, 1, 2, 2], "rotation": 180, "texture": "#0"} } }, { "from": [12.625, 6.62474, 9.24869], "to": [12.875, 8.12474, 9.49869], "rotation": {"angle": -22.5, "axis": "x", "origin": [12.75, 7.49974, 9.37369]}, "faces": { "north": {"uv": [1, 1, 2, 2], "rotation": 180, "texture": "#0"}, "east": {"uv": [1, 1, 2, 2], "rotation": 180, "texture": "#0"}, "south": {"uv": [1, 1, 2, 2], "rotation": 180, "texture": "#0"}, "west": {"uv": [1, 1, 2, 2], "rotation": 180, "texture": "#0"}, "up": {"uv": [1, 1, 2, 2], "rotation": 180, "texture": "#0"}, "down": {"uv": [1, 1, 2, 2], "rotation": 180, "texture": "#0"} } }, { "from": [12.625, 7.875, 4], "to": [12.875, 8.125, 9.25], "rotation": {"angle": 0, "axis": "y", "origin": [19.875, 15.125, 12]}, "faces": { "north": {"uv": [1, 1, 2, 2], "texture": "#0"}, "east": {"uv": [1, 1, 2, 2], "texture": "#0"}, "south": {"uv": [1, 1, 2, 2], "texture": "#0"}, "west": {"uv": [1, 1, 2, 2], "texture": "#0"}, "up": {"uv": [1, 1, 2, 2], "texture": "#0"}, "down": {"uv": [1, 1, 2, 2], "texture": "#0"} } }, { "name": "hexadecagon", "from": [10.35218, 6, 4], "to": [11.14782, 6.2, 4.25], "rotation": {"angle": -45, "axis": "z", "origin": [10.75, 8, 4.5]}, "faces": { "north": {"uv": [1, 1, 2, 2], "texture": "#0"}, "east": {"uv": [1, 1, 2, 2], "texture": "#0"}, "south": {"uv": [1, 1, 2, 2], "texture": "#0"}, "west": {"uv": [1, 1, 2, 2], "texture": "#0"}, "up": {"uv": [1, 1, 2, 2], "texture": "#0"}, "down": {"uv": [1, 1, 2, 2], "texture": "#0"} } }, { "name": "hexadecagon", "from": [10.35218, 6, 4], "to": [11.14782, 6.2, 4.25], "rotation": {"angle": -22.5, "axis": "z", "origin": [10.75, 8, 4.5]}, "faces": { "north": {"uv": [1, 1, 2, 2], "texture": "#0"}, "east": {"uv": [1, 1, 2, 2], "texture": "#0"}, "south": {"uv": [1, 1, 2, 2], "texture": "#0"}, "west": {"uv": [1, 1, 2, 2], "texture": "#0"}, "up": {"uv": [1, 1, 2, 2], "texture": "#0"}, "down": {"uv": [1, 1, 2, 2], "texture": "#0"} } }, { "name": "hexadecagon", "from": [10.35218, 6, 4], "to": [11.14782, 6.2, 4.25], "rotation": {"angle": 0, "axis": "y", "origin": [10.75, 8, 4.5]}, "faces": { "north": {"uv": [1, 1, 2, 2], "texture": "#0"}, "east": {"uv": [1, 1, 2, 2], "texture": "#0"}, "south": {"uv": [1, 1, 2, 2], "texture": "#0"}, "west": {"uv": [1, 1, 2, 2], "texture": "#0"}, "up": {"uv": [1, 1, 2, 2], "texture": "#0"}, "down": {"uv": [1, 1, 2, 2], "texture": "#0"} } }, { "name": "hexadecagon", "from": [10.35218, 6, 4], "to": [11.14782, 6.2, 4.25], "rotation": {"angle": 22.5, "axis": "z", "origin": [10.75, 8, 4.5]}, "faces": { "north": {"uv": [1, 1, 2, 2], "texture": "#0"}, "east": {"uv": [1, 1, 2, 2], "texture": "#0"}, "south": {"uv": [1, 1, 2, 2], "texture": "#0"}, "west": {"uv": [1, 1, 2, 2], "texture": "#0"}, "up": {"uv": [1, 1, 2, 2], "texture": "#0"}, "down": {"uv": [1, 1, 2, 2], "texture": "#0"} } }, { "name": "hexadecagon", "from": [10.35218, 6, 4], "to": [11.14782, 6.2, 4.25], "rotation": {"angle": 45, "axis": "z", "origin": [10.75, 8, 4.5]}, "faces": { "north": {"uv": [1, 1, 2, 2], "texture": "#0"}, "east": {"uv": [1, 1, 2, 2], "texture": "#0"}, "south": {"uv": [1, 1, 2, 2], "texture": "#0"}, "west": {"uv": [1, 1, 2, 2], "texture": "#0"}, "up": {"uv": [1, 1, 2, 2], "texture": "#0"}, "down": {"uv": [1, 1, 2, 2], "texture": "#0"} } }, { "name": "hexadecagon", "from": [10.35218, 9.8, 4], "to": [11.14782, 10, 4.25], "rotation": {"angle": -45, "axis": "z", "origin": [10.75, 8, 4.5]}, "faces": { "north": {"uv": [1, 1, 2, 2], "texture": "#0"}, "east": {"uv": [1, 1, 2, 2], "texture": "#0"}, "south": {"uv": [1, 1, 2, 2], "texture": "#0"}, "west": {"uv": [1, 1, 2, 2], "texture": "#0"}, "up": {"uv": [1, 1, 2, 2], "texture": "#0"}, "down": {"uv": [1, 1, 2, 2], "texture": "#0"} } }, { "name": "hexadecagon", "from": [10.35218, 9.8, 4], "to": [11.14782, 10, 4.25], "rotation": {"angle": -22.5, "axis": "z", "origin": [10.75, 8, 4.5]}, "faces": { "north": {"uv": [1, 1, 2, 2], "texture": "#0"}, "east": {"uv": [1, 1, 2, 2], "texture": "#0"}, "south": {"uv": [1, 1, 2, 2], "texture": "#0"}, "west": {"uv": [1, 1, 2, 2], "texture": "#0"}, "up": {"uv": [1, 1, 2, 2], "texture": "#0"}, "down": {"uv": [1, 1, 2, 2], "texture": "#0"} } }, { "name": "hexadecagon", "from": [10.35218, 9.8, 4], "to": [11.14782, 10, 4.25], "rotation": {"angle": 0, "axis": "y", "origin": [10.75, 8, 4.5]}, "faces": { "north": {"uv": [1, 1, 2, 2], "texture": "#0"}, "east": {"uv": [1, 1, 2, 2], "texture": "#0"}, "south": {"uv": [1, 1, 2, 2], "texture": "#0"}, "west": {"uv": [1, 1, 2, 2], "texture": "#0"}, "up": {"uv": [1, 1, 2, 2], "texture": "#0"}, "down": {"uv": [1, 1, 2, 2], "texture": "#0"} } }, { "name": "hexadecagon", "from": [10.35218, 9.8, 4], "to": [11.14782, 10, 4.25], "rotation": {"angle": 22.5, "axis": "z", "origin": [10.75, 8, 4.5]}, "faces": { "north": {"uv": [1, 1, 2, 2], "texture": "#0"}, "east": {"uv": [1, 1, 2, 2], "texture": "#0"}, "south": {"uv": [1, 1, 2, 2], "texture": "#0"}, "west": {"uv": [1, 1, 2, 2], "texture": "#0"}, "up": {"uv": [1, 1, 2, 2], "texture": "#0"}, "down": {"uv": [1, 1, 2, 2], "texture": "#0"} } }, { "name": "hexadecagon", "from": [10.35218, 9.8, 4], "to": [11.14782, 10, 4.25], "rotation": {"angle": 45, "axis": "z", "origin": [10.75, 8, 4.5]}, "faces": { "north": {"uv": [1, 1, 2, 2], "texture": "#0"}, "east": {"uv": [1, 1, 2, 2], "texture": "#0"}, "south": {"uv": [1, 1, 2, 2], "texture": "#0"}, "west": {"uv": [1, 1, 2, 2], "texture": "#0"}, "up": {"uv": [1, 1, 2, 2], "texture": "#0"}, "down": {"uv": [1, 1, 2, 2], "texture": "#0"} } }, { "name": "hexadecagon", "from": [8.75, 7.60218, 4], "to": [8.95, 8.39782, 4.25], "rotation": {"angle": -22.5, "axis": "z", "origin": [10.75, 8, 4.5]}, "faces": { "north": {"uv": [1, 1, 2, 2], "texture": "#0"}, "east": {"uv": [1, 1, 2, 2], "texture": "#0"}, "south": {"uv": [1, 1, 2, 2], "texture": "#0"}, "west": {"uv": [1, 1, 2, 2], "texture": "#0"}, "up": {"uv": [1, 1, 2, 2], "texture": "#0"}, "down": {"uv": [1, 1, 2, 2], "texture": "#0"} } }, { "name": "hexadecagon", "from": [8.75, 7.60218, 4], "to": [8.95, 8.39782, 4.25], "rotation": {"angle": 0, "axis": "y", "origin": [10.75, 8, 4.5]}, "faces": { "north": {"uv": [1, 1, 2, 2], "texture": "#0"}, "east": {"uv": [1, 1, 2, 2], "texture": "#0"}, "south": {"uv": [1, 1, 2, 2], "texture": "#0"}, "west": {"uv": [1, 1, 2, 2], "texture": "#0"}, "up": {"uv": [1, 1, 2, 2], "texture": "#0"}, "down": {"uv": [1, 1, 2, 2], "texture": "#0"} } }, { "name": "hexadecagon", "from": [8.75, 7.60218, 4], "to": [8.95, 8.39782, 4.25], "rotation": {"angle": 22.5, "axis": "z", "origin": [10.75, 8, 4.5]}, "faces": { "north": {"uv": [1, 1, 2, 2], "texture": "#0"}, "east": {"uv": [1, 1, 2, 2], "texture": "#0"}, "south": {"uv": [1, 1, 2, 2], "texture": "#0"}, "west": {"uv": [1, 1, 2, 2], "texture": "#0"}, "up": {"uv": [1, 1, 2, 2], "texture": "#0"}, "down": {"uv": [1, 1, 2, 2], "texture": "#0"} } }, { "name": "hexadecagon", "from": [12.55, 7.60218, 4], "to": [12.75, 8.39782, 4.25], "rotation": {"angle": -22.5, "axis": "z", "origin": [10.75, 8, 4.5]}, "faces": { "north": {"uv": [1, 1, 2, 2], "texture": "#0"}, "east": {"uv": [1, 1, 2, 2], "texture": "#0"}, "south": {"uv": [1, 1, 2, 2], "texture": "#0"}, "west": {"uv": [1, 1, 2, 2], "texture": "#0"}, "up": {"uv": [1, 1, 2, 2], "texture": "#0"}, "down": {"uv": [1, 1, 2, 2], "texture": "#0"} } }, { "name": "hexadecagon", "from": [12.55, 7.60218, 4], "to": [12.75, 8.39782, 4.25], "rotation": {"angle": 0, "axis": "y", "origin": [10.75, 8, 4.5]}, "faces": { "north": {"uv": [1, 1, 2, 2], "texture": "#0"}, "east": {"uv": [1, 1, 2, 2], "texture": "#0"}, "south": {"uv": [1, 1, 2, 2], "texture": "#0"}, "west": {"uv": [1, 1, 2, 2], "texture": "#0"}, "up": {"uv": [1, 1, 2, 2], "texture": "#0"}, "down": {"uv": [1, 1, 2, 2], "texture": "#0"} } }, { "name": "hexadecagon", "from": [12.55, 7.60218, 4], "to": [12.75, 8.39782, 4.25], "rotation": {"angle": 22.5, "axis": "z", "origin": [10.75, 8, 4.5]}, "faces": { "north": {"uv": [1, 1, 2, 2], "texture": "#0"}, "east": {"uv": [1, 1, 2, 2], "texture": "#0"}, "south": {"uv": [1, 1, 2, 2], "texture": "#0"}, "west": {"uv": [1, 1, 2, 2], "texture": "#0"}, "up": {"uv": [1, 1, 2, 2], "texture": "#0"}, "down": {"uv": [1, 1, 2, 2], "texture": "#0"} } }, { "name": "hexadecagon", "from": [4.85218, 6, 4], "to": [5.64782, 6.2, 4.25], "rotation": {"angle": -45, "axis": "z", "origin": [5.25, 8, 4.5]}, "faces": { "north": {"uv": [1, 1, 2, 2], "texture": "#0"}, "east": {"uv": [1, 1, 2, 2], "texture": "#0"}, "south": {"uv": [1, 1, 2, 2], "texture": "#0"}, "west": {"uv": [1, 1, 2, 2], "texture": "#0"}, "up": {"uv": [1, 1, 2, 2], "texture": "#0"}, "down": {"uv": [1, 1, 2, 2], "texture": "#0"} } }, { "name": "hexadecagon", "from": [4.85218, 6, 4], "to": [5.64782, 6.2, 4.25], "rotation": {"angle": -22.5, "axis": "z", "origin": [5.25, 8, 4.5]}, "faces": { "north": {"uv": [1, 1, 2, 2], "texture": "#0"}, "east": {"uv": [1, 1, 2, 2], "texture": "#0"}, "south": {"uv": [1, 1, 2, 2], "texture": "#0"}, "west": {"uv": [1, 1, 2, 2], "texture": "#0"}, "up": {"uv": [1, 1, 2, 2], "texture": "#0"}, "down": {"uv": [1, 1, 2, 2], "texture": "#0"} } }, { "name": "hexadecagon", "from": [4.85218, 6, 4], "to": [5.64782, 6.2, 4.25], "rotation": {"angle": 0, "axis": "y", "origin": [5.25, 8, 4.5]}, "faces": { "north": {"uv": [1, 1, 2, 2], "texture": "#0"}, "east": {"uv": [1, 1, 2, 2], "texture": "#0"}, "south": {"uv": [1, 1, 2, 2], "texture": "#0"}, "west": {"uv": [1, 1, 2, 2], "texture": "#0"}, "up": {"uv": [1, 1, 2, 2], "texture": "#0"}, "down": {"uv": [1, 1, 2, 2], "texture": "#0"} } }, { "name": "hexadecagon", "from": [4.85218, 6, 4], "to": [5.64782, 6.2, 4.25], "rotation": {"angle": 22.5, "axis": "z", "origin": [5.25, 8, 4.5]}, "faces": { "north": {"uv": [1, 1, 2, 2], "texture": "#0"}, "east": {"uv": [1, 1, 2, 2], "texture": "#0"}, "south": {"uv": [1, 1, 2, 2], "texture": "#0"}, "west": {"uv": [1, 1, 2, 2], "texture": "#0"}, "up": {"uv": [1, 1, 2, 2], "texture": "#0"}, "down": {"uv": [1, 1, 2, 2], "texture": "#0"} } }, { "name": "hexadecagon", "from": [4.85218, 6, 4], "to": [5.64782, 6.2, 4.25], "rotation": {"angle": 45, "axis": "z", "origin": [5.25, 8, 4.5]}, "faces": { "north": {"uv": [1, 1, 2, 2], "texture": "#0"}, "east": {"uv": [1, 1, 2, 2], "texture": "#0"}, "south": {"uv": [1, 1, 2, 2], "texture": "#0"}, "west": {"uv": [1, 1, 2, 2], "texture": "#0"}, "up": {"uv": [1, 1, 2, 2], "texture": "#0"}, "down": {"uv": [1, 1, 2, 2], "texture": "#0"} } }, { "name": "hexadecagon", "from": [4.85218, 9.8, 4], "to": [5.64782, 10, 4.25], "rotation": {"angle": -45, "axis": "z", "origin": [5.25, 8, 4.5]}, "faces": { "north": {"uv": [1, 1, 2, 2], "texture": "#0"}, "east": {"uv": [1, 1, 2, 2], "texture": "#0"}, "south": {"uv": [1, 1, 2, 2], "texture": "#0"}, "west": {"uv": [1, 1, 2, 2], "texture": "#0"}, "up": {"uv": [1, 1, 2, 2], "texture": "#0"}, "down": {"uv": [1, 1, 2, 2], "texture": "#0"} } }, { "name": "hexadecagon", "from": [4.85218, 9.8, 4], "to": [5.64782, 10, 4.25], "rotation": {"angle": -22.5, "axis": "z", "origin": [5.25, 8, 4.5]}, "faces": { "north": {"uv": [1, 1, 2, 2], "texture": "#0"}, "east": {"uv": [1, 1, 2, 2], "texture": "#0"}, "south": {"uv": [1, 1, 2, 2], "texture": "#0"}, "west": {"uv": [1, 1, 2, 2], "texture": "#0"}, "up": {"uv": [1, 1, 2, 2], "texture": "#0"}, "down": {"uv": [1, 1, 2, 2], "texture": "#0"} } }, { "name": "hexadecagon", "from": [4.85218, 9.8, 4], "to": [5.64782, 10, 4.25], "rotation": {"angle": 0, "axis": "y", "origin": [5.25, 8, 4.5]}, "faces": { "north": {"uv": [1, 1, 2, 2], "texture": "#0"}, "east": {"uv": [1, 1, 2, 2], "texture": "#0"}, "south": {"uv": [1, 1, 2, 2], "texture": "#0"}, "west": {"uv": [1, 1, 2, 2], "texture": "#0"}, "up": {"uv": [1, 1, 2, 2], "texture": "#0"}, "down": {"uv": [1, 1, 2, 2], "texture": "#0"} } }, { "name": "hexadecagon", "from": [4.85218, 9.8, 4], "to": [5.64782, 10, 4.25], "rotation": {"angle": 22.5, "axis": "z", "origin": [5.25, 8, 4.5]}, "faces": { "north": {"uv": [1, 1, 2, 2], "texture": "#0"}, "east": {"uv": [1, 1, 2, 2], "texture": "#0"}, "south": {"uv": [1, 1, 2, 2], "texture": "#0"}, "west": {"uv": [1, 1, 2, 2], "texture": "#0"}, "up": {"uv": [1, 1, 2, 2], "texture": "#0"}, "down": {"uv": [1, 1, 2, 2], "texture": "#0"} } }, { "name": "hexadecagon", "from": [4.85218, 9.8, 4], "to": [5.64782, 10, 4.25], "rotation": {"angle": 45, "axis": "z", "origin": [5.25, 8, 4.5]}, "faces": { "north": {"uv": [1, 1, 2, 2], "texture": "#0"}, "east": {"uv": [1, 1, 2, 2], "texture": "#0"}, "south": {"uv": [1, 1, 2, 2], "texture": "#0"}, "west": {"uv": [1, 1, 2, 2], "texture": "#0"}, "up": {"uv": [1, 1, 2, 2], "texture": "#0"}, "down": {"uv": [1, 1, 2, 2], "texture": "#0"} } }, { "name": "hexadecagon", "from": [3.25, 7.60218, 4], "to": [3.45, 8.39782, 4.25], "rotation": {"angle": -22.5, "axis": "z", "origin": [5.25, 8, 4.5]}, "faces": { "north": {"uv": [1, 1, 2, 2], "texture": "#0"}, "east": {"uv": [1, 1, 2, 2], "texture": "#0"}, "south": {"uv": [1, 1, 2, 2], "texture": "#0"}, "west": {"uv": [1, 1, 2, 2], "texture": "#0"}, "up": {"uv": [1, 1, 2, 2], "texture": "#0"}, "down": {"uv": [1, 1, 2, 2], "texture": "#0"} } }, { "name": "hexadecagon", "from": [3.25, 7.60218, 4], "to": [3.45, 8.39782, 4.25], "rotation": {"angle": 0, "axis": "y", "origin": [5.25, 8, 4.5]}, "faces": { "north": {"uv": [1, 1, 2, 2], "texture": "#0"}, "east": {"uv": [1, 1, 2, 2], "texture": "#0"}, "south": {"uv": [1, 1, 2, 2], "texture": "#0"}, "west": {"uv": [1, 1, 2, 2], "texture": "#0"}, "up": {"uv": [1, 1, 2, 2], "texture": "#0"}, "down": {"uv": [1, 1, 2, 2], "texture": "#0"} } }, { "name": "hexadecagon", "from": [3.25, 7.60218, 4], "to": [3.45, 8.39782, 4.25], "rotation": {"angle": 22.5, "axis": "z", "origin": [5.25, 8, 4.5]}, "faces": { "north": {"uv": [1, 1, 2, 2], "texture": "#0"}, "east": {"uv": [1, 1, 2, 2], "texture": "#0"}, "south": {"uv": [1, 1, 2, 2], "texture": "#0"}, "west": {"uv": [1, 1, 2, 2], "texture": "#0"}, "up": {"uv": [1, 1, 2, 2], "texture": "#0"}, "down": {"uv": [1, 1, 2, 2], "texture": "#0"} } }, { "name": "hexadecagon", "from": [7.05, 7.60218, 4], "to": [7.25, 8.39782, 4.25], "rotation": {"angle": -22.5, "axis": "z", "origin": [5.25, 8, 4.5]}, "faces": { "north": {"uv": [1, 1, 2, 2], "texture": "#0"}, "east": {"uv": [1, 1, 2, 2], "texture": "#0"}, "south": {"uv": [1, 1, 2, 2], "texture": "#0"}, "west": {"uv": [1, 1, 2, 2], "texture": "#0"}, "up": {"uv": [1, 1, 2, 2], "texture": "#0"}, "down": {"uv": [1, 1, 2, 2], "texture": "#0"} } }, { "name": "hexadecagon", "from": [7.05, 7.60218, 4], "to": [7.25, 8.39782, 4.25], "rotation": {"angle": 0, "axis": "y", "origin": [5.25, 8, 4.5]}, "faces": { "north": {"uv": [1, 1, 2, 2], "texture": "#0"}, "east": {"uv": [1, 1, 2, 2], "texture": "#0"}, "south": {"uv": [1, 1, 2, 2], "texture": "#0"}, "west": {"uv": [1, 1, 2, 2], "texture": "#0"}, "up": {"uv": [1, 1, 2, 2], "texture": "#0"}, "down": {"uv": [1, 1, 2, 2], "texture": "#0"} } }, { "name": "hexadecagon", "from": [7.05, 7.60218, 4], "to": [7.25, 8.39782, 4.25], "rotation": {"angle": 22.5, "axis": "z", "origin": [5.25, 8, 4.5]}, "faces": { "north": {"uv": [1, 1, 2, 2], "texture": "#0"}, "east": {"uv": [1, 1, 2, 2], "texture": "#0"}, "south": {"uv": [1, 1, 2, 2], "texture": "#0"}, "west": {"uv": [1, 1, 2, 2], "texture": "#0"}, "up": {"uv": [1, 1, 2, 2], "texture": "#0"}, "down": {"uv": [1, 1, 2, 2], "texture": "#0"} } }, { "name": "hexadecagon", "from": [10.45163, 9.35, 4], "to": [11.04837, 9.5, 4], "rotation": {"angle": -45, "axis": "z", "origin": [10.75, 8, 4.5]}, "faces": { "north": {"uv": [5, 0, 7.25, 3.25], "texture": "#0"}, "east": {"uv": [5, 1, 6, 2], "texture": "#0"}, "south": {"uv": [6, 0, 7, 1], "texture": "#0"}, "west": {"uv": [5, 0, 8, 3], "texture": "#0"}, "up": {"uv": [5, 1, 6, 2], "texture": "#0"}, "down": {"uv": [5, 1, 6, 2], "texture": "#0"} } }, { "name": "hexadecagon", "from": [4.95163, 9.35, 4], "to": [5.54837, 9.5, 4], "rotation": {"angle": -45, "axis": "z", "origin": [5.25, 8, 4.5]}, "faces": { "north": {"uv": [5, 0, 7.25, 3.25], "texture": "#0"}, "east": {"uv": [5, 1, 6, 2], "texture": "#0"}, "south": {"uv": [5, 0, 7, 3], "texture": "#0"}, "west": {"uv": [5, 0, 8, 3], "texture": "#0"}, "up": {"uv": [5, 1, 6, 2], "texture": "#0"}, "down": {"uv": [5, 1, 6, 2], "texture": "#0"} } }, { "name": "hexadecagon", "from": [10.45163, 9.35, 4], "to": [11.04837, 9.5, 4], "rotation": {"angle": -22.5, "axis": "z", "origin": [10.75, 8, 4.5]}, "faces": { "north": {"uv": [5, 0, 7.25, 3.25], "texture": "#0"}, "east": {"uv": [5, 1, 6, 2], "texture": "#0"}, "south": {"uv": [5, 0, 7, 4], "texture": "#0"}, "west": {"uv": [5, 0, 8, 3], "texture": "#0"}, "up": {"uv": [5, 1, 6, 2], "texture": "#0"}, "down": {"uv": [5, 1, 6, 2], "texture": "#0"} } }, { "name": "hexadecagon", "from": [4.95163, 9.35, 4], "to": [5.54837, 9.5, 4], "rotation": {"angle": -22.5, "axis": "z", "origin": [5.25, 8, 4.5]}, "faces": { "north": {"uv": [5, 0, 7.25, 3.25], "texture": "#0"}, "east": {"uv": [5, 1, 6, 2], "texture": "#0"}, "south": {"uv": [5, 0, 7, 3], "texture": "#0"}, "west": {"uv": [5, 0, 8, 3], "texture": "#0"}, "up": {"uv": [5, 1, 6, 2], "texture": "#0"}, "down": {"uv": [5, 1, 6, 2], "texture": "#0"} } }, { "name": "hexadecagon", "from": [10.45163, 9.35, 4], "to": [11.04837, 9.5, 4], "rotation": {"angle": 0, "axis": "y", "origin": [10.75, 8, 4.5]}, "faces": { "north": {"uv": [5, 0, 7.25, 3.25], "texture": "#0"}, "east": {"uv": [5, 1, 6, 2], "texture": "#0"}, "south": {"uv": [5, 0, 7, 3], "texture": "#0"}, "west": {"uv": [5, 0, 8, 3], "texture": "#0"}, "up": {"uv": [5, 1, 6, 2], "texture": "#0"}, "down": {"uv": [5, 1, 6, 2], "texture": "#0"} } }, { "name": "hexadecagon", "from": [4.95163, 9.35, 4], "to": [5.54837, 9.5, 4], "rotation": {"angle": 0, "axis": "y", "origin": [5.25, 8, 4.5]}, "faces": { "north": {"uv": [5, 0, 7.25, 3.25], "texture": "#0"}, "east": {"uv": [5, 1, 6, 2], "texture": "#0"}, "south": {"uv": [5, 0, 7, 3], "texture": "#0"}, "west": {"uv": [5, 0, 8, 3], "texture": "#0"}, "up": {"uv": [5, 1, 6, 2], "texture": "#0"}, "down": {"uv": [5, 1, 6, 2], "texture": "#0"} } }, { "name": "hexadecagon", "from": [12.1, 7.70163, 4], "to": [12.25, 8.29837, 4], "rotation": {"angle": 22.5, "axis": "z", "origin": [10.75, 8, 4.5]}, "faces": { "north": {"uv": [5, 0, 7.25, 3.25], "texture": "#0"}, "east": {"uv": [5, 1, 6, 2], "texture": "#0"}, "south": {"uv": [6, 0, 7, 3], "texture": "#0"}, "west": {"uv": [5, 0, 8, 3], "texture": "#0"}, "up": {"uv": [5, 1, 6, 2], "texture": "#0"}, "down": {"uv": [5, 1, 6, 2], "texture": "#0"} } }, { "name": "hexadecagon", "from": [6.6, 7.70163, 4], "to": [6.75, 8.29837, 4], "rotation": {"angle": 22.5, "axis": "z", "origin": [5.25, 8, 4.5]}, "faces": { "north": {"uv": [5, 0, 7.25, 3.25], "texture": "#0"}, "east": {"uv": [5, 1, 6, 2], "texture": "#0"}, "south": {"uv": [5, 0, 7, 3], "texture": "#0"}, "west": {"uv": [5, 0, 8, 3], "texture": "#0"}, "up": {"uv": [5, 1, 6, 2], "texture": "#0"}, "down": {"uv": [5, 1, 6, 2], "texture": "#0"} } }, { "name": "hexadecagon", "from": [8.70163, 4.5, 4], "to": [9.29837, 5.15, 4.1], "rotation": {"angle": -22.5, "axis": "z", "origin": [9, 6, 4.5]}, "faces": { "north": {"uv": [1, 14, 2, 15], "texture": "#0"}, "east": {"uv": [1, 14, 2, 15], "texture": "#0"}, "south": {"uv": [1, 14, 2, 15], "texture": "#0"}, "west": {"uv": [1, 14, 2, 15], "texture": "#0"}, "up": {"uv": [1, 14, 2, 15], "texture": "#0"}, "down": {"uv": [1, 14, 2, 15], "texture": "#0"} } }, { "name": "hexadecagon", "from": [6.87404, 4.5, 4], "to": [7.47078, 6.15, 4.1], "rotation": {"angle": 22.5, "axis": "z", "origin": [7.17241, 6, 4.5]}, "faces": { "north": {"uv": [1, 14, 2, 15], "texture": "#0"}, "east": {"uv": [1, 14, 2, 15], "texture": "#0"}, "south": {"uv": [1, 14, 2, 15], "texture": "#0"}, "west": {"uv": [1, 14, 2, 15], "texture": "#0"}, "up": {"uv": [1, 14, 2, 15], "texture": "#0"}, "down": {"uv": [1, 14, 2, 15], "texture": "#0"} } }, { "name": "hexadecagon", "from": [7.944, 4.91737, 4], "to": [8.29074, 5.31737, 4.1], "rotation": {"angle": -45, "axis": "z", "origin": [7.99237, 4.99237, 4.5]}, "faces": { "north": {"uv": [1, 14, 2, 15], "texture": "#0"}, "east": {"uv": [1, 14, 2, 15], "texture": "#0"}, "south": {"uv": [1, 14, 2, 15], "texture": "#0"}, "west": {"uv": [1, 14, 2, 15], "texture": "#0"}, "up": {"uv": [1, 14, 2, 15], "texture": "#0"}, "down": {"uv": [1, 14, 2, 15], "texture": "#0"} } }, { "name": "hexadecagon", "from": [7.88167, 4.91737, 4], "to": [8.2284, 6.81737, 4.1], "rotation": {"angle": 45, "axis": "z", "origin": [8.18004, 4.99237, 4.5]}, "faces": { "north": {"uv": [1, 14, 2, 15], "texture": "#0"}, "east": {"uv": [1, 14, 2, 15], "texture": "#0"}, "south": {"uv": [1, 14, 2, 15], "texture": "#0"}, "west": {"uv": [1, 14, 2, 15], "texture": "#0"}, "up": {"uv": [1, 14, 2, 15], "texture": "#0"}, "down": {"uv": [1, 14, 2, 15], "texture": "#0"} } }, { "name": "hexadecagon", "from": [8.70163, 4.5, 4], "to": [9.29837, 6.15, 4.1], "rotation": {"angle": 0, "axis": "y", "origin": [9, 6, 4.5]}, "faces": { "north": {"uv": [1, 14, 2, 15], "texture": "#0"}, "east": {"uv": [1, 14, 2, 15], "texture": "#0"}, "south": {"uv": [1, 14, 2, 15], "texture": "#0"}, "west": {"uv": [1, 14, 2, 15], "texture": "#0"}, "up": {"uv": [1, 14, 2, 15], "texture": "#0"}, "down": {"uv": [1, 14, 2, 15], "texture": "#0"} } }, { "name": "hexadecagon", "from": [6.87404, 4.5, 4], "to": [7.47078, 5.4, 4.1], "rotation": {"angle": 0, "axis": "y", "origin": [7.17241, 6, 4.5]}, "faces": { "north": {"uv": [1, 14, 2, 15], "texture": "#0"}, "east": {"uv": [1, 14, 2, 15], "texture": "#0"}, "south": {"uv": [1, 14, 2, 15], "texture": "#0"}, "west": {"uv": [1, 14, 2, 15], "texture": "#0"}, "up": {"uv": [1, 14, 2, 15], "texture": "#0"}, "down": {"uv": [1, 14, 2, 15], "texture": "#0"} } }, { "name": "hexadecagon", "from": [8.70163, 4.5, 4], "to": [9.54837, 5.65, 4.1], "rotation": {"angle": 22.5, "axis": "z", "origin": [9, 6, 4.5]}, "faces": { "north": {"uv": [1, 14, 2, 15], "texture": "#0"}, "east": {"uv": [1, 14, 2, 15], "texture": "#0"}, "south": {"uv": [1, 14, 2, 15], "texture": "#0"}, "west": {"uv": [1, 14, 2, 15], "texture": "#0"}, "up": {"uv": [1, 14, 2, 15], "texture": "#0"}, "down": {"uv": [1, 14, 2, 15], "texture": "#0"} } }, { "name": "hexadecagon", "from": [6.62404, 4.5, 4], "to": [7.47078, 5.65, 4.1], "rotation": {"angle": -22.5, "axis": "z", "origin": [7.17241, 6, 4.5]}, "faces": { "north": {"uv": [1, 14, 2, 15], "texture": "#0"}, "east": {"uv": [1, 14, 2, 15], "texture": "#0"}, "south": {"uv": [1, 14, 2, 15], "texture": "#0"}, "west": {"uv": [1, 14, 2, 15], "texture": "#0"}, "up": {"uv": [1, 14, 2, 15], "texture": "#0"}, "down": {"uv": [1, 14, 2, 15], "texture": "#0"} } }, { "name": "hexadecagon", "from": [9.94023, 5.01304, 4], "to": [11.03697, 5.16304, 4.1], "rotation": {"angle": 45, "axis": "z", "origin": [10.2386, 5.08804, 4.5]}, "faces": { "north": {"uv": [1, 14, 2, 15], "texture": "#0"}, "east": {"uv": [1, 14, 2, 15], "texture": "#0"}, "south": {"uv": [1, 14, 2, 15], "texture": "#0"}, "west": {"uv": [1, 14, 2, 15], "texture": "#0"}, "up": {"uv": [1, 14, 2, 15], "texture": "#0"}, "down": {"uv": [1, 14, 2, 15], "texture": "#0"} } }, { "name": "hexadecagon", "from": [5.13544, 5.01304, 4], "to": [6.23218, 5.16304, 4.1], "rotation": {"angle": -45, "axis": "z", "origin": [5.93381, 5.08804, 4.5]}, "faces": { "north": {"uv": [1, 14, 2, 15], "texture": "#0"}, "east": {"uv": [1, 14, 2, 15], "texture": "#0"}, "south": {"uv": [1, 14, 2, 15], "texture": "#0"}, "west": {"uv": [1, 14, 2, 15], "texture": "#0"}, "up": {"uv": [1, 14, 2, 15], "texture": "#0"}, "down": {"uv": [1, 14, 2, 15], "texture": "#0"} } }, { "name": "hexadecagon", "from": [8.81229, 5.4807, 4], "to": [9.50229, 6.3807, 4.1], "rotation": {"angle": -22.5, "axis": "z", "origin": [9.0112, 5.3807, 4.5]}, "faces": { "north": {"uv": [1, 14, 2, 15], "texture": "#0"}, "east": {"uv": [1, 14, 2, 15], "texture": "#0"}, "south": {"uv": [1, 14, 2, 15], "texture": "#0"}, "west": {"uv": [1, 14, 2, 15], "texture": "#0"}, "up": {"uv": [1, 14, 2, 15], "texture": "#0"}, "down": {"uv": [1, 14, 2, 15], "texture": "#0"} } }, { "name": "hexadecagon", "from": [6.67012, 4.9807, 4], "to": [7.36012, 6.3807, 4.1], "rotation": {"angle": 22.5, "axis": "z", "origin": [7.1612, 5.3807, 4.5]}, "faces": { "north": {"uv": [1, 14, 2, 15], "texture": "#0"}, "east": {"uv": [1, 14, 2, 15], "texture": "#0"}, "south": {"uv": [1, 14, 2, 15], "texture": "#0"}, "west": {"uv": [1, 14, 2, 15], "texture": "#0"}, "up": {"uv": [1, 14, 2, 15], "texture": "#0"}, "down": {"uv": [1, 14, 2, 15], "texture": "#0"} } }, { "name": "hexadecagon", "from": [8.81229, 5.7307, 4], "to": [9.21012, 6.3807, 4.1], "rotation": {"angle": 0, "axis": "y", "origin": [9.0112, 5.3807, 4.5]}, "faces": { "north": {"uv": [1, 14, 2, 15], "texture": "#0"}, "east": {"uv": [1, 14, 2, 15], "texture": "#0"}, "south": {"uv": [1, 14, 2, 15], "texture": "#0"}, "west": {"uv": [1, 14, 2, 15], "texture": "#0"}, "up": {"uv": [1, 14, 2, 15], "texture": "#0"}, "down": {"uv": [1, 14, 2, 15], "texture": "#0"} } }, { "name": "hexadecagon", "from": [6.96229, 5.7307, 4], "to": [7.36012, 6.3807, 4.1], "rotation": {"angle": 0, "axis": "y", "origin": [7.1612, 5.3807, 4.5]}, "faces": { "north": {"uv": [1, 14, 2, 15], "texture": "#0"}, "east": {"uv": [1, 14, 2, 15], "texture": "#0"}, "south": {"uv": [1, 14, 2, 15], "texture": "#0"}, "west": {"uv": [1, 14, 2, 15], "texture": "#0"}, "up": {"uv": [1, 14, 2, 15], "texture": "#0"}, "down": {"uv": [1, 14, 2, 15], "texture": "#0"} } }, { "name": "hexadecagon", "from": [8.81229, 5.9807, 4], "to": [9.21012, 6.3807, 4.1], "rotation": {"angle": 22.5, "axis": "z", "origin": [9.0112, 5.3807, 4.5]}, "faces": { "north": {"uv": [1, 14, 2, 15], "texture": "#0"}, "east": {"uv": [1, 14, 2, 15], "texture": "#0"}, "south": {"uv": [1, 14, 2, 15], "texture": "#0"}, "west": {"uv": [1, 14, 2, 15], "texture": "#0"}, "up": {"uv": [1, 14, 2, 15], "texture": "#0"}, "down": {"uv": [1, 14, 2, 15], "texture": "#0"} } }, { "name": "hexadecagon", "from": [6.96229, 5.4807, 4], "to": [7.36012, 6.3807, 4.1], "rotation": {"angle": -22.5, "axis": "z", "origin": [7.1612, 5.3807, 4.5]}, "faces": { "north": {"uv": [1, 14, 2, 15], "texture": "#0"}, "east": {"uv": [1, 14, 2, 15], "texture": "#0"}, "south": {"uv": [1, 14, 2, 15], "texture": "#0"}, "west": {"uv": [1, 14, 2, 15], "texture": "#0"}, "up": {"uv": [1, 14, 2, 15], "texture": "#0"}, "down": {"uv": [1, 14, 2, 15], "texture": "#0"} } }, { "name": "hexadecagon", "from": [8.81229, 5.4807, 4], "to": [9.21012, 6.3807, 4.1], "rotation": {"angle": 45, "axis": "z", "origin": [9.0112, 5.3807, 4.5]}, "faces": { "north": {"uv": [1, 14, 2, 15], "texture": "#0"}, "east": {"uv": [1, 14, 2, 15], "texture": "#0"}, "south": {"uv": [1, 14, 2, 15], "texture": "#0"}, "west": {"uv": [1, 14, 2, 15], "texture": "#0"}, "up": {"uv": [1, 14, 2, 15], "texture": "#0"}, "down": {"uv": [1, 14, 2, 15], "texture": "#0"} } }, { "name": "hexadecagon", "from": [6.96229, 5.2307, 4], "to": [7.36012, 6.3807, 4.1], "rotation": {"angle": -45, "axis": "z", "origin": [7.1612, 5.3807, 4.5]}, "faces": { "north": {"uv": [1, 14, 2, 15], "texture": "#0"}, "east": {"uv": [1, 14, 2, 15], "texture": "#0"}, "south": {"uv": [1, 14, 2, 15], "texture": "#0"}, "west": {"uv": [1, 14, 2, 15], "texture": "#0"}, "up": {"uv": [1, 14, 2, 15], "texture": "#0"}, "down": {"uv": [1, 14, 2, 15], "texture": "#0"} } }, { "name": "hexadecagon", "from": [8.0112, 5.18178, 4], "to": [8.9112, 5.57961, 4.1], "rotation": {"angle": -22.5, "axis": "z", "origin": [9.0112, 5.3807, 4.5]}, "faces": { "north": {"uv": [1, 14, 2, 15], "texture": "#0"}, "east": {"uv": [1, 14, 2, 15], "texture": "#0"}, "south": {"uv": [1, 14, 2, 15], "texture": "#0"}, "west": {"uv": [1, 14, 2, 15], "texture": "#0"}, "up": {"uv": [1, 14, 2, 15], "texture": "#0"}, "down": {"uv": [1, 14, 2, 15], "texture": "#0"} } }, { "name": "hexadecagon", "from": [6.5112, 5.18178, 4], "to": [8.1612, 5.57961, 4.1], "rotation": {"angle": 22.5, "axis": "z", "origin": [7.1612, 5.3807, 4.5]}, "faces": { "north": {"uv": [1, 14, 2, 15], "texture": "#0"}, "east": {"uv": [1, 14, 2, 15], "texture": "#0"}, "south": {"uv": [1, 14, 2, 15], "texture": "#0"}, "west": {"uv": [1, 14, 2, 15], "texture": "#0"}, "up": {"uv": [1, 14, 2, 15], "texture": "#0"}, "down": {"uv": [1, 14, 2, 15], "texture": "#0"} } }, { "name": "hexadecagon", "from": [6.0112, 4.93178, 4], "to": [9.1612, 5.57961, 4.1], "rotation": {"angle": 0, "axis": "y", "origin": [7.1612, 5.1307, 4.5]}, "faces": { "north": {"uv": [1, 14, 2, 15], "texture": "#0"}, "east": {"uv": [1, 14, 2, 15], "texture": "#0"}, "south": {"uv": [1, 14, 2, 15], "texture": "#0"}, "west": {"uv": [1, 14, 2, 15], "texture": "#0"}, "up": {"uv": [1, 14, 2, 15], "texture": "#0"}, "down": {"uv": [1, 14, 2, 15], "texture": "#0"} } }, { "name": "hexadecagon", "from": [9.65538, 4.90518, 4], "to": [10.10429, 5.80518, 4.1], "rotation": {"angle": -45, "axis": "z", "origin": [10.12983, 5.73018, 4.5]}, "faces": { "north": {"uv": [1, 14, 2, 15], "texture": "#0"}, "east": {"uv": [1, 14, 2, 15], "texture": "#0"}, "south": {"uv": [1, 14, 2, 15], "texture": "#0"}, "west": {"uv": [1, 14, 2, 15], "texture": "#0"}, "up": {"uv": [1, 14, 2, 15], "texture": "#0"}, "down": {"uv": [1, 14, 2, 15], "texture": "#0"} } }, { "name": "hexadecagon", "from": [6.06812, 4.90518, 4], "to": [6.51703, 5.80518, 4.1], "rotation": {"angle": 45, "axis": "z", "origin": [6.04258, 5.73018, 4.5]}, "faces": { "north": {"uv": [1, 14, 2, 15], "texture": "#0"}, "east": {"uv": [1, 14, 2, 15], "texture": "#0"}, "south": {"uv": [1, 14, 2, 15], "texture": "#0"}, "west": {"uv": [1, 14, 2, 15], "texture": "#0"}, "up": {"uv": [1, 14, 2, 15], "texture": "#0"}, "down": {"uv": [1, 14, 2, 15], "texture": "#0"} } }, { "name": "hexadecagon", "from": [10.22348, 5.02342, 4], "to": [10.67239, 5.67342, 4.1], "rotation": {"angle": -22.5, "axis": "z", "origin": [10.57293, 6.02342, 4.5]}, "faces": { "north": {"uv": [1, 14, 2, 15], "texture": "#0"}, "east": {"uv": [1, 14, 2, 15], "texture": "#0"}, "south": {"uv": [1, 14, 2, 15], "texture": "#0"}, "west": {"uv": [1, 14, 2, 15], "texture": "#0"}, "up": {"uv": [1, 14, 2, 15], "texture": "#0"}, "down": {"uv": [1, 14, 2, 15], "texture": "#0"} } }, { "name": "hexadecagon", "from": [10.47348, 5.27342, 4], "to": [10.92348, 5.57342, 4.1], "rotation": {"angle": -22.5, "axis": "z", "origin": [10.82293, 6.27342, 4.5]}, "faces": { "north": {"uv": [1, 14, 2, 15], "texture": "#0"}, "east": {"uv": [1, 14, 2, 15], "texture": "#0"}, "south": {"uv": [1, 14, 2, 15], "texture": "#0"}, "west": {"uv": [1, 14, 2, 15], "texture": "#0"}, "up": {"uv": [1, 14, 2, 15], "texture": "#0"}, "down": {"uv": [1, 14, 2, 15], "texture": "#0"} } }, { "name": "hexadecagon", "from": [9.97348, 5.02342, 4], "to": [10.42239, 5.67342, 4.1], "rotation": {"angle": -22.5, "axis": "z", "origin": [10.32293, 6.02342, 4.5]}, "faces": { "north": {"uv": [1, 14, 2, 15], "texture": "#0"}, "east": {"uv": [1, 14, 2, 15], "texture": "#0"}, "south": {"uv": [1, 14, 2, 15], "texture": "#0"}, "west": {"uv": [1, 14, 2, 15], "texture": "#0"}, "up": {"uv": [1, 14, 2, 15], "texture": "#0"}, "down": {"uv": [1, 14, 2, 15], "texture": "#0"} } }, { "name": "hexadecagon", "from": [9.97348, 4.77342, 4], "to": [10.42239, 5.42342, 4.1], "rotation": {"angle": -22.5, "axis": "z", "origin": [10.32293, 5.77342, 4.5]}, "faces": { "north": {"uv": [1, 14, 2, 15], "texture": "#0"}, "east": {"uv": [1, 14, 2, 15], "texture": "#0"}, "south": {"uv": [1, 14, 2, 15], "texture": "#0"}, "west": {"uv": [1, 14, 2, 15], "texture": "#0"}, "up": {"uv": [1, 14, 2, 15], "texture": "#0"}, "down": {"uv": [1, 14, 2, 15], "texture": "#0"} } }, { "name": "hexadecagon", "from": [5.50002, 5.27342, 4], "to": [5.94893, 5.67342, 4.1], "rotation": {"angle": 22.5, "axis": "z", "origin": [5.59947, 6.02342, 4.5]}, "faces": { "north": {"uv": [1, 14, 2, 15], "texture": "#0"}, "east": {"uv": [1, 14, 2, 15], "texture": "#0"}, "south": {"uv": [1, 14, 2, 15], "texture": "#0"}, "west": {"uv": [1, 14, 2, 15], "texture": "#0"}, "up": {"uv": [1, 14, 2, 15], "texture": "#0"}, "down": {"uv": [1, 14, 2, 15], "texture": "#0"} } }, { "name": "hexadecagon", "from": [5.35, 5.25, 4], "to": [5.75, 5.55, 4.1], "rotation": {"angle": 22.5, "axis": "z", "origin": [5.34947, 6.02342, 4.5]}, "faces": { "north": {"uv": [1, 14, 2, 15], "texture": "#0"}, "east": {"uv": [1, 14, 2, 15], "texture": "#0"}, "south": {"uv": [1, 14, 2, 15], "texture": "#0"}, "west": {"uv": [1, 14, 2, 15], "texture": "#0"}, "up": {"uv": [1, 14, 2, 15], "texture": "#0"}, "down": {"uv": [1, 14, 2, 15], "texture": "#0"} } }, { "name": "hexadecagon", "from": [5.6, 4.95, 4], "to": [6, 5.35, 4.1], "rotation": {"angle": 22.5, "axis": "z", "origin": [5.59947, 5.77342, 4.5]}, "faces": { "north": {"uv": [1, 14, 2, 15], "texture": "#0"}, "east": {"uv": [1, 14, 2, 15], "texture": "#0"}, "south": {"uv": [1, 14, 2, 15], "texture": "#0"}, "west": {"uv": [1, 14, 2, 15], "texture": "#0"}, "up": {"uv": [1, 14, 2, 15], "texture": "#0"}, "down": {"uv": [1, 14, 2, 15], "texture": "#0"} } }, { "name": "hexadecagon", "from": [5.75002, 5.27342, 4], "to": [6.19893, 5.67342, 4.1], "rotation": {"angle": 22.5, "axis": "z", "origin": [5.84947, 6.02342, 4.5]}, "faces": { "north": {"uv": [1, 14, 2, 15], "texture": "#0"}, "east": {"uv": [1, 14, 2, 15], "texture": "#0"}, "south": {"uv": [1, 14, 2, 15], "texture": "#0"}, "west": {"uv": [1, 14, 2, 15], "texture": "#0"}, "up": {"uv": [1, 14, 2, 15], "texture": "#0"}, "down": {"uv": [1, 14, 2, 15], "texture": "#0"} } }, { "name": "hexadecagon", "from": [10.47348, 5.52342, 4], "to": [10.67239, 5.67342, 4.1], "rotation": {"angle": 0, "axis": "y", "origin": [10.57293, 6.02342, 4.5]}, "faces": { "north": {"uv": [1, 14, 2, 15], "texture": "#0"}, "east": {"uv": [1, 14, 2, 15], "texture": "#0"}, "south": {"uv": [1, 14, 2, 15], "texture": "#0"}, "west": {"uv": [1, 14, 2, 15], "texture": "#0"}, "up": {"uv": [1, 14, 2, 15], "texture": "#0"}, "down": {"uv": [1, 14, 2, 15], "texture": "#0"} } }, { "name": "hexadecagon", "from": [5.50002, 5.52342, 4], "to": [5.69893, 5.67342, 4.1], "rotation": {"angle": 0, "axis": "y", "origin": [5.59947, 6.02342, 4.5]}, "faces": { "north": {"uv": [1, 14, 2, 15], "texture": "#0"}, "east": {"uv": [1, 14, 2, 15], "texture": "#0"}, "south": {"uv": [1, 14, 2, 15], "texture": "#0"}, "west": {"uv": [1, 14, 2, 15], "texture": "#0"}, "up": {"uv": [1, 14, 2, 15], "texture": "#0"}, "down": {"uv": [1, 14, 2, 15], "texture": "#0"} } }, { "name": "hexadecagon", "from": [10.47348, 5.52342, 4], "to": [10.67239, 5.67342, 4.1], "rotation": {"angle": 22.5, "axis": "z", "origin": [10.57293, 6.02342, 4.5]}, "faces": { "north": {"uv": [1, 14, 2, 15], "texture": "#0"}, "east": {"uv": [1, 14, 2, 15], "texture": "#0"}, "south": {"uv": [1, 14, 2, 15], "texture": "#0"}, "west": {"uv": [1, 14, 2, 15], "texture": "#0"}, "up": {"uv": [1, 14, 2, 15], "texture": "#0"}, "down": {"uv": [1, 14, 2, 15], "texture": "#0"} } }, { "name": "hexadecagon", "from": [5.50002, 5.52342, 4], "to": [5.69893, 5.67342, 4.1], "rotation": {"angle": -22.5, "axis": "z", "origin": [5.59947, 6.02342, 4.5]}, "faces": { "north": {"uv": [1, 14, 2, 15], "texture": "#0"}, "east": {"uv": [1, 14, 2, 15], "texture": "#0"}, "south": {"uv": [1, 14, 2, 15], "texture": "#0"}, "west": {"uv": [1, 14, 2, 15], "texture": "#0"}, "up": {"uv": [1, 14, 2, 15], "texture": "#0"}, "down": {"uv": [1, 14, 2, 15], "texture": "#0"} } }, { "name": "hexadecagon", "from": [5.30801, 5.62774, 4], "to": [5.41407, 5.73381, 4.1], "rotation": {"angle": 22.5, "axis": "z", "origin": [5.38301, 5.63435, 4.05]}, "faces": { "north": {"uv": [1, 14, 2, 15], "rotation": 270, "texture": "#0"}, "east": {"uv": [1, 14, 2, 15], "rotation": 270, "texture": "#0"}, "south": {"uv": [1, 14, 2, 15], "rotation": 270, "texture": "#0"}, "west": {"uv": [1, 14, 2, 15], "rotation": 270, "texture": "#0"}, "up": {"uv": [1, 14, 2, 15], "rotation": 270, "texture": "#0"}, "down": {"uv": [1, 14, 2, 15], "rotation": 270, "texture": "#0"} } }, { "name": "hexadecagon", "from": [10.77443, 5.6158, 4], "to": [10.88049, 5.72187, 4.1], "rotation": {"angle": -22.5, "axis": "z", "origin": [10.82746, 5.66883, 4.05]}, "faces": { "north": {"uv": [1, 14, 2, 15], "texture": "#0"}, "east": {"uv": [1, 14, 2, 15], "texture": "#0"}, "south": {"uv": [1, 14, 2, 15], "texture": "#0"}, "west": {"uv": [1, 14, 2, 15], "texture": "#0"}, "up": {"uv": [1, 14, 2, 15], "texture": "#0"}, "down": {"uv": [1, 14, 2, 15], "texture": "#0"} } } ], "display": { "thirdperson_righthand": { "rotation": [64, 0, -30], "translation": [-2.75, 0.75, 2], "scale": [0.86, 0.86, 0.86] }, "thirdperson_lefthand": { "rotation": [66, 0, 39], "translation": [-3.75, 0, -2], "scale": [0.86, 0.86, 0.86] }, "firstperson_righthand": { "rotation": [0, 0, -30], "translation": [0, 1.75, 3.5], "scale": [0.86, 0.86, 0.86] }, "firstperson_lefthand": { "rotation": [11, 0, -16], "translation": [2.25, 0, 2.25], "scale": [0.86, 0.86, 0.86] }, "ground": { "rotation": [16.75, 0, 0], "translation": [0, -0.75, 0], "scale": [0.69, 0.69, 0.69] }, "gui": { "rotation": [-170.75, 20.5, -175.5], "translation": [0.5, 0, 0], "scale": [1.42, 1.42, 1.42] }, "head": { "rotation": [-4, 0, 0], "translation": [0, -2.5, -2], "scale": [1.42, 1.42, 1.42] }, "fixed": { "rotation": [-69.25, 0, 0], "translation": [0, 4.5, -2.75], "scale": [1.97, 1.97, 1.97] } }, "groups": [ 0, 1, 2, 3, 4, 5, 6, { "name": "hexadecagon", "origin": [8, 8, 8], "color": 0, "children": [7, 8, 9, 10, 11, 12, 13, 14, 15, 16, 17, 18, 19, 20, 21, 22] }, { "name": "hexadecagon", "origin": [8, 8, 8], "color": 0, "children": [23, 24, 25, 26, 27, 28, 29, 30, 31, 32, 33, 34, 35, 36, 37, 38] }, { "name": "hexadecagon", "origin": [8, 8, 8], "color": 0, "children": [39, 40, 41, 42, 43, 44, 45, 46] }, { "name": "hexadecagon", "origin": [8, 8, 8], "color": 0, "children": [47, 48, 49, 50, 51, 52, 53, 54, 55, 56] }, { "name": "hexadecagon", "origin": [8, 8, 8], "color": 0, "children": [] }, { "name": "hexadecagon", "origin": [8, 8, 8], "color": 0, "children": [57, 58, 59, 60, 61, 62, 63, 64, 65, 66, 67] }, { "name": "hexadecagon", "origin": [8, 8, 8], "color": 0, "children": [68, 69, 70, 71, 72, 73, 74, 75, 76, 77, 78, 79, 80, 81, 82, 83] } ] }