{ "credit": "Made with Blockbench", "textures": { "1": "block/stache" }, "elements": [ { "name": "Voxels", "from": [-2.93548, 6.22039, 7.2366], "to": [3.73119, 9.55373, 7.90327], "rotation": {"angle": 0, "axis": "y", "origin": [7.06452, 10.88709, 0.5699]}, "faces": { "north": {"uv": [2.5, 13.5, 0, 14.75], "texture": "#1", "cullface": "west"}, "east": {"uv": [0.5, 6.25, 0.25, 7.5], "texture": "#1", "cullface": "west"}, "south": {"uv": [2.5, 13.5, 5, 14.75], "texture": "#1", "cullface": "west"}, "west": {"uv": [0, 6.25, 0.25, 7.5], "texture": "#1", "cullface": "west"}, "up": {"uv": [13.5, 13, 16, 12.75], "texture": "#1", "cullface": "west"}, "down": {"uv": [2.5, 8.75, 5, 9], "texture": "#1", "cullface": "west"} } }, { "name": "Voxels", "from": [-2.26878, 3.55379, 7.2366], "to": [-1.60212, 6.22046, 7.90327], "rotation": {"angle": 0, "axis": "y", "origin": [7.06452, 10.88709, 0.5699]}, "faces": { "north": {"uv": [0.25, 4.25, 0, 5.25], "texture": "#1", "cullface": "west"}, "east": {"uv": [4, 6.5, 3.75, 7.5], "texture": "#1", "cullface": "west"}, "south": {"uv": [0, 3.25, 0.25, 4.25], "texture": "#1", "cullface": "west"}, "west": {"uv": [0, 2.25, 0.25, 3.25], "texture": "#1", "cullface": "west"}, "up": {"uv": [0.25, 0.25, 0.25, 0.25], "texture": "#1"}, "down": {"uv": [15.75, 12.5, 16, 12.75], "texture": "#1", "cullface": "west"} } }, { "name": "Voxels", "from": [-2.26878, 4.22039, 7.9032], "to": [-1.60212, 7.55373, 8.56987], "rotation": {"angle": 0, "axis": "y", "origin": [7.06452, 10.88709, 0.5699]}, "faces": { "north": {"uv": [2, 6.25, 1.75, 7.5], "texture": "#1", "cullface": "west"}, "east": {"uv": [2.75, 6.25, 2.5, 7.5], "texture": "#1", "cullface": "west"}, "south": {"uv": [2, 6.25, 2.25, 7.5], "texture": "#1", "cullface": "west"}, "west": {"uv": [2.25, 6.25, 2.5, 7.5], "texture": "#1", "cullface": "west"}, "up": {"uv": [3.75, 6.5, 4, 6.25], "texture": "#1", "cullface": "west"}, "down": {"uv": [1.5, 6.25, 1.75, 6.5], "texture": "#1", "cullface": "west"} } }, { "name": "Voxels", "from": [-2.26878, 8.22039, 7.9032], "to": [3.73122, 10.22039, 8.56987], "rotation": {"angle": 0, "axis": "y", "origin": [7.06452, 10.88709, 0.5699]}, "faces": { "north": {"uv": [12.75, 15.25, 10.5, 16], "texture": "#1", "cullface": "west"}, "east": {"uv": [0.5, 2.75, 0.25, 3.5], "texture": "#1", "cullface": "west"}, "south": {"uv": [12.75, 15.25, 15, 16], "texture": "#1", "cullface": "west"}, "west": {"uv": [1.75, 5.25, 2, 6], "texture": "#1", "cullface": "west"}, "up": {"uv": [2.75, 10, 5, 9.75], "texture": "#1", "cullface": "west"}, "down": {"uv": [2.75, 9.5, 5, 9.75], "texture": "#1", "cullface": "west"} } }, { "name": "Voxels", "from": [-2.26878, 9.55379, 7.2366], "to": [17.73122, 10.88713, 7.90327], "rotation": {"angle": 0, "axis": "y", "origin": [7.06452, 10.88709, 0.5699]}, "faces": { "north": {"uv": [7.5, 14.75, 0, 15.25], "texture": "#1", "cullface": "east"}, "east": {"uv": [0.75, 3.5, 0.5, 4], "texture": "#1", "cullface": "east"}, "south": {"uv": [7.5, 14.75, 15, 15.25], "texture": "#1", "cullface": "east"}, "west": {"uv": [0.25, 0, 0.5, 0.5], "texture": "#1", "cullface": "east"}, "up": {"uv": [5, 14.75, 12.5, 14.5], "texture": "#1", "cullface": "east"}, "down": {"uv": [5, 14.25, 12.5, 14.5], "texture": "#1", "cullface": "east"} } }, { "name": "Voxels", "from": [-1.60218, 4.22039, 7.2366], "to": [-0.93552, 6.22039, 7.90327], "rotation": {"angle": 0, "axis": "y", "origin": [7.06452, 10.88709, 0.5699]}, "faces": { "north": {"uv": [0.5, 0.5, 0.25, 1.25], "texture": "#1", "cullface": "west"}, "east": {"uv": [0.25, 0.75, 0, 1.5], "texture": "#1", "cullface": "west"}, "south": {"uv": [0.25, 1.25, 0.5, 2], "texture": "#1", "cullface": "west"}, "west": {"uv": [0.25, 0.25, 0.25, 0.25], "texture": "#1"}, "up": {"uv": [0.25, 0.25, 0.25, 0.25], "texture": "#1"}, "down": {"uv": [4, 6.25, 4.25, 6.5], "texture": "#1", "cullface": "west"} } }, { "name": "Voxels", "from": [-1.60218, 4.88709, 7.9032], "to": [-0.93552, 8.22043, 8.56987], "rotation": {"angle": 0, "axis": "y", "origin": [7.06452, 10.88709, 0.5699]}, "faces": { "north": {"uv": [3, 6.25, 2.75, 7.5], "texture": "#1"}, "east": {"uv": [3.75, 6.25, 3.5, 7.5], "texture": "#1"}, "south": {"uv": [3, 6.25, 3.25, 7.5], "texture": "#1"}, "west": {"uv": [3.25, 6.25, 3.5, 7.5], "texture": "#1"}, "up": {"uv": [0.25, 0.25, 0.25, 0.25], "texture": "#1"}, "down": {"uv": [4.75, 5.25, 5, 5.5], "texture": "#1"} } }, { "name": "Voxels", "from": [-1.60218, 10.22039, 7.9032], "to": [17.06449, 10.88706, 8.56987], "rotation": {"angle": 0, "axis": "y", "origin": [7.06452, 10.88709, 0.5699]}, "faces": { "north": {"uv": [0.5, 0.25, 0.5, 0.25], "texture": "#1"}, "east": {"uv": [2.5, 0.75, 2.25, 1], "texture": "#1"}, "south": {"uv": [0, 13, 7, 13.25], "texture": "#1"}, "west": {"uv": [2.5, 2.75, 2.75, 3], "texture": "#1"}, "up": {"uv": [5, 13.75, 12, 13.5], "texture": "#1"}, "down": {"uv": [0, 13.25, 7, 13.5], "texture": "#1"} } }, { "name": "Voxels", "from": [-1.60218, 10.88709, 7.2366], "to": [17.06449, 11.55376, 7.90327], "rotation": {"angle": 0, "axis": "y", "origin": [7.06452, 10.88709, 0.5699]}, "faces": { "north": {"uv": [14, 13, 7, 13.25], "texture": "#1", "cullface": "east"}, "east": {"uv": [2.5, 1.25, 2.25, 1.5], "texture": "#1", "cullface": "east"}, "south": {"uv": [7, 13.25, 14, 13.5], "texture": "#1", "cullface": "east"}, "west": {"uv": [2.25, 1, 2.5, 1.25], "texture": "#1", "cullface": "east"}, "up": {"uv": [0, 13, 7, 12.75], "texture": "#1", "cullface": "east"}, "down": {"uv": [0.25, 0.25, 0.25, 0.25], "texture": "#1"} } }, { "name": "Voxels", "from": [-0.93548, 4.88709, 7.2366], "to": [0.39785, 6.22043, 7.90327], "rotation": {"angle": 0, "axis": "y", "origin": [7.06452, 10.88709, 0.5699]}, "faces": { "north": {"uv": [12.5, 13.5, 12, 14], "texture": "#1"}, "east": {"uv": [0.75, 1, 0.5, 1.5], "texture": "#1"}, "south": {"uv": [1, 5.5, 1.5, 6], "texture": "#1"}, "west": {"uv": [0.25, 0.25, 0.25, 0.25], "texture": "#1"}, "up": {"uv": [0.5, 0.25, 0.5, 0.25], "texture": "#1"}, "down": {"uv": [15.5, 13, 16, 13.25], "texture": "#1"} } }, { "name": "Voxels", "from": [-0.93548, 5.55379, 7.9032], "to": [-0.26882, 8.22046, 8.56987], "rotation": {"angle": 0, "axis": "y", "origin": [7.06452, 10.88709, 0.5699]}, "faces": { "north": {"uv": [0.75, 5.25, 0.5, 6.25], "texture": "#1"}, "east": {"uv": [1, 5.25, 0.75, 6.25], "texture": "#1"}, "south": {"uv": [0.25, 5.25, 0.5, 6.25], "texture": "#1", "cullface": "south"}, "west": {"uv": [0.25, 0.25, 0.25, 0.25], "texture": "#1"}, "up": {"uv": [0.25, 0.25, 0.25, 0.25], "texture": "#1"}, "down": {"uv": [2.25, 2, 2.5, 2.25], "texture": "#1"} } }, { "name": "Voxels", "from": [-0.93548, 10.88709, 7.9032], "to": [-0.26882, 11.55376, 8.56987], "rotation": {"angle": 0, "axis": "y", "origin": [7.06452, 10.88709, 0.5699]}, "faces": { "north": {"uv": [0.25, 0.25, 0.25, 0.25], "texture": "#1"}, "east": {"uv": [2.25, 1.25, 2, 1.5], "texture": "#1"}, "south": {"uv": [2, 0.25, 2.25, 0.5], "texture": "#1", "cullface": "south"}, "west": {"uv": [2, 0.5, 2.25, 0.75], "texture": "#1", "cullface": "west"}, "up": {"uv": [2.25, 2.75, 2.5, 2.5], "texture": "#1"}, "down": {"uv": [0.25, 0.5, 0.25, 0.5], "texture": "#1"} } }, { "name": "Voxels", "from": [-0.93548, 11.55379, 7.2366], "to": [16.39785, 12.22046, 7.90327], "rotation": {"angle": 0, "axis": "y", "origin": [7.06452, 10.88709, 0.5699]}, "faces": { "north": {"uv": [13.5, 12.75, 7, 13], "texture": "#1", "cullface": "east"}, "east": {"uv": [2.25, 1.75, 2, 2], "texture": "#1", "cullface": "east"}, "south": {"uv": [6.5, 12.5, 13, 12.75], "texture": "#1", "cullface": "east"}, "west": {"uv": [2, 1.5, 2.25, 1.75], "texture": "#1", "cullface": "east"}, "up": {"uv": [0, 12.75, 6.5, 12.5], "texture": "#1", "cullface": "east"}, "down": {"uv": [0.25, 0.25, 0.25, 0.25], "texture": "#1"} } }, { "name": "Voxels", "from": [-0.26878, 6.88709, 7.9032], "to": [1.73122, 8.22043, 8.56987], "rotation": {"angle": 0, "axis": "y", "origin": [7.06452, 10.88709, 0.5699]}, "faces": { "north": {"uv": [0.25, 0.25, 0.25, 0.25], "texture": "#1"}, "east": {"uv": [0.75, 0, 0.5, 0.5], "texture": "#1"}, "south": {"uv": [15, 15.5, 15.75, 16], "texture": "#1", "cullface": "south"}, "west": {"uv": [0.25, 0.25, 0.25, 0.25], "texture": "#1"}, "up": {"uv": [0.25, 0.25, 0.25, 0.25], "texture": "#1"}, "down": {"uv": [1, 5, 1.75, 5.25], "texture": "#1"} } }, { "name": "Voxels", "from": [0.39782, 5.55379, 7.2366], "to": [1.73115, 6.22046, 7.90327], "rotation": {"angle": 0, "axis": "y", "origin": [7.06452, 10.88709, 0.5699]}, "faces": { "north": {"uv": [5, 6.25, 4.5, 6.5], "texture": "#1"}, "east": {"uv": [3.5, 2.75, 3.25, 3], "texture": "#1"}, "south": {"uv": [1, 5.25, 1.5, 5.5], "texture": "#1"}, "west": {"uv": [0.25, 0.25, 0.25, 0.25], "texture": "#1"}, "up": {"uv": [0.25, 0.5, 0.25, 0.5], "texture": "#1"}, "down": {"uv": [4.5, 7.75, 5, 8], "texture": "#1"} } }, { "name": "Voxels", "from": [0.39782, 5.55379, 7.9032], "to": [1.06449, 6.88713, 8.56987], "rotation": {"angle": 0, "axis": "y", "origin": [7.06452, 10.88709, 0.5699]}, "faces": { "north": {"uv": [1, 2.75, 0.75, 3.25], "texture": "#1"}, "east": {"uv": [1.5, 4.25, 1.25, 4.75], "texture": "#1"}, "south": {"uv": [0.75, 4.25, 1, 4.75], "texture": "#1", "cullface": "south"}, "west": {"uv": [1, 4.25, 1.25, 4.75], "texture": "#1"}, "up": {"uv": [0.25, 0.25, 0.25, 0.25], "texture": "#1"}, "down": {"uv": [3, 2.75, 3.25, 3], "texture": "#1"} } }, { "name": "Voxels", "from": [0.39782, 10.88709, 7.9032], "to": [15.06449, 11.55376, 8.56987], "rotation": {"angle": 0, "axis": "y", "origin": [7.06452, 10.88709, 0.5699]}, "faces": { "north": {"uv": [0.25, 0.25, 0.25, 0.25], "texture": "#1"}, "east": {"uv": [2.25, 2.75, 2, 3], "texture": "#1", "cullface": "east"}, "south": {"uv": [6.5, 12.25, 12, 12.5], "texture": "#1", "cullface": "south"}, "west": {"uv": [2.25, 2.75, 2.5, 3], "texture": "#1"}, "up": {"uv": [0, 12, 5.5, 11.75], "texture": "#1"}, "down": {"uv": [0.25, 0.25, 0.25, 0.25], "texture": "#1"} } }, { "name": "Voxels", "from": [1.06452, 6.22039, 7.9032], "to": [1.73119, 6.88706, 8.56987], "rotation": {"angle": 0, "axis": "y", "origin": [7.06452, 10.88709, 0.5699]}, "faces": { "north": {"uv": [0.25, 0.25, 0.25, 0.25], "texture": "#1"}, "east": {"uv": [4.25, 3, 4, 3.25], "texture": "#1"}, "south": {"uv": [4.5, 3, 4.75, 3.25], "texture": "#1", "cullface": "south"}, "west": {"uv": [0.25, 0.25, 0.25, 0.25], "texture": "#1"}, "up": {"uv": [0.25, 0.25, 0.25, 0.25], "texture": "#1"}, "down": {"uv": [1.75, 0, 2, 0.25], "texture": "#1"} } }, { "name": "Voxels", "from": [1.06452, 11.55379, 7.9032], "to": [2.39785, 12.22046, 8.56987], "rotation": {"angle": 0, "axis": "y", "origin": [7.06452, 10.88709, 0.5699]}, "faces": { "north": {"uv": [0.25, 0.25, 0.25, 0.25], "texture": "#1"}, "east": {"uv": [1.75, 0, 1.5, 0.25], "texture": "#1"}, "south": {"uv": [2, 4.5, 2.5, 4.75], "texture": "#1", "cullface": "south"}, "west": {"uv": [1.75, 3, 2, 3.25], "texture": "#1"}, "up": {"uv": [1.5, 4.75, 2, 4.5], "texture": "#1"}, "down": {"uv": [0.25, 0.25, 0.25, 0.25], "texture": "#1"} } }, { "name": "Voxels", "from": [1.06452, 12.22039, 7.2366], "to": [14.39785, 12.88706, 7.90327], "rotation": {"angle": 0, "axis": "y", "origin": [7.06452, 10.88709, 0.5699]}, "faces": { "north": {"uv": [10, 11, 5, 11.25], "texture": "#1"}, "east": {"uv": [1.75, 0.5, 1.5, 0.75], "texture": "#1"}, "south": {"uv": [11, 12, 16, 12.25], "texture": "#1"}, "west": {"uv": [1.5, 0.25, 1.75, 0.5], "texture": "#1"}, "up": {"uv": [0, 11, 5, 10.75], "texture": "#1"}, "down": {"uv": [0.25, 0.25, 0.25, 0.25], "texture": "#1"} } }, { "name": "Voxels", "from": [1.73122, 7.55379, 7.9032], "to": [3.73122, 8.22046, 8.56987], "rotation": {"angle": 0, "axis": "y", "origin": [7.06452, 10.88709, 0.5699]}, "faces": { "north": {"uv": [0.25, 0.25, 0.25, 0.25], "texture": "#1"}, "east": {"uv": [5, 4, 4.75, 4.25], "texture": "#1"}, "south": {"uv": [4.25, 9.25, 5, 9.5], "texture": "#1", "cullface": "south"}, "west": {"uv": [0.25, 0.25, 0.25, 0.25], "texture": "#1"}, "up": {"uv": [0.25, 0.25, 0.25, 0.25], "texture": "#1"}, "down": {"uv": [2.75, 4.75, 3.5, 5], "texture": "#1"} } }, { "name": "Voxels", "from": [2.39782, 5.55379, 7.2366], "to": [3.06449, 6.22046, 8.56993], "rotation": {"angle": 0, "axis": "y", "origin": [7.06452, 10.88709, 0.5699]}, "faces": { "north": {"uv": [1, 0, 0.75, 0.25], "texture": "#1"}, "east": {"uv": [3.5, 4.5, 3, 4.75], "texture": "#1"}, "south": {"uv": [4.75, 4.75, 5, 5], "texture": "#1", "cullface": "south"}, "west": {"uv": [2, 4.25, 2.5, 4.5], "texture": "#1"}, "up": {"uv": [2.75, 4.75, 3, 4.25], "texture": "#1"}, "down": {"uv": [2.5, 4.25, 2.75, 4.75], "texture": "#1"} } }, { "name": "Voxels", "from": [2.39782, 6.22039, 7.9032], "to": [3.06449, 7.55373, 8.56987], "rotation": {"angle": 0, "axis": "y", "origin": [7.06452, 10.88709, 0.5699]}, "faces": { "north": {"uv": [0.25, 0.25, 0.25, 0.25], "texture": "#1"}, "east": {"uv": [4.5, 4.25, 4.25, 4.75], "texture": "#1"}, "south": {"uv": [3.75, 4.25, 4, 4.75], "texture": "#1", "cullface": "south"}, "west": {"uv": [4, 4.25, 4.25, 4.75], "texture": "#1"}, "up": {"uv": [0.5, 0.25, 0.5, 0.25], "texture": "#1"}, "down": {"uv": [0.25, 0, 0.25, 0], "texture": "#1"} } }, { "name": "Voxels", "from": [3.06452, 6.88709, 7.9032], "to": [3.73119, 7.55376, 8.56987], "rotation": {"angle": 0, "axis": "y", "origin": [7.06452, 10.88709, 0.5699]}, "faces": { "north": {"uv": [0.25, 0.25, 0.25, 0.25], "texture": "#1"}, "east": {"uv": [3.25, 2, 3, 2.25], "texture": "#1"}, "south": {"uv": [4, 2, 4.25, 2.25], "texture": "#1", "cullface": "south"}, "west": {"uv": [0.5, 0.25, 0.5, 0.25], "texture": "#1"}, "up": {"uv": [0.25, 0.25, 0.25, 0.25], "texture": "#1"}, "down": {"uv": [2.75, 0.75, 3, 1], "texture": "#1"} } }, { "name": "Voxels", "from": [3.06452, 11.55379, 7.9032], "to": [12.39785, 12.22046, 8.56987], "rotation": {"angle": 0, "axis": "y", "origin": [7.06452, 10.88709, 0.5699]}, "faces": { "north": {"uv": [0.25, 0.25, 0.25, 0.25], "texture": "#1"}, "east": {"uv": [1.75, 2.5, 1.5, 2.75], "texture": "#1"}, "south": {"uv": [12.5, 14.5, 16, 14.75], "texture": "#1", "cullface": "south"}, "west": {"uv": [2.75, 2, 3, 2.25], "texture": "#1"}, "up": {"uv": [12.5, 14.5, 16, 14.25], "texture": "#1"}, "down": {"uv": [0.25, 0.25, 0.25, 0.25], "texture": "#1"} } }, { "name": "Voxels", "from": [3.73122, 6.88709, 7.2366], "to": [4.39788, 9.55376, 7.90327], "rotation": {"angle": 0, "axis": "y", "origin": [7.06452, 10.88709, 0.5699]}, "faces": { "north": {"uv": [4.25, 6.5, 4, 7.5], "texture": "#1"}, "east": {"uv": [5, 6.5, 4.75, 7.5], "texture": "#1"}, "south": {"uv": [4.25, 6.5, 4.5, 7.5], "texture": "#1"}, "west": {"uv": [0.25, 0.25, 0.25, 0.25], "texture": "#1"}, "up": {"uv": [0.25, 0.25, 0.25, 0.25], "texture": "#1"}, "down": {"uv": [1.5, 2.75, 1.75, 3], "texture": "#1"} } }, { "name": "Voxels", "from": [3.73122, 8.88709, 7.9032], "to": [17.73122, 9.55376, 8.56987], "rotation": {"angle": 0, "axis": "y", "origin": [7.06452, 10.88709, 0.5699]}, "faces": { "north": {"uv": [5.25, 11.5, 0, 11.75], "texture": "#1", "cullface": "east"}, "east": {"uv": [1.5, 1.25, 1.25, 1.5], "texture": "#1", "cullface": "east"}, "south": {"uv": [10.75, 11.75, 16, 12], "texture": "#1", "cullface": "east"}, "west": {"uv": [0.25, 0.25, 0.25, 0.25], "texture": "#1"}, "up": {"uv": [5.5, 12, 10.75, 11.75], "texture": "#1", "cullface": "east"}, "down": {"uv": [10.5, 11.5, 15.75, 11.75], "texture": "#1", "cullface": "east"} } }, { "name": "Voxels", "from": [3.73122, 9.55379, 7.9032], "to": [17.06455, 10.22046, 8.56987], "rotation": {"angle": 0, "axis": "y", "origin": [7.06452, 10.88709, 0.5699]}, "faces": { "north": {"uv": [0.25, 0.25, 0.25, 0.25], "texture": "#1"}, "east": {"uv": [2.75, 0.75, 2.5, 1], "texture": "#1", "cullface": "east"}, "south": {"uv": [10, 11, 15, 11.25], "texture": "#1", "cullface": "east"}, "west": {"uv": [0.25, 0.25, 0.25, 0.25], "texture": "#1"}, "up": {"uv": [0.25, 0.25, 0.25, 0.25], "texture": "#1"}, "down": {"uv": [0.25, 0.25, 0.25, 0.25], "texture": "#1"} } }, { "name": "Voxels", "from": [4.39782, 7.55379, 7.2366], "to": [18.39782, 9.55379, 7.90327], "rotation": {"angle": 0, "axis": "y", "origin": [7.06452, 10.88709, 0.5699]}, "faces": { "north": {"uv": [10.5, 15.25, 5.25, 16], "texture": "#1", "cullface": "east"}, "east": {"uv": [0.75, 4, 0.5, 4.75], "texture": "#1", "cullface": "east"}, "south": {"uv": [0, 15.25, 5.25, 16], "texture": "#1", "cullface": "east"}, "west": {"uv": [0.5, 0.25, 0.5, 0.25], "texture": "#1"}, "up": {"uv": [0, 11.5, 5.25, 11.25], "texture": "#1", "cullface": "east"}, "down": {"uv": [5.25, 11.5, 10.5, 11.75], "texture": "#1", "cullface": "east"} } }, { "name": "Voxels", "from": [4.39782, 7.55379, 7.9032], "to": [5.06448, 8.88713, 8.56987], "rotation": {"angle": 0, "axis": "y", "origin": [7.06452, 10.88709, 0.5699]}, "faces": { "north": {"uv": [0.5, 0.25, 0.5, 0.25], "texture": "#1"}, "east": {"uv": [1, 3.25, 0.75, 3.75], "texture": "#1"}, "south": {"uv": [4.75, 4.25, 5, 4.75], "texture": "#1", "cullface": "south"}, "west": {"uv": [0.75, 3.75, 1, 4.25], "texture": "#1"}, "up": {"uv": [0.25, 0.25, 0.25, 0.25], "texture": "#1"}, "down": {"uv": [2.5, 1, 2.75, 1.25], "texture": "#1"} } }, { "name": "Voxels", "from": [4.39782, 12.22039, 7.9032], "to": [7.06449, 12.88706, 8.56987], "rotation": {"angle": 0, "axis": "y", "origin": [7.06452, 10.88709, 0.5699]}, "faces": { "north": {"uv": [0.5, 0.5, 0.5, 0.5], "texture": "#1"}, "east": {"uv": [4.5, 2.75, 4.25, 3], "texture": "#1"}, "south": {"uv": [4, 6, 5, 6.25], "texture": "#1", "cullface": "south"}, "west": {"uv": [4.5, 2.75, 4.75, 3], "texture": "#1"}, "up": {"uv": [3, 5.75, 4, 5.5], "texture": "#1"}, "down": {"uv": [0.25, 0.25, 0.25, 0.25], "texture": "#1"} } }, { "name": "Voxels", "from": [4.39782, 12.88709, 7.2366], "to": [11.06449, 13.55376, 7.90327], "rotation": {"angle": 0, "axis": "y", "origin": [7.06452, 10.88709, 0.5699]}, "faces": { "north": {"uv": [2.5, 9, 0, 9.25], "texture": "#1"}, "east": {"uv": [2.75, 1.25, 2.5, 1.5], "texture": "#1"}, "south": {"uv": [0, 8, 2.5, 8.25], "texture": "#1"}, "west": {"uv": [3.5, 2.5, 3.75, 2.75], "texture": "#1"}, "up": {"uv": [2.5, 9.25, 5, 9], "texture": "#1"}, "down": {"uv": [0.5, 0.25, 0.5, 0.25], "texture": "#1"} } }, { "name": "Voxels", "from": [5.06452, 6.88709, 7.2366], "to": [7.73119, 7.55376, 7.90327], "rotation": {"angle": 0, "axis": "y", "origin": [7.06452, 10.88709, 0.5699]}, "faces": { "north": {"uv": [16, 15.25, 15, 15.5], "texture": "#1"}, "east": {"uv": [1.5, 0.25, 1.25, 0.5], "texture": "#1"}, "south": {"uv": [4, 5.5, 5, 5.75], "texture": "#1"}, "west": {"uv": [1.25, 1, 1.5, 1.25], "texture": "#1"}, "up": {"uv": [0.25, 0.25, 0.25, 0.25], "texture": "#1"}, "down": {"uv": [3, 5.75, 4, 6], "texture": "#1"} } }, { "name": "Voxels", "from": [5.06452, 8.22039, 7.9032], "to": [7.06452, 8.88706, 8.56987], "rotation": {"angle": 0, "axis": "y", "origin": [7.06452, 10.88709, 0.5699]}, "faces": { "north": {"uv": [0.25, 0.25, 0.25, 0.25], "texture": "#1"}, "east": {"uv": [1.75, 2, 1.5, 2.25], "texture": "#1"}, "south": {"uv": [4, 5, 4.75, 5.25], "texture": "#1", "cullface": "south"}, "west": {"uv": [0.25, 0.25, 0.25, 0.25], "texture": "#1"}, "up": {"uv": [0.25, 0.25, 0.25, 0.25], "texture": "#1"}, "down": {"uv": [4, 5.25, 4.75, 5.5], "texture": "#1"} } }, { "name": "Voxels", "from": [5.73122, 6.22039, 7.2366], "to": [6.39788, 6.88706, 7.90327], "rotation": {"angle": 0, "axis": "y", "origin": [7.06452, 10.88709, 0.5699]}, "faces": { "north": {"uv": [1.75, 1.25, 1.5, 1.5], "texture": "#1"}, "east": {"uv": [2, 1.25, 1.75, 1.5], "texture": "#1"}, "south": {"uv": [1.75, 2.25, 2, 2.5], "texture": "#1"}, "west": {"uv": [1.75, 2, 2, 2.25], "texture": "#1"}, "up": {"uv": [0.25, 0.25, 0.25, 0.25], "texture": "#1"}, "down": {"uv": [1.5, 1.75, 1.75, 2], "texture": "#1"} } }, { "name": "Voxels", "from": [5.73122, 6.88709, 7.9032], "to": [6.39788, 8.22043, 8.56987], "rotation": {"angle": 0, "axis": "y", "origin": [7.06452, 10.88709, 0.5699]}, "faces": { "north": {"uv": [1, 2.25, 0.75, 2.75], "texture": "#1"}, "east": {"uv": [1, 0.75, 0.75, 1.25], "texture": "#1"}, "south": {"uv": [0.75, 1.75, 1, 2.25], "texture": "#1", "cullface": "south"}, "west": {"uv": [0.75, 1.25, 1, 1.75], "texture": "#1"}, "up": {"uv": [0.25, 0.25, 0.25, 0.25], "texture": "#1"}, "down": {"uv": [1.75, 1, 2, 1.25], "texture": "#1"} } }, { "name": "Voxels", "from": [6.39782, 7.55379, 7.9032], "to": [7.06448, 8.22046, 8.56987], "rotation": {"angle": 0, "axis": "y", "origin": [7.06452, 10.88709, 0.5699]}, "faces": { "north": {"uv": [0.5, 0.25, 0.5, 0.25], "texture": "#1"}, "east": {"uv": [3.75, 2.25, 3.5, 2.5], "texture": "#1"}, "south": {"uv": [3, 2.25, 3.25, 2.5], "texture": "#1", "cullface": "south"}, "west": {"uv": [0.25, 0.25, 0.25, 0.25], "texture": "#1"}, "up": {"uv": [0.25, 0.25, 0.25, 0.25], "texture": "#1"}, "down": {"uv": [3.75, 2.5, 4, 2.75], "texture": "#1"} } }, { "name": "Voxels", "from": [7.73122, 7.55379, 7.9032], "to": [8.39788, 8.88713, 8.56987], "rotation": {"angle": 0, "axis": "y", "origin": [7.06452, 10.88709, 0.5699]}, "faces": { "north": {"uv": [0.25, 0.25, 0.25, 0.25], "texture": "#1"}, "east": {"uv": [1.75, 3.75, 1.5, 4.25], "texture": "#1"}, "south": {"uv": [1, 3.75, 1.25, 4.25], "texture": "#1", "cullface": "south"}, "west": {"uv": [1.25, 3.75, 1.5, 4.25], "texture": "#1"}, "up": {"uv": [0.25, 0.25, 0.25, 0.25], "texture": "#1"}, "down": {"uv": [3.75, 2.25, 4, 2.5], "texture": "#1"} } }, { "name": "Voxels", "from": [7.73122, 12.22039, 7.9032], "to": [11.06455, 12.88706, 8.56987], "rotation": {"angle": 0, "axis": "y", "origin": [7.06452, 10.88709, 0.5699]}, "faces": { "north": {"uv": [0.25, 0.25, 0.25, 0.25], "texture": "#1"}, "east": {"uv": [3, 1.75, 2.75, 2], "texture": "#1"}, "south": {"uv": [0.5, 7, 1.75, 7.25], "texture": "#1", "cullface": "south"}, "west": {"uv": [4.25, 2, 4.5, 2.25], "texture": "#1"}, "up": {"uv": [0.5, 6.75, 1.75, 6.5], "texture": "#1"}, "down": {"uv": [0.25, 0.25, 0.25, 0.25], "texture": "#1"} } }, { "name": "Voxels", "from": [8.39782, 6.88709, 7.2366], "to": [10.39782, 7.55376, 7.90327], "rotation": {"angle": 0, "axis": "y", "origin": [7.06452, 10.88709, 0.5699]}, "faces": { "north": {"uv": [3.25, 5, 2.5, 5.25], "texture": "#1"}, "east": {"uv": [5, 5, 4.75, 5.25], "texture": "#1"}, "south": {"uv": [1.75, 5, 2.5, 5.25], "texture": "#1"}, "west": {"uv": [2.75, 0, 3, 0.25], "texture": "#1"}, "up": {"uv": [0.25, 0.25, 0.25, 0.25], "texture": "#1"}, "down": {"uv": [2, 4.75, 2.75, 5], "texture": "#1"} } }, { "name": "Voxels", "from": [8.39782, 8.22039, 7.9032], "to": [17.73115, 8.88706, 8.56987], "rotation": {"angle": 0, "axis": "y", "origin": [7.06452, 10.88709, 0.5699]}, "faces": { "north": {"uv": [0.25, 0.25, 0.25, 0.25], "texture": "#1"}, "east": {"uv": [5, 3.5, 4.75, 3.75], "texture": "#1", "cullface": "east"}, "south": {"uv": [12, 12.25, 15.5, 12.5], "texture": "#1", "cullface": "east"}, "west": {"uv": [0.25, 0.25, 0.25, 0.25], "texture": "#1"}, "up": {"uv": [0.25, 0.25, 0.25, 0.25], "texture": "#1"}, "down": {"uv": [0, 10.25, 3.5, 10.5], "texture": "#1", "cullface": "east"} } }, { "name": "Voxels", "from": [9.06452, 6.22039, 7.2366], "to": [9.73119, 6.88706, 8.56993], "rotation": {"angle": 0, "axis": "y", "origin": [7.06452, 10.88709, 0.5699]}, "faces": { "north": {"uv": [1.5, 0.75, 1.25, 1], "texture": "#1"}, "east": {"uv": [2.75, 4, 2.25, 4.25], "texture": "#1"}, "south": {"uv": [1.25, 0.5, 1.5, 0.75], "texture": "#1", "cullface": "south"}, "west": {"uv": [3, 4.25, 3.5, 4.5], "texture": "#1"}, "up": {"uv": [2, 4.25, 2.25, 3.75], "texture": "#1"}, "down": {"uv": [1.75, 3.75, 2, 4.25], "texture": "#1"} } }, { "name": "Voxels", "from": [9.06452, 6.88709, 7.9032], "to": [9.73119, 8.22043, 8.56987], "rotation": {"angle": 0, "axis": "y", "origin": [7.06452, 10.88709, 0.5699]}, "faces": { "north": {"uv": [3, 3.75, 2.75, 4.25], "texture": "#1"}, "east": {"uv": [3.75, 3.75, 3.5, 4.25], "texture": "#1"}, "south": {"uv": [3, 3.75, 3.25, 4.25], "texture": "#1", "cullface": "south"}, "west": {"uv": [3.25, 3.75, 3.5, 4.25], "texture": "#1"}, "up": {"uv": [0.25, 0.25, 0.25, 0.25], "texture": "#1"}, "down": {"uv": [0.25, 0.25, 0.25, 0.25], "texture": "#1"} } }, { "name": "Voxels", "from": [10.39782, 7.55379, 7.9032], "to": [11.73115, 8.22046, 8.56987], "rotation": {"angle": 0, "axis": "y", "origin": [7.06452, 10.88709, 0.5699]}, "faces": { "north": {"uv": [0.25, 0.25, 0.25, 0.25], "texture": "#1"}, "east": {"uv": [1.75, 0.75, 1.5, 1], "texture": "#1"}, "south": {"uv": [4.25, 4, 4.75, 4.25], "texture": "#1", "cullface": "south"}, "west": {"uv": [1.5, 1, 1.75, 1.25], "texture": "#1"}, "up": {"uv": [0.25, 0.25, 0.25, 0.25], "texture": "#1"}, "down": {"uv": [2.25, 3.75, 2.75, 4], "texture": "#1"} } }, { "name": "Voxels", "from": [11.06452, 6.88709, 7.2366], "to": [18.39785, 7.55376, 7.90327], "rotation": {"angle": 0, "axis": "y", "origin": [7.06452, 10.88709, 0.5699]}, "faces": { "north": {"uv": [2.75, 9.75, 0, 10], "texture": "#1", "cullface": "east"}, "east": {"uv": [2.5, 3, 2.25, 3.25], "texture": "#1", "cullface": "east"}, "south": {"uv": [13, 12.5, 15.75, 12.75], "texture": "#1", "cullface": "east"}, "west": {"uv": [2, 3, 2.25, 3.25], "texture": "#1", "cullface": "east"}, "up": {"uv": [0.25, 0.25, 0.25, 0.25], "texture": "#1"}, "down": {"uv": [0, 9.5, 2.75, 9.75], "texture": "#1", "cullface": "east"} } }, { "name": "Voxels", "from": [11.06452, 6.88709, 7.9032], "to": [11.73119, 7.55376, 8.56987], "rotation": {"angle": 0, "axis": "y", "origin": [7.06452, 10.88709, 0.5699]}, "faces": { "north": {"uv": [0.25, 0.25, 0.25, 0.25], "texture": "#1"}, "east": {"uv": [4, 3, 3.75, 3.25], "texture": "#1"}, "south": {"uv": [3.25, 3, 3.5, 3.25], "texture": "#1", "cullface": "south"}, "west": {"uv": [3.5, 3, 3.75, 3.25], "texture": "#1"}, "up": {"uv": [0.25, 0.25, 0.25, 0.25], "texture": "#1"}, "down": {"uv": [2.5, 3, 2.75, 3.25], "texture": "#1"} } }, { "name": "Voxels", "from": [11.73122, 6.22039, 7.2366], "to": [18.39789, 6.88706, 7.90327], "rotation": {"angle": 0, "axis": "y", "origin": [7.06452, 10.88709, 0.5699]}, "faces": { "north": {"uv": [5, 8.5, 2.5, 8.75], "texture": "#1", "cullface": "east"}, "east": {"uv": [2, 2.5, 1.75, 2.75], "texture": "#1", "cullface": "east"}, "south": {"uv": [0, 8.5, 2.5, 8.75], "texture": "#1", "cullface": "east"}, "west": {"uv": [1.75, 2.75, 2, 3], "texture": "#1", "cullface": "east"}, "up": {"uv": [0.5, 0.25, 0.5, 0.25], "texture": "#1"}, "down": {"uv": [2.5, 8.25, 5, 8.5], "texture": "#1", "cullface": "east"} } }, { "name": "Voxels", "from": [12.39782, 5.55379, 7.2366], "to": [13.06449, 6.22046, 8.56993], "rotation": {"angle": 0, "axis": "y", "origin": [7.06452, 10.88709, 0.5699]}, "faces": { "north": {"uv": [2, 1.75, 1.75, 2], "texture": "#1"}, "east": {"uv": [1.75, 3.5, 1.25, 3.75], "texture": "#1"}, "south": {"uv": [1.75, 1.5, 2, 1.75], "texture": "#1", "cullface": "south"}, "west": {"uv": [4.25, 3.75, 4.75, 4], "texture": "#1"}, "up": {"uv": [1, 3.25, 1.25, 2.75], "texture": "#1"}, "down": {"uv": [1, 3.25, 1.25, 3.75], "texture": "#1"} } }, { "name": "Voxels", "from": [12.39782, 6.22039, 7.9032], "to": [13.06449, 8.22039, 8.56987], "rotation": {"angle": 0, "axis": "y", "origin": [7.06452, 10.88709, 0.5699]}, "faces": { "north": {"uv": [1.75, 5.25, 1.5, 6], "texture": "#1"}, "east": {"uv": [0.5, 3.5, 0.25, 4.25], "texture": "#1"}, "south": {"uv": [0, 0, 0.25, 0.75], "texture": "#1", "cullface": "south"}, "west": {"uv": [0.25, 4.25, 0.5, 5], "texture": "#1"}, "up": {"uv": [0.5, 0.25, 0.5, 0.25], "texture": "#1"}, "down": {"uv": [0.5, 0.25, 0.5, 0.25], "texture": "#1"} } }, { "name": "Voxels", "from": [13.06452, 7.55379, 7.9032], "to": [17.06452, 8.22046, 8.56987], "rotation": {"angle": 0, "axis": "y", "origin": [7.06452, 10.88709, 0.5699]}, "faces": { "north": {"uv": [0.75, 0.5, 0.75, 0.5], "texture": "#1"}, "east": {"uv": [4, 2.75, 3.75, 3], "texture": "#1", "cullface": "east"}, "south": {"uv": [14, 13.25, 15.5, 13.5], "texture": "#1", "cullface": "east"}, "west": {"uv": [0.25, 0.25, 0.25, 0.25], "texture": "#1"}, "up": {"uv": [0.5, 0.25, 0.5, 0.25], "texture": "#1"}, "down": {"uv": [2.75, 9.25, 4.25, 9.5], "texture": "#1", "cullface": "east"} } }, { "name": "Voxels", "from": [13.06452, 11.55379, 7.9032], "to": [14.39785, 12.22046, 8.56987], "rotation": {"angle": 0, "axis": "y", "origin": [7.06452, 10.88709, 0.5699]}, "faces": { "north": {"uv": [0.5, 0.25, 0.5, 0.25], "texture": "#1"}, "east": {"uv": [2.25, 2.25, 2, 2.5], "texture": "#1"}, "south": {"uv": [3.25, 3.5, 3.75, 3.75], "texture": "#1", "cullface": "south"}, "west": {"uv": [2, 2.5, 2.25, 2.75], "texture": "#1"}, "up": {"uv": [2.25, 3.75, 2.75, 3.5], "texture": "#1"}, "down": {"uv": [0.25, 0.5, 0.25, 0.5], "texture": "#1"} } }, { "name": "Voxels", "from": [13.73122, 5.55379, 7.2366], "to": [17.73122, 6.22046, 7.90327], "rotation": {"angle": 0, "axis": "y", "origin": [7.06452, 10.88709, 0.5699]}, "faces": { "north": {"uv": [1.5, 7.75, 0, 8], "texture": "#1", "cullface": "east"}, "east": {"uv": [2.25, 0.75, 2, 1], "texture": "#1", "cullface": "east"}, "south": {"uv": [2.5, 8, 4, 8.25], "texture": "#1", "cullface": "east"}, "west": {"uv": [2, 1, 2.25, 1.25], "texture": "#1", "cullface": "east"}, "up": {"uv": [0.25, 0.25, 0.25, 0.25], "texture": "#1"}, "down": {"uv": [3, 7.5, 4.5, 7.75], "texture": "#1", "cullface": "east"} } }, { "name": "Voxels", "from": [13.73122, 6.88709, 7.9032], "to": [17.73122, 7.55376, 8.56987], "rotation": {"angle": 0, "axis": "y", "origin": [7.06452, 10.88709, 0.5699]}, "faces": { "north": {"uv": [0.25, 0.25, 0.25, 0.25], "texture": "#1"}, "east": {"uv": [3, 2.5, 2.75, 2.75], "texture": "#1", "cullface": "east"}, "south": {"uv": [1.5, 7.5, 3, 7.75], "texture": "#1", "cullface": "east"}, "west": {"uv": [2.5, 2.5, 2.75, 2.75], "texture": "#1", "cullface": "east"}, "up": {"uv": [3, 8, 4.5, 7.75], "texture": "#1", "cullface": "east"}, "down": {"uv": [1.5, 7.75, 3, 8], "texture": "#1", "cullface": "east"} } }, { "name": "Voxels", "from": [14.39782, 5.55379, 7.9032], "to": [15.06449, 6.88713, 8.56987], "rotation": {"angle": 0, "axis": "y", "origin": [7.06452, 10.88709, 0.5699]}, "faces": { "north": {"uv": [1.25, 2.25, 1, 2.75], "texture": "#1"}, "east": {"uv": [1.25, 0.75, 1, 1.25], "texture": "#1", "cullface": "east"}, "south": {"uv": [1, 1.75, 1.25, 2.25], "texture": "#1", "cullface": "south"}, "west": {"uv": [1, 1.25, 1.25, 1.75], "texture": "#1"}, "up": {"uv": [0.25, 0.25, 0.25, 0.25], "texture": "#1"}, "down": {"uv": [3, 2.5, 3.25, 2.75], "texture": "#1"} } }, { "name": "Voxels", "from": [15.06452, 4.88709, 7.2366], "to": [17.73119, 5.55376, 7.90327], "rotation": {"angle": 0, "axis": "y", "origin": [7.06452, 10.88709, 0.5699]}, "faces": { "north": {"uv": [1.5, 6.25, 0.5, 6.5], "texture": "#1", "cullface": "east"}, "east": {"uv": [2.5, 1.5, 2.25, 1.75], "texture": "#1", "cullface": "east"}, "south": {"uv": [1, 6, 2, 6.25], "texture": "#1", "cullface": "east"}, "west": {"uv": [2.25, 1.75, 2.5, 2], "texture": "#1", "cullface": "east"}, "up": {"uv": [0.25, 0.25, 0.25, 0.25], "texture": "#1"}, "down": {"uv": [4, 8, 5, 8.25], "texture": "#1", "cullface": "east"} } }, { "name": "Voxels", "from": [15.06452, 6.22039, 7.9032], "to": [17.73119, 6.88706, 8.56987], "rotation": {"angle": 0, "axis": "y", "origin": [7.06452, 10.88709, 0.5699]}, "faces": { "north": {"uv": [0.25, 0.25, 0.25, 0.25], "texture": "#1"}, "east": {"uv": [2.5, 0, 2.25, 0.25], "texture": "#1"}, "south": {"uv": [3, 6, 4, 6.25], "texture": "#1"}, "west": {"uv": [0.25, 0.25, 0.25, 0.25], "texture": "#1"}, "up": {"uv": [0.25, 0.25, 0.25, 0.25], "texture": "#1"}, "down": {"uv": [2, 6, 3, 6.25], "texture": "#1"} } }, { "name": "Voxels", "from": [15.73122, 4.88709, 7.9032], "to": [16.39789, 6.22043, 8.56987], "rotation": {"angle": 0, "axis": "y", "origin": [7.06452, 10.88709, 0.5699]}, "faces": { "north": {"uv": [1.25, 0.25, 1, 0.75], "texture": "#1", "cullface": "east"}, "east": {"uv": [1.5, 2, 1.25, 2.5], "texture": "#1", "cullface": "east"}, "south": {"uv": [1.25, 3, 1.5, 3.5], "texture": "#1", "cullface": "east"}, "west": {"uv": [1.25, 2.5, 1.5, 3], "texture": "#1", "cullface": "east"}, "up": {"uv": [0.25, 0.25, 0.25, 0.25], "texture": "#1"}, "down": {"uv": [2.5, 2.25, 2.75, 2.5], "texture": "#1", "cullface": "east"} } }, { "name": "Voxels", "from": [15.73122, 10.88709, 7.9032], "to": [16.39789, 11.55376, 8.56987], "rotation": {"angle": 0, "axis": "y", "origin": [7.06452, 10.88709, 0.5699]}, "faces": { "north": {"uv": [0.25, 0.25, 0.25, 0.25], "texture": "#1"}, "east": {"uv": [2.75, 1.75, 2.5, 2], "texture": "#1", "cullface": "east"}, "south": {"uv": [4.75, 2.25, 5, 2.5], "texture": "#1", "cullface": "east"}, "west": {"uv": [2.5, 2, 2.75, 2.25], "texture": "#1", "cullface": "east"}, "up": {"uv": [4.25, 2.5, 4.5, 2.25], "texture": "#1", "cullface": "east"}, "down": {"uv": [0.5, 0.25, 0.5, 0.25], "texture": "#1"} } }, { "name": "Voxels", "from": [16.39782, 4.22039, 7.2366], "to": [17.73115, 4.88706, 7.90327], "rotation": {"angle": 0, "axis": "y", "origin": [7.06452, 10.88709, 0.5699]}, "faces": { "north": {"uv": [2, 3.25, 1.5, 3.5], "texture": "#1", "cullface": "east"}, "east": {"uv": [2.75, 0.25, 2.5, 0.5], "texture": "#1", "cullface": "east"}, "south": {"uv": [2, 3.25, 2.5, 3.5], "texture": "#1", "cullface": "east"}, "west": {"uv": [2.5, 0.5, 2.75, 0.75], "texture": "#1", "cullface": "east"}, "up": {"uv": [0.25, 0.25, 0.25, 0.25], "texture": "#1"}, "down": {"uv": [3.75, 3.5, 4.25, 3.75], "texture": "#1", "cullface": "east"} } }, { "name": "Voxels", "from": [16.39782, 5.55379, 7.9032], "to": [17.73115, 6.22046, 8.56987], "rotation": {"angle": 0, "axis": "y", "origin": [7.06452, 10.88709, 0.5699]}, "faces": { "north": {"uv": [0.25, 0.25, 0.25, 0.25], "texture": "#1"}, "east": {"uv": [4, 2, 3.75, 2.25], "texture": "#1", "cullface": "east"}, "south": {"uv": [4, 3.25, 4.5, 3.5], "texture": "#1", "cullface": "east"}, "west": {"uv": [0.25, 0.25, 0.25, 0.25], "texture": "#1"}, "up": {"uv": [0.25, 0.25, 0.25, 0.25], "texture": "#1"}, "down": {"uv": [2.5, 3.25, 3, 3.5], "texture": "#1", "cullface": "east"} } }, { "name": "Voxels", "from": [17.06452, 3.55379, 7.2366], "to": [17.73119, 4.22046, 8.56993], "rotation": {"angle": 0, "axis": "y", "origin": [7.06452, 10.88709, 0.5699]}, "faces": { "north": {"uv": [4.75, 2, 4.5, 2.25], "texture": "#1", "cullface": "east"}, "east": {"uv": [16, 13.25, 15.5, 13.5], "texture": "#1", "cullface": "east"}, "south": {"uv": [4.75, 2, 5, 2.25], "texture": "#1", "cullface": "east"}, "west": {"uv": [12, 14, 12.5, 14.25], "texture": "#1", "cullface": "east"}, "up": {"uv": [15.75, 16, 16, 15.5], "texture": "#1", "cullface": "east"}, "down": {"uv": [1.25, 1.5, 1.5, 2], "texture": "#1", "cullface": "east"} } }, { "name": "Voxels", "from": [17.06452, 4.22039, 7.9032], "to": [17.73119, 5.55373, 8.56987], "rotation": {"angle": 0, "axis": "y", "origin": [7.06452, 10.88709, 0.5699]}, "faces": { "north": {"uv": [16, 14.75, 15.75, 15.25], "texture": "#1", "cullface": "east"}, "east": {"uv": [0.75, 2, 0.5, 2.5], "texture": "#1", "cullface": "east"}, "south": {"uv": [0.5, 3, 0.75, 3.5], "texture": "#1", "cullface": "east"}, "west": {"uv": [0.5, 2.5, 0.75, 3], "texture": "#1", "cullface": "east"}, "up": {"uv": [0.25, 0.25, 0.25, 0.25], "texture": "#1"}, "down": {"uv": [0.25, 0.25, 0.25, 0.25], "texture": "#1"} } } ], "display": { "thirdperson_righthand": { "rotation": [89, 141, 0], "translation": [-1, -2, -0.75], "scale": [0.2, 0.2, 0.2] }, "thirdperson_lefthand": { "rotation": [89, 141, 0], "translation": [-1, -2, -0.75], "scale": [0.2, 0.2, 0.2] }, "firstperson_righthand": { "rotation": [22, 99, 14], "translation": [0, 3.826, 2.0869], "scale": [0.2, 0.2, 0.2] }, "firstperson_lefthand": { "rotation": [22, 99, 14], "translation": [0, 3.826, 2.0869], "scale": [0.2, 0.2, 0.2] }, "ground": { "rotation": [-90, 0, 0], "scale": [0.3, 0.3, 0.3] }, "gui": { "scale": [0.5, 0.5, 0.5] }, "head": { "translation": [0, -6.25, -6.5], "scale": [0.27, 0.27, -0.27] }, "fixed": { "translation": [-1, 1, 4], "scale": [0.5, 0.5, -0.5] } } }