{ "credit": "Made with Blockbench", "textures": { "0": "block/etsuglasses" }, "elements": [ { "from": [29.97503, 4.40161, 19.00677], "to": [30.47503, 6.04161, 20.36677], "rotation": {"angle": 0, "axis": "y", "origin": [29.97503, 7.89496, 16.52495]}, "faces": { "north": {"uv": [14.875, 0.625, 15.2, 1.3], "texture": "#0"}, "east": {"uv": [14.875, 0.625, 15.2, 1.3], "texture": "#0"}, "south": {"uv": [14.875, 0.625, 15.2, 1.3], "texture": "#0"}, "west": {"uv": [14.875, 0.625, 15.2, 1.3], "texture": "#0"}, "up": {"uv": [14.875, 0.625, 15.2, 1.3], "texture": "#0"}, "down": {"uv": [14.875, 0.625, 15.2, 1.3], "texture": "#0"} } }, { "from": [-14.47503, 4.40161, 19.00677], "to": [-13.97503, 6.04161, 20.36677], "rotation": {"angle": 0, "axis": "y", "origin": [-13.97503, 7.89496, 16.52495]}, "faces": { "north": {"uv": [14.875, 0.625, 15.2, 1.3], "texture": "#0"}, "east": {"uv": [14.875, 0.625, 15.2, 1.3], "texture": "#0"}, "south": {"uv": [14.875, 0.625, 15.2, 1.3], "texture": "#0"}, "west": {"uv": [14.875, 0.625, 15.2, 1.3], "texture": "#0"}, "up": {"uv": [14.875, 0.625, 15.2, 1.3], "texture": "#0"}, "down": {"uv": [14.875, 0.625, 15.2, 1.3], "texture": "#0"} } }, { "from": [29.97503, 5.61728, 19.2747], "to": [30.47503, 7.59728, 20.1547], "rotation": {"angle": 22.5, "axis": "x", "origin": [29.97503, 7.89496, 16.52495]}, "faces": { "north": {"uv": [14.875, 0.625, 15.2, 1.3], "texture": "#0"}, "east": {"uv": [14.875, 0.625, 15.2, 1.3], "texture": "#0"}, "south": {"uv": [14.875, 0.625, 15.2, 1.3], "texture": "#0"}, "west": {"uv": [14.875, 0.625, 15.2, 1.3], "texture": "#0"}, "up": {"uv": [14.875, 0.625, 15.2, 1.3], "texture": "#0"}, "down": {"uv": [14.875, 0.625, 15.2, 1.3], "texture": "#0"} } }, { "from": [-14.47503, 5.61728, 19.2747], "to": [-13.97503, 7.59728, 20.1547], "rotation": {"angle": 22.5, "axis": "x", "origin": [-13.97503, 7.89496, 16.52495]}, "faces": { "north": {"uv": [14.875, 0.625, 15.2, 1.3], "texture": "#0"}, "east": {"uv": [14.875, 0.625, 15.2, 1.3], "texture": "#0"}, "south": {"uv": [14.875, 0.625, 15.2, 1.3], "texture": "#0"}, "west": {"uv": [14.875, 0.625, 15.2, 1.3], "texture": "#0"}, "up": {"uv": [14.875, 0.625, 15.2, 1.3], "texture": "#0"}, "down": {"uv": [14.875, 0.625, 15.2, 1.3], "texture": "#0"} } }, { "from": [29.97503, 6.84294, 19.15701], "to": [30.47503, 8.82294, 19.93701], "rotation": {"angle": 45, "axis": "x", "origin": [29.97503, 7.89496, 16.52495]}, "faces": { "north": {"uv": [14.875, 0.625, 15.2, 1.3], "texture": "#0"}, "east": {"uv": [14.875, 0.625, 15.2, 1.3], "texture": "#0"}, "south": {"uv": [14.875, 0.625, 15.2, 1.3], "texture": "#0"}, "west": {"uv": [14.875, 0.625, 15.2, 1.3], "texture": "#0"}, "up": {"uv": [14.875, 0.625, 15.2, 1.3], "texture": "#0"}, "down": {"uv": [14.875, 0.625, 15.2, 1.3], "texture": "#0"} } }, { "from": [-14.47503, 6.84294, 19.15701], "to": [-13.97503, 8.82294, 19.93701], "rotation": {"angle": 45, "axis": "x", "origin": [-13.97503, 7.89496, 16.52495]}, "faces": { "north": {"uv": [14.875, 0.625, 15.2, 1.3], "texture": "#0"}, "east": {"uv": [14.875, 0.625, 15.2, 1.3], "texture": "#0"}, "south": {"uv": [14.875, 0.625, 15.2, 1.3], "texture": "#0"}, "west": {"uv": [14.875, 0.625, 15.2, 1.3], "texture": "#0"}, "up": {"uv": [14.875, 0.625, 15.2, 1.3], "texture": "#0"}, "down": {"uv": [14.875, 0.625, 15.2, 1.3], "texture": "#0"} } }, { "from": [29.97503, 5.06098, 16.55451], "to": [30.47503, 8.50098, 17.81451], "rotation": {"angle": -22.5, "axis": "x", "origin": [29.97503, 7.89496, 16.52495]}, "faces": { "north": {"uv": [14.875, 0.625, 15.2, 1.3], "rotation": 270, "texture": "#0"}, "east": {"uv": [14.875, 0.625, 15.2, 1.3], "rotation": 270, "texture": "#0"}, "south": {"uv": [14.875, 0.625, 15.2, 1.3], "rotation": 270, "texture": "#0"}, "west": {"uv": [14.875, 0.625, 15.2, 1.3], "rotation": 270, "texture": "#0"}, "up": {"uv": [14.875, 0.625, 15.2, 1.3], "rotation": 270, "texture": "#0"}, "down": {"uv": [14.875, 0.625, 15.2, 1.3], "rotation": 270, "texture": "#0"} } }, { "from": [-14.47503, 5.06098, 16.55451], "to": [-13.97503, 8.50098, 17.81451], "rotation": {"angle": -22.5, "axis": "x", "origin": [-13.97503, 7.89496, 16.52495]}, "faces": { "north": {"uv": [14.875, 0.625, 15.2, 1.3], "rotation": 90, "texture": "#0"}, "east": {"uv": [14.875, 0.625, 15.2, 1.3], "rotation": 90, "texture": "#0"}, "south": {"uv": [14.875, 0.625, 15.2, 1.3], "rotation": 90, "texture": "#0"}, "west": {"uv": [14.875, 0.625, 15.2, 1.3], "rotation": 90, "texture": "#0"}, "up": {"uv": [14.875, 0.625, 15.2, 1.3], "rotation": 90, "texture": "#0"}, "down": {"uv": [14.875, 0.625, 15.2, 1.3], "rotation": 90, "texture": "#0"} } }, { "from": [29.97503, 5.00387, 16.77592], "to": [30.47503, 11.48387, 17.27592], "rotation": {"angle": -45, "axis": "x", "origin": [29.97503, 7.89496, 16.52495]}, "faces": { "north": {"uv": [14.875, 0.625, 15.2, 1.3], "rotation": 270, "texture": "#0"}, "east": {"uv": [14.875, 0.625, 15.2, 1.3], "rotation": 270, "texture": "#0"}, "south": {"uv": [14.875, 0.625, 15.2, 1.3], "rotation": 270, "texture": "#0"}, "west": {"uv": [14.875, 0.625, 15.2, 1.3], "rotation": 270, "texture": "#0"}, "up": {"uv": [14.875, 0.625, 15.2, 1.3], "rotation": 270, "texture": "#0"}, "down": {"uv": [14.875, 0.625, 15.2, 1.3], "rotation": 270, "texture": "#0"} } }, { "from": [-14.47503, 5.00387, 16.77592], "to": [-13.97503, 11.48387, 17.27592], "rotation": {"angle": -45, "axis": "x", "origin": [-13.97503, 7.89496, 16.52495]}, "faces": { "north": {"uv": [14.875, 0.625, 15.2, 1.3], "rotation": 90, "texture": "#0"}, "east": {"uv": [14.875, 0.625, 15.2, 1.3], "rotation": 90, "texture": "#0"}, "south": {"uv": [14.875, 0.625, 15.2, 1.3], "rotation": 90, "texture": "#0"}, "west": {"uv": [14.875, 0.625, 15.2, 1.3], "rotation": 90, "texture": "#0"}, "up": {"uv": [14.875, 0.625, 15.2, 1.3], "rotation": 90, "texture": "#0"}, "down": {"uv": [14.875, 0.625, 15.2, 1.3], "rotation": 90, "texture": "#0"} } }, { "from": [29.97503, 11.30672, 15.3834], "to": [30.47503, 12.88672, 15.8834], "rotation": {"angle": -22.5, "axis": "x", "origin": [29.97503, 7.89496, 16.52495]}, "faces": { "north": {"uv": [14.875, 0.625, 15.2, 1.3], "rotation": 270, "texture": "#0"}, "east": {"uv": [14.875, 0.625, 15.2, 1.3], "rotation": 270, "texture": "#0"}, "south": {"uv": [14.875, 0.625, 15.2, 1.3], "rotation": 270, "texture": "#0"}, "west": {"uv": [14.875, 0.625, 15.2, 1.3], "rotation": 270, "texture": "#0"}, "up": {"uv": [14.875, 0.625, 15.2, 1.3], "rotation": 270, "texture": "#0"}, "down": {"uv": [14.875, 0.625, 15.2, 1.3], "rotation": 270, "texture": "#0"} } }, { "from": [-14.47503, 11.30672, 15.3834], "to": [-13.97503, 12.88672, 15.8834], "rotation": {"angle": -22.5, "axis": "x", "origin": [-13.97503, 7.89496, 16.52495]}, "faces": { "north": {"uv": [14.875, 0.625, 15.2, 1.3], "rotation": 90, "texture": "#0"}, "east": {"uv": [14.875, 0.625, 15.2, 1.3], "rotation": 90, "texture": "#0"}, "south": {"uv": [14.875, 0.625, 15.2, 1.3], "rotation": 90, "texture": "#0"}, "west": {"uv": [14.875, 0.625, 15.2, 1.3], "rotation": 90, "texture": "#0"}, "up": {"uv": [14.875, 0.625, 15.2, 1.3], "rotation": 90, "texture": "#0"}, "down": {"uv": [14.875, 0.625, 15.2, 1.3], "rotation": 90, "texture": "#0"} } }, { "from": [29.97503, 3.19733, 18.73748], "to": [30.47503, 4.45733, 19.33748], "rotation": {"angle": -22.5, "axis": "x", "origin": [29.97503, 7.89496, 16.52495]}, "faces": { "north": {"uv": [14.875, 0.625, 15.2, 1.3], "texture": "#0"}, "east": {"uv": [14.875, 0.625, 15.2, 1.3], "texture": "#0"}, "south": {"uv": [14.875, 0.625, 15.2, 1.3], "texture": "#0"}, "west": {"uv": [14.875, 0.625, 15.2, 1.3], "texture": "#0"}, "up": {"uv": [14.875, 0.625, 15.2, 1.3], "texture": "#0"}, "down": {"uv": [14.875, 0.625, 15.2, 1.3], "texture": "#0"} } }, { "from": [-14.47503, 3.19733, 18.73748], "to": [-13.97503, 4.45733, 19.33748], "rotation": {"angle": -22.5, "axis": "x", "origin": [-13.97503, 7.89496, 16.52495]}, "faces": { "north": {"uv": [14.875, 0.625, 15.2, 1.3], "texture": "#0"}, "east": {"uv": [14.875, 0.625, 15.2, 1.3], "texture": "#0"}, "south": {"uv": [14.875, 0.625, 15.2, 1.3], "texture": "#0"}, "west": {"uv": [14.875, 0.625, 15.2, 1.3], "texture": "#0"}, "up": {"uv": [14.875, 0.625, 15.2, 1.3], "texture": "#0"}, "down": {"uv": [14.875, 0.625, 15.2, 1.3], "texture": "#0"} } }, { "from": [29.97503, 2.4786, 17.32569], "to": [30.47503, 2.9786, 17.50569], "rotation": {"angle": -45, "axis": "x", "origin": [29.97503, 7.89496, 16.52495]}, "faces": { "north": {"uv": [14.875, 0.625, 15.2, 1.3], "texture": "#0"}, "east": {"uv": [14.875, 0.625, 15.2, 1.3], "texture": "#0"}, "south": {"uv": [14.875, 0.625, 15.2, 1.3], "texture": "#0"}, "west": {"uv": [14.875, 0.625, 15.2, 1.3], "texture": "#0"}, "up": {"uv": [14.875, 0.625, 15.2, 1.3], "texture": "#0"}, "down": {"uv": [14.875, 0.625, 15.2, 1.3], "texture": "#0"} } }, { "from": [-14.47503, 2.4786, 17.32569], "to": [-13.97503, 2.9786, 17.50569], "rotation": {"angle": -45, "axis": "x", "origin": [-13.97503, 7.89496, 16.52495]}, "faces": { "north": {"uv": [14.875, 0.625, 15.2, 1.3], "texture": "#0"}, "east": {"uv": [14.875, 0.625, 15.2, 1.3], "texture": "#0"}, "south": {"uv": [14.875, 0.625, 15.2, 1.3], "texture": "#0"}, "west": {"uv": [14.875, 0.625, 15.2, 1.3], "texture": "#0"}, "up": {"uv": [14.875, 0.625, 15.2, 1.3], "texture": "#0"}, "down": {"uv": [14.875, 0.625, 15.2, 1.3], "texture": "#0"} } }, { "from": [29.97503, 8.52732, 10.38968], "to": [30.47503, 9.32732, 21.48968], "rotation": {"angle": 45, "axis": "x", "origin": [29.97503, 7.89496, 16.52495]}, "faces": { "north": {"uv": [14.875, 0.625, 15.2, 1.3], "texture": "#0"}, "east": {"uv": [14.875, 0.625, 15.2, 1.3], "texture": "#0"}, "south": {"uv": [14.875, 0.625, 15.2, 1.3], "texture": "#0"}, "west": {"uv": [14.875, 0.625, 15.2, 1.3], "texture": "#0"}, "up": {"uv": [14.875, 0.625, 15.2, 1.3], "texture": "#0"}, "down": {"uv": [14.875, 0.625, 15.2, 1.3], "texture": "#0"} } }, { "from": [-14.47503, 8.52732, 10.38968], "to": [-13.97503, 9.32732, 21.48968], "rotation": {"angle": 45, "axis": "x", "origin": [-13.97503, 7.89496, 16.52495]}, "faces": { "north": {"uv": [14.875, 0.625, 15.2, 1.3], "texture": "#0"}, "east": {"uv": [14.875, 0.625, 15.2, 1.3], "texture": "#0"}, "south": {"uv": [14.875, 0.625, 15.2, 1.3], "texture": "#0"}, "west": {"uv": [14.875, 0.625, 15.2, 1.3], "texture": "#0"}, "up": {"uv": [14.875, 0.625, 15.2, 1.3], "texture": "#0"}, "down": {"uv": [14.875, 0.625, 15.2, 1.3], "texture": "#0"} } }, { "from": [29.97503, 13.30329, 4.05], "to": [30.47503, 14.10329, 11.13], "rotation": {"angle": 0, "axis": "x", "origin": [29.97503, 7.89496, 15.72495]}, "faces": { "north": {"uv": [14.875, 0.625, 15.2, 1.3], "texture": "#0"}, "east": {"uv": [14.875, 0.625, 15.2, 1.3], "texture": "#0"}, "south": {"uv": [14.875, 0.625, 15.2, 1.3], "texture": "#0"}, "west": {"uv": [14.875, 0.625, 15.2, 1.3], "texture": "#0"}, "up": {"uv": [14.875, 0.625, 15.2, 1.3], "texture": "#0"}, "down": {"uv": [14.875, 0.625, 15.2, 1.3], "texture": "#0"} } }, { "from": [-14.47503, 13.30329, 4.05], "to": [-13.97503, 14.10329, 11.13], "rotation": {"angle": 0, "axis": "x", "origin": [-13.97503, 7.89496, 15.72495]}, "faces": { "north": {"uv": [14.875, 0.625, 15.2, 1.3], "texture": "#0"}, "east": {"uv": [14.875, 0.625, 15.2, 1.3], "texture": "#0"}, "south": {"uv": [14.875, 0.625, 15.2, 1.3], "texture": "#0"}, "west": {"uv": [14.875, 0.625, 15.2, 1.3], "texture": "#0"}, "up": {"uv": [14.875, 0.625, 15.2, 1.3], "texture": "#0"}, "down": {"uv": [14.875, 0.625, 15.2, 1.3], "texture": "#0"} } }, { "from": [30.02503, 13.35329, -3.8], "to": [30.42503, 14.05329, 4.05], "rotation": {"angle": 0, "axis": "x", "origin": [29.92503, 6.44288, 18.64368]}, "faces": { "north": {"uv": [14.75, 2.75, 15.075, 3.425], "texture": "#0"}, "east": {"uv": [14.75, 2.75, 15.075, 3.425], "texture": "#0"}, "south": {"uv": [14.75, 2.75, 15.075, 3.425], "texture": "#0"}, "west": {"uv": [14.75, 2.75, 15.075, 3.425], "texture": "#0"}, "up": {"uv": [14.75, 2.75, 15.075, 3.425], "texture": "#0"}, "down": {"uv": [14.75, 2.75, 15.075, 3.425], "texture": "#0"} } }, { "from": [-14.42503, 13.35329, -3.8], "to": [-14.02503, 14.05329, 4.05], "rotation": {"angle": 0, "axis": "x", "origin": [-13.92503, 6.44288, 18.64368]}, "faces": { "north": {"uv": [14.75, 2.75, 15.075, 3.425], "texture": "#0"}, "east": {"uv": [14.75, 2.75, 15.075, 3.425], "texture": "#0"}, "south": {"uv": [14.75, 2.75, 15.075, 3.425], "texture": "#0"}, "west": {"uv": [14.75, 2.75, 15.075, 3.425], "texture": "#0"}, "up": {"uv": [14.75, 2.75, 15.075, 3.425], "texture": "#0"}, "down": {"uv": [14.75, 2.75, 15.075, 3.425], "texture": "#0"} } }, { "from": [29.97503, 10.76615, 9.16484], "to": [30.47503, 11.56615, 11.40484], "rotation": {"angle": 22.5, "axis": "x", "origin": [29.97503, 7.89496, 16.52495]}, "faces": { "north": {"uv": [14.875, 0.625, 15.2, 1.3], "texture": "#0"}, "east": {"uv": [14.875, 0.625, 15.2, 1.3], "texture": "#0"}, "south": {"uv": [14.875, 0.625, 15.2, 1.3], "texture": "#0"}, "west": {"uv": [14.875, 0.625, 15.2, 1.3], "texture": "#0"}, "up": {"uv": [14.875, 0.625, 15.2, 1.3], "texture": "#0"}, "down": {"uv": [14.875, 0.625, 15.2, 1.3], "texture": "#0"} } }, { "from": [-14.47503, 10.76615, 9.16484], "to": [-13.97503, 11.56615, 11.40484], "rotation": {"angle": 22.5, "axis": "x", "origin": [-13.97503, 7.89496, 16.52495]}, "faces": { "north": {"uv": [14.875, 0.625, 15.2, 1.3], "texture": "#0"}, "east": {"uv": [14.875, 0.625, 15.2, 1.3], "texture": "#0"}, "south": {"uv": [14.875, 0.625, 15.2, 1.3], "texture": "#0"}, "west": {"uv": [14.875, 0.625, 15.2, 1.3], "texture": "#0"}, "up": {"uv": [14.875, 0.625, 15.2, 1.3], "texture": "#0"}, "down": {"uv": [14.875, 0.625, 15.2, 1.3], "texture": "#0"} } }, { "from": [29.97503, 6.72829, 21.40432], "to": [30.47503, 6.86829, 21.90432], "rotation": {"angle": 22.5, "axis": "x", "origin": [29.97503, 7.89496, 16.52495]}, "faces": { "north": {"uv": [14.875, 0.625, 15.2, 1.3], "rotation": 90, "texture": "#0"}, "east": {"uv": [14.875, 0.625, 15.2, 1.3], "rotation": 90, "texture": "#0"}, "south": {"uv": [14.875, 0.625, 15.2, 1.3], "rotation": 90, "texture": "#0"}, "west": {"uv": [14.875, 0.625, 15.2, 1.3], "rotation": 90, "texture": "#0"}, "up": {"uv": [14.875, 0.625, 15.2, 1.3], "rotation": 90, "texture": "#0"}, "down": {"uv": [14.875, 0.625, 15.2, 1.3], "rotation": 90, "texture": "#0"} } }, { "from": [-14.47503, 6.72829, 21.40432], "to": [-13.97503, 6.86829, 21.90432], "rotation": {"angle": 22.5, "axis": "x", "origin": [-13.97503, 7.89496, 16.52495]}, "faces": { "north": {"uv": [14.875, 0.625, 15.2, 1.3], "rotation": 270, "texture": "#0"}, "east": {"uv": [14.875, 0.625, 15.2, 1.3], "rotation": 270, "texture": "#0"}, "south": {"uv": [14.875, 0.625, 15.2, 1.3], "rotation": 270, "texture": "#0"}, "west": {"uv": [14.875, 0.625, 15.2, 1.3], "rotation": 270, "texture": "#0"}, "up": {"uv": [14.875, 0.625, 15.2, 1.3], "rotation": 270, "texture": "#0"}, "down": {"uv": [14.875, 0.625, 15.2, 1.3], "rotation": 270, "texture": "#0"} } }, { "from": [29.97503, 3.71628, 19.2482], "to": [30.47503, 3.85628, 19.7482], "rotation": {"angle": -22.5, "axis": "x", "origin": [29.97503, 7.89496, 16.52495]}, "faces": { "north": {"uv": [14.875, 0.625, 15.2, 1.3], "rotation": 90, "texture": "#0"}, "east": {"uv": [14.875, 0.625, 15.2, 1.3], "rotation": 90, "texture": "#0"}, "south": {"uv": [14.875, 0.625, 15.2, 1.3], "rotation": 90, "texture": "#0"}, "west": {"uv": [14.875, 0.625, 15.2, 1.3], "rotation": 90, "texture": "#0"}, "up": {"uv": [14.875, 0.625, 15.2, 1.3], "rotation": 90, "texture": "#0"}, "down": {"uv": [14.875, 0.625, 15.2, 1.3], "rotation": 90, "texture": "#0"} } }, { "from": [-14.47503, 3.71628, 19.2482], "to": [-13.97503, 3.85628, 19.7482], "rotation": {"angle": -22.5, "axis": "x", "origin": [-13.97503, 7.89496, 16.52495]}, "faces": { "north": {"uv": [14.875, 0.625, 15.2, 1.3], "rotation": 270, "texture": "#0"}, "east": {"uv": [14.875, 0.625, 15.2, 1.3], "rotation": 270, "texture": "#0"}, "south": {"uv": [14.875, 0.625, 15.2, 1.3], "rotation": 270, "texture": "#0"}, "west": {"uv": [14.875, 0.625, 15.2, 1.3], "rotation": 270, "texture": "#0"}, "up": {"uv": [14.875, 0.625, 15.2, 1.3], "rotation": 270, "texture": "#0"}, "down": {"uv": [14.875, 0.625, 15.2, 1.3], "rotation": 270, "texture": "#0"} } }, { "from": [29.97503, 4.88785, 20.60195], "to": [30.47503, 5.26785, 21.10195], "rotation": {"angle": 0, "axis": "x", "origin": [29.97503, 7.89496, 16.52495]}, "faces": { "north": {"uv": [14.875, 0.625, 15.2, 1.3], "rotation": 90, "texture": "#0"}, "east": {"uv": [14.875, 0.625, 15.2, 1.3], "rotation": 90, "texture": "#0"}, "south": {"uv": [14.875, 0.625, 15.2, 1.3], "rotation": 90, "texture": "#0"}, "west": {"uv": [14.875, 0.625, 15.2, 1.3], "rotation": 90, "texture": "#0"}, "up": {"uv": [14.875, 0.625, 15.2, 1.3], "rotation": 90, "texture": "#0"}, "down": {"uv": [14.875, 0.625, 15.2, 1.3], "rotation": 90, "texture": "#0"} } }, { "from": [-14.47503, 4.88785, 20.60195], "to": [-13.97503, 5.26785, 21.10195], "rotation": {"angle": 0, "axis": "x", "origin": [-13.97503, 7.89496, 16.52495]}, "faces": { "north": {"uv": [14.875, 0.625, 15.2, 1.3], "rotation": 270, "texture": "#0"}, "east": {"uv": [14.875, 0.625, 15.2, 1.3], "rotation": 270, "texture": "#0"}, "south": {"uv": [14.875, 0.625, 15.2, 1.3], "rotation": 270, "texture": "#0"}, "west": {"uv": [14.875, 0.625, 15.2, 1.3], "rotation": 270, "texture": "#0"}, "up": {"uv": [14.875, 0.625, 15.2, 1.3], "rotation": 270, "texture": "#0"}, "down": {"uv": [14.875, 0.625, 15.2, 1.3], "rotation": 270, "texture": "#0"} } }, { "from": [18.56236, 1.77324, -3.925], "to": [21.43736, 2.07324, -3.175], "rotation": {"angle": 0, "axis": "y", "origin": [20.27486, 1.92324, -3.425]}, "faces": { "north": {"uv": [14.75, 2.75, 15.075, 3.425], "texture": "#0"}, "east": {"uv": [14.75, 2.75, 15.075, 3.425], "texture": "#0"}, "south": {"uv": [14.75, 2.75, 15.075, 3.425], "texture": "#0"}, "west": {"uv": [14.75, 2.75, 15.075, 3.425], "texture": "#0"}, "up": {"uv": [14.75, 2.75, 15.075, 3.425], "texture": "#0"}, "down": {"uv": [14.75, 2.75, 15.075, 3.425], "texture": "#0"} } }, { "from": [-5.43647, 1.77324, -3.925], "to": [-2.56147, 2.07324, -3.175], "rotation": {"angle": 0, "axis": "y", "origin": [-4.27397, 1.92324, -3.425]}, "faces": { "north": {"uv": [14.75, 2.75, 15.075, 3.425], "texture": "#0"}, "east": {"uv": [14.75, 2.75, 15.075, 3.425], "texture": "#0"}, "south": {"uv": [14.75, 2.75, 15.075, 3.425], "texture": "#0"}, "west": {"uv": [14.75, 2.75, 15.075, 3.425], "texture": "#0"}, "up": {"uv": [14.75, 2.75, 15.075, 3.425], "texture": "#0"}, "down": {"uv": [14.75, 2.75, 15.075, 3.425], "texture": "#0"} } }, { "from": [17.96055, 16.84238, -3.925], "to": [23.41055, 17.14238, -3.175], "rotation": {"angle": 0, "axis": "y", "origin": [19.67305, 16.99238, -3.425]}, "faces": { "north": {"uv": [14.75, 2.75, 15.075, 3.425], "texture": "#0"}, "east": {"uv": [14.75, 2.75, 15.075, 3.425], "texture": "#0"}, "south": {"uv": [14.75, 2.75, 15.075, 3.425], "texture": "#0"}, "west": {"uv": [14.75, 2.75, 15.075, 3.425], "texture": "#0"}, "up": {"uv": [14.75, 2.75, 15.075, 3.425], "texture": "#0"}, "down": {"uv": [14.75, 2.75, 15.075, 3.425], "texture": "#0"} } }, { "from": [-7.40966, 16.84238, -3.925], "to": [-1.95966, 17.14238, -3.175], "rotation": {"angle": 0, "axis": "y", "origin": [-3.67216, 16.99238, -3.425]}, "faces": { "north": {"uv": [14.75, 2.75, 15.075, 3.425], "texture": "#0"}, "east": {"uv": [14.75, 2.75, 15.075, 3.425], "texture": "#0"}, "south": {"uv": [14.75, 2.75, 15.075, 3.425], "texture": "#0"}, "west": {"uv": [14.75, 2.75, 15.075, 3.425], "texture": "#0"}, "up": {"uv": [14.75, 2.75, 15.075, 3.425], "texture": "#0"}, "down": {"uv": [14.75, 2.75, 15.075, 3.425], "texture": "#0"} } }, { "from": [15.70825, 2.20669, -3.925], "to": [18.70825, 2.50669, -3.175], "rotation": {"angle": -22.5, "axis": "z", "origin": [17.54575, 2.35669, -3.425]}, "faces": { "north": {"uv": [14.75, 2.75, 15.075, 3.425], "texture": "#0"}, "east": {"uv": [14.75, 2.75, 15.075, 3.425], "texture": "#0"}, "south": {"uv": [14.75, 2.75, 15.075, 3.425], "texture": "#0"}, "west": {"uv": [14.75, 2.75, 15.075, 3.425], "texture": "#0"}, "up": {"uv": [14.75, 2.75, 15.075, 3.425], "texture": "#0"}, "down": {"uv": [14.75, 2.75, 15.075, 3.425], "texture": "#0"} } }, { "from": [-2.70736, 2.20669, -3.925], "to": [0.29264, 2.50669, -3.175], "rotation": {"angle": 22.5, "axis": "z", "origin": [-1.54486, 2.35669, -3.425]}, "faces": { "north": {"uv": [14.75, 2.75, 15.075, 3.425], "texture": "#0"}, "east": {"uv": [14.75, 2.75, 15.075, 3.425], "texture": "#0"}, "south": {"uv": [14.75, 2.75, 15.075, 3.425], "texture": "#0"}, "west": {"uv": [14.75, 2.75, 15.075, 3.425], "texture": "#0"}, "up": {"uv": [14.75, 2.75, 15.075, 3.425], "texture": "#0"}, "down": {"uv": [14.75, 2.75, 15.075, 3.425], "texture": "#0"} } }, { "from": [14.55645, 16.40893, -3.925], "to": [18.10645, 16.70893, -3.175], "rotation": {"angle": 22.5, "axis": "z", "origin": [16.94395, 16.55893, -3.425]}, "faces": { "north": {"uv": [14.75, 2.75, 15.075, 3.425], "texture": "#0"}, "east": {"uv": [14.75, 2.75, 15.075, 3.425], "texture": "#0"}, "south": {"uv": [14.75, 2.75, 15.075, 3.425], "texture": "#0"}, "west": {"uv": [14.75, 2.75, 15.075, 3.425], "texture": "#0"}, "up": {"uv": [14.75, 2.75, 15.075, 3.425], "texture": "#0"}, "down": {"uv": [14.75, 2.75, 15.075, 3.425], "texture": "#0"} } }, { "from": [-2.10555, 16.40893, -3.925], "to": [1.44445, 16.70893, -3.175], "rotation": {"angle": -22.5, "axis": "z", "origin": [-0.94305, 16.55893, -3.425]}, "faces": { "north": {"uv": [14.75, 2.75, 15.075, 3.425], "texture": "#0"}, "east": {"uv": [14.75, 2.75, 15.075, 3.425], "texture": "#0"}, "south": {"uv": [14.75, 2.75, 15.075, 3.425], "texture": "#0"}, "west": {"uv": [14.75, 2.75, 15.075, 3.425], "texture": "#0"}, "up": {"uv": [14.75, 2.75, 15.075, 3.425], "texture": "#0"}, "down": {"uv": [14.75, 2.75, 15.075, 3.425], "texture": "#0"} } }, { "from": [12.05234, 14.70577, -3.925], "to": [15.12734, 15.00577, -3.175], "rotation": {"angle": 45, "axis": "z", "origin": [13.96484, 14.85577, -3.425]}, "faces": { "north": {"uv": [14.75, 2.75, 15.075, 3.425], "texture": "#0"}, "east": {"uv": [14.75, 2.75, 15.075, 3.425], "texture": "#0"}, "south": {"uv": [14.75, 2.75, 15.075, 3.425], "texture": "#0"}, "west": {"uv": [14.75, 2.75, 15.075, 3.425], "texture": "#0"}, "up": {"uv": [14.75, 2.75, 15.075, 3.425], "texture": "#0"}, "down": {"uv": [14.75, 2.75, 15.075, 3.425], "texture": "#0"} } }, { "from": [0.87356, 14.70577, -3.925], "to": [3.94856, 15.00577, -3.175], "rotation": {"angle": -45, "axis": "z", "origin": [2.03606, 14.85577, -3.425]}, "faces": { "north": {"uv": [14.75, 2.75, 15.075, 3.425], "texture": "#0"}, "east": {"uv": [14.75, 2.75, 15.075, 3.425], "texture": "#0"}, "south": {"uv": [14.75, 2.75, 15.075, 3.425], "texture": "#0"}, "west": {"uv": [14.75, 2.75, 15.075, 3.425], "texture": "#0"}, "up": {"uv": [14.75, 2.75, 15.075, 3.425], "texture": "#0"}, "down": {"uv": [14.75, 2.75, 15.075, 3.425], "texture": "#0"} } }, { "from": [11.67365, 8.81078, -3.925], "to": [11.97365, 11.58578, -3.175], "rotation": {"angle": 0, "axis": "x", "origin": [11.82365, 9.39828, -3.425]}, "faces": { "north": {"uv": [14.75, 2.75, 15.075, 3.425], "rotation": 180, "texture": "#0"}, "east": {"uv": [14.75, 2.75, 15.075, 3.425], "rotation": 180, "texture": "#0"}, "south": {"uv": [14.75, 2.75, 15.075, 3.425], "rotation": 180, "texture": "#0"}, "west": {"uv": [14.75, 2.75, 15.075, 3.425], "rotation": 180, "texture": "#0"}, "up": {"uv": [14.75, 2.75, 15.075, 3.425], "rotation": 180, "texture": "#0"}, "down": {"uv": [14.75, 2.75, 15.075, 3.425], "rotation": 180, "texture": "#0"} } }, { "from": [4.03014, 8.81919, -3.925], "to": [4.33014, 11.59419, -3.175], "rotation": {"angle": 0, "axis": "x", "origin": [4.18014, 9.40669, -3.425]}, "faces": { "north": {"uv": [14.75, 2.75, 15.075, 3.425], "texture": "#0"}, "east": {"uv": [14.75, 2.75, 15.075, 3.425], "texture": "#0"}, "south": {"uv": [14.75, 2.75, 15.075, 3.425], "texture": "#0"}, "west": {"uv": [14.75, 2.75, 15.075, 3.425], "texture": "#0"}, "up": {"uv": [14.75, 2.75, 15.075, 3.425], "texture": "#0"}, "down": {"uv": [14.75, 2.75, 15.075, 3.425], "texture": "#0"} } }, { "from": [11.8875, 11.49794, -3.925], "to": [12.1875, 13.67294, -3.175], "rotation": {"angle": -22.5, "axis": "z", "origin": [12.0375, 12.08544, -3.425]}, "faces": { "north": {"uv": [14.75, 2.75, 15.075, 3.425], "rotation": 180, "texture": "#0"}, "east": {"uv": [14.75, 2.75, 15.075, 3.425], "rotation": 180, "texture": "#0"}, "south": {"uv": [14.75, 2.75, 15.075, 3.425], "rotation": 180, "texture": "#0"}, "west": {"uv": [14.75, 2.75, 15.075, 3.425], "rotation": 180, "texture": "#0"}, "up": {"uv": [14.75, 2.75, 15.075, 3.425], "rotation": 180, "texture": "#0"}, "down": {"uv": [14.75, 2.75, 15.075, 3.425], "rotation": 180, "texture": "#0"} } }, { "from": [3.81339, 11.49794, -3.925], "to": [4.11339, 13.67294, -3.175], "rotation": {"angle": 22.5, "axis": "z", "origin": [3.96339, 12.08544, -3.425]}, "faces": { "north": {"uv": [14.75, 2.75, 15.075, 3.425], "texture": "#0"}, "east": {"uv": [14.75, 2.75, 15.075, 3.425], "texture": "#0"}, "south": {"uv": [14.75, 2.75, 15.075, 3.425], "texture": "#0"}, "west": {"uv": [14.75, 2.75, 15.075, 3.425], "texture": "#0"}, "up": {"uv": [14.75, 2.75, 15.075, 3.425], "texture": "#0"}, "down": {"uv": [14.75, 2.75, 15.075, 3.425], "texture": "#0"} } }, { "from": [12.40368, 5.74067, -3.925], "to": [12.70368, 9.01567, -3.175], "rotation": {"angle": 22.5, "axis": "z", "origin": [12.55368, 7.07817, -3.425]}, "faces": { "north": {"uv": [14.75, 2.75, 15.075, 3.425], "rotation": 180, "texture": "#0"}, "east": {"uv": [14.75, 2.75, 15.075, 3.425], "rotation": 180, "texture": "#0"}, "south": {"uv": [14.75, 2.75, 15.075, 3.425], "rotation": 180, "texture": "#0"}, "west": {"uv": [14.75, 2.75, 15.075, 3.425], "rotation": 180, "texture": "#0"}, "up": {"uv": [14.75, 2.75, 15.075, 3.425], "rotation": 180, "texture": "#0"}, "down": {"uv": [14.75, 2.75, 15.075, 3.425], "rotation": 180, "texture": "#0"} } }, { "from": [3.29721, 5.74067, -3.925], "to": [3.59721, 9.01567, -3.175], "rotation": {"angle": -22.5, "axis": "z", "origin": [3.44721, 7.07817, -3.425]}, "faces": { "north": {"uv": [14.75, 2.75, 15.075, 3.425], "texture": "#0"}, "east": {"uv": [14.75, 2.75, 15.075, 3.425], "texture": "#0"}, "south": {"uv": [14.75, 2.75, 15.075, 3.425], "texture": "#0"}, "west": {"uv": [14.75, 2.75, 15.075, 3.425], "texture": "#0"}, "up": {"uv": [14.75, 2.75, 15.075, 3.425], "texture": "#0"}, "down": {"uv": [14.75, 2.75, 15.075, 3.425], "texture": "#0"} } }, { "from": [14.25303, 2.40862, -3.925], "to": [14.55303, 6.45862, -3.175], "rotation": {"angle": 45, "axis": "z", "origin": [14.40303, 4.52112, -3.425]}, "faces": { "north": {"uv": [14.75, 2.75, 15.075, 3.425], "rotation": 180, "texture": "#0"}, "east": {"uv": [14.75, 2.75, 15.075, 3.425], "rotation": 180, "texture": "#0"}, "south": {"uv": [14.75, 2.75, 15.075, 3.425], "rotation": 180, "texture": "#0"}, "west": {"uv": [14.75, 2.75, 15.075, 3.425], "rotation": 180, "texture": "#0"}, "up": {"uv": [14.75, 2.75, 15.075, 3.425], "rotation": 180, "texture": "#0"}, "down": {"uv": [14.75, 2.75, 15.075, 3.425], "rotation": 180, "texture": "#0"} } }, { "from": [1.44787, 2.40862, -3.925], "to": [1.74787, 6.45862, -3.175], "rotation": {"angle": -45, "axis": "z", "origin": [1.59787, 4.52112, -3.425]}, "faces": { "north": {"uv": [14.75, 2.75, 15.075, 3.425], "texture": "#0"}, "east": {"uv": [14.75, 2.75, 15.075, 3.425], "texture": "#0"}, "south": {"uv": [14.75, 2.75, 15.075, 3.425], "texture": "#0"}, "west": {"uv": [14.75, 2.75, 15.075, 3.425], "texture": "#0"}, "up": {"uv": [14.75, 2.75, 15.075, 3.425], "texture": "#0"}, "down": {"uv": [14.75, 2.75, 15.075, 3.425], "texture": "#0"} } }, { "from": [28.42545, 8.9125, -3.925], "to": [28.72545, 12.2875, -3.175], "rotation": {"angle": 0, "axis": "x", "origin": [28.57545, 10.075, -3.425]}, "faces": { "north": {"uv": [14.75, 2.75, 15.075, 3.425], "rotation": 180, "texture": "#0"}, "east": {"uv": [14.75, 2.75, 15.075, 3.425], "rotation": 180, "texture": "#0"}, "south": {"uv": [14.75, 2.75, 15.075, 3.425], "rotation": 180, "texture": "#0"}, "west": {"uv": [14.75, 2.75, 15.075, 3.425], "rotation": 180, "texture": "#0"}, "up": {"uv": [14.75, 2.75, 15.075, 3.425], "rotation": 180, "texture": "#0"}, "down": {"uv": [14.75, 2.75, 15.075, 3.425], "rotation": 180, "texture": "#0"} } }, { "from": [-12.72455, 8.9125, -3.925], "to": [-12.42455, 12.2875, -3.175], "rotation": {"angle": 0, "axis": "x", "origin": [-12.57455, 10.075, -3.425]}, "faces": { "north": {"uv": [14.75, 2.75, 15.075, 3.425], "texture": "#0"}, "east": {"uv": [14.75, 2.75, 15.075, 3.425], "texture": "#0"}, "south": {"uv": [14.75, 2.75, 15.075, 3.425], "texture": "#0"}, "west": {"uv": [14.75, 2.75, 15.075, 3.425], "texture": "#0"}, "up": {"uv": [14.75, 2.75, 15.075, 3.425], "texture": "#0"}, "down": {"uv": [14.75, 2.75, 15.075, 3.425], "texture": "#0"} } }, { "from": [27.992, 5.75839, -3.925], "to": [28.292, 9.05839, -3.175], "rotation": {"angle": -22.5, "axis": "z", "origin": [28.142, 7.89589, -3.425]}, "faces": { "north": {"uv": [14.75, 2.75, 15.075, 3.425], "rotation": 180, "texture": "#0"}, "east": {"uv": [14.75, 2.75, 15.075, 3.425], "rotation": 180, "texture": "#0"}, "south": {"uv": [14.75, 2.75, 15.075, 3.425], "rotation": 180, "texture": "#0"}, "west": {"uv": [14.75, 2.75, 15.075, 3.425], "rotation": 180, "texture": "#0"}, "up": {"uv": [14.75, 2.75, 15.075, 3.425], "rotation": 180, "texture": "#0"}, "down": {"uv": [14.75, 2.75, 15.075, 3.425], "rotation": 180, "texture": "#0"} } }, { "from": [-12.2911, 5.75839, -3.925], "to": [-11.9911, 9.05839, -3.175], "rotation": {"angle": 22.5, "axis": "z", "origin": [-12.1411, 7.89589, -3.425]}, "faces": { "north": {"uv": [14.75, 2.75, 15.075, 3.425], "texture": "#0"}, "east": {"uv": [14.75, 2.75, 15.075, 3.425], "texture": "#0"}, "south": {"uv": [14.75, 2.75, 15.075, 3.425], "texture": "#0"}, "west": {"uv": [14.75, 2.75, 15.075, 3.425], "texture": "#0"}, "up": {"uv": [14.75, 2.75, 15.075, 3.425], "texture": "#0"}, "down": {"uv": [14.75, 2.75, 15.075, 3.425], "texture": "#0"} } }, { "from": [21.20964, 2.61808, -3.925], "to": [24.78464, 2.91808, -3.175], "rotation": {"angle": 22.5, "axis": "z", "origin": [23.44714, 2.76808, -3.425]}, "faces": { "north": {"uv": [14.75, 2.75, 15.075, 3.425], "texture": "#0"}, "east": {"uv": [14.75, 2.75, 15.075, 3.425], "texture": "#0"}, "south": {"uv": [14.75, 2.75, 15.075, 3.425], "texture": "#0"}, "west": {"uv": [14.75, 2.75, 15.075, 3.425], "texture": "#0"}, "up": {"uv": [14.75, 2.75, 15.075, 3.425], "texture": "#0"}, "down": {"uv": [14.75, 2.75, 15.075, 3.425], "texture": "#0"} } }, { "from": [-8.78375, 2.61808, -3.925], "to": [-5.20875, 2.91808, -3.175], "rotation": {"angle": -22.5, "axis": "z", "origin": [-7.44625, 2.76808, -3.425]}, "faces": { "north": {"uv": [14.75, 2.75, 15.075, 3.425], "texture": "#0"}, "east": {"uv": [14.75, 2.75, 15.075, 3.425], "texture": "#0"}, "south": {"uv": [14.75, 2.75, 15.075, 3.425], "texture": "#0"}, "west": {"uv": [14.75, 2.75, 15.075, 3.425], "texture": "#0"}, "up": {"uv": [14.75, 2.75, 15.075, 3.425], "texture": "#0"}, "down": {"uv": [14.75, 2.75, 15.075, 3.425], "texture": "#0"} } }, { "from": [23.18283, 15.99754, -3.925], "to": [26.45783, 16.29754, -3.175], "rotation": {"angle": -22.5, "axis": "z", "origin": [25.42033, 16.14754, -3.425]}, "faces": { "north": {"uv": [14.75, 2.75, 15.075, 3.425], "texture": "#0"}, "east": {"uv": [14.75, 2.75, 15.075, 3.425], "texture": "#0"}, "south": {"uv": [14.75, 2.75, 15.075, 3.425], "texture": "#0"}, "west": {"uv": [14.75, 2.75, 15.075, 3.425], "texture": "#0"}, "up": {"uv": [14.75, 2.75, 15.075, 3.425], "texture": "#0"}, "down": {"uv": [14.75, 2.75, 15.075, 3.425], "texture": "#0"} } }, { "from": [-10.45694, 15.99754, -3.925], "to": [-7.18194, 16.29754, -3.175], "rotation": {"angle": 22.5, "axis": "z", "origin": [-9.41944, 16.14754, -3.425]}, "faces": { "north": {"uv": [14.75, 2.75, 15.075, 3.425], "texture": "#0"}, "east": {"uv": [14.75, 2.75, 15.075, 3.425], "texture": "#0"}, "south": {"uv": [14.75, 2.75, 15.075, 3.425], "texture": "#0"}, "west": {"uv": [14.75, 2.75, 15.075, 3.425], "texture": "#0"}, "up": {"uv": [14.75, 2.75, 15.075, 3.425], "texture": "#0"}, "down": {"uv": [14.75, 2.75, 15.075, 3.425], "texture": "#0"} } }, { "from": [27.92503, 12.12829, -3.925], "to": [28.22503, 14.55329, -3.175], "rotation": {"angle": 22.5, "axis": "z", "origin": [28.07503, 13.46579, -3.425]}, "faces": { "north": {"uv": [14.75, 2.75, 15.075, 3.425], "rotation": 180, "texture": "#0"}, "east": {"uv": [14.75, 2.75, 15.075, 3.425], "rotation": 180, "texture": "#0"}, "south": {"uv": [14.75, 2.75, 15.075, 3.425], "rotation": 180, "texture": "#0"}, "west": {"uv": [14.75, 2.75, 15.075, 3.425], "rotation": 180, "texture": "#0"}, "up": {"uv": [14.75, 2.75, 15.075, 3.425], "rotation": 180, "texture": "#0"}, "down": {"uv": [14.75, 2.75, 15.075, 3.425], "rotation": 180, "texture": "#0"} } }, { "from": [28.07503, 13.20329, -3.8], "to": [30.00003, 14.20329, -3.3], "rotation": {"angle": 0, "axis": "z", "origin": [28.07503, 13.96579, -3.55]}, "faces": { "north": {"uv": [14.75, 2.75, 15.075, 3.425], "rotation": 180, "texture": "#0"}, "east": {"uv": [14.75, 2.75, 15.075, 3.425], "rotation": 180, "texture": "#0"}, "south": {"uv": [14.75, 2.75, 15.075, 3.425], "rotation": 180, "texture": "#0"}, "west": {"uv": [14.75, 2.75, 15.075, 3.425], "rotation": 180, "texture": "#0"}, "up": {"uv": [14.75, 2.75, 15.075, 3.425], "rotation": 180, "texture": "#0"}, "down": {"uv": [14.75, 2.75, 15.075, 3.425], "rotation": 180, "texture": "#0"} } }, { "from": [-14.00003, 13.20329, -3.8], "to": [-12.07503, 14.20329, -3.3], "rotation": {"angle": 0, "axis": "z", "origin": [-12.07503, 13.96579, -3.55]}, "faces": { "north": {"uv": [14.75, 2.75, 15.075, 3.425], "texture": "#0"}, "east": {"uv": [14.75, 2.75, 15.075, 3.425], "texture": "#0"}, "south": {"uv": [14.75, 2.75, 15.075, 3.425], "texture": "#0"}, "west": {"uv": [14.75, 2.75, 15.075, 3.425], "texture": "#0"}, "up": {"uv": [14.75, 2.75, 15.075, 3.425], "texture": "#0"}, "down": {"uv": [14.75, 2.75, 15.075, 3.425], "texture": "#0"} } }, { "from": [30.00003, 13.35329, -3.8], "to": [30.42503, 14.05329, -3.3], "rotation": {"angle": 0, "axis": "z", "origin": [28.07503, 14.04079, -3.55]}, "faces": { "north": {"uv": [14.75, 2.75, 15.075, 3.425], "rotation": 180, "texture": "#0"}, "east": {"uv": [14.75, 2.75, 15.075, 3.425], "rotation": 180, "texture": "#0"}, "south": {"uv": [14.75, 2.75, 15.075, 3.425], "rotation": 180, "texture": "#0"}, "west": {"uv": [14.75, 2.75, 15.075, 3.425], "rotation": 180, "texture": "#0"}, "up": {"uv": [14.75, 2.75, 15.075, 3.425], "rotation": 180, "texture": "#0"}, "down": {"uv": [14.75, 2.75, 15.075, 3.425], "rotation": 180, "texture": "#0"} } }, { "from": [-14.42503, 13.35329, -3.8], "to": [-14.00003, 14.05329, -3.3], "rotation": {"angle": 0, "axis": "z", "origin": [-12.07503, 14.04079, -3.55]}, "faces": { "north": {"uv": [14.75, 2.75, 15.075, 3.425], "texture": "#0"}, "east": {"uv": [14.75, 2.75, 15.075, 3.425], "texture": "#0"}, "south": {"uv": [14.75, 2.75, 15.075, 3.425], "texture": "#0"}, "west": {"uv": [14.75, 2.75, 15.075, 3.425], "texture": "#0"}, "up": {"uv": [14.75, 2.75, 15.075, 3.425], "texture": "#0"}, "down": {"uv": [14.75, 2.75, 15.075, 3.425], "texture": "#0"} } }, { "from": [27.85003, 13.75329, -3.8], "to": [28.07503, 14.20329, -3.3], "rotation": {"angle": 0, "axis": "z", "origin": [28.07503, 13.96579, -3.55]}, "faces": { "north": {"uv": [14.75, 2.75, 15.075, 3.425], "rotation": 180, "texture": "#0"}, "east": {"uv": [14.75, 2.75, 15.075, 3.425], "rotation": 180, "texture": "#0"}, "south": {"uv": [14.75, 2.75, 15.075, 3.425], "rotation": 180, "texture": "#0"}, "west": {"uv": [14.75, 2.75, 15.075, 3.425], "rotation": 180, "texture": "#0"}, "up": {"uv": [14.75, 2.75, 15.075, 3.425], "rotation": 180, "texture": "#0"}, "down": {"uv": [14.75, 2.75, 15.075, 3.425], "rotation": 180, "texture": "#0"} } }, { "from": [-12.22413, 12.12829, -3.925], "to": [-11.92413, 14.55329, -3.175], "rotation": {"angle": -22.5, "axis": "z", "origin": [-12.07413, 13.46579, -3.425]}, "faces": { "north": {"uv": [14.75, 2.75, 15.075, 3.425], "texture": "#0"}, "east": {"uv": [14.75, 2.75, 15.075, 3.425], "texture": "#0"}, "south": {"uv": [14.75, 2.75, 15.075, 3.425], "texture": "#0"}, "west": {"uv": [14.75, 2.75, 15.075, 3.425], "texture": "#0"}, "up": {"uv": [14.75, 2.75, 15.075, 3.425], "texture": "#0"}, "down": {"uv": [14.75, 2.75, 15.075, 3.425], "texture": "#0"} } }, { "from": [26.59562, 14.0301, -3.925], "to": [26.89562, 15.9551, -3.175], "rotation": {"angle": 45, "axis": "z", "origin": [26.74562, 15.3676, -3.425]}, "faces": { "north": {"uv": [14.75, 2.75, 15.075, 3.425], "rotation": 180, "texture": "#0"}, "east": {"uv": [14.75, 2.75, 15.075, 3.425], "rotation": 180, "texture": "#0"}, "south": {"uv": [14.75, 2.75, 15.075, 3.425], "rotation": 180, "texture": "#0"}, "west": {"uv": [14.75, 2.75, 15.075, 3.425], "rotation": 180, "texture": "#0"}, "up": {"uv": [14.75, 2.75, 15.075, 3.425], "rotation": 180, "texture": "#0"}, "down": {"uv": [14.75, 2.75, 15.075, 3.425], "rotation": 180, "texture": "#0"} } }, { "from": [-10.89472, 14.0301, -3.925], "to": [-10.59472, 15.9551, -3.175], "rotation": {"angle": -45, "axis": "z", "origin": [-10.74472, 15.3676, -3.425]}, "faces": { "north": {"uv": [14.75, 2.75, 15.075, 3.425], "texture": "#0"}, "east": {"uv": [14.75, 2.75, 15.075, 3.425], "texture": "#0"}, "south": {"uv": [14.75, 2.75, 15.075, 3.425], "texture": "#0"}, "west": {"uv": [14.75, 2.75, 15.075, 3.425], "texture": "#0"}, "up": {"uv": [14.75, 2.75, 15.075, 3.425], "texture": "#0"}, "down": {"uv": [14.75, 2.75, 15.075, 3.425], "texture": "#0"} } }, { "from": [23.97882, 4.67955, -3.925], "to": [27.82882, 4.97955, -3.175], "rotation": {"angle": 45, "axis": "z", "origin": [26.21632, 4.82955, -3.425]}, "faces": { "north": {"uv": [14.75, 2.75, 15.075, 3.425], "texture": "#0"}, "east": {"uv": [14.75, 2.75, 15.075, 3.425], "texture": "#0"}, "south": {"uv": [14.75, 2.75, 15.075, 3.425], "texture": "#0"}, "west": {"uv": [14.75, 2.75, 15.075, 3.425], "texture": "#0"}, "up": {"uv": [14.75, 2.75, 15.075, 3.425], "texture": "#0"}, "down": {"uv": [14.75, 2.75, 15.075, 3.425], "texture": "#0"} } }, { "from": [-11.82792, 4.67955, -3.925], "to": [-7.97792, 4.97955, -3.175], "rotation": {"angle": -45, "axis": "z", "origin": [-10.21542, 4.82955, -3.425]}, "faces": { "north": {"uv": [14.75, 2.75, 15.075, 3.425], "texture": "#0"}, "east": {"uv": [14.75, 2.75, 15.075, 3.425], "texture": "#0"}, "south": {"uv": [14.75, 2.75, 15.075, 3.425], "texture": "#0"}, "west": {"uv": [14.75, 2.75, 15.075, 3.425], "texture": "#0"}, "up": {"uv": [14.75, 2.75, 15.075, 3.425], "texture": "#0"}, "down": {"uv": [14.75, 2.75, 15.075, 3.425], "texture": "#0"} } }, { "from": [9.25215, 13.84114, -4.425], "to": [11.42715, 14.56614, -3.8], "rotation": {"angle": -22.5, "axis": "z", "origin": [9.86465, 14.20364, -4.175]}, "faces": { "north": {"uv": [14.75, 2.75, 15.075, 3.425], "rotation": 180, "texture": "#0"}, "east": {"uv": [14.75, 2.75, 15.075, 3.425], "rotation": 180, "texture": "#0"}, "south": {"uv": [14.75, 2.75, 15.075, 3.425], "rotation": 180, "texture": "#0"}, "west": {"uv": [14.75, 2.75, 15.075, 3.425], "rotation": 180, "texture": "#0"}, "up": {"uv": [14.75, 2.75, 15.075, 3.425], "rotation": 180, "texture": "#0"}, "down": {"uv": [14.75, 2.75, 15.075, 3.425], "rotation": 180, "texture": "#0"} } }, { "from": [6.5625, 14.04794, -4.425], "to": [9.4375, 14.77294, -3.8], "rotation": {"angle": 0, "axis": "x", "origin": [8.825, 14.41044, -4.175]}, "faces": { "north": {"uv": [14.75, 2.75, 15.075, 3.425], "rotation": 180, "texture": "#0"}, "east": {"uv": [14.75, 2.75, 15.075, 3.425], "rotation": 180, "texture": "#0"}, "south": {"uv": [14.75, 2.75, 15.075, 3.425], "rotation": 180, "texture": "#0"}, "west": {"uv": [14.75, 2.75, 15.075, 3.425], "rotation": 180, "texture": "#0"}, "up": {"uv": [14.75, 2.75, 15.075, 3.425], "rotation": 180, "texture": "#0"}, "down": {"uv": [14.75, 2.75, 15.075, 3.425], "rotation": 180, "texture": "#0"} } }, { "from": [4.57374, 13.84114, -4.425], "to": [6.74874, 14.56614, -3.8], "rotation": {"angle": 22.5, "axis": "z", "origin": [6.13624, 14.20364, -4.175]}, "faces": { "north": {"uv": [14.75, 2.75, 15.075, 3.425], "texture": "#0"}, "east": {"uv": [14.75, 2.75, 15.075, 3.425], "texture": "#0"}, "south": {"uv": [14.75, 2.75, 15.075, 3.425], "texture": "#0"}, "west": {"uv": [14.75, 2.75, 15.075, 3.425], "texture": "#0"}, "up": {"uv": [14.75, 2.75, 15.075, 3.425], "texture": "#0"}, "down": {"uv": [14.75, 2.75, 15.075, 3.425], "texture": "#0"} } }, { "from": [11.73523, 13.27079, -4.425], "to": [11.86949, 13.94579, -3.8], "rotation": {"angle": -22.5, "axis": "z", "origin": [11.80236, 13.60829, -4.175]}, "faces": { "north": {"uv": [14.75, 2.75, 15.075, 3.425], "texture": "#0"}, "east": {"uv": [14.75, 2.75, 15.075, 3.425], "texture": "#0"}, "south": {"uv": [14.75, 2.75, 15.075, 3.425], "texture": "#0"}, "west": {"uv": [14.75, 2.75, 15.075, 3.425], "texture": "#0"}, "up": {"uv": [14.75, 2.75, 15.075, 3.425], "texture": "#0"}, "down": {"uv": [14.75, 2.75, 15.075, 3.425], "texture": "#0"} } }, { "from": [11.41981, 11.58603, -4.175], "to": [11.52723, 12.12603, -3.55], "rotation": {"angle": 45, "axis": "z", "origin": [11.49965, 11.86685, -3.925]}, "faces": { "north": {"uv": [14.75, 2.75, 15.075, 3.425], "rotation": 180, "texture": "#0"}, "east": {"uv": [14.75, 2.75, 15.075, 3.425], "rotation": 180, "texture": "#0"}, "south": {"uv": [14.75, 2.75, 15.075, 3.425], "rotation": 180, "texture": "#0"}, "west": {"uv": [14.75, 2.75, 15.075, 3.425], "rotation": 180, "texture": "#0"}, "up": {"uv": [14.75, 2.75, 15.075, 3.425], "rotation": 180, "texture": "#0"}, "down": {"uv": [14.75, 2.75, 15.075, 3.425], "rotation": 180, "texture": "#0"} } }, { "from": [4.47367, 11.58603, -4.175], "to": [4.58108, 12.12603, -3.55], "rotation": {"angle": -45, "axis": "z", "origin": [4.50124, 11.86685, -3.925]}, "faces": { "north": {"uv": [14.75, 2.75, 15.075, 3.425], "rotation": 180, "texture": "#0"}, "east": {"uv": [14.75, 2.75, 15.075, 3.425], "rotation": 180, "texture": "#0"}, "south": {"uv": [14.75, 2.75, 15.075, 3.425], "rotation": 180, "texture": "#0"}, "west": {"uv": [14.75, 2.75, 15.075, 3.425], "rotation": 180, "texture": "#0"}, "up": {"uv": [14.75, 2.75, 15.075, 3.425], "rotation": 180, "texture": "#0"}, "down": {"uv": [14.75, 2.75, 15.075, 3.425], "rotation": 180, "texture": "#0"} } }, { "from": [11.46486, 13.54115, -4.425], "to": [12.13986, 13.67542, -3.8], "rotation": {"angle": 45, "axis": "z", "origin": [11.80236, 13.60829, -4.175]}, "faces": { "north": {"uv": [14.75, 2.75, 15.075, 3.425], "texture": "#0"}, "east": {"uv": [14.75, 2.75, 15.075, 3.425], "texture": "#0"}, "south": {"uv": [14.75, 2.75, 15.075, 3.425], "texture": "#0"}, "west": {"uv": [14.75, 2.75, 15.075, 3.425], "texture": "#0"}, "up": {"uv": [14.75, 2.75, 15.075, 3.425], "texture": "#0"}, "down": {"uv": [14.75, 2.75, 15.075, 3.425], "texture": "#0"} } }, { "from": [11.42595, 11.57685, -4.175], "to": [11.53336, 12.11685, -3.55], "rotation": {"angle": 22.5, "axis": "z", "origin": [11.49965, 11.86685, -3.925]}, "faces": { "north": {"uv": [14.75, 2.75, 15.075, 3.425], "rotation": 180, "texture": "#0"}, "east": {"uv": [14.75, 2.75, 15.075, 3.425], "rotation": 180, "texture": "#0"}, "south": {"uv": [14.75, 2.75, 15.075, 3.425], "rotation": 180, "texture": "#0"}, "west": {"uv": [14.75, 2.75, 15.075, 3.425], "rotation": 180, "texture": "#0"}, "up": {"uv": [14.75, 2.75, 15.075, 3.425], "rotation": 180, "texture": "#0"}, "down": {"uv": [14.75, 2.75, 15.075, 3.425], "rotation": 180, "texture": "#0"} } }, { "from": [4.46754, 11.57685, -4.175], "to": [4.57495, 12.11685, -3.55], "rotation": {"angle": -22.5, "axis": "z", "origin": [4.50124, 11.86685, -3.925]}, "faces": { "north": {"uv": [14.75, 2.75, 15.075, 3.425], "texture": "#0"}, "east": {"uv": [14.75, 2.75, 15.075, 3.425], "texture": "#0"}, "south": {"uv": [14.75, 2.75, 15.075, 3.425], "texture": "#0"}, "west": {"uv": [14.75, 2.75, 15.075, 3.425], "texture": "#0"}, "up": {"uv": [14.75, 2.75, 15.075, 3.425], "texture": "#0"}, "down": {"uv": [14.75, 2.75, 15.075, 3.425], "texture": "#0"} } }, { "from": [11.46486, 13.54115, -4.425], "to": [12.13986, 13.67542, -3.8], "rotation": {"angle": 22.5, "axis": "z", "origin": [11.80236, 13.60829, -4.175]}, "faces": { "north": {"uv": [14.75, 2.75, 15.075, 3.425], "texture": "#0"}, "east": {"uv": [14.75, 2.75, 15.075, 3.425], "texture": "#0"}, "south": {"uv": [14.75, 2.75, 15.075, 3.425], "texture": "#0"}, "west": {"uv": [14.75, 2.75, 15.075, 3.425], "texture": "#0"}, "up": {"uv": [14.75, 2.75, 15.075, 3.425], "texture": "#0"}, "down": {"uv": [14.75, 2.75, 15.075, 3.425], "texture": "#0"} } }, { "from": [11.43512, 11.57072, -4.175], "to": [11.54254, 12.11072, -3.55], "rotation": {"angle": 0, "axis": "x", "origin": [11.49965, 11.86685, -3.925]}, "faces": { "north": {"uv": [14.75, 2.75, 15.075, 3.425], "rotation": 180, "texture": "#0"}, "east": {"uv": [14.75, 2.75, 15.075, 3.425], "rotation": 180, "texture": "#0"}, "south": {"uv": [14.75, 2.75, 15.075, 3.425], "rotation": 180, "texture": "#0"}, "west": {"uv": [14.75, 2.75, 15.075, 3.425], "rotation": 180, "texture": "#0"}, "up": {"uv": [14.75, 2.75, 15.075, 3.425], "rotation": 180, "texture": "#0"}, "down": {"uv": [14.75, 2.75, 15.075, 3.425], "rotation": 180, "texture": "#0"} } }, { "from": [4.45836, 11.57072, -4.175], "to": [4.56577, 12.11072, -3.55], "rotation": {"angle": 0, "axis": "x", "origin": [4.50124, 11.86685, -3.925]}, "faces": { "north": {"uv": [14.75, 2.75, 15.075, 3.425], "texture": "#0"}, "east": {"uv": [14.75, 2.75, 15.075, 3.425], "texture": "#0"}, "south": {"uv": [14.75, 2.75, 15.075, 3.425], "texture": "#0"}, "west": {"uv": [14.75, 2.75, 15.075, 3.425], "texture": "#0"}, "up": {"uv": [14.75, 2.75, 15.075, 3.425], "texture": "#0"}, "down": {"uv": [14.75, 2.75, 15.075, 3.425], "texture": "#0"} } }, { "from": [11.46486, 13.54115, -4.425], "to": [12.13986, 13.67542, -3.8], "rotation": {"angle": 0, "axis": "x", "origin": [11.80236, 13.60829, -4.175]}, "faces": { "north": {"uv": [14.75, 2.75, 15.075, 3.425], "texture": "#0"}, "east": {"uv": [14.75, 2.75, 15.075, 3.425], "texture": "#0"}, "south": {"uv": [14.75, 2.75, 15.075, 3.425], "texture": "#0"}, "west": {"uv": [14.75, 2.75, 15.075, 3.425], "texture": "#0"}, "up": {"uv": [14.75, 2.75, 15.075, 3.425], "texture": "#0"}, "down": {"uv": [14.75, 2.75, 15.075, 3.425], "texture": "#0"} } }, { "from": [11.44595, 11.56857, -4.175], "to": [11.55336, 12.10857, -3.55], "rotation": {"angle": -22.5, "axis": "z", "origin": [11.49965, 11.86685, -3.925]}, "faces": { "north": {"uv": [14.75, 2.75, 15.075, 3.425], "rotation": 180, "texture": "#0"}, "east": {"uv": [14.75, 2.75, 15.075, 3.425], "rotation": 180, "texture": "#0"}, "south": {"uv": [14.75, 2.75, 15.075, 3.425], "rotation": 180, "texture": "#0"}, "west": {"uv": [14.75, 2.75, 15.075, 3.425], "rotation": 180, "texture": "#0"}, "up": {"uv": [14.75, 2.75, 15.075, 3.425], "rotation": 180, "texture": "#0"}, "down": {"uv": [14.75, 2.75, 15.075, 3.425], "rotation": 180, "texture": "#0"} } }, { "from": [4.44753, 11.56857, -4.175], "to": [4.55495, 12.10857, -3.55], "rotation": {"angle": 22.5, "axis": "z", "origin": [4.50124, 11.86685, -3.925]}, "faces": { "north": {"uv": [14.75, 2.75, 15.075, 3.425], "texture": "#0"}, "east": {"uv": [14.75, 2.75, 15.075, 3.425], "texture": "#0"}, "south": {"uv": [14.75, 2.75, 15.075, 3.425], "texture": "#0"}, "west": {"uv": [14.75, 2.75, 15.075, 3.425], "texture": "#0"}, "up": {"uv": [14.75, 2.75, 15.075, 3.425], "texture": "#0"}, "down": {"uv": [14.75, 2.75, 15.075, 3.425], "texture": "#0"} } }, { "from": [11.46486, 13.54115, -4.425], "to": [12.13986, 13.67542, -3.8], "rotation": {"angle": -22.5, "axis": "z", "origin": [11.80236, 13.60829, -4.175]}, "faces": { "north": {"uv": [14.75, 2.75, 15.075, 3.425], "texture": "#0"}, "east": {"uv": [14.75, 2.75, 15.075, 3.425], "texture": "#0"}, "south": {"uv": [14.75, 2.75, 15.075, 3.425], "texture": "#0"}, "west": {"uv": [14.75, 2.75, 15.075, 3.425], "texture": "#0"}, "up": {"uv": [14.75, 2.75, 15.075, 3.425], "texture": "#0"}, "down": {"uv": [14.75, 2.75, 15.075, 3.425], "texture": "#0"} } }, { "from": [11.20352, 11.80232, -4.175], "to": [11.74352, 11.90973, -3.55], "rotation": {"angle": 45, "axis": "z", "origin": [11.49965, 11.86685, -3.925]}, "faces": { "north": {"uv": [14.75, 2.75, 15.075, 3.425], "rotation": 180, "texture": "#0"}, "east": {"uv": [14.75, 2.75, 15.075, 3.425], "rotation": 180, "texture": "#0"}, "south": {"uv": [14.75, 2.75, 15.075, 3.425], "rotation": 180, "texture": "#0"}, "west": {"uv": [14.75, 2.75, 15.075, 3.425], "rotation": 180, "texture": "#0"}, "up": {"uv": [14.75, 2.75, 15.075, 3.425], "rotation": 180, "texture": "#0"}, "down": {"uv": [14.75, 2.75, 15.075, 3.425], "rotation": 180, "texture": "#0"} } }, { "from": [4.25737, 11.80232, -4.175], "to": [4.79737, 11.90973, -3.55], "rotation": {"angle": -45, "axis": "z", "origin": [4.50124, 11.86685, -3.925]}, "faces": { "north": {"uv": [14.75, 2.75, 15.075, 3.425], "rotation": 180, "texture": "#0"}, "east": {"uv": [14.75, 2.75, 15.075, 3.425], "rotation": 180, "texture": "#0"}, "south": {"uv": [14.75, 2.75, 15.075, 3.425], "rotation": 180, "texture": "#0"}, "west": {"uv": [14.75, 2.75, 15.075, 3.425], "rotation": 180, "texture": "#0"}, "up": {"uv": [14.75, 2.75, 15.075, 3.425], "rotation": 180, "texture": "#0"}, "down": {"uv": [14.75, 2.75, 15.075, 3.425], "rotation": 180, "texture": "#0"} } }, { "from": [11.46486, 13.54115, -4.425], "to": [12.13986, 13.67542, -3.8], "rotation": {"angle": -45, "axis": "z", "origin": [11.80236, 13.60829, -4.175]}, "faces": { "north": {"uv": [14.75, 2.75, 15.075, 3.425], "texture": "#0"}, "east": {"uv": [14.75, 2.75, 15.075, 3.425], "texture": "#0"}, "south": {"uv": [14.75, 2.75, 15.075, 3.425], "texture": "#0"}, "west": {"uv": [14.75, 2.75, 15.075, 3.425], "texture": "#0"}, "up": {"uv": [14.75, 2.75, 15.075, 3.425], "texture": "#0"}, "down": {"uv": [14.75, 2.75, 15.075, 3.425], "texture": "#0"} } }, { "from": [11.20965, 11.79315, -4.175], "to": [11.74965, 11.90056, -3.55], "rotation": {"angle": 22.5, "axis": "z", "origin": [11.49965, 11.86685, -3.925]}, "faces": { "north": {"uv": [14.75, 2.75, 15.075, 3.425], "rotation": 180, "texture": "#0"}, "east": {"uv": [14.75, 2.75, 15.075, 3.425], "rotation": 180, "texture": "#0"}, "south": {"uv": [14.75, 2.75, 15.075, 3.425], "rotation": 180, "texture": "#0"}, "west": {"uv": [14.75, 2.75, 15.075, 3.425], "rotation": 180, "texture": "#0"}, "up": {"uv": [14.75, 2.75, 15.075, 3.425], "rotation": 180, "texture": "#0"}, "down": {"uv": [14.75, 2.75, 15.075, 3.425], "rotation": 180, "texture": "#0"} } }, { "from": [4.25124, 11.79315, -4.175], "to": [4.79124, 11.90056, -3.55], "rotation": {"angle": -22.5, "axis": "z", "origin": [4.50124, 11.86685, -3.925]}, "faces": { "north": {"uv": [14.75, 2.75, 15.075, 3.425], "rotation": 180, "texture": "#0"}, "east": {"uv": [14.75, 2.75, 15.075, 3.425], "rotation": 180, "texture": "#0"}, "south": {"uv": [14.75, 2.75, 15.075, 3.425], "rotation": 180, "texture": "#0"}, "west": {"uv": [14.75, 2.75, 15.075, 3.425], "rotation": 180, "texture": "#0"}, "up": {"uv": [14.75, 2.75, 15.075, 3.425], "rotation": 180, "texture": "#0"}, "down": {"uv": [14.75, 2.75, 15.075, 3.425], "rotation": 180, "texture": "#0"} } }, { "from": [11.16949, 13.27079, -4.425], "to": [11.86949, 13.94579, -3.8], "rotation": {"angle": 0, "axis": "x", "origin": [11.78199, 13.63329, -4.175]}, "faces": { "north": {"uv": [14.75, 2.75, 15.075, 3.425], "rotation": 180, "texture": "#0"}, "east": {"uv": [14.75, 2.75, 15.075, 3.425], "rotation": 180, "texture": "#0"}, "south": {"uv": [14.75, 2.75, 15.075, 3.425], "rotation": 180, "texture": "#0"}, "west": {"uv": [14.75, 2.75, 15.075, 3.425], "rotation": 180, "texture": "#0"}, "up": {"uv": [14.75, 2.75, 15.075, 3.425], "rotation": 180, "texture": "#0"}, "down": {"uv": [14.75, 2.75, 15.075, 3.425], "rotation": 180, "texture": "#0"} } }, { "from": [11.22965, 11.78486, -4.175], "to": [11.76965, 12.54486, -3.55], "rotation": {"angle": -22.5, "axis": "z", "origin": [11.49965, 11.86685, -3.925]}, "faces": { "north": {"uv": [14.75, 2.75, 15.075, 3.425], "rotation": 180, "texture": "#0"}, "east": {"uv": [14.75, 2.75, 15.075, 3.425], "rotation": 180, "texture": "#0"}, "south": {"uv": [14.75, 2.75, 15.075, 3.425], "rotation": 180, "texture": "#0"}, "west": {"uv": [14.75, 2.75, 15.075, 3.425], "rotation": 180, "texture": "#0"}, "up": {"uv": [14.75, 2.75, 15.075, 3.425], "rotation": 180, "texture": "#0"}, "down": {"uv": [14.75, 2.75, 15.075, 3.425], "rotation": 180, "texture": "#0"} } }, { "from": [4.23124, 11.78486, -4.175], "to": [4.77124, 12.54486, -3.55], "rotation": {"angle": 22.5, "axis": "z", "origin": [4.50124, 11.86685, -3.925]}, "faces": { "north": {"uv": [14.75, 2.75, 15.075, 3.425], "rotation": 180, "texture": "#0"}, "east": {"uv": [14.75, 2.75, 15.075, 3.425], "rotation": 180, "texture": "#0"}, "south": {"uv": [14.75, 2.75, 15.075, 3.425], "rotation": 180, "texture": "#0"}, "west": {"uv": [14.75, 2.75, 15.075, 3.425], "rotation": 180, "texture": "#0"}, "up": {"uv": [14.75, 2.75, 15.075, 3.425], "rotation": 180, "texture": "#0"}, "down": {"uv": [14.75, 2.75, 15.075, 3.425], "rotation": 180, "texture": "#0"} } }, { "from": [11.46856, 12.38993, -4.175], "to": [12.00856, 13.37493, -3.55], "rotation": {"angle": 0, "axis": "x", "origin": [11.73856, 12.29692, -3.925]}, "faces": { "north": {"uv": [14.75, 2.75, 15.075, 3.425], "rotation": 180, "texture": "#0"}, "east": {"uv": [14.75, 2.75, 15.075, 3.425], "rotation": 180, "texture": "#0"}, "south": {"uv": [14.75, 2.75, 15.075, 3.425], "rotation": 180, "texture": "#0"}, "west": {"uv": [14.75, 2.75, 15.075, 3.425], "rotation": 180, "texture": "#0"}, "up": {"uv": [14.75, 2.75, 15.075, 3.425], "rotation": 180, "texture": "#0"}, "down": {"uv": [14.75, 2.75, 15.075, 3.425], "rotation": 180, "texture": "#0"} } }, { "from": [3.99233, 12.38993, -4.175], "to": [4.53233, 13.37493, -3.55], "rotation": {"angle": 0, "axis": "x", "origin": [4.26233, 12.29692, -3.925]}, "faces": { "north": {"uv": [14.75, 2.75, 15.075, 3.425], "rotation": 180, "texture": "#0"}, "east": {"uv": [14.75, 2.75, 15.075, 3.425], "rotation": 180, "texture": "#0"}, "south": {"uv": [14.75, 2.75, 15.075, 3.425], "rotation": 180, "texture": "#0"}, "west": {"uv": [14.75, 2.75, 15.075, 3.425], "rotation": 180, "texture": "#0"}, "up": {"uv": [14.75, 2.75, 15.075, 3.425], "rotation": 180, "texture": "#0"}, "down": {"uv": [14.75, 2.75, 15.075, 3.425], "rotation": 180, "texture": "#0"} } }, { "from": [11.73523, 13.27079, -4.425], "to": [11.86949, 13.94579, -3.8], "rotation": {"angle": 22.5, "axis": "z", "origin": [11.80236, 13.60829, -4.175]}, "faces": { "north": {"uv": [14.75, 2.75, 15.075, 3.425], "texture": "#0"}, "east": {"uv": [14.75, 2.75, 15.075, 3.425], "texture": "#0"}, "south": {"uv": [14.75, 2.75, 15.075, 3.425], "texture": "#0"}, "west": {"uv": [14.75, 2.75, 15.075, 3.425], "texture": "#0"}, "up": {"uv": [14.75, 2.75, 15.075, 3.425], "texture": "#0"}, "down": {"uv": [14.75, 2.75, 15.075, 3.425], "texture": "#0"} } }, { "from": [11.21883, 11.78701, -4.175], "to": [11.75883, 11.89443, -3.55], "rotation": {"angle": 0, "axis": "x", "origin": [11.49965, 11.86685, -3.925]}, "faces": { "north": {"uv": [14.75, 2.75, 15.075, 3.425], "rotation": 180, "texture": "#0"}, "east": {"uv": [14.75, 2.75, 15.075, 3.425], "rotation": 180, "texture": "#0"}, "south": {"uv": [14.75, 2.75, 15.075, 3.425], "rotation": 180, "texture": "#0"}, "west": {"uv": [14.75, 2.75, 15.075, 3.425], "rotation": 180, "texture": "#0"}, "up": {"uv": [14.75, 2.75, 15.075, 3.425], "rotation": 180, "texture": "#0"}, "down": {"uv": [14.75, 2.75, 15.075, 3.425], "rotation": 180, "texture": "#0"} } }, { "from": [4.24207, 11.78701, -4.175], "to": [4.78207, 11.89443, -3.55], "rotation": {"angle": 0, "axis": "x", "origin": [4.50124, 11.86685, -3.925]}, "faces": { "north": {"uv": [14.75, 2.75, 15.075, 3.425], "texture": "#0"}, "east": {"uv": [14.75, 2.75, 15.075, 3.425], "texture": "#0"}, "south": {"uv": [14.75, 2.75, 15.075, 3.425], "texture": "#0"}, "west": {"uv": [14.75, 2.75, 15.075, 3.425], "texture": "#0"}, "up": {"uv": [14.75, 2.75, 15.075, 3.425], "texture": "#0"}, "down": {"uv": [14.75, 2.75, 15.075, 3.425], "texture": "#0"} } }, { "from": [4.1314, 13.27079, -4.425], "to": [4.8314, 13.94579, -3.8], "rotation": {"angle": 0, "axis": "x", "origin": [4.2189, 13.63329, -4.175]}, "faces": { "north": {"uv": [14.75, 2.75, 15.075, 3.425], "texture": "#0"}, "east": {"uv": [14.75, 2.75, 15.075, 3.425], "texture": "#0"}, "south": {"uv": [14.75, 2.75, 15.075, 3.425], "texture": "#0"}, "west": {"uv": [14.75, 2.75, 15.075, 3.425], "texture": "#0"}, "up": {"uv": [14.75, 2.75, 15.075, 3.425], "texture": "#0"}, "down": {"uv": [14.75, 2.75, 15.075, 3.425], "texture": "#0"} } }, { "from": [4.1314, 13.27079, -4.425], "to": [4.26567, 13.94579, -3.8], "rotation": {"angle": 22.5, "axis": "z", "origin": [4.19853, 13.60829, -4.175]}, "faces": { "north": {"uv": [14.75, 2.75, 15.075, 3.425], "texture": "#0"}, "east": {"uv": [14.75, 2.75, 15.075, 3.425], "texture": "#0"}, "south": {"uv": [14.75, 2.75, 15.075, 3.425], "texture": "#0"}, "west": {"uv": [14.75, 2.75, 15.075, 3.425], "texture": "#0"}, "up": {"uv": [14.75, 2.75, 15.075, 3.425], "texture": "#0"}, "down": {"uv": [14.75, 2.75, 15.075, 3.425], "texture": "#0"} } }, { "from": [3.86103, 13.54115, -4.425], "to": [4.53603, 13.67542, -3.8], "rotation": {"angle": -45, "axis": "z", "origin": [4.19853, 13.60829, -4.175]}, "faces": { "north": {"uv": [14.75, 2.75, 15.075, 3.425], "texture": "#0"}, "east": {"uv": [14.75, 2.75, 15.075, 3.425], "texture": "#0"}, "south": {"uv": [14.75, 2.75, 15.075, 3.425], "texture": "#0"}, "west": {"uv": [14.75, 2.75, 15.075, 3.425], "texture": "#0"}, "up": {"uv": [14.75, 2.75, 15.075, 3.425], "texture": "#0"}, "down": {"uv": [14.75, 2.75, 15.075, 3.425], "texture": "#0"} } }, { "from": [3.86103, 13.54115, -4.425], "to": [4.53603, 13.67542, -3.8], "rotation": {"angle": 0, "axis": "x", "origin": [4.19853, 13.60829, -4.175]}, "faces": { "north": {"uv": [14.75, 2.75, 15.075, 3.425], "texture": "#0"}, "east": {"uv": [14.75, 2.75, 15.075, 3.425], "texture": "#0"}, "south": {"uv": [14.75, 2.75, 15.075, 3.425], "texture": "#0"}, "west": {"uv": [14.75, 2.75, 15.075, 3.425], "texture": "#0"}, "up": {"uv": [14.75, 2.75, 15.075, 3.425], "texture": "#0"}, "down": {"uv": [14.75, 2.75, 15.075, 3.425], "texture": "#0"} } }, { "from": [3.86103, 13.54115, -4.425], "to": [4.53603, 13.67542, -3.8], "rotation": {"angle": -22.5, "axis": "z", "origin": [4.19853, 13.60829, -4.175]}, "faces": { "north": {"uv": [14.75, 2.75, 15.075, 3.425], "texture": "#0"}, "east": {"uv": [14.75, 2.75, 15.075, 3.425], "texture": "#0"}, "south": {"uv": [14.75, 2.75, 15.075, 3.425], "texture": "#0"}, "west": {"uv": [14.75, 2.75, 15.075, 3.425], "texture": "#0"}, "up": {"uv": [14.75, 2.75, 15.075, 3.425], "texture": "#0"}, "down": {"uv": [14.75, 2.75, 15.075, 3.425], "texture": "#0"} } }, { "from": [3.86103, 13.54115, -4.425], "to": [4.53603, 13.67542, -3.8], "rotation": {"angle": 22.5, "axis": "z", "origin": [4.19853, 13.60829, -4.175]}, "faces": { "north": {"uv": [14.75, 2.75, 15.075, 3.425], "texture": "#0"}, "east": {"uv": [14.75, 2.75, 15.075, 3.425], "texture": "#0"}, "south": {"uv": [14.75, 2.75, 15.075, 3.425], "texture": "#0"}, "west": {"uv": [14.75, 2.75, 15.075, 3.425], "texture": "#0"}, "up": {"uv": [14.75, 2.75, 15.075, 3.425], "texture": "#0"}, "down": {"uv": [14.75, 2.75, 15.075, 3.425], "texture": "#0"} } }, { "from": [3.86103, 13.54115, -4.425], "to": [4.53603, 13.67542, -3.8], "rotation": {"angle": 45, "axis": "z", "origin": [4.19853, 13.60829, -4.175]}, "faces": { "north": {"uv": [14.75, 2.75, 15.075, 3.425], "texture": "#0"}, "east": {"uv": [14.75, 2.75, 15.075, 3.425], "texture": "#0"}, "south": {"uv": [14.75, 2.75, 15.075, 3.425], "texture": "#0"}, "west": {"uv": [14.75, 2.75, 15.075, 3.425], "texture": "#0"}, "up": {"uv": [14.75, 2.75, 15.075, 3.425], "texture": "#0"}, "down": {"uv": [14.75, 2.75, 15.075, 3.425], "texture": "#0"} } }, { "from": [4.1314, 13.27079, -4.425], "to": [4.26567, 13.94579, -3.8], "rotation": {"angle": -22.5, "axis": "z", "origin": [4.19853, 13.60829, -4.175]}, "faces": { "north": {"uv": [14.75, 2.75, 15.075, 3.425], "texture": "#0"}, "east": {"uv": [14.75, 2.75, 15.075, 3.425], "texture": "#0"}, "south": {"uv": [14.75, 2.75, 15.075, 3.425], "texture": "#0"}, "west": {"uv": [14.75, 2.75, 15.075, 3.425], "texture": "#0"}, "up": {"uv": [14.75, 2.75, 15.075, 3.425], "texture": "#0"}, "down": {"uv": [14.75, 2.75, 15.075, 3.425], "texture": "#0"} } }, { "from": [15.08736, 3.64824, -3.85], "to": [25.23736, 4.04824, -3.575], "rotation": {"angle": 0, "axis": "y", "origin": [20.27486, 3.79824, -3.425]}, "faces": { "north": {"uv": [0.25, 10.5, 0.45, 10.5], "texture": "#0"}, "east": {"uv": [0.25, 10.5, 0.45, 10.5], "texture": "#0"}, "south": {"uv": [0.25, 10.5, 0.45, 10.5], "texture": "#0"}, "west": {"uv": [0.25, 10.5, 0.45, 10.5], "texture": "#0"}, "up": {"uv": [0.25, 10.5, 0.45, 10.5], "texture": "#0"}, "down": {"uv": [0.25, 10.5, 0.45, 10.5], "texture": "#0"} } }, { "from": [-9.23736, 3.64824, -3.85], "to": [0.91264, 4.04824, -3.575], "rotation": {"angle": 0, "axis": "y", "origin": [-4.27486, 3.79824, -3.425]}, "faces": { "north": {"uv": [0.45, 10.5, 0.25, 10.5], "texture": "#0"}, "east": {"uv": [0.45, 10.5, 0.25, 10.5], "texture": "#0"}, "south": {"uv": [0.45, 10.5, 0.25, 10.5], "texture": "#0"}, "west": {"uv": [0.45, 10.5, 0.25, 10.5], "texture": "#0"}, "up": {"uv": [0.45, 10.5, 0.25, 10.5], "texture": "#0"}, "down": {"uv": [0.45, 10.5, 0.25, 10.5], "texture": "#0"} } }, { "from": [14.68736, 4.04824, -3.85], "to": [25.63736, 4.44824, -3.575], "rotation": {"angle": 0, "axis": "y", "origin": [20.27486, 4.19824, -3.425]}, "faces": { "north": {"uv": [0.25, 10.5, 0.45, 10.5], "texture": "#0"}, "east": {"uv": [0.25, 10.5, 0.45, 10.5], "texture": "#0"}, "south": {"uv": [0.25, 10.5, 0.45, 10.5], "texture": "#0"}, "west": {"uv": [0.25, 10.5, 0.45, 10.5], "texture": "#0"}, "up": {"uv": [0.25, 10.5, 0.45, 10.5], "texture": "#0"}, "down": {"uv": [0.25, 10.5, 0.45, 10.5], "texture": "#0"} } }, { "from": [-9.63736, 4.04824, -3.85], "to": [1.31264, 4.44824, -3.575], "rotation": {"angle": 0, "axis": "y", "origin": [-4.27486, 4.19824, -3.425]}, "faces": { "north": {"uv": [0.45, 10.5, 0.25, 10.5], "texture": "#0"}, "east": {"uv": [0.45, 10.5, 0.25, 10.5], "texture": "#0"}, "south": {"uv": [0.45, 10.5, 0.25, 10.5], "texture": "#0"}, "west": {"uv": [0.45, 10.5, 0.25, 10.5], "texture": "#0"}, "up": {"uv": [0.45, 10.5, 0.25, 10.5], "texture": "#0"}, "down": {"uv": [0.45, 10.5, 0.25, 10.5], "texture": "#0"} } }, { "from": [14.28736, 4.44824, -3.85], "to": [26.03736, 4.84824, -3.575], "rotation": {"angle": 0, "axis": "y", "origin": [20.27486, 4.59824, -3.425]}, "faces": { "north": {"uv": [0.25, 9.5, 0.45, 9.5], "texture": "#0"}, "east": {"uv": [0.25, 9.5, 0.45, 9.5], "texture": "#0"}, "south": {"uv": [0.25, 9.5, 0.45, 9.5], "texture": "#0"}, "west": {"uv": [0.25, 9.5, 0.45, 9.5], "texture": "#0"}, "up": {"uv": [0.25, 9.5, 0.45, 9.5], "texture": "#0"}, "down": {"uv": [0.25, 9.5, 0.45, 9.5], "texture": "#0"} } }, { "from": [-10.03736, 4.44824, -3.85], "to": [1.71264, 4.84824, -3.575], "rotation": {"angle": 0, "axis": "y", "origin": [-4.27486, 4.59824, -3.425]}, "faces": { "north": {"uv": [0.45, 9.5, 0.25, 9.5], "texture": "#0"}, "east": {"uv": [0.45, 9.5, 0.25, 9.5], "texture": "#0"}, "south": {"uv": [0.45, 9.5, 0.25, 9.5], "texture": "#0"}, "west": {"uv": [0.45, 9.5, 0.25, 9.5], "texture": "#0"}, "up": {"uv": [0.45, 9.5, 0.25, 9.5], "texture": "#0"}, "down": {"uv": [0.45, 9.5, 0.25, 9.5], "texture": "#0"} } }, { "from": [13.88736, 4.84824, -3.85], "to": [26.43736, 5.24824, -3.575], "rotation": {"angle": 0, "axis": "y", "origin": [20.27486, 4.99824, -3.425]}, "faces": { "north": {"uv": [0.25, 9.5, 0.45, 9.5], "texture": "#0"}, "east": {"uv": [0.25, 9.5, 0.45, 9.5], "texture": "#0"}, "south": {"uv": [0.25, 9.5, 0.45, 9.5], "texture": "#0"}, "west": {"uv": [0.25, 9.5, 0.45, 9.5], "texture": "#0"}, "up": {"uv": [0.25, 9.5, 0.45, 9.5], "texture": "#0"}, "down": {"uv": [0.25, 9.5, 0.45, 9.5], "texture": "#0"} } }, { "from": [-10.43736, 4.84824, -3.85], "to": [2.11264, 5.24824, -3.575], "rotation": {"angle": 0, "axis": "y", "origin": [-4.27486, 4.99824, -3.425]}, "faces": { "north": {"uv": [0.45, 9.5, 0.25, 9.5], "texture": "#0"}, "east": {"uv": [0.45, 9.5, 0.25, 9.5], "texture": "#0"}, "south": {"uv": [0.45, 9.5, 0.25, 9.5], "texture": "#0"}, "west": {"uv": [0.45, 9.5, 0.25, 9.5], "texture": "#0"}, "up": {"uv": [0.45, 9.5, 0.25, 9.5], "texture": "#0"}, "down": {"uv": [0.45, 9.5, 0.25, 9.5], "texture": "#0"} } }, { "from": [13.08736, 5.67324, -3.85], "to": [27.26236, 6.17324, -3.575], "rotation": {"angle": 0, "axis": "y", "origin": [20.27486, 5.82324, -3.425]}, "faces": { "north": {"uv": [0.375, 8.5, 0.575, 8.5], "texture": "#0"}, "east": {"uv": [0.375, 8.5, 0.575, 8.5], "texture": "#0"}, "south": {"uv": [0.375, 8.5, 0.575, 8.5], "texture": "#0"}, "west": {"uv": [0.375, 8.5, 0.575, 8.5], "texture": "#0"}, "up": {"uv": [0.375, 8.5, 0.575, 8.5], "texture": "#0"}, "down": {"uv": [0.375, 8.5, 0.575, 8.5], "texture": "#0"} } }, { "from": [-11.26236, 5.67324, -3.85], "to": [2.91264, 6.17324, -3.575], "rotation": {"angle": 0, "axis": "y", "origin": [-4.27486, 5.82324, -3.425]}, "faces": { "north": {"uv": [0.575, 8.5, 0.375, 8.5], "texture": "#0"}, "east": {"uv": [0.575, 8.5, 0.375, 8.5], "texture": "#0"}, "south": {"uv": [0.575, 8.5, 0.375, 8.5], "texture": "#0"}, "west": {"uv": [0.575, 8.5, 0.375, 8.5], "texture": "#0"}, "up": {"uv": [0.575, 8.5, 0.375, 8.5], "texture": "#0"}, "down": {"uv": [0.575, 8.5, 0.375, 8.5], "texture": "#0"} } }, { "from": [13.46236, 5.24824, -3.85], "to": [26.83736, 5.67324, -3.575], "rotation": {"angle": 0, "axis": "y", "origin": [20.27486, 5.39824, -3.425]}, "faces": { "north": {"uv": [0.375, 8.5, 0.575, 8.5], "texture": "#0"}, "east": {"uv": [0.375, 8.5, 0.575, 8.5], "texture": "#0"}, "south": {"uv": [0.375, 8.5, 0.575, 8.5], "texture": "#0"}, "west": {"uv": [0.375, 8.5, 0.575, 8.5], "texture": "#0"}, "up": {"uv": [0.375, 8.5, 0.575, 8.5], "texture": "#0"}, "down": {"uv": [0.375, 8.5, 0.575, 8.5], "texture": "#0"} } }, { "from": [-10.83736, 5.24824, -3.85], "to": [2.53764, 5.67324, -3.575], "rotation": {"angle": 0, "axis": "y", "origin": [-4.27486, 5.39824, -3.425]}, "faces": { "north": {"uv": [0.575, 8.5, 0.375, 8.5], "texture": "#0"}, "east": {"uv": [0.575, 8.5, 0.375, 8.5], "texture": "#0"}, "south": {"uv": [0.575, 8.5, 0.375, 8.5], "texture": "#0"}, "west": {"uv": [0.575, 8.5, 0.375, 8.5], "texture": "#0"}, "up": {"uv": [0.575, 8.5, 0.375, 8.5], "texture": "#0"}, "down": {"uv": [0.575, 8.5, 0.375, 8.5], "texture": "#0"} } }, { "from": [12.81236, 6.17324, -3.85], "to": [27.58736, 6.82324, -3.575], "rotation": {"angle": 0, "axis": "y", "origin": [20.27486, 6.32324, -3.425]}, "faces": { "north": {"uv": [0.25, 7.5, 0.45, 7.5], "texture": "#0"}, "east": {"uv": [0.25, 7.5, 0.45, 7.5], "texture": "#0"}, "south": {"uv": [0.25, 7.5, 0.45, 7.5], "texture": "#0"}, "west": {"uv": [0.25, 7.5, 0.45, 7.5], "texture": "#0"}, "up": {"uv": [0.25, 7.5, 0.45, 7.5], "texture": "#0"}, "down": {"uv": [0.25, 7.5, 0.45, 7.5], "texture": "#0"} } }, { "from": [-11.58736, 6.17324, -3.85], "to": [3.18764, 6.82324, -3.575], "rotation": {"angle": 0, "axis": "y", "origin": [-4.27486, 6.32324, -3.425]}, "faces": { "north": {"uv": [0.45, 7.5, 0.25, 7.5], "texture": "#0"}, "east": {"uv": [0.45, 7.5, 0.25, 7.5], "texture": "#0"}, "south": {"uv": [0.45, 7.5, 0.25, 7.5], "texture": "#0"}, "west": {"uv": [0.45, 7.5, 0.25, 7.5], "texture": "#0"}, "up": {"uv": [0.45, 7.5, 0.25, 7.5], "texture": "#0"}, "down": {"uv": [0.45, 7.5, 0.25, 7.5], "texture": "#0"} } }, { "from": [12.56236, 6.82324, -3.85], "to": [27.83736, 7.47324, -3.575], "rotation": {"angle": 0, "axis": "y", "origin": [20.27486, 6.97324, -3.425]}, "faces": { "north": {"uv": [0.25, 7.5, 0.45, 7.5], "texture": "#0"}, "east": {"uv": [0.25, 7.5, 0.45, 7.5], "texture": "#0"}, "south": {"uv": [0.25, 7.5, 0.45, 7.5], "texture": "#0"}, "west": {"uv": [0.25, 7.5, 0.45, 7.5], "texture": "#0"}, "up": {"uv": [0.25, 7.5, 0.45, 7.5], "texture": "#0"}, "down": {"uv": [0.25, 7.5, 0.45, 7.5], "texture": "#0"} } }, { "from": [-11.83736, 6.82324, -3.85], "to": [3.43764, 7.47324, -3.575], "rotation": {"angle": 0, "axis": "y", "origin": [-4.27486, 6.97324, -3.425]}, "faces": { "north": {"uv": [0.45, 7.5, 0.25, 7.5], "texture": "#0"}, "east": {"uv": [0.45, 7.5, 0.25, 7.5], "texture": "#0"}, "south": {"uv": [0.45, 7.5, 0.25, 7.5], "texture": "#0"}, "west": {"uv": [0.45, 7.5, 0.25, 7.5], "texture": "#0"}, "up": {"uv": [0.45, 7.5, 0.25, 7.5], "texture": "#0"}, "down": {"uv": [0.45, 7.5, 0.25, 7.5], "texture": "#0"} } }, { "from": [12.23736, 7.47324, -3.85], "to": [28.08736, 8.12324, -3.575], "rotation": {"angle": 0, "axis": "y", "origin": [20.27486, 7.62324, -3.425]}, "faces": { "north": {"uv": [0.25, 6.5, 0.45, 6.5], "texture": "#0"}, "east": {"uv": [0.25, 6.5, 0.45, 6.5], "texture": "#0"}, "south": {"uv": [0.25, 6.5, 0.45, 6.5], "texture": "#0"}, "west": {"uv": [0.25, 6.5, 0.45, 6.5], "texture": "#0"}, "up": {"uv": [0.25, 6.5, 0.45, 6.5], "texture": "#0"}, "down": {"uv": [0.25, 6.5, 0.45, 6.5], "texture": "#0"} } }, { "from": [-12.08736, 7.47324, -3.85], "to": [3.76264, 8.12324, -3.575], "rotation": {"angle": 0, "axis": "y", "origin": [-4.27486, 7.62324, -3.425]}, "faces": { "north": {"uv": [0.45, 6.5, 0.25, 6.5], "texture": "#0"}, "east": {"uv": [0.45, 6.5, 0.25, 6.5], "texture": "#0"}, "south": {"uv": [0.45, 6.5, 0.25, 6.5], "texture": "#0"}, "west": {"uv": [0.45, 6.5, 0.25, 6.5], "texture": "#0"}, "up": {"uv": [0.45, 6.5, 0.25, 6.5], "texture": "#0"}, "down": {"uv": [0.45, 6.5, 0.25, 6.5], "texture": "#0"} } }, { "from": [11.96236, 8.12324, -3.85], "to": [28.36236, 8.77324, -3.575], "rotation": {"angle": 0, "axis": "y", "origin": [20.27486, 8.27324, -3.425]}, "faces": { "north": {"uv": [0.25, 6.5, 0.45, 6.5], "texture": "#0"}, "east": {"uv": [0.25, 6.5, 0.45, 6.5], "texture": "#0"}, "south": {"uv": [0.25, 6.5, 0.45, 6.5], "texture": "#0"}, "west": {"uv": [0.25, 6.5, 0.45, 6.5], "texture": "#0"}, "up": {"uv": [0.25, 6.5, 0.45, 6.5], "texture": "#0"}, "down": {"uv": [0.25, 6.5, 0.45, 6.5], "texture": "#0"} } }, { "from": [-12.36236, 8.12324, -3.85], "to": [4.03764, 8.77324, -3.575], "rotation": {"angle": 0, "axis": "y", "origin": [-4.27486, 8.27324, -3.425]}, "faces": { "north": {"uv": [0.45, 6.5, 0.25, 6.5], "texture": "#0"}, "east": {"uv": [0.45, 6.5, 0.25, 6.5], "texture": "#0"}, "south": {"uv": [0.45, 6.5, 0.25, 6.5], "texture": "#0"}, "west": {"uv": [0.45, 6.5, 0.25, 6.5], "texture": "#0"}, "up": {"uv": [0.45, 6.5, 0.25, 6.5], "texture": "#0"}, "down": {"uv": [0.45, 6.5, 0.25, 6.5], "texture": "#0"} } }, { "from": [11.96236, 8.77324, -3.85], "to": [28.43736, 12.42324, -3.575], "rotation": {"angle": 0, "axis": "y", "origin": [20.27486, 8.92324, -3.425]}, "faces": { "north": {"uv": [0.375, 5.5, 0.575, 5.5], "texture": "#0"}, "east": {"uv": [0.375, 5.5, 0.575, 5.5], "texture": "#0"}, "south": {"uv": [0.375, 5.5, 0.575, 5.5], "texture": "#0"}, "west": {"uv": [0.375, 5.5, 0.575, 5.5], "texture": "#0"}, "up": {"uv": [0.375, 5.5, 0.575, 5.5], "texture": "#0"}, "down": {"uv": [0.375, 5.5, 0.575, 5.5], "texture": "#0"} } }, { "from": [-12.43736, 8.77324, -3.85], "to": [4.03764, 12.42324, -3.575], "rotation": {"angle": 0, "axis": "y", "origin": [-4.27486, 8.92324, -3.425]}, "faces": { "north": {"uv": [0.575, 5.5, 0.375, 5.5], "texture": "#0"}, "east": {"uv": [0.575, 5.5, 0.375, 5.5], "texture": "#0"}, "south": {"uv": [0.575, 5.5, 0.375, 5.5], "texture": "#0"}, "west": {"uv": [0.575, 5.5, 0.375, 5.5], "texture": "#0"}, "up": {"uv": [0.575, 5.5, 0.375, 5.5], "texture": "#0"}, "down": {"uv": [0.575, 5.5, 0.375, 5.5], "texture": "#0"} } }, { "from": [12.33736, 12.42324, -3.85], "to": [28.36236, 13.14824, -3.575], "rotation": {"angle": 0, "axis": "y", "origin": [20.27486, 8.92324, -3.425]}, "faces": { "north": {"uv": [0.375, 4.5, 0.575, 4.5], "texture": "#0"}, "east": {"uv": [0.375, 4.5, 0.575, 4.5], "texture": "#0"}, "south": {"uv": [0.375, 4.5, 0.575, 4.5], "texture": "#0"}, "west": {"uv": [0.375, 4.5, 0.575, 4.5], "texture": "#0"}, "up": {"uv": [0.375, 4.5, 0.575, 4.5], "texture": "#0"}, "down": {"uv": [0.375, 4.5, 0.575, 4.5], "texture": "#0"} } }, { "from": [-12.36236, 12.42324, -3.85], "to": [3.66264, 13.14824, -3.575], "rotation": {"angle": 0, "axis": "y", "origin": [-4.27486, 8.92324, -3.425]}, "faces": { "north": {"uv": [0.575, 4.5, 0.375, 4.5], "texture": "#0"}, "east": {"uv": [0.575, 4.5, 0.375, 4.5], "texture": "#0"}, "south": {"uv": [0.575, 4.5, 0.375, 4.5], "texture": "#0"}, "west": {"uv": [0.575, 4.5, 0.375, 4.5], "texture": "#0"}, "up": {"uv": [0.575, 4.5, 0.375, 4.5], "texture": "#0"}, "down": {"uv": [0.575, 4.5, 0.375, 4.5], "texture": "#0"} } }, { "from": [12.63736, 13.14824, -3.85], "to": [28.03736, 13.72324, -3.575], "rotation": {"angle": 0, "axis": "y", "origin": [20.27486, 8.92324, -3.425]}, "faces": { "north": {"uv": [0.25, 4.375, 0.45, 4.375], "texture": "#0"}, "east": {"uv": [0.25, 4.375, 0.45, 4.375], "texture": "#0"}, "south": {"uv": [0.25, 4.375, 0.45, 4.375], "texture": "#0"}, "west": {"uv": [0.25, 4.375, 0.45, 4.375], "texture": "#0"}, "up": {"uv": [0.25, 4.375, 0.45, 4.375], "texture": "#0"}, "down": {"uv": [0.25, 4.375, 0.45, 4.375], "texture": "#0"} } }, { "from": [-12.03736, 13.14824, -3.85], "to": [3.36264, 13.72324, -3.575], "rotation": {"angle": 0, "axis": "y", "origin": [-4.27486, 8.92324, -3.425]}, "faces": { "north": {"uv": [0.45, 4.375, 0.25, 4.375], "texture": "#0"}, "east": {"uv": [0.45, 4.375, 0.25, 4.375], "texture": "#0"}, "south": {"uv": [0.45, 4.375, 0.25, 4.375], "texture": "#0"}, "west": {"uv": [0.45, 4.375, 0.25, 4.375], "texture": "#0"}, "up": {"uv": [0.45, 4.375, 0.25, 4.375], "texture": "#0"}, "down": {"uv": [0.45, 4.375, 0.25, 4.375], "texture": "#0"} } }, { "from": [13.01236, 13.72324, -3.85], "to": [27.78736, 14.09824, -3.575], "rotation": {"angle": 0, "axis": "y", "origin": [20.27486, 8.92324, -3.425]}, "faces": { "north": {"uv": [0.375, 3.625, 0.575, 3.625], "texture": "#0"}, "east": {"uv": [0.375, 3.625, 0.575, 3.625], "texture": "#0"}, "south": {"uv": [0.375, 3.625, 0.575, 3.625], "texture": "#0"}, "west": {"uv": [0.375, 3.625, 0.575, 3.625], "texture": "#0"}, "up": {"uv": [0.375, 3.625, 0.575, 3.625], "texture": "#0"}, "down": {"uv": [0.375, 3.625, 0.575, 3.625], "texture": "#0"} } }, { "from": [-11.78736, 13.72324, -3.85], "to": [2.98764, 14.09824, -3.575], "rotation": {"angle": 0, "axis": "y", "origin": [-4.27486, 8.92324, -3.425]}, "faces": { "north": {"uv": [0.575, 3.625, 0.375, 3.625], "texture": "#0"}, "east": {"uv": [0.575, 3.625, 0.375, 3.625], "texture": "#0"}, "south": {"uv": [0.575, 3.625, 0.375, 3.625], "texture": "#0"}, "west": {"uv": [0.575, 3.625, 0.375, 3.625], "texture": "#0"}, "up": {"uv": [0.575, 3.625, 0.375, 3.625], "texture": "#0"}, "down": {"uv": [0.575, 3.625, 0.375, 3.625], "texture": "#0"} } }, { "from": [13.41236, 14.09824, -3.85], "to": [27.66236, 14.49824, -3.575], "rotation": {"angle": 0, "axis": "y", "origin": [20.27486, 8.92324, -3.425]}, "faces": { "north": {"uv": [0.375, 3.625, 0.575, 3.625], "texture": "#0"}, "east": {"uv": [0.375, 3.625, 0.575, 3.625], "texture": "#0"}, "south": {"uv": [0.375, 3.625, 0.575, 3.625], "texture": "#0"}, "west": {"uv": [0.375, 3.625, 0.575, 3.625], "texture": "#0"}, "up": {"uv": [0.375, 3.625, 0.575, 3.625], "texture": "#0"}, "down": {"uv": [0.375, 3.625, 0.575, 3.625], "texture": "#0"} } }, { "from": [-11.66236, 14.09824, -3.85], "to": [2.58764, 14.49824, -3.575], "rotation": {"angle": 0, "axis": "y", "origin": [-4.27486, 8.92324, -3.425]}, "faces": { "north": {"uv": [0.575, 3.625, 0.375, 3.625], "texture": "#0"}, "east": {"uv": [0.575, 3.625, 0.375, 3.625], "texture": "#0"}, "south": {"uv": [0.575, 3.625, 0.375, 3.625], "texture": "#0"}, "west": {"uv": [0.575, 3.625, 0.375, 3.625], "texture": "#0"}, "up": {"uv": [0.575, 3.625, 0.375, 3.625], "texture": "#0"}, "down": {"uv": [0.575, 3.625, 0.375, 3.625], "texture": "#0"} } }, { "from": [13.86236, 14.49824, -3.85], "to": [27.38736, 14.92324, -3.575], "rotation": {"angle": 0, "axis": "y", "origin": [20.27486, 9.32324, -3.425]}, "faces": { "north": {"uv": [0.25, 2.375, 0.45, 2.375], "texture": "#0"}, "east": {"uv": [0.25, 2.375, 0.45, 2.375], "texture": "#0"}, "south": {"uv": [0.25, 2.375, 0.45, 2.375], "texture": "#0"}, "west": {"uv": [0.25, 2.375, 0.45, 2.375], "texture": "#0"}, "up": {"uv": [0.25, 2.375, 0.45, 2.375], "texture": "#0"}, "down": {"uv": [0.25, 2.375, 0.45, 2.375], "texture": "#0"} } }, { "from": [-11.38736, 14.49824, -3.85], "to": [2.13764, 14.92324, -3.575], "rotation": {"angle": 0, "axis": "y", "origin": [-4.27486, 9.32324, -3.425]}, "faces": { "north": {"uv": [0.45, 2.375, 0.25, 2.375], "texture": "#0"}, "east": {"uv": [0.45, 2.375, 0.25, 2.375], "texture": "#0"}, "south": {"uv": [0.45, 2.375, 0.25, 2.375], "texture": "#0"}, "west": {"uv": [0.45, 2.375, 0.25, 2.375], "texture": "#0"}, "up": {"uv": [0.45, 2.375, 0.25, 2.375], "texture": "#0"}, "down": {"uv": [0.45, 2.375, 0.25, 2.375], "texture": "#0"} } }, { "from": [14.26236, 14.92324, -3.85], "to": [26.96236, 15.34824, -3.575], "rotation": {"angle": 0, "axis": "y", "origin": [20.27486, 9.29824, -3.425]}, "faces": { "north": {"uv": [0.25, 2.375, 0.45, 2.375], "texture": "#0"}, "east": {"uv": [0.25, 2.375, 0.45, 2.375], "texture": "#0"}, "south": {"uv": [0.25, 2.375, 0.45, 2.375], "texture": "#0"}, "west": {"uv": [0.25, 2.375, 0.45, 2.375], "texture": "#0"}, "up": {"uv": [0.25, 2.375, 0.45, 2.375], "texture": "#0"}, "down": {"uv": [0.25, 2.375, 0.45, 2.375], "texture": "#0"} } }, { "from": [-10.96236, 14.92324, -3.85], "to": [1.73764, 15.34824, -3.575], "rotation": {"angle": 0, "axis": "y", "origin": [-4.27486, 9.29824, -3.425]}, "faces": { "north": {"uv": [0.45, 2.375, 0.25, 2.375], "texture": "#0"}, "east": {"uv": [0.45, 2.375, 0.25, 2.375], "texture": "#0"}, "south": {"uv": [0.45, 2.375, 0.25, 2.375], "texture": "#0"}, "west": {"uv": [0.45, 2.375, 0.25, 2.375], "texture": "#0"}, "up": {"uv": [0.45, 2.375, 0.25, 2.375], "texture": "#0"}, "down": {"uv": [0.45, 2.375, 0.25, 2.375], "texture": "#0"} } }, { "from": [14.66236, 15.34824, -3.85], "to": [26.53736, 15.74824, -3.575], "rotation": {"angle": 0, "axis": "y", "origin": [20.27486, 9.29824, -3.425]}, "faces": { "north": {"uv": [0.25, 1.625, 0.45, 1.625], "texture": "#0"}, "east": {"uv": [0.25, 1.625, 0.45, 1.625], "texture": "#0"}, "south": {"uv": [0.25, 1.625, 0.45, 1.625], "texture": "#0"}, "west": {"uv": [0.25, 1.625, 0.45, 1.625], "texture": "#0"}, "up": {"uv": [0.25, 1.625, 0.45, 1.625], "texture": "#0"}, "down": {"uv": [0.25, 1.625, 0.45, 1.625], "texture": "#0"} } }, { "from": [-10.53736, 15.34824, -3.85], "to": [1.33764, 15.74824, -3.575], "rotation": {"angle": 0, "axis": "y", "origin": [-4.27486, 9.29824, -3.425]}, "faces": { "north": {"uv": [0.45, 1.625, 0.25, 1.625], "texture": "#0"}, "east": {"uv": [0.45, 1.625, 0.25, 1.625], "texture": "#0"}, "south": {"uv": [0.45, 1.625, 0.25, 1.625], "texture": "#0"}, "west": {"uv": [0.45, 1.625, 0.25, 1.625], "texture": "#0"}, "up": {"uv": [0.45, 1.625, 0.25, 1.625], "texture": "#0"}, "down": {"uv": [0.45, 1.625, 0.25, 1.625], "texture": "#0"} } }, { "from": [15.33736, 15.74824, -3.85], "to": [26.03736, 16.04824, -3.575], "rotation": {"angle": 0, "axis": "y", "origin": [20.27486, 9.69824, -3.425]}, "faces": { "north": {"uv": [0.25, 1.625, 0.45, 1.625], "texture": "#0"}, "east": {"uv": [0.25, 1.625, 0.45, 1.625], "texture": "#0"}, "south": {"uv": [0.25, 1.625, 0.45, 1.625], "texture": "#0"}, "west": {"uv": [0.25, 1.625, 0.45, 1.625], "texture": "#0"}, "up": {"uv": [0.25, 1.625, 0.45, 1.625], "texture": "#0"}, "down": {"uv": [0.25, 1.625, 0.45, 1.625], "texture": "#0"} } }, { "from": [-10.03736, 15.74824, -3.85], "to": [0.66264, 16.04824, -3.575], "rotation": {"angle": 0, "axis": "y", "origin": [-4.27486, 9.69824, -3.425]}, "faces": { "north": {"uv": [0.45, 1.625, 0.25, 1.625], "texture": "#0"}, "east": {"uv": [0.45, 1.625, 0.25, 1.625], "texture": "#0"}, "south": {"uv": [0.45, 1.625, 0.25, 1.625], "texture": "#0"}, "west": {"uv": [0.45, 1.625, 0.25, 1.625], "texture": "#0"}, "up": {"uv": [0.45, 1.625, 0.25, 1.625], "texture": "#0"}, "down": {"uv": [0.45, 1.625, 0.25, 1.625], "texture": "#0"} } }, { "from": [16.11236, 16.04824, -3.85], "to": [25.26236, 16.37324, -3.575], "rotation": {"angle": 0, "axis": "y", "origin": [20.27486, 9.69824, -3.425]}, "faces": { "north": {"uv": [0.375, 0.375, 0.575, 0.375], "texture": "#0"}, "east": {"uv": [0.375, 0.375, 0.575, 0.375], "texture": "#0"}, "south": {"uv": [0.375, 0.375, 0.575, 0.375], "texture": "#0"}, "west": {"uv": [0.375, 0.375, 0.575, 0.375], "texture": "#0"}, "up": {"uv": [0.375, 0.375, 0.575, 0.375], "texture": "#0"}, "down": {"uv": [0.375, 0.375, 0.575, 0.375], "texture": "#0"} } }, { "from": [-9.26236, 16.04824, -3.85], "to": [-0.11236, 16.37324, -3.575], "rotation": {"angle": 0, "axis": "y", "origin": [-4.27486, 9.69824, -3.425]}, "faces": { "north": {"uv": [0.575, 0.375, 0.375, 0.375], "texture": "#0"}, "east": {"uv": [0.575, 0.375, 0.375, 0.375], "texture": "#0"}, "south": {"uv": [0.575, 0.375, 0.375, 0.375], "texture": "#0"}, "west": {"uv": [0.575, 0.375, 0.375, 0.375], "texture": "#0"}, "up": {"uv": [0.575, 0.375, 0.375, 0.375], "texture": "#0"}, "down": {"uv": [0.575, 0.375, 0.375, 0.375], "texture": "#0"} } }, { "from": [16.88736, 16.37324, -3.85], "to": [24.48736, 16.67324, -3.575], "rotation": {"angle": 0, "axis": "y", "origin": [20.27486, 9.69824, -3.425]}, "faces": { "north": {"uv": [0.375, 0.375, 0.575, 0.375], "texture": "#0"}, "east": {"uv": [0.375, 0.375, 0.575, 0.375], "texture": "#0"}, "south": {"uv": [0.375, 0.375, 0.575, 0.375], "texture": "#0"}, "west": {"uv": [0.375, 0.375, 0.575, 0.375], "texture": "#0"}, "up": {"uv": [0.375, 0.375, 0.575, 0.375], "texture": "#0"}, "down": {"uv": [0.375, 0.375, 0.575, 0.375], "texture": "#0"} } }, { "from": [-8.48736, 16.37324, -3.85], "to": [-0.88736, 16.67324, -3.575], "rotation": {"angle": 0, "axis": "y", "origin": [-4.27486, 9.69824, -3.425]}, "faces": { "north": {"uv": [0.575, 0.375, 0.375, 0.375], "texture": "#0"}, "east": {"uv": [0.575, 0.375, 0.375, 0.375], "texture": "#0"}, "south": {"uv": [0.575, 0.375, 0.375, 0.375], "texture": "#0"}, "west": {"uv": [0.575, 0.375, 0.375, 0.375], "texture": "#0"}, "up": {"uv": [0.575, 0.375, 0.375, 0.375], "texture": "#0"}, "down": {"uv": [0.575, 0.375, 0.375, 0.375], "texture": "#0"} } }, { "from": [17.26236, 16.67324, -3.85], "to": [24.11236, 16.84824, -3.575], "rotation": {"angle": 0, "axis": "y", "origin": [20.27486, 9.69824, -3.425]}, "faces": { "north": {"uv": [0.375, 0.375, 0.575, 0.375], "texture": "#0"}, "east": {"uv": [0.375, 0.375, 0.575, 0.375], "texture": "#0"}, "south": {"uv": [0.375, 0.375, 0.575, 0.375], "texture": "#0"}, "west": {"uv": [0.375, 0.375, 0.575, 0.375], "texture": "#0"}, "up": {"uv": [0.375, 0.375, 0.575, 0.375], "texture": "#0"}, "down": {"uv": [0.375, 0.375, 0.575, 0.375], "texture": "#0"} } }, { "from": [-8.11236, 16.67324, -3.85], "to": [-1.26236, 16.84824, -3.575], "rotation": {"angle": 0, "axis": "y", "origin": [-4.27486, 9.69824, -3.425]}, "faces": { "north": {"uv": [0.575, 0.375, 0.375, 0.375], "texture": "#0"}, "east": {"uv": [0.575, 0.375, 0.375, 0.375], "texture": "#0"}, "south": {"uv": [0.575, 0.375, 0.375, 0.375], "texture": "#0"}, "west": {"uv": [0.575, 0.375, 0.375, 0.375], "texture": "#0"}, "up": {"uv": [0.575, 0.375, 0.375, 0.375], "texture": "#0"}, "down": {"uv": [0.575, 0.375, 0.375, 0.375], "texture": "#0"} } }, { "from": [15.46236, 3.27324, -3.85], "to": [24.83736, 3.64824, -3.575], "rotation": {"angle": 0, "axis": "y", "origin": [20.27486, 3.42324, -3.425]}, "faces": { "north": {"uv": [0.375, 11.5, 0.575, 11.5], "texture": "#0"}, "east": {"uv": [0.375, 11.5, 0.575, 11.5], "texture": "#0"}, "south": {"uv": [0.375, 11.5, 0.575, 11.5], "texture": "#0"}, "west": {"uv": [0.375, 11.5, 0.575, 11.5], "texture": "#0"}, "up": {"uv": [0.375, 11.5, 0.575, 11.5], "texture": "#0"}, "down": {"uv": [0.375, 11.5, 0.575, 11.5], "texture": "#0"} } }, { "from": [-8.83736, 3.27324, -3.85], "to": [0.53764, 3.64824, -3.575], "rotation": {"angle": 0, "axis": "y", "origin": [-4.27486, 3.42324, -3.425]}, "faces": { "north": {"uv": [0.575, 11.5, 0.375, 11.5], "texture": "#0"}, "east": {"uv": [0.575, 11.5, 0.375, 11.5], "texture": "#0"}, "south": {"uv": [0.575, 11.5, 0.375, 11.5], "texture": "#0"}, "west": {"uv": [0.575, 11.5, 0.375, 11.5], "texture": "#0"}, "up": {"uv": [0.575, 11.5, 0.375, 11.5], "texture": "#0"}, "down": {"uv": [0.575, 11.5, 0.375, 11.5], "texture": "#0"} } }, { "from": [15.76236, 2.97324, -3.85], "to": [24.31236, 3.27324, -3.575], "rotation": {"angle": 0, "axis": "y", "origin": [20.27486, 3.12324, -3.425]}, "faces": { "north": {"uv": [0.375, 11.5, 0.575, 11.5], "texture": "#0"}, "east": {"uv": [0.375, 11.5, 0.575, 11.5], "texture": "#0"}, "south": {"uv": [0.375, 11.5, 0.575, 11.5], "texture": "#0"}, "west": {"uv": [0.375, 11.5, 0.575, 11.5], "texture": "#0"}, "up": {"uv": [0.375, 11.5, 0.575, 11.5], "texture": "#0"}, "down": {"uv": [0.375, 11.5, 0.575, 11.5], "texture": "#0"} } }, { "from": [-8.31236, 2.97324, -3.85], "to": [0.23764, 3.27324, -3.575], "rotation": {"angle": 0, "axis": "y", "origin": [-4.27486, 3.12324, -3.425]}, "faces": { "north": {"uv": [0.575, 11.5, 0.375, 11.5], "texture": "#0"}, "east": {"uv": [0.575, 11.5, 0.375, 11.5], "texture": "#0"}, "south": {"uv": [0.575, 11.5, 0.375, 11.5], "texture": "#0"}, "west": {"uv": [0.575, 11.5, 0.375, 11.5], "texture": "#0"}, "up": {"uv": [0.575, 11.5, 0.375, 11.5], "texture": "#0"}, "down": {"uv": [0.575, 11.5, 0.375, 11.5], "texture": "#0"} } }, { "from": [16.43736, 2.67324, -3.85], "to": [23.56236, 2.97324, -3.575], "rotation": {"angle": 0, "axis": "y", "origin": [20.27486, 2.82324, -3.425]}, "faces": { "north": {"uv": [0.375, 12.5, 0.575, 12.5], "texture": "#0"}, "east": {"uv": [0.375, 12.5, 0.575, 12.5], "texture": "#0"}, "south": {"uv": [0.375, 12.5, 0.575, 12.5], "texture": "#0"}, "west": {"uv": [0.375, 12.5, 0.575, 12.5], "texture": "#0"}, "up": {"uv": [0.375, 12.5, 0.575, 12.5], "texture": "#0"}, "down": {"uv": [0.375, 12.5, 0.575, 12.5], "texture": "#0"} } }, { "from": [-7.56236, 2.67324, -3.85], "to": [-0.43736, 2.97324, -3.575], "rotation": {"angle": 0, "axis": "y", "origin": [-4.27486, 2.82324, -3.425]}, "faces": { "north": {"uv": [0.575, 12.5, 0.375, 12.5], "texture": "#0"}, "east": {"uv": [0.575, 12.5, 0.375, 12.5], "texture": "#0"}, "south": {"uv": [0.575, 12.5, 0.375, 12.5], "texture": "#0"}, "west": {"uv": [0.575, 12.5, 0.375, 12.5], "texture": "#0"}, "up": {"uv": [0.575, 12.5, 0.375, 12.5], "texture": "#0"}, "down": {"uv": [0.575, 12.5, 0.375, 12.5], "texture": "#0"} } }, { "from": [17.13736, 2.37324, -3.85], "to": [22.86236, 2.67324, -3.575], "rotation": {"angle": 0, "axis": "y", "origin": [20.27486, 2.52324, -3.425]}, "faces": { "north": {"uv": [0.375, 12.5, 0.575, 12.5], "texture": "#0"}, "east": {"uv": [0.375, 12.5, 0.575, 12.5], "texture": "#0"}, "south": {"uv": [0.375, 12.5, 0.575, 12.5], "texture": "#0"}, "west": {"uv": [0.375, 12.5, 0.575, 12.5], "texture": "#0"}, "up": {"uv": [0.375, 12.5, 0.575, 12.5], "texture": "#0"}, "down": {"uv": [0.375, 12.5, 0.575, 12.5], "texture": "#0"} } }, { "from": [-6.86236, 2.37324, -3.85], "to": [-1.13736, 2.67324, -3.575], "rotation": {"angle": 0, "axis": "y", "origin": [-4.27486, 2.52324, -3.425]}, "faces": { "north": {"uv": [0.575, 12.5, 0.375, 12.5], "texture": "#0"}, "east": {"uv": [0.575, 12.5, 0.375, 12.5], "texture": "#0"}, "south": {"uv": [0.575, 12.5, 0.375, 12.5], "texture": "#0"}, "west": {"uv": [0.575, 12.5, 0.375, 12.5], "texture": "#0"}, "up": {"uv": [0.575, 12.5, 0.375, 12.5], "texture": "#0"}, "down": {"uv": [0.575, 12.5, 0.375, 12.5], "texture": "#0"} } }, { "from": [17.86236, 2.07324, -3.85], "to": [22.13736, 2.37324, -3.575], "rotation": {"angle": 0, "axis": "y", "origin": [20.27486, 2.22324, -3.425]}, "faces": { "north": {"uv": [0.375, 12.5, 0.575, 12.5], "texture": "#0"}, "east": {"uv": [0.375, 12.5, 0.575, 12.5], "texture": "#0"}, "south": {"uv": [0.375, 12.5, 0.575, 12.5], "texture": "#0"}, "west": {"uv": [0.375, 12.5, 0.575, 12.5], "texture": "#0"}, "up": {"uv": [0.375, 12.5, 0.575, 12.5], "texture": "#0"}, "down": {"uv": [0.375, 12.5, 0.575, 12.5], "texture": "#0"} } }, { "from": [-6.13736, 2.07324, -3.85], "to": [-1.86236, 2.37324, -3.575], "rotation": {"angle": 0, "axis": "y", "origin": [-4.27486, 2.22324, -3.425]}, "faces": { "north": {"uv": [0.575, 12.5, 0.375, 12.5], "texture": "#0"}, "east": {"uv": [0.575, 12.5, 0.375, 12.5], "texture": "#0"}, "south": {"uv": [0.575, 12.5, 0.375, 12.5], "texture": "#0"}, "west": {"uv": [0.575, 12.5, 0.375, 12.5], "texture": "#0"}, "up": {"uv": [0.575, 12.5, 0.375, 12.5], "texture": "#0"}, "down": {"uv": [0.575, 12.5, 0.375, 12.5], "texture": "#0"} } } ], "display": { "thirdperson_righthand": { "rotation": [90, 0, 0], "translation": [0, -1.75, 0.75], "scale": [0.16, 0.16797, 0.16797] }, "thirdperson_lefthand": { "rotation": [90, 0, 0], "translation": [0, -1.75, 0.75], "scale": [0.16797, 0.16797, 0.16797] }, "firstperson_righthand": { "translation": [2.5, 0, -1], "scale": [0.23828, 0.23828, 0.23828] }, "firstperson_lefthand": { "translation": [2.5, 0, -1], "scale": [0.23828, 0.23828, 0.23828] }, "ground": { "rotation": [-30, 56, -11], "scale": [0.17773, 0.17773, 0.17773] }, "gui": { "rotation": [29, 143, 0], "translation": [-0.25, -0.25, 0], "scale": [0.28711, 0.28711, 0.28711] }, "head": { "rotation": [-2, 0, 0], "translation": [0, -3.75, -3.8], "scale": [0.29102, 0.29102, 0.29102] }, "fixed": { "rotation": [-83, 0, 0], "translation": [0, -0.5, -0.75], "scale": [0.35742, 0.35742, 0.35742] } }, "groups": [ { "name": "group", "origin": [0.025, 1.94529, -15.23148], "color": 0, "children": [0, 1, 2, 3, 4, 5, 6, 7, 8, 9, 10, 11, 12, 13, 14, 15, 16, 17, 18, 19, 20, 21, 22, 23, 24, 25, 26, 27, 28, 29] }, { "name": "group", "origin": [8, 8, 8], "color": 0, "children": [ 30, 31, 32, 33, 34, 35, 36, 37, 38, 39, 40, 41, 42, 43, 44, 45, 46, 47, 48, 49, 50, 51, 52, 53, 54, 55, 56, 57, 58, 59, 60, 61, 62, 63, 64, 65, 66, { "name": "group", "origin": [0.2, 13.60829, 12.31441], "color": 0, "children": [67, 68, 69, 70, 71, 72, 73, 74, 75, 76, 77, 78, 79, 80, 81, 82, 83, 84, 85, 86, 87, 88, 89, 90, 91, 92, 93, 94, 95, 96, 97, 98, 99, 100, 101, 102, 103] } ] }, { "name": "group", "origin": [8, 8, 8], "color": 0, "children": [104, 105, 106, 107, 108, 109, 110, 111, 112, 113, 114, 115, 116, 117, 118, 119, 120, 121, 122, 123, 124, 125, 126, 127, 128, 129, 130, 131, 132, 133, 134, 135, 136, 137, 138, 139, 140, 141, 142, 143, 144, 145, 146, 147, 148, 149, 150, 151, 152, 153, 154, 155, 156, 157] } ] }