{ "credit": "Made with Blockbench", "textures": { "0": "block/redclubmasters" }, "elements": [ { "from": [5.11866, 7.056, -2.353], "to": [5.47866, 9.684, -1.633], "rotation": {"angle": 0, "axis": "y", "origin": [5.11866, 9.9, -1.633]}, "faces": { "north": {"uv": [1, 1, 2.912, 2.5], "texture": "#0"}, "east": {"uv": [1, 1, 2.912, 2.5], "texture": "#0"}, "south": {"uv": [1, 1, 2.912, 2.5], "texture": "#0"}, "west": {"uv": [1, 1, 2.912, 2.5], "texture": "#0"}, "up": {"uv": [1, 1, 2.912, 2.5], "rotation": 90, "texture": "#0"}, "down": {"uv": [1, 1, 2.912, 2.5], "rotation": 270, "texture": "#0"} } }, { "from": [4.41598, 3.52338, -2.353], "to": [4.77598, 7.26738, -1.633], "rotation": {"angle": -22.5, "axis": "z", "origin": [4.59598, 5.39538, -1.993]}, "faces": { "north": {"uv": [1, 1, 2.912, 2.5], "texture": "#0"}, "east": {"uv": [1, 1, 2.912, 2.5], "texture": "#0"}, "south": {"uv": [1, 1, 2.912, 2.5], "texture": "#0"}, "west": {"uv": [1, 1, 2.912, 2.5], "texture": "#0"}, "up": {"uv": [1, 1, 2.912, 2.5], "rotation": 90, "texture": "#0"}, "down": {"uv": [1, 1, 2.912, 2.5], "rotation": 270, "texture": "#0"} } }, { "from": [-7.3692, 3.1649, -2.353], "to": [-7.0092, 7.8809, -1.633], "rotation": {"angle": 22.5, "axis": "z", "origin": [-7.1892, 5.0369, -1.993]}, "faces": { "north": {"uv": [1, 1, 2.912, 2.5], "texture": "#0"}, "east": {"uv": [1, 1, 2.912, 2.5], "texture": "#0"}, "south": {"uv": [1, 1, 2.912, 2.5], "texture": "#0"}, "west": {"uv": [1, 1, 2.912, 2.5], "texture": "#0"}, "up": {"uv": [1, 1, 2.912, 2.5], "rotation": 90, "texture": "#0"}, "down": {"uv": [1, 1, 2.912, 2.5], "rotation": 270, "texture": "#0"} } }, { "from": [-4.68083, 2.61478, -2.353], "to": [-4.32083, 4.19878, -1.633], "rotation": {"angle": 45, "axis": "z", "origin": [-4.50083, 1.35478, -1.993]}, "faces": { "north": {"uv": [1, 1, 2.912, 2.5], "texture": "#0"}, "east": {"uv": [1, 1, 2.912, 2.5], "texture": "#0"}, "south": {"uv": [1, 1, 2.912, 2.5], "texture": "#0"}, "west": {"uv": [1, 1, 2.912, 2.5], "texture": "#0"}, "up": {"uv": [1, 1, 2.912, 2.5], "rotation": 90, "texture": "#0"}, "down": {"uv": [1, 1, 2.912, 2.5], "rotation": 270, "texture": "#0"} } }, { "from": [-5.66666, 1.01641, -2.353], "to": [-3.90266, 1.37641, -1.633], "rotation": {"angle": -22.5, "axis": "z", "origin": [-2.82266, 1.19641, -1.993]}, "faces": { "north": {"uv": [1, 1, 2.912, 2.5], "rotation": 90, "texture": "#0"}, "east": {"uv": [1, 1, 2.912, 2.5], "rotation": 90, "texture": "#0"}, "south": {"uv": [1, 1, 2.912, 2.5], "rotation": 90, "texture": "#0"}, "west": {"uv": [1, 1, 2.912, 2.5], "rotation": 90, "texture": "#0"}, "up": {"uv": [1, 1, 2.912, 2.5], "rotation": 180, "texture": "#0"}, "down": {"uv": [1, 1, 2.912, 2.5], "texture": "#0"} } }, { "from": [-8.44385, 7.59553, -2.353], "to": [-8.08385, 8.74753, -1.633], "rotation": {"angle": 0, "axis": "y", "origin": [-8.26385, 9.46753, -1.993]}, "faces": { "north": {"uv": [1, 1, 2.912, 2.5], "texture": "#0"}, "east": {"uv": [1, 1, 2.912, 2.5], "texture": "#0"}, "south": {"uv": [1, 1, 2.912, 2.5], "texture": "#0"}, "west": {"uv": [1, 1, 2.912, 2.5], "texture": "#0"}, "up": {"uv": [1, 1, 2.912, 2.5], "rotation": 90, "texture": "#0"}, "down": {"uv": [1, 1, 2.912, 2.5], "rotation": 270, "texture": "#0"} } }, { "from": [2.41491, 2.22057, -2.353], "to": [2.77491, 4.27257, -1.633], "rotation": {"angle": -45, "axis": "z", "origin": [2.59491, 2.40057, -1.993]}, "faces": { "north": {"uv": [1, 1, 2.912, 2.5], "texture": "#0"}, "east": {"uv": [1, 1, 2.912, 2.5], "texture": "#0"}, "south": {"uv": [1, 1, 2.912, 2.5], "texture": "#0"}, "west": {"uv": [1, 1, 2.912, 2.5], "texture": "#0"}, "up": {"uv": [1, 1, 2.912, 2.5], "rotation": 90, "texture": "#0"}, "down": {"uv": [1, 1, 2.912, 2.5], "rotation": 270, "texture": "#0"} } }, { "from": [0.83252, 1.41593, -2.353], "to": [2.66852, 1.77593, -1.633], "rotation": {"angle": 22.5, "axis": "z", "origin": [0.79652, 1.59593, -1.993]}, "faces": { "north": {"uv": [1, 1, 2.912, 2.5], "rotation": 270, "texture": "#0"}, "east": {"uv": [1, 1, 2.912, 2.5], "rotation": 270, "texture": "#0"}, "south": {"uv": [1, 1, 2.912, 2.5], "rotation": 270, "texture": "#0"}, "west": {"uv": [1, 1, 2.912, 2.5], "rotation": 270, "texture": "#0"}, "up": {"uv": [1, 1, 2.912, 2.5], "texture": "#0"}, "down": {"uv": [1, 1, 2.912, 2.5], "rotation": 180, "texture": "#0"} } }, { "from": [-3.88934, 1.44341, -2.353], "to": [0.89866, 1.80341, -1.633], "rotation": {"angle": 0, "axis": "y", "origin": [-0.97334, 1.62341, -1.993]}, "faces": { "north": {"uv": [1, 1, 2.912, 2.5], "rotation": 270, "texture": "#0"}, "east": {"uv": [1, 1, 2.912, 2.5], "rotation": 270, "texture": "#0"}, "south": {"uv": [1, 1, 2.912, 2.5], "rotation": 270, "texture": "#0"}, "west": {"uv": [1, 1, 2.912, 2.5], "rotation": 270, "texture": "#0"}, "up": {"uv": [1, 1, 2.912, 2.5], "texture": "#0"}, "down": {"uv": [1, 1, 2.912, 2.5], "rotation": 180, "texture": "#0"} } }, { "from": [5.20506, 9.36, -2.425], "to": [5.65866, 9.72, -1.561], "rotation": {"angle": 0, "axis": "y", "origin": [5.29866, 10.26, -1.561]}, "faces": { "north": {"uv": [13, 1, 15.65, 1.95], "texture": "#0"}, "east": {"uv": [13, 1, 15.65, 1.95], "texture": "#0"}, "south": {"uv": [13, 1, 15.65, 1.95], "texture": "#0"}, "west": {"uv": [13, 1, 15.65, 1.95], "texture": "#0"}, "up": {"uv": [13, 1, 15.65, 1.95], "rotation": 90, "texture": "#0"}, "down": {"uv": [13, 1, 15.65, 1.95], "rotation": 270, "texture": "#0"} } }, { "from": [5.47866, 9.43456, -2.425], "to": [5.98266, 9.79456, -1.561], "rotation": {"angle": 45, "axis": "z", "origin": [5.65866, 9.61456, -1.921]}, "faces": { "north": {"uv": [13, 1, 15.65, 1.95], "texture": "#0"}, "east": {"uv": [13, 1, 15.65, 1.95], "texture": "#0"}, "south": {"uv": [13, 1, 15.65, 1.95], "texture": "#0"}, "west": {"uv": [13, 1, 15.65, 1.95], "texture": "#0"}, "up": {"uv": [13, 1, 15.65, 1.95], "rotation": 90, "texture": "#0"}, "down": {"uv": [13, 1, 15.65, 1.95], "rotation": 270, "texture": "#0"} } }, { "from": [5.01762, 9.77156, -2.425], "to": [6.09762, 10.74356, -1.561], "rotation": {"angle": -22.5, "axis": "z", "origin": [5.91762, 9.95156, -1.921]}, "faces": { "north": {"uv": [13, 1, 15.65, 1.95], "rotation": 90, "texture": "#0"}, "east": {"uv": [13, 1, 15.65, 1.95], "rotation": 90, "texture": "#0"}, "south": {"uv": [13, 1, 15.65, 1.95], "rotation": 90, "texture": "#0"}, "west": {"uv": [13, 1, 15.65, 1.95], "rotation": 90, "texture": "#0"}, "up": {"uv": [13, 1, 15.65, 1.95], "rotation": 180, "texture": "#0"}, "down": {"uv": [13, 1, 15.65, 1.95], "texture": "#0"} } }, { "from": [-8.83852, 13.15471, -2.425], "to": [2.86148, 13.51471, -1.561], "rotation": {"angle": 0, "axis": "y", "origin": [1.31348, 13.33471, -1.921]}, "faces": { "north": {"uv": [13, 1, 15.65, 1.95], "rotation": 180, "texture": "#0"}, "east": {"uv": [13, 1, 15.65, 1.95], "rotation": 180, "texture": "#0"}, "south": {"uv": [13, 1, 15.65, 1.95], "rotation": 180, "texture": "#0"}, "west": {"uv": [13, 1, 15.65, 1.95], "rotation": 180, "texture": "#0"}, "up": {"uv": [13, 1, 15.65, 1.95], "rotation": 270, "texture": "#0"}, "down": {"uv": [13, 1, 15.65, 1.95], "rotation": 90, "texture": "#0"} } }, { "from": [-10.09223, 11.56177, -2.425], "to": [-9.58823, 11.92177, -1.561], "rotation": {"angle": 45, "axis": "z", "origin": [-11.13623, 11.74177, -1.921]}, "faces": { "north": {"uv": [13, 1, 15.65, 1.95], "rotation": 180, "texture": "#0"}, "east": {"uv": [13, 1, 15.65, 1.95], "rotation": 180, "texture": "#0"}, "south": {"uv": [13, 1, 15.65, 1.95], "rotation": 180, "texture": "#0"}, "west": {"uv": [13, 1, 15.65, 1.95], "rotation": 180, "texture": "#0"}, "up": {"uv": [13, 1, 15.65, 1.95], "rotation": 270, "texture": "#0"}, "down": {"uv": [13, 1, 15.65, 1.95], "rotation": 90, "texture": "#0"} } }, { "from": [-9.50886, 9.3254, -2.425], "to": [-8.24886, 11.3414, -1.561], "rotation": {"angle": 45, "axis": "z", "origin": [-9.32886, 9.8294, -1.921]}, "faces": { "north": {"uv": [13, 1, 15.65, 1.95], "rotation": 270, "texture": "#0"}, "east": {"uv": [13, 1, 15.65, 1.95], "rotation": 270, "texture": "#0"}, "south": {"uv": [13, 1, 15.65, 1.95], "rotation": 270, "texture": "#0"}, "west": {"uv": [13, 1, 15.65, 1.95], "rotation": 270, "texture": "#0"}, "up": {"uv": [13, 1, 15.65, 1.95], "texture": "#0"}, "down": {"uv": [13, 1, 15.65, 1.95], "rotation": 180, "texture": "#0"} } }, { "from": [-9.32564, 8.99127, -2.425], "to": [-8.02964, 10.35927, -1.561], "rotation": {"angle": 22.5, "axis": "z", "origin": [-9.14564, 8.84727, -1.921]}, "faces": { "north": {"uv": [13, 1, 15.65, 1.95], "rotation": 270, "texture": "#0"}, "east": {"uv": [13, 1, 15.65, 1.95], "rotation": 270, "texture": "#0"}, "south": {"uv": [13, 1, 15.65, 1.95], "rotation": 270, "texture": "#0"}, "west": {"uv": [13, 1, 15.65, 1.95], "rotation": 270, "texture": "#0"}, "up": {"uv": [13, 1, 15.65, 1.95], "texture": "#0"}, "down": {"uv": [13, 1, 15.65, 1.95], "rotation": 180, "texture": "#0"} } }, { "from": [-8.91065, 8.88959, -2.425], "to": [-8.55065, 9.24959, -1.561], "rotation": {"angle": 45, "axis": "z", "origin": [-8.73065, 8.52959, -1.921]}, "faces": { "north": {"uv": [13, 1, 15.65, 1.95], "rotation": 270, "texture": "#0"}, "east": {"uv": [13, 1, 15.65, 1.95], "rotation": 270, "texture": "#0"}, "south": {"uv": [13, 1, 15.65, 1.95], "rotation": 270, "texture": "#0"}, "west": {"uv": [13, 1, 15.65, 1.95], "rotation": 270, "texture": "#0"}, "up": {"uv": [13, 1, 15.65, 1.95], "texture": "#0"}, "down": {"uv": [13, 1, 15.65, 1.95], "rotation": 180, "texture": "#0"} } }, { "from": [-9.11249, 8.65687, -2.425], "to": [-8.03249, 10.02487, -1.561], "rotation": {"angle": 0, "axis": "y", "origin": [-8.93249, 8.29687, -1.921]}, "faces": { "north": {"uv": [13, 1, 15.65, 1.95], "rotation": 270, "texture": "#0"}, "east": {"uv": [13, 1, 15.65, 1.95], "rotation": 270, "texture": "#0"}, "south": {"uv": [13, 1, 15.65, 1.95], "rotation": 270, "texture": "#0"}, "west": {"uv": [13, 1, 15.65, 1.95], "rotation": 270, "texture": "#0"}, "up": {"uv": [13, 1, 15.65, 1.95], "texture": "#0"}, "down": {"uv": [13, 1, 15.65, 1.95], "rotation": 180, "texture": "#0"} } }, { "from": [-8.39249, 9.01687, -2.425], "to": [-8.03249, 10.27687, -1.561], "rotation": {"angle": 0, "axis": "y", "origin": [-7.67249, 9.19687, -1.921]}, "faces": { "north": {"uv": [13, 1, 15.65, 1.95], "texture": "#0"}, "east": {"uv": [13, 1, 15.65, 1.95], "texture": "#0"}, "south": {"uv": [13, 1, 15.65, 1.95], "texture": "#0"}, "west": {"uv": [13, 1, 15.65, 1.95], "texture": "#0"}, "up": {"uv": [13, 1, 15.65, 1.95], "rotation": 90, "texture": "#0"}, "down": {"uv": [13, 1, 15.65, 1.95], "rotation": 270, "texture": "#0"} } }, { "from": [-8.89951, 10.70872, -2.425], "to": [-7.27951, 12.04072, -1.561], "rotation": {"angle": -45, "axis": "z", "origin": [-6.91951, 11.39272, -1.921]}, "faces": { "north": {"uv": [13, 1, 15.65, 1.95], "texture": "#0"}, "east": {"uv": [13, 1, 15.65, 1.95], "texture": "#0"}, "south": {"uv": [13, 1, 15.65, 1.95], "texture": "#0"}, "west": {"uv": [13, 1, 15.65, 1.95], "texture": "#0"}, "up": {"uv": [13, 1, 15.65, 1.95], "rotation": 90, "texture": "#0"}, "down": {"uv": [13, 1, 15.65, 1.95], "rotation": 270, "texture": "#0"} } }, { "from": [-6.97605, 12.0875, -2.425], "to": [-4.88805, 13.0235, -1.561], "rotation": {"angle": 22.5, "axis": "z", "origin": [-6.29205, 11.7275, -1.921]}, "faces": { "north": {"uv": [13, 1, 15.65, 1.95], "rotation": 270, "texture": "#0"}, "east": {"uv": [13, 1, 15.65, 1.95], "rotation": 270, "texture": "#0"}, "south": {"uv": [13, 1, 15.65, 1.95], "rotation": 270, "texture": "#0"}, "west": {"uv": [13, 1, 15.65, 1.95], "rotation": 270, "texture": "#0"}, "up": {"uv": [13, 1, 15.65, 1.95], "texture": "#0"}, "down": {"uv": [13, 1, 15.65, 1.95], "rotation": 180, "texture": "#0"} } }, { "from": [3.22332, 11.53822, -2.425], "to": [5.23932, 13.26622, -1.561], "rotation": {"angle": -45, "axis": "z", "origin": [3.33132, 11.17822, -1.921]}, "faces": { "north": {"uv": [13, 1, 15.65, 1.95], "rotation": 270, "texture": "#0"}, "east": {"uv": [13, 1, 15.65, 1.95], "rotation": 270, "texture": "#0"}, "south": {"uv": [13, 1, 15.65, 1.95], "rotation": 270, "texture": "#0"}, "west": {"uv": [13, 1, 15.65, 1.95], "rotation": 270, "texture": "#0"}, "up": {"uv": [13, 1, 15.65, 1.95], "texture": "#0"}, "down": {"uv": [13, 1, 15.65, 1.95], "rotation": 180, "texture": "#0"} } }, { "from": [0.57378, 12.18867, -2.425], "to": [3.63378, 13.05267, -1.561], "rotation": {"angle": -22.5, "axis": "z", "origin": [1.72578, 11.82867, -1.921]}, "faces": { "north": {"uv": [13, 1, 15.65, 1.95], "rotation": 270, "texture": "#0"}, "east": {"uv": [13, 1, 15.65, 1.95], "rotation": 270, "texture": "#0"}, "south": {"uv": [13, 1, 15.65, 1.95], "rotation": 270, "texture": "#0"}, "west": {"uv": [13, 1, 15.65, 1.95], "rotation": 270, "texture": "#0"}, "up": {"uv": [13, 1, 15.65, 1.95], "texture": "#0"}, "down": {"uv": [13, 1, 15.65, 1.95], "rotation": 180, "texture": "#0"} } }, { "from": [-8.94246, 12.56998, -2.425], "to": [2.68554, 13.25398, -1.561], "rotation": {"angle": 0, "axis": "y", "origin": [-3.54246, 12.20998, -1.921]}, "faces": { "north": {"uv": [13, 1, 15.65, 1.95], "rotation": 270, "texture": "#0"}, "east": {"uv": [13, 1, 15.65, 1.95], "rotation": 270, "texture": "#0"}, "south": {"uv": [13, 1, 15.65, 1.95], "rotation": 270, "texture": "#0"}, "west": {"uv": [13, 1, 15.65, 1.95], "rotation": 270, "texture": "#0"}, "up": {"uv": [13, 1, 15.65, 1.95], "texture": "#0"}, "down": {"uv": [13, 1, 15.65, 1.95], "rotation": 180, "texture": "#0"} } }, { "from": [4.92849, 9.16421, -2.425], "to": [5.64849, 10.07141, -1.561], "rotation": {"angle": 22.5, "axis": "z", "origin": [4.56849, 9.95621, -1.921]}, "faces": { "north": {"uv": [13, 1, 15.65, 1.95], "rotation": 180, "texture": "#0"}, "east": {"uv": [13, 1, 15.65, 1.95], "rotation": 180, "texture": "#0"}, "south": {"uv": [13, 1, 15.65, 1.95], "rotation": 180, "texture": "#0"}, "west": {"uv": [13, 1, 15.65, 1.95], "rotation": 180, "texture": "#0"}, "up": {"uv": [13, 1, 15.65, 1.95], "rotation": 270, "texture": "#0"}, "down": {"uv": [13, 1, 15.65, 1.95], "rotation": 90, "texture": "#0"} } }, { "from": [-10.21508, 9.90731, -2.425], "to": [-7.73108, 12.28331, -1.561], "rotation": {"angle": -22.5, "axis": "z", "origin": [-7.37108, 10.84331, -1.921]}, "faces": { "north": {"uv": [13, 1, 15.65, 1.95], "texture": "#0"}, "east": {"uv": [13, 1, 15.65, 1.95], "texture": "#0"}, "south": {"uv": [13, 1, 15.65, 1.95], "texture": "#0"}, "west": {"uv": [13, 1, 15.65, 1.95], "texture": "#0"}, "up": {"uv": [13, 1, 15.65, 1.95], "rotation": 90, "texture": "#0"}, "down": {"uv": [13, 1, 15.65, 1.95], "rotation": 270, "texture": "#0"} } }, { "from": [-10.52529, 10.77127, -2.425], "to": [-9.69729, 12.60727, -1.561], "rotation": {"angle": 0, "axis": "y", "origin": [-10.34529, 11.05927, -1.921]}, "faces": { "north": {"uv": [13, 1, 15.65, 1.95], "rotation": 270, "texture": "#0"}, "east": {"uv": [13, 1, 15.65, 1.95], "rotation": 270, "texture": "#0"}, "south": {"uv": [13, 1, 15.65, 1.95], "rotation": 270, "texture": "#0"}, "west": {"uv": [13, 1, 15.65, 1.95], "rotation": 270, "texture": "#0"}, "up": {"uv": [13, 1, 15.65, 1.95], "texture": "#0"}, "down": {"uv": [13, 1, 15.65, 1.95], "rotation": 180, "texture": "#0"} } }, { "from": [-10.40029, 11.09527, -1.561], "to": [-10.16529, 12.17527, 11.689], "rotation": {"angle": 0, "axis": "y", "origin": [-10.16529, 10.62727, -1.381]}, "faces": { "north": {"uv": [1, 1, 3.65, 1.95], "rotation": 270, "texture": "#0"}, "east": {"uv": [1, 1, 3.65, 1.95], "rotation": 270, "texture": "#0"}, "south": {"uv": [1, 1, 3.65, 1.95], "rotation": 270, "texture": "#0"}, "west": {"uv": [1, 1, 3.65, 1.95], "rotation": 270, "texture": "#0"}, "up": {"uv": [1, 1, 3.65, 1.95], "rotation": 270, "texture": "#0"}, "down": {"uv": [1, 1, 3.65, 1.95], "rotation": 270, "texture": "#0"} } }, { "from": [-10.42529, 11.31127, 3.064], "to": [-10.40029, 11.52727, 11.389], "rotation": {"angle": 0, "axis": "y", "origin": [-10.16529, 10.84327, -1.381]}, "faces": { "north": {"uv": [13, 2, 15.65, 2.95], "rotation": 270, "texture": "#0"}, "east": {"uv": [13, 2, 15.65, 2.95], "rotation": 270, "texture": "#0"}, "south": {"uv": [13, 2, 15.65, 2.95], "rotation": 270, "texture": "#0"}, "west": {"uv": [13, 2, 15.65, 2.95], "rotation": 270, "texture": "#0"}, "up": {"uv": [13, 2, 15.65, 2.95], "rotation": 270, "texture": "#0"}, "down": {"uv": [13, 2, 15.65, 2.95], "rotation": 270, "texture": "#0"} } }, { "from": [26.40029, 11.31127, 3.064], "to": [26.42529, 11.52727, 11.389], "rotation": {"angle": 0, "axis": "y", "origin": [26.16529, 10.84327, -1.381]}, "faces": { "north": {"uv": [13, 2.95, 15.65, 2], "rotation": 270, "texture": "#0"}, "east": {"uv": [13, 2.95, 15.65, 2], "rotation": 270, "texture": "#0"}, "south": {"uv": [13, 2.95, 15.65, 2], "rotation": 270, "texture": "#0"}, "west": {"uv": [13, 2.95, 15.65, 2], "rotation": 270, "texture": "#0"}, "up": {"uv": [13, 2.95, 15.65, 2], "rotation": 270, "texture": "#0"}, "down": {"uv": [13, 2.95, 15.65, 2], "rotation": 270, "texture": "#0"} } }, { "from": [-10.42529, 11.74327, 3.064], "to": [-10.40029, 11.95927, 11.389], "rotation": {"angle": 0, "axis": "y", "origin": [-10.16529, 11.27527, -1.381]}, "faces": { "north": {"uv": [13, 2, 15.65, 2.95], "rotation": 270, "texture": "#0"}, "east": {"uv": [13, 2, 15.65, 2.95], "rotation": 270, "texture": "#0"}, "south": {"uv": [13, 2, 15.65, 2.95], "rotation": 270, "texture": "#0"}, "west": {"uv": [13, 2, 15.65, 2.95], "rotation": 270, "texture": "#0"}, "up": {"uv": [13, 2, 15.65, 2.95], "rotation": 270, "texture": "#0"}, "down": {"uv": [13, 2, 15.65, 2.95], "rotation": 270, "texture": "#0"} } }, { "from": [26.40029, 11.74327, 3.064], "to": [26.42529, 11.95927, 11.389], "rotation": {"angle": 0, "axis": "y", "origin": [26.16529, 11.27527, -1.381]}, "faces": { "north": {"uv": [13, 2.95, 15.65, 2], "rotation": 270, "texture": "#0"}, "east": {"uv": [13, 2.95, 15.65, 2], "rotation": 270, "texture": "#0"}, "south": {"uv": [13, 2.95, 15.65, 2], "rotation": 270, "texture": "#0"}, "west": {"uv": [13, 2.95, 15.65, 2], "rotation": 270, "texture": "#0"}, "up": {"uv": [13, 2.95, 15.65, 2], "rotation": 270, "texture": "#0"}, "down": {"uv": [13, 2.95, 15.65, 2], "rotation": 270, "texture": "#0"} } }, { "from": [26.16529, 11.09527, -1.561], "to": [26.40029, 12.17527, 11.689], "rotation": {"angle": 0, "axis": "y", "origin": [26.16529, 10.62727, -1.381]}, "faces": { "north": {"uv": [1, 1.95, 3.65, 1], "rotation": 270, "texture": "#0"}, "east": {"uv": [1, 1.95, 3.65, 1], "rotation": 270, "texture": "#0"}, "south": {"uv": [1, 1.95, 3.65, 1], "rotation": 270, "texture": "#0"}, "west": {"uv": [1, 1.95, 3.65, 1], "rotation": 270, "texture": "#0"}, "up": {"uv": [1, 1.95, 3.65, 1], "rotation": 270, "texture": "#0"}, "down": {"uv": [1, 1.95, 3.65, 1], "rotation": 270, "texture": "#0"} } }, { "from": [-10.52529, 11.09527, 11.689], "to": [-10.16529, 12.17527, 14.099], "rotation": {"angle": 0, "axis": "y", "origin": [-10.16529, 10.62727, -1.381]}, "faces": { "north": {"uv": [13, 1, 15.65, 1.95], "rotation": 270, "texture": "#0"}, "east": {"uv": [13, 1, 15.65, 1.95], "rotation": 270, "texture": "#0"}, "south": {"uv": [13, 1, 15.65, 1.95], "rotation": 270, "texture": "#0"}, "west": {"uv": [13, 1, 15.65, 1.95], "rotation": 270, "texture": "#0"}, "up": {"uv": [13, 1, 15.65, 1.95], "rotation": 90, "texture": "#0"}, "down": {"uv": [13, 1, 15.65, 1.95], "rotation": 90, "texture": "#0"} } }, { "from": [26.16529, 11.09527, 11.689], "to": [26.52529, 12.17527, 14.099], "rotation": {"angle": 0, "axis": "y", "origin": [26.16529, 10.62727, -1.381]}, "faces": { "north": {"uv": [13, 1.95, 15.65, 1], "rotation": 270, "texture": "#0"}, "east": {"uv": [13, 1.95, 15.65, 1], "rotation": 270, "texture": "#0"}, "south": {"uv": [13, 1.95, 15.65, 1], "rotation": 270, "texture": "#0"}, "west": {"uv": [13, 1.95, 15.65, 1], "rotation": 270, "texture": "#0"}, "up": {"uv": [13, 1.95, 15.65, 1], "rotation": 90, "texture": "#0"}, "down": {"uv": [13, 1.95, 15.65, 1], "rotation": 90, "texture": "#0"} } }, { "from": [-10.52529, 9.24209, 13.51555], "to": [-10.16529, 10.32209, 15.20755], "rotation": {"angle": 22.5, "axis": "x", "origin": [-10.34529, 9.78209, 18.46555]}, "faces": { "north": {"uv": [13, 1, 15.65, 1.95], "rotation": 270, "texture": "#0"}, "east": {"uv": [13, 1, 15.65, 1.95], "rotation": 270, "texture": "#0"}, "south": {"uv": [13, 1, 15.65, 1.95], "rotation": 270, "texture": "#0"}, "west": {"uv": [13, 1, 15.65, 1.95], "rotation": 270, "texture": "#0"}, "up": {"uv": [13, 1, 15.65, 1.95], "rotation": 90, "texture": "#0"}, "down": {"uv": [13, 1, 15.65, 1.95], "rotation": 90, "texture": "#0"} } }, { "from": [26.1626, 9.24209, 13.51555], "to": [26.5226, 10.32209, 15.20755], "rotation": {"angle": 22.5, "axis": "x", "origin": [26.3426, 9.78209, 18.46555]}, "faces": { "north": {"uv": [13, 1.95, 15.65, 1], "rotation": 270, "texture": "#0"}, "east": {"uv": [13, 1.95, 15.65, 1], "rotation": 270, "texture": "#0"}, "south": {"uv": [13, 1.95, 15.65, 1], "rotation": 270, "texture": "#0"}, "west": {"uv": [13, 1.95, 15.65, 1], "rotation": 270, "texture": "#0"}, "up": {"uv": [13, 1.95, 15.65, 1], "rotation": 90, "texture": "#0"}, "down": {"uv": [13, 1.95, 15.65, 1], "rotation": 90, "texture": "#0"} } }, { "from": [-10.52529, 7.10575, 13.83055], "to": [-10.16529, 8.18575, 15.52255], "rotation": {"angle": 45, "axis": "x", "origin": [-10.34529, 7.64575, 18.78055]}, "faces": { "north": {"uv": [13, 1, 15.65, 1.95], "rotation": 270, "texture": "#0"}, "east": {"uv": [13, 1, 15.65, 1.95], "rotation": 270, "texture": "#0"}, "south": {"uv": [13, 1, 15.65, 1.95], "rotation": 270, "texture": "#0"}, "west": {"uv": [13, 1, 15.65, 1.95], "rotation": 270, "texture": "#0"}, "up": {"uv": [13, 1, 15.65, 1.95], "rotation": 90, "texture": "#0"}, "down": {"uv": [13, 1, 15.65, 1.95], "rotation": 90, "texture": "#0"} } }, { "from": [26.1626, 7.10575, 13.83055], "to": [26.5226, 8.18575, 15.52255], "rotation": {"angle": 45, "axis": "x", "origin": [26.3426, 7.64575, 18.78055]}, "faces": { "north": {"uv": [13, 1.95, 15.65, 1], "rotation": 270, "texture": "#0"}, "east": {"uv": [13, 1.95, 15.65, 1], "rotation": 270, "texture": "#0"}, "south": {"uv": [13, 1.95, 15.65, 1], "rotation": 270, "texture": "#0"}, "west": {"uv": [13, 1.95, 15.65, 1], "rotation": 270, "texture": "#0"}, "up": {"uv": [13, 1.95, 15.65, 1], "rotation": 90, "texture": "#0"}, "down": {"uv": [13, 1.95, 15.65, 1], "rotation": 90, "texture": "#0"} } }, { "from": [-10.52529, 8.08949, 17.71402], "to": [-10.16529, 10.50149, 18.79402], "rotation": {"angle": -22.5, "axis": "x", "origin": [-10.34529, 5.55149, 18.25402]}, "faces": { "north": {"uv": [13, 1, 15.65, 1.95], "rotation": 270, "texture": "#0"}, "east": {"uv": [13, 1, 15.65, 1.95], "rotation": 180, "texture": "#0"}, "south": {"uv": [13, 1, 15.65, 1.95], "rotation": 90, "texture": "#0"}, "west": {"uv": [13, 1, 15.65, 1.95], "texture": "#0"}, "up": {"uv": [13, 1, 15.65, 1.95], "rotation": 90, "texture": "#0"}, "down": {"uv": [13, 1, 15.65, 1.95], "rotation": 270, "texture": "#0"} } }, { "from": [26.1626, 8.08949, 17.71402], "to": [26.5226, 10.50149, 18.79402], "rotation": {"angle": -22.5, "axis": "x", "origin": [26.3426, 5.55149, 18.25402]}, "faces": { "north": {"uv": [13, 1.95, 15.65, 1], "rotation": 270, "texture": "#0"}, "east": {"uv": [15.65, 1, 13, 1.95], "texture": "#0"}, "south": {"uv": [13, 1.95, 15.65, 1], "rotation": 90, "texture": "#0"}, "west": {"uv": [15.65, 1, 13, 1.95], "rotation": 180, "texture": "#0"}, "up": {"uv": [13, 1.95, 15.65, 1], "rotation": 90, "texture": "#0"}, "down": {"uv": [13, 1.95, 15.65, 1], "rotation": 270, "texture": "#0"} } }, { "from": [-10.52529, 5.69094, 16.70166], "to": [-10.16529, 8.10294, 17.78166], "rotation": {"angle": 0, "axis": "y", "origin": [-10.34529, 3.15294, 17.24166]}, "faces": { "north": {"uv": [13, 1, 15.65, 1.95], "rotation": 270, "texture": "#0"}, "east": {"uv": [13, 1, 15.65, 1.95], "rotation": 180, "texture": "#0"}, "south": {"uv": [13, 1, 15.65, 1.95], "rotation": 90, "texture": "#0"}, "west": {"uv": [13, 1, 15.65, 1.95], "texture": "#0"}, "up": {"uv": [13, 1, 15.65, 1.95], "rotation": 90, "texture": "#0"}, "down": {"uv": [13, 1, 15.65, 1.95], "rotation": 270, "texture": "#0"} } }, { "from": [26.1626, 5.69094, 16.70166], "to": [26.5226, 8.10294, 17.78166], "rotation": {"angle": 0, "axis": "y", "origin": [26.3426, 3.15294, 17.24166]}, "faces": { "north": {"uv": [13, 1.95, 15.65, 1], "rotation": 270, "texture": "#0"}, "east": {"uv": [15.65, 1, 13, 1.95], "texture": "#0"}, "south": {"uv": [13, 1.95, 15.65, 1], "rotation": 90, "texture": "#0"}, "west": {"uv": [15.65, 1, 13, 1.95], "rotation": 180, "texture": "#0"}, "up": {"uv": [13, 1.95, 15.65, 1], "rotation": 90, "texture": "#0"}, "down": {"uv": [13, 1.95, 15.65, 1], "rotation": 270, "texture": "#0"} } }, { "from": [-10.52529, 3.86239, 14.84848], "to": [-10.16529, 6.27439, 15.92848], "rotation": {"angle": 22.5, "axis": "x", "origin": [-10.34529, 1.32439, 15.38848]}, "faces": { "north": {"uv": [13, 1, 15.65, 1.95], "rotation": 270, "texture": "#0"}, "east": {"uv": [13, 1, 15.65, 1.95], "rotation": 180, "texture": "#0"}, "south": {"uv": [13, 1, 15.65, 1.95], "rotation": 90, "texture": "#0"}, "west": {"uv": [13, 1, 15.65, 1.95], "texture": "#0"}, "up": {"uv": [13, 1, 15.65, 1.95], "rotation": 90, "texture": "#0"}, "down": {"uv": [13, 1, 15.65, 1.95], "rotation": 270, "texture": "#0"} } }, { "from": [26.1626, 3.86239, 14.84848], "to": [26.5226, 6.27439, 15.92848], "rotation": {"angle": 22.5, "axis": "x", "origin": [26.3426, 1.32439, 15.38848]}, "faces": { "north": {"uv": [13, 1.95, 15.65, 1], "rotation": 270, "texture": "#0"}, "east": {"uv": [15.65, 1, 13, 1.95], "texture": "#0"}, "south": {"uv": [13, 1.95, 15.65, 1], "rotation": 90, "texture": "#0"}, "west": {"uv": [15.65, 1, 13, 1.95], "rotation": 180, "texture": "#0"}, "up": {"uv": [13, 1.95, 15.65, 1], "rotation": 90, "texture": "#0"}, "down": {"uv": [13, 1.95, 15.65, 1], "rotation": 270, "texture": "#0"} } }, { "from": [-10.02055, 11.49783, -2.425], "to": [-8.58055, 12.57783, -1.561], "rotation": {"angle": 22.5, "axis": "z", "origin": [-11.06455, 12.39783, -1.921]}, "faces": { "north": {"uv": [13, 1, 15.65, 1.95], "rotation": 180, "texture": "#0"}, "east": {"uv": [13, 1, 15.65, 1.95], "rotation": 180, "texture": "#0"}, "south": {"uv": [13, 1, 15.65, 1.95], "rotation": 180, "texture": "#0"}, "west": {"uv": [13, 1, 15.65, 1.95], "rotation": 180, "texture": "#0"}, "up": {"uv": [13, 1, 15.65, 1.95], "rotation": 270, "texture": "#0"}, "down": {"uv": [13, 1, 15.65, 1.95], "rotation": 90, "texture": "#0"} } }, { "from": [-8.09334, 6.768, -2.173], "to": [5.11866, 12.564, -1.813], "rotation": {"angle": 0, "axis": "y", "origin": [4.75866, 9.9, -1.453]}, "faces": { "north": {"uv": [5, 8, 6.912, 9.5], "texture": "#0"}, "east": {"uv": [5, 8, 6.912, 9.5], "texture": "#0"}, "south": {"uv": [5, 8, 6.912, 9.5], "texture": "#0"}, "west": {"uv": [5, 8, 6.912, 9.5], "texture": "#0"}, "up": {"uv": [5, 8, 6.912, 9.5], "rotation": 90, "texture": "#0"}, "down": {"uv": [5, 8, 6.912, 9.5], "rotation": 270, "texture": "#0"} } }, { "from": [-8.09334, 12.564, -2.173], "to": [3.60666, 12.888, -1.813], "rotation": {"angle": 0, "axis": "y", "origin": [4.75866, 15.696, -1.453]}, "faces": { "north": {"uv": [5, 8, 6.912, 9.5], "texture": "#0"}, "east": {"uv": [5, 8, 6.912, 9.5], "texture": "#0"}, "south": {"uv": [5, 8, 6.912, 9.5], "texture": "#0"}, "west": {"uv": [5, 8, 6.912, 9.5], "texture": "#0"}, "up": {"uv": [5, 8, 6.912, 9.5], "rotation": 90, "texture": "#0"}, "down": {"uv": [5, 8, 6.912, 9.5], "rotation": 270, "texture": "#0"} } }, { "from": [-7.73334, 5.904, -2.173], "to": [4.97466, 6.768, -1.813], "rotation": {"angle": 0, "axis": "y", "origin": [4.75866, 4.104, -1.453]}, "faces": { "north": {"uv": [5, 8, 6.912, 9.5], "texture": "#0"}, "east": {"uv": [5, 8, 6.912, 9.5], "texture": "#0"}, "south": {"uv": [5, 8, 6.912, 9.5], "texture": "#0"}, "west": {"uv": [5, 8, 6.912, 9.5], "texture": "#0"}, "up": {"uv": [5, 8, 6.912, 9.5], "rotation": 90, "texture": "#0"}, "down": {"uv": [5, 8, 6.912, 9.5], "rotation": 270, "texture": "#0"} } }, { "from": [-7.37334, 5.04, -2.173], "to": [4.61466, 5.904, -1.813], "rotation": {"angle": 0, "axis": "y", "origin": [4.75866, 3.24, -1.453]}, "faces": { "north": {"uv": [5, 8, 6.912, 9.5], "texture": "#0"}, "east": {"uv": [5, 8, 6.912, 9.5], "texture": "#0"}, "south": {"uv": [5, 8, 6.912, 9.5], "texture": "#0"}, "west": {"uv": [5, 8, 6.912, 9.5], "texture": "#0"}, "up": {"uv": [5, 8, 6.912, 9.5], "rotation": 90, "texture": "#0"}, "down": {"uv": [5, 8, 6.912, 9.5], "rotation": 270, "texture": "#0"} } }, { "from": [-7.01334, 4.176, -2.173], "to": [4.25466, 5.04, -1.813], "rotation": {"angle": 0, "axis": "y", "origin": [4.75866, 2.376, -1.453]}, "faces": { "north": {"uv": [5, 8, 6.912, 9.5], "texture": "#0"}, "east": {"uv": [5, 8, 6.912, 9.5], "texture": "#0"}, "south": {"uv": [5, 8, 6.912, 9.5], "texture": "#0"}, "west": {"uv": [5, 8, 6.912, 9.5], "texture": "#0"}, "up": {"uv": [5, 8, 6.912, 9.5], "rotation": 90, "texture": "#0"}, "down": {"uv": [5, 8, 6.912, 9.5], "rotation": 270, "texture": "#0"} } }, { "from": [-6.65334, 3.456, -2.173], "to": [3.89466, 4.176, -1.813], "rotation": {"angle": 0, "axis": "y", "origin": [4.75866, 1.512, -1.453]}, "faces": { "north": {"uv": [5, 8, 6.912, 9.5], "texture": "#0"}, "east": {"uv": [5, 8, 6.912, 9.5], "texture": "#0"}, "south": {"uv": [5, 8, 6.912, 9.5], "texture": "#0"}, "west": {"uv": [5, 8, 6.912, 9.5], "texture": "#0"}, "up": {"uv": [5, 8, 6.912, 9.5], "rotation": 90, "texture": "#0"}, "down": {"uv": [5, 8, 6.912, 9.5], "rotation": 270, "texture": "#0"} } }, { "from": [-6.36534, 2.988, -2.173], "to": [3.39066, 3.456, -1.813], "rotation": {"angle": 0, "axis": "y", "origin": [4.75866, 0.792, -1.453]}, "faces": { "north": {"uv": [5, 8, 6.912, 9.5], "texture": "#0"}, "east": {"uv": [5, 8, 6.912, 9.5], "texture": "#0"}, "south": {"uv": [5, 8, 6.912, 9.5], "texture": "#0"}, "west": {"uv": [5, 8, 6.912, 9.5], "texture": "#0"}, "up": {"uv": [5, 8, 6.912, 9.5], "rotation": 90, "texture": "#0"}, "down": {"uv": [5, 8, 6.912, 9.5], "rotation": 270, "texture": "#0"} } }, { "from": [-5.89734, 2.52, -2.173], "to": [2.95866, 2.988, -1.813], "rotation": {"angle": 0, "axis": "y", "origin": [4.75866, 0.324, -1.453]}, "faces": { "north": {"uv": [5, 8, 6.912, 9.5], "texture": "#0"}, "east": {"uv": [5, 8, 6.912, 9.5], "texture": "#0"}, "south": {"uv": [5, 8, 6.912, 9.5], "texture": "#0"}, "west": {"uv": [5, 8, 6.912, 9.5], "texture": "#0"}, "up": {"uv": [5, 8, 6.912, 9.5], "rotation": 90, "texture": "#0"}, "down": {"uv": [5, 8, 6.912, 9.5], "rotation": 270, "texture": "#0"} } }, { "from": [-5.42934, 2.088, -2.173], "to": [2.45466, 2.52, -1.813], "rotation": {"angle": 0, "axis": "y", "origin": [4.75866, -0.144, -1.453]}, "faces": { "north": {"uv": [5, 8, 6.912, 9.5], "texture": "#0"}, "east": {"uv": [5, 8, 6.912, 9.5], "texture": "#0"}, "south": {"uv": [5, 8, 6.912, 9.5], "texture": "#0"}, "west": {"uv": [5, 8, 6.912, 9.5], "texture": "#0"}, "up": {"uv": [5, 8, 6.912, 9.5], "rotation": 90, "texture": "#0"}, "down": {"uv": [5, 8, 6.912, 9.5], "rotation": 270, "texture": "#0"} } }, { "from": [-4.52934, 1.728, -2.173], "to": [1.51866, 2.088, -1.813], "rotation": {"angle": 0, "axis": "y", "origin": [4.75866, -0.576, -1.453]}, "faces": { "north": {"uv": [5, 8, 6.912, 9.5], "texture": "#0"}, "east": {"uv": [5, 8, 6.912, 9.5], "texture": "#0"}, "south": {"uv": [5, 8, 6.912, 9.5], "texture": "#0"}, "west": {"uv": [5, 8, 6.912, 9.5], "texture": "#0"}, "up": {"uv": [5, 8, 6.912, 9.5], "rotation": 90, "texture": "#0"}, "down": {"uv": [5, 8, 6.912, 9.5], "rotation": 270, "texture": "#0"} } }, { "from": [10.87866, 6.768, -2.173], "to": [24.09066, 12.564, -1.813], "rotation": {"angle": 0, "axis": "y", "origin": [11.23866, 9.9, -1.453]}, "faces": { "north": {"uv": [6.912, 8, 5, 9.5], "texture": "#0"}, "east": {"uv": [6.912, 8, 5, 9.5], "texture": "#0"}, "south": {"uv": [6.912, 8, 5, 9.5], "texture": "#0"}, "west": {"uv": [6.912, 8, 5, 9.5], "texture": "#0"}, "up": {"uv": [5, 9.5, 6.912, 8], "rotation": 90, "texture": "#0"}, "down": {"uv": [5, 9.5, 6.912, 8], "rotation": 270, "texture": "#0"} } }, { "from": [12.39066, 12.564, -2.173], "to": [24.09066, 12.888, -1.813], "rotation": {"angle": 0, "axis": "y", "origin": [11.23866, 15.696, -1.453]}, "faces": { "north": {"uv": [6.912, 8, 5, 9.5], "texture": "#0"}, "east": {"uv": [6.912, 8, 5, 9.5], "texture": "#0"}, "south": {"uv": [6.912, 8, 5, 9.5], "texture": "#0"}, "west": {"uv": [6.912, 8, 5, 9.5], "texture": "#0"}, "up": {"uv": [5, 9.5, 6.912, 8], "rotation": 90, "texture": "#0"}, "down": {"uv": [5, 9.5, 6.912, 8], "rotation": 270, "texture": "#0"} } }, { "from": [11.02266, 5.904, -2.173], "to": [23.73066, 6.768, -1.813], "rotation": {"angle": 0, "axis": "y", "origin": [11.23866, 4.104, -1.453]}, "faces": { "north": {"uv": [6.912, 8, 5, 9.5], "texture": "#0"}, "east": {"uv": [6.912, 8, 5, 9.5], "texture": "#0"}, "south": {"uv": [6.912, 8, 5, 9.5], "texture": "#0"}, "west": {"uv": [6.912, 8, 5, 9.5], "texture": "#0"}, "up": {"uv": [5, 9.5, 6.912, 8], "rotation": 90, "texture": "#0"}, "down": {"uv": [5, 9.5, 6.912, 8], "rotation": 270, "texture": "#0"} } }, { "from": [11.38266, 5.04, -2.173], "to": [23.37066, 5.904, -1.813], "rotation": {"angle": 0, "axis": "y", "origin": [11.23866, 3.24, -1.453]}, "faces": { "north": {"uv": [6.912, 8, 5, 9.5], "texture": "#0"}, "east": {"uv": [6.912, 8, 5, 9.5], "texture": "#0"}, "south": {"uv": [6.912, 8, 5, 9.5], "texture": "#0"}, "west": {"uv": [6.912, 8, 5, 9.5], "texture": "#0"}, "up": {"uv": [5, 9.5, 6.912, 8], "rotation": 90, "texture": "#0"}, "down": {"uv": [5, 9.5, 6.912, 8], "rotation": 270, "texture": "#0"} } }, { "from": [11.74266, 4.176, -2.173], "to": [23.01066, 5.04, -1.813], "rotation": {"angle": 0, "axis": "y", "origin": [11.23866, 2.376, -1.453]}, "faces": { "north": {"uv": [6.912, 8, 5, 9.5], "texture": "#0"}, "east": {"uv": [6.912, 8, 5, 9.5], "texture": "#0"}, "south": {"uv": [6.912, 8, 5, 9.5], "texture": "#0"}, "west": {"uv": [6.912, 8, 5, 9.5], "texture": "#0"}, "up": {"uv": [5, 9.5, 6.912, 8], "rotation": 90, "texture": "#0"}, "down": {"uv": [5, 9.5, 6.912, 8], "rotation": 270, "texture": "#0"} } }, { "from": [12.10266, 3.456, -2.173], "to": [22.65066, 4.176, -1.813], "rotation": {"angle": 0, "axis": "y", "origin": [11.23866, 1.512, -1.453]}, "faces": { "north": {"uv": [6.912, 8, 5, 9.5], "texture": "#0"}, "east": {"uv": [6.912, 8, 5, 9.5], "texture": "#0"}, "south": {"uv": [6.912, 8, 5, 9.5], "texture": "#0"}, "west": {"uv": [6.912, 8, 5, 9.5], "texture": "#0"}, "up": {"uv": [5, 9.5, 6.912, 8], "rotation": 90, "texture": "#0"}, "down": {"uv": [5, 9.5, 6.912, 8], "rotation": 270, "texture": "#0"} } }, { "from": [12.60666, 2.988, -2.173], "to": [22.36266, 3.456, -1.813], "rotation": {"angle": 0, "axis": "y", "origin": [11.23866, 0.792, -1.453]}, "faces": { "north": {"uv": [6.912, 8, 5, 9.5], "texture": "#0"}, "east": {"uv": [6.912, 8, 5, 9.5], "texture": "#0"}, "south": {"uv": [6.912, 8, 5, 9.5], "texture": "#0"}, "west": {"uv": [6.912, 8, 5, 9.5], "texture": "#0"}, "up": {"uv": [5, 9.5, 6.912, 8], "rotation": 90, "texture": "#0"}, "down": {"uv": [5, 9.5, 6.912, 8], "rotation": 270, "texture": "#0"} } }, { "from": [13.03866, 2.52, -2.173], "to": [21.89466, 2.988, -1.813], "rotation": {"angle": 0, "axis": "y", "origin": [11.23866, 0.324, -1.453]}, "faces": { "north": {"uv": [6.912, 8, 5, 9.5], "texture": "#0"}, "east": {"uv": [6.912, 8, 5, 9.5], "texture": "#0"}, "south": {"uv": [6.912, 8, 5, 9.5], "texture": "#0"}, "west": {"uv": [6.912, 8, 5, 9.5], "texture": "#0"}, "up": {"uv": [5, 9.5, 6.912, 8], "rotation": 90, "texture": "#0"}, "down": {"uv": [5, 9.5, 6.912, 8], "rotation": 270, "texture": "#0"} } }, { "from": [13.54266, 2.088, -2.173], "to": [21.42666, 2.52, -1.813], "rotation": {"angle": 0, "axis": "y", "origin": [11.23866, -0.144, -1.453]}, "faces": { "north": {"uv": [6.912, 8, 5, 9.5], "texture": "#0"}, "east": {"uv": [6.912, 8, 5, 9.5], "texture": "#0"}, "south": {"uv": [6.912, 8, 5, 9.5], "texture": "#0"}, "west": {"uv": [6.912, 8, 5, 9.5], "texture": "#0"}, "up": {"uv": [5, 9.5, 6.912, 8], "rotation": 90, "texture": "#0"}, "down": {"uv": [5, 9.5, 6.912, 8], "rotation": 270, "texture": "#0"} } }, { "from": [14.47866, 1.728, -2.173], "to": [20.52666, 2.088, -1.813], "rotation": {"angle": 0, "axis": "y", "origin": [11.23866, -0.576, -1.453]}, "faces": { "north": {"uv": [6.912, 8, 5, 9.5], "texture": "#0"}, "east": {"uv": [6.912, 8, 5, 9.5], "texture": "#0"}, "south": {"uv": [6.912, 8, 5, 9.5], "texture": "#0"}, "west": {"uv": [6.912, 8, 5, 9.5], "texture": "#0"}, "up": {"uv": [5, 9.5, 6.912, 8], "rotation": 90, "texture": "#0"}, "down": {"uv": [5, 9.5, 6.912, 8], "rotation": 270, "texture": "#0"} } }, { "from": [10.51866, 7.056, -2.353], "to": [10.87866, 9.684, -1.633], "rotation": {"angle": 0, "axis": "y", "origin": [10.87866, 9.9, -1.633]}, "faces": { "north": {"uv": [2.912, 1, 1, 2.5], "texture": "#0"}, "east": {"uv": [2.912, 1, 1, 2.5], "texture": "#0"}, "south": {"uv": [2.912, 1, 1, 2.5], "texture": "#0"}, "west": {"uv": [2.912, 1, 1, 2.5], "texture": "#0"}, "up": {"uv": [1, 2.5, 2.912, 1], "rotation": 90, "texture": "#0"}, "down": {"uv": [1, 2.5, 2.912, 1], "rotation": 270, "texture": "#0"} } }, { "from": [10.39366, 8.931, -2.603], "to": [10.87866, 9.559, -2.353], "rotation": {"angle": 0, "axis": "y", "origin": [10.87866, 9.9, -1.633]}, "faces": { "north": {"uv": [2.912, 1, 1, 2.5], "texture": "#0"}, "east": {"uv": [2.912, 1, 1, 2.5], "texture": "#0"}, "south": {"uv": [2.912, 1, 1, 2.5], "texture": "#0"}, "west": {"uv": [2.912, 1, 1, 2.5], "texture": "#0"}, "up": {"uv": [1, 2.5, 2.912, 1], "rotation": 90, "texture": "#0"}, "down": {"uv": [1, 2.5, 2.912, 1], "rotation": 270, "texture": "#0"} } }, { "from": [5.12134, 8.931, -2.603], "to": [5.60634, 9.559, -2.353], "rotation": {"angle": 0, "axis": "y", "origin": [5.12134, 9.9, -1.633]}, "faces": { "north": {"uv": [1, 1, 2.912, 2.5], "texture": "#0"}, "east": {"uv": [1, 1, 2.912, 2.5], "texture": "#0"}, "south": {"uv": [1, 1, 2.912, 2.5], "texture": "#0"}, "west": {"uv": [1, 1, 2.912, 2.5], "texture": "#0"}, "up": {"uv": [1, 1, 2.912, 2.5], "rotation": 90, "texture": "#0"}, "down": {"uv": [1, 1, 2.912, 2.5], "rotation": 270, "texture": "#0"} } }, { "from": [6.8075, 9.481, -2.603], "to": [9.1925, 10.109, -2.353], "rotation": {"angle": 0, "axis": "y", "origin": [8.2425, 10.45, -2.158]}, "faces": { "north": {"uv": [2.912, 1, 1, 2.5], "texture": "#0"}, "east": {"uv": [2.912, 1, 1, 2.5], "texture": "#0"}, "south": {"uv": [2.912, 1, 1, 2.5], "texture": "#0"}, "west": {"uv": [2.912, 1, 1, 2.5], "texture": "#0"}, "up": {"uv": [1, 2.5, 2.912, 1], "rotation": 90, "texture": "#0"}, "down": {"uv": [1, 2.5, 2.912, 1], "rotation": 270, "texture": "#0"} } }, { "from": [9.04459, 9.36345, -2.603], "to": [10.60459, 9.99145, -2.353], "rotation": {"angle": -22.5, "axis": "z", "origin": [9.41209, 9.67745, -2.478]}, "faces": { "north": {"uv": [2.912, 1, 1, 2.5], "texture": "#0"}, "east": {"uv": [2.912, 1, 1, 2.5], "texture": "#0"}, "south": {"uv": [2.912, 1, 1, 2.5], "texture": "#0"}, "west": {"uv": [2.912, 1, 1, 2.5], "texture": "#0"}, "up": {"uv": [1, 2.5, 2.912, 1], "rotation": 90, "texture": "#0"}, "down": {"uv": [1, 2.5, 2.912, 1], "rotation": 270, "texture": "#0"} } }, { "from": [5.39541, 9.36345, -2.603], "to": [6.95541, 9.99145, -2.353], "rotation": {"angle": 22.5, "axis": "z", "origin": [6.58791, 9.67745, -2.478]}, "faces": { "north": {"uv": [1, 1, 2.912, 2.5], "texture": "#0"}, "east": {"uv": [1, 1, 2.912, 2.5], "texture": "#0"}, "south": {"uv": [1, 1, 2.912, 2.5], "texture": "#0"}, "west": {"uv": [1, 1, 2.912, 2.5], "texture": "#0"}, "up": {"uv": [1, 1, 2.912, 2.5], "rotation": 90, "texture": "#0"}, "down": {"uv": [1, 1, 2.912, 2.5], "rotation": 270, "texture": "#0"} } }, { "from": [11.22134, 3.52338, -2.353], "to": [11.58134, 7.26738, -1.633], "rotation": {"angle": 22.5, "axis": "z", "origin": [11.40134, 5.39538, -1.993]}, "faces": { "north": {"uv": [2.912, 1, 1, 2.5], "texture": "#0"}, "east": {"uv": [2.912, 1, 1, 2.5], "texture": "#0"}, "south": {"uv": [2.912, 1, 1, 2.5], "texture": "#0"}, "west": {"uv": [2.912, 1, 1, 2.5], "texture": "#0"}, "up": {"uv": [1, 2.5, 2.912, 1], "rotation": 90, "texture": "#0"}, "down": {"uv": [1, 2.5, 2.912, 1], "rotation": 270, "texture": "#0"} } }, { "from": [23.00652, 3.1649, -2.353], "to": [23.36652, 7.8809, -1.633], "rotation": {"angle": -22.5, "axis": "z", "origin": [23.18652, 5.0369, -1.993]}, "faces": { "north": {"uv": [2.912, 1, 1, 2.5], "texture": "#0"}, "east": {"uv": [2.912, 1, 1, 2.5], "texture": "#0"}, "south": {"uv": [2.912, 1, 1, 2.5], "texture": "#0"}, "west": {"uv": [2.912, 1, 1, 2.5], "texture": "#0"}, "up": {"uv": [1, 2.5, 2.912, 1], "rotation": 90, "texture": "#0"}, "down": {"uv": [1, 2.5, 2.912, 1], "rotation": 270, "texture": "#0"} } }, { "from": [20.31814, 2.61478, -2.353], "to": [20.67814, 4.19878, -1.633], "rotation": {"angle": -45, "axis": "z", "origin": [20.49814, 1.35478, -1.993]}, "faces": { "north": {"uv": [2.912, 1, 1, 2.5], "texture": "#0"}, "east": {"uv": [2.912, 1, 1, 2.5], "texture": "#0"}, "south": {"uv": [2.912, 1, 1, 2.5], "texture": "#0"}, "west": {"uv": [2.912, 1, 1, 2.5], "texture": "#0"}, "up": {"uv": [1, 2.5, 2.912, 1], "rotation": 90, "texture": "#0"}, "down": {"uv": [1, 2.5, 2.912, 1], "rotation": 270, "texture": "#0"} } }, { "from": [19.89998, 1.01641, -2.353], "to": [21.66398, 1.37641, -1.633], "rotation": {"angle": 22.5, "axis": "z", "origin": [18.81998, 1.19641, -1.993]}, "faces": { "north": {"uv": [1, 2.5, 2.912, 1], "rotation": 90, "texture": "#0"}, "east": {"uv": [1, 2.5, 2.912, 1], "rotation": 90, "texture": "#0"}, "south": {"uv": [1, 2.5, 2.912, 1], "rotation": 90, "texture": "#0"}, "west": {"uv": [1, 2.5, 2.912, 1], "rotation": 90, "texture": "#0"}, "up": {"uv": [2.912, 1, 1, 2.5], "rotation": 180, "texture": "#0"}, "down": {"uv": [2.912, 1, 1, 2.5], "texture": "#0"} } }, { "from": [24.08117, 7.59553, -2.353], "to": [24.44117, 8.63953, -1.633], "rotation": {"angle": 0, "axis": "y", "origin": [24.26117, 9.46753, -1.993]}, "faces": { "north": {"uv": [2.912, 1, 1, 2.5], "texture": "#0"}, "east": {"uv": [2.912, 1, 1, 2.5], "texture": "#0"}, "south": {"uv": [2.912, 1, 1, 2.5], "texture": "#0"}, "west": {"uv": [2.912, 1, 1, 2.5], "texture": "#0"}, "up": {"uv": [1, 2.5, 2.912, 1], "rotation": 90, "texture": "#0"}, "down": {"uv": [1, 2.5, 2.912, 1], "rotation": 270, "texture": "#0"} } }, { "from": [13.22241, 2.22057, -2.353], "to": [13.58241, 4.27257, -1.633], "rotation": {"angle": 45, "axis": "z", "origin": [13.40241, 2.40057, -1.993]}, "faces": { "north": {"uv": [2.912, 1, 1, 2.5], "texture": "#0"}, "east": {"uv": [2.912, 1, 1, 2.5], "texture": "#0"}, "south": {"uv": [2.912, 1, 1, 2.5], "texture": "#0"}, "west": {"uv": [2.912, 1, 1, 2.5], "texture": "#0"}, "up": {"uv": [1, 2.5, 2.912, 1], "rotation": 90, "texture": "#0"}, "down": {"uv": [1, 2.5, 2.912, 1], "rotation": 270, "texture": "#0"} } }, { "from": [13.32879, 1.41593, -2.353], "to": [15.16479, 1.77593, -1.633], "rotation": {"angle": -22.5, "axis": "z", "origin": [15.20079, 1.59593, -1.993]}, "faces": { "north": {"uv": [1, 2.5, 2.912, 1], "rotation": 270, "texture": "#0"}, "east": {"uv": [1, 2.5, 2.912, 1], "rotation": 270, "texture": "#0"}, "south": {"uv": [1, 2.5, 2.912, 1], "rotation": 270, "texture": "#0"}, "west": {"uv": [1, 2.5, 2.912, 1], "rotation": 270, "texture": "#0"}, "up": {"uv": [2.912, 1, 1, 2.5], "texture": "#0"}, "down": {"uv": [2.912, 1, 1, 2.5], "rotation": 180, "texture": "#0"} } }, { "from": [15.09865, 1.44341, -2.353], "to": [19.88665, 1.80341, -1.633], "rotation": {"angle": 0, "axis": "y", "origin": [16.97065, 1.62341, -1.993]}, "faces": { "north": {"uv": [1, 2.5, 2.912, 1], "rotation": 270, "texture": "#0"}, "east": {"uv": [1, 2.5, 2.912, 1], "rotation": 270, "texture": "#0"}, "south": {"uv": [1, 2.5, 2.912, 1], "rotation": 270, "texture": "#0"}, "west": {"uv": [1, 2.5, 2.912, 1], "rotation": 270, "texture": "#0"}, "up": {"uv": [2.912, 1, 1, 2.5], "texture": "#0"}, "down": {"uv": [2.912, 1, 1, 2.5], "rotation": 180, "texture": "#0"} } }, { "from": [10.33866, 9.36, -2.425], "to": [10.79226, 9.72, -1.561], "rotation": {"angle": 0, "axis": "y", "origin": [10.69866, 10.26, -1.561]}, "faces": { "north": {"uv": [15.65, 1, 13, 1.95], "texture": "#0"}, "east": {"uv": [15.65, 1, 13, 1.95], "texture": "#0"}, "south": {"uv": [15.65, 1, 13, 1.95], "texture": "#0"}, "west": {"uv": [15.65, 1, 13, 1.95], "texture": "#0"}, "up": {"uv": [13, 1.95, 15.65, 1], "rotation": 90, "texture": "#0"}, "down": {"uv": [13, 1.95, 15.65, 1], "rotation": 270, "texture": "#0"} } }, { "from": [10.01466, 9.43456, -2.425], "to": [10.51866, 9.79456, -1.561], "rotation": {"angle": -45, "axis": "z", "origin": [10.33866, 9.61456, -1.921]}, "faces": { "north": {"uv": [15.65, 1, 13, 1.95], "texture": "#0"}, "east": {"uv": [15.65, 1, 13, 1.95], "texture": "#0"}, "south": {"uv": [15.65, 1, 13, 1.95], "texture": "#0"}, "west": {"uv": [15.65, 1, 13, 1.95], "texture": "#0"}, "up": {"uv": [13, 1.95, 15.65, 1], "rotation": 90, "texture": "#0"}, "down": {"uv": [13, 1.95, 15.65, 1], "rotation": 270, "texture": "#0"} } }, { "from": [9.89969, 9.77156, -2.425], "to": [10.97969, 10.74356, -1.561], "rotation": {"angle": 22.5, "axis": "z", "origin": [10.07969, 9.95156, -1.921]}, "faces": { "north": {"uv": [13, 1.95, 15.65, 1], "rotation": 90, "texture": "#0"}, "east": {"uv": [13, 1.95, 15.65, 1], "rotation": 90, "texture": "#0"}, "south": {"uv": [13, 1.95, 15.65, 1], "rotation": 90, "texture": "#0"}, "west": {"uv": [13, 1.95, 15.65, 1], "rotation": 90, "texture": "#0"}, "up": {"uv": [15.65, 1, 13, 1.95], "rotation": 180, "texture": "#0"}, "down": {"uv": [15.65, 1, 13, 1.95], "texture": "#0"} } }, { "from": [9.61031, 10.61439, -2.425], "to": [11.01431, 11.32939, -1.561], "rotation": {"angle": 0, "axis": "y", "origin": [9.79031, 10.79439, -1.921]}, "faces": { "north": {"uv": [13, 1.95, 15.65, 1], "rotation": 90, "texture": "#0"}, "east": {"uv": [13, 1.95, 15.65, 1], "rotation": 90, "texture": "#0"}, "south": {"uv": [13, 1.95, 15.65, 1], "rotation": 90, "texture": "#0"}, "west": {"uv": [13, 1.95, 15.65, 1], "rotation": 90, "texture": "#0"}, "up": {"uv": [15.65, 1, 13, 1.95], "rotation": 180, "texture": "#0"}, "down": {"uv": [15.65, 1, 13, 1.95], "texture": "#0"} } }, { "from": [4.98569, 10.61439, -2.425], "to": [6.38969, 11.32939, -1.561], "rotation": {"angle": 0, "axis": "y", "origin": [6.20969, 10.79439, -1.921]}, "faces": { "north": {"uv": [13, 1, 15.65, 1.95], "rotation": 90, "texture": "#0"}, "east": {"uv": [13, 1, 15.65, 1.95], "rotation": 90, "texture": "#0"}, "south": {"uv": [13, 1, 15.65, 1.95], "rotation": 90, "texture": "#0"}, "west": {"uv": [13, 1, 15.65, 1.95], "rotation": 90, "texture": "#0"}, "up": {"uv": [13, 1, 15.65, 1.95], "rotation": 180, "texture": "#0"}, "down": {"uv": [13, 1, 15.65, 1.95], "texture": "#0"} } }, { "from": [9.69368, 11.03354, -2.425], "to": [11.09768, 11.74854, -1.561], "rotation": {"angle": -22.5, "axis": "z", "origin": [10.39568, 11.39104, -1.993]}, "faces": { "north": {"uv": [13, 1.95, 15.65, 1], "rotation": 90, "texture": "#0"}, "east": {"uv": [13, 1.95, 15.65, 1], "rotation": 90, "texture": "#0"}, "south": {"uv": [13, 1.95, 15.65, 1], "rotation": 90, "texture": "#0"}, "west": {"uv": [13, 1.95, 15.65, 1], "rotation": 90, "texture": "#0"}, "up": {"uv": [15.65, 1, 13, 1.95], "rotation": 180, "texture": "#0"}, "down": {"uv": [15.65, 1, 13, 1.95], "texture": "#0"} } }, { "from": [4.90232, 11.03354, -2.425], "to": [6.30632, 11.74854, -1.561], "rotation": {"angle": 22.5, "axis": "z", "origin": [5.60432, 11.39104, -1.993]}, "faces": { "north": {"uv": [13, 1, 15.65, 1.95], "rotation": 90, "texture": "#0"}, "east": {"uv": [13, 1, 15.65, 1.95], "rotation": 90, "texture": "#0"}, "south": {"uv": [13, 1, 15.65, 1.95], "rotation": 90, "texture": "#0"}, "west": {"uv": [13, 1, 15.65, 1.95], "rotation": 90, "texture": "#0"}, "up": {"uv": [13, 1, 15.65, 1.95], "rotation": 180, "texture": "#0"}, "down": {"uv": [13, 1, 15.65, 1.95], "texture": "#0"} } }, { "from": [9.9311, 11.38887, -2.425], "to": [11.3351, 11.82887, -1.561], "rotation": {"angle": -45, "axis": "z", "origin": [10.6331, 11.74637, -1.993]}, "faces": { "north": {"uv": [13, 1.95, 15.65, 1], "rotation": 90, "texture": "#0"}, "east": {"uv": [13, 1.95, 15.65, 1], "rotation": 90, "texture": "#0"}, "south": {"uv": [13, 1.95, 15.65, 1], "rotation": 90, "texture": "#0"}, "west": {"uv": [13, 1.95, 15.65, 1], "rotation": 90, "texture": "#0"}, "up": {"uv": [15.65, 1, 13, 1.95], "rotation": 180, "texture": "#0"}, "down": {"uv": [15.65, 1, 13, 1.95], "texture": "#0"} } }, { "from": [4.6649, 11.38887, -2.425], "to": [6.0689, 11.82887, -1.561], "rotation": {"angle": 45, "axis": "z", "origin": [5.3669, 11.74637, -1.993]}, "faces": { "north": {"uv": [13, 1, 15.65, 1.95], "rotation": 90, "texture": "#0"}, "east": {"uv": [13, 1, 15.65, 1.95], "rotation": 90, "texture": "#0"}, "south": {"uv": [13, 1, 15.65, 1.95], "rotation": 90, "texture": "#0"}, "west": {"uv": [13, 1, 15.65, 1.95], "rotation": 90, "texture": "#0"}, "up": {"uv": [13, 1, 15.65, 1.95], "rotation": 180, "texture": "#0"}, "down": {"uv": [13, 1, 15.65, 1.95], "texture": "#0"} } }, { "from": [10.18636, 11.29249, -2.425], "to": [13.37736, 12.66049, -1.561], "rotation": {"angle": 22.5, "axis": "z", "origin": [11.10936, 12.48049, -1.921]}, "faces": { "north": {"uv": [15.65, 1, 13, 1.95], "rotation": 180, "texture": "#0"}, "east": {"uv": [15.65, 1, 13, 1.95], "rotation": 180, "texture": "#0"}, "south": {"uv": [15.65, 1, 13, 1.95], "rotation": 180, "texture": "#0"}, "west": {"uv": [15.65, 1, 13, 1.95], "rotation": 180, "texture": "#0"}, "up": {"uv": [13, 1.95, 15.65, 1], "rotation": 270, "texture": "#0"}, "down": {"uv": [13, 1.95, 15.65, 1], "rotation": 90, "texture": "#0"} } }, { "from": [2.62264, 11.29249, -2.425], "to": [5.81364, 12.66049, -1.561], "rotation": {"angle": -22.5, "axis": "z", "origin": [4.89064, 12.48049, -1.921]}, "faces": { "north": {"uv": [13, 1, 15.65, 1.95], "rotation": 180, "texture": "#0"}, "east": {"uv": [13, 1, 15.65, 1.95], "rotation": 180, "texture": "#0"}, "south": {"uv": [13, 1, 15.65, 1.95], "rotation": 180, "texture": "#0"}, "west": {"uv": [13, 1, 15.65, 1.95], "rotation": 180, "texture": "#0"}, "up": {"uv": [13, 1, 15.65, 1.95], "rotation": 270, "texture": "#0"}, "down": {"uv": [13, 1, 15.65, 1.95], "rotation": 90, "texture": "#0"} } }, { "from": [13.13583, 13.15471, -2.425], "to": [24.83583, 13.51471, -1.561], "rotation": {"angle": 0, "axis": "y", "origin": [14.68383, 13.33471, -1.921]}, "faces": { "north": {"uv": [15.65, 1, 13, 1.95], "rotation": 180, "texture": "#0"}, "east": {"uv": [15.65, 1, 13, 1.95], "rotation": 180, "texture": "#0"}, "south": {"uv": [15.65, 1, 13, 1.95], "rotation": 180, "texture": "#0"}, "west": {"uv": [15.65, 1, 13, 1.95], "rotation": 180, "texture": "#0"}, "up": {"uv": [13, 1.95, 15.65, 1], "rotation": 270, "texture": "#0"}, "down": {"uv": [13, 1.95, 15.65, 1], "rotation": 90, "texture": "#0"} } }, { "from": [25.58554, 11.56177, -2.425], "to": [26.08954, 11.92177, -1.561], "rotation": {"angle": -45, "axis": "z", "origin": [27.13354, 11.74177, -1.921]}, "faces": { "north": {"uv": [15.65, 1, 13, 1.95], "rotation": 180, "texture": "#0"}, "east": {"uv": [15.65, 1, 13, 1.95], "rotation": 180, "texture": "#0"}, "south": {"uv": [15.65, 1, 13, 1.95], "rotation": 180, "texture": "#0"}, "west": {"uv": [15.65, 1, 13, 1.95], "rotation": 180, "texture": "#0"}, "up": {"uv": [13, 1.95, 15.65, 1], "rotation": 270, "texture": "#0"}, "down": {"uv": [13, 1.95, 15.65, 1], "rotation": 90, "texture": "#0"} } }, { "from": [24.24617, 9.3254, -2.425], "to": [25.50617, 11.3414, -1.561], "rotation": {"angle": -45, "axis": "z", "origin": [25.32617, 9.8294, -1.921]}, "faces": { "north": {"uv": [13, 1.95, 15.65, 1], "rotation": 270, "texture": "#0"}, "east": {"uv": [13, 1.95, 15.65, 1], "rotation": 270, "texture": "#0"}, "south": {"uv": [13, 1.95, 15.65, 1], "rotation": 270, "texture": "#0"}, "west": {"uv": [13, 1.95, 15.65, 1], "rotation": 270, "texture": "#0"}, "up": {"uv": [15.65, 1, 13, 1.95], "texture": "#0"}, "down": {"uv": [15.65, 1, 13, 1.95], "rotation": 180, "texture": "#0"} } }, { "from": [24.02696, 8.99127, -2.425], "to": [25.32296, 10.35927, -1.561], "rotation": {"angle": -22.5, "axis": "z", "origin": [25.14296, 8.84727, -1.921]}, "faces": { "north": {"uv": [13, 1.95, 15.65, 1], "rotation": 270, "texture": "#0"}, "east": {"uv": [13, 1.95, 15.65, 1], "rotation": 270, "texture": "#0"}, "south": {"uv": [13, 1.95, 15.65, 1], "rotation": 270, "texture": "#0"}, "west": {"uv": [13, 1.95, 15.65, 1], "rotation": 270, "texture": "#0"}, "up": {"uv": [15.65, 1, 13, 1.95], "texture": "#0"}, "down": {"uv": [15.65, 1, 13, 1.95], "rotation": 180, "texture": "#0"} } }, { "from": [24.54797, 8.88959, -2.425], "to": [24.90797, 9.24959, -1.561], "rotation": {"angle": -45, "axis": "z", "origin": [24.72797, 8.52959, -1.921]}, "faces": { "north": {"uv": [13, 1.95, 15.65, 1], "rotation": 270, "texture": "#0"}, "east": {"uv": [13, 1.95, 15.65, 1], "rotation": 270, "texture": "#0"}, "south": {"uv": [13, 1.95, 15.65, 1], "rotation": 270, "texture": "#0"}, "west": {"uv": [13, 1.95, 15.65, 1], "rotation": 270, "texture": "#0"}, "up": {"uv": [15.65, 1, 13, 1.95], "texture": "#0"}, "down": {"uv": [15.65, 1, 13, 1.95], "rotation": 180, "texture": "#0"} } }, { "from": [24.0298, 8.65687, -2.425], "to": [25.1098, 10.02487, -1.561], "rotation": {"angle": 0, "axis": "y", "origin": [24.9298, 8.29687, -1.921]}, "faces": { "north": {"uv": [13, 1.95, 15.65, 1], "rotation": 270, "texture": "#0"}, "east": {"uv": [13, 1.95, 15.65, 1], "rotation": 270, "texture": "#0"}, "south": {"uv": [13, 1.95, 15.65, 1], "rotation": 270, "texture": "#0"}, "west": {"uv": [13, 1.95, 15.65, 1], "rotation": 270, "texture": "#0"}, "up": {"uv": [15.65, 1, 13, 1.95], "texture": "#0"}, "down": {"uv": [15.65, 1, 13, 1.95], "rotation": 180, "texture": "#0"} } }, { "from": [24.0298, 9.01687, -2.425], "to": [24.3898, 10.27687, -1.561], "rotation": {"angle": 0, "axis": "y", "origin": [23.6698, 9.19687, -1.921]}, "faces": { "north": {"uv": [15.65, 1, 13, 1.95], "texture": "#0"}, "east": {"uv": [15.65, 1, 13, 1.95], "texture": "#0"}, "south": {"uv": [15.65, 1, 13, 1.95], "texture": "#0"}, "west": {"uv": [15.65, 1, 13, 1.95], "texture": "#0"}, "up": {"uv": [13, 1.95, 15.65, 1], "rotation": 90, "texture": "#0"}, "down": {"uv": [13, 1.95, 15.65, 1], "rotation": 270, "texture": "#0"} } }, { "from": [23.27682, 10.70872, -2.425], "to": [24.89682, 12.04072, -1.561], "rotation": {"angle": 45, "axis": "z", "origin": [22.91682, 11.39272, -1.921]}, "faces": { "north": {"uv": [15.65, 1, 13, 1.95], "texture": "#0"}, "east": {"uv": [15.65, 1, 13, 1.95], "texture": "#0"}, "south": {"uv": [15.65, 1, 13, 1.95], "texture": "#0"}, "west": {"uv": [15.65, 1, 13, 1.95], "texture": "#0"}, "up": {"uv": [13, 1.95, 15.65, 1], "rotation": 90, "texture": "#0"}, "down": {"uv": [13, 1.95, 15.65, 1], "rotation": 270, "texture": "#0"} } }, { "from": [20.88537, 12.0875, -2.425], "to": [22.97337, 13.0235, -1.561], "rotation": {"angle": -22.5, "axis": "z", "origin": [22.28937, 11.7275, -1.921]}, "faces": { "north": {"uv": [13, 1.95, 15.65, 1], "rotation": 270, "texture": "#0"}, "east": {"uv": [13, 1.95, 15.65, 1], "rotation": 270, "texture": "#0"}, "south": {"uv": [13, 1.95, 15.65, 1], "rotation": 270, "texture": "#0"}, "west": {"uv": [13, 1.95, 15.65, 1], "rotation": 270, "texture": "#0"}, "up": {"uv": [15.65, 1, 13, 1.95], "texture": "#0"}, "down": {"uv": [15.65, 1, 13, 1.95], "rotation": 180, "texture": "#0"} } }, { "from": [10.75799, 11.53822, -2.425], "to": [12.77399, 13.26622, -1.561], "rotation": {"angle": 45, "axis": "z", "origin": [12.66599, 11.17822, -1.921]}, "faces": { "north": {"uv": [13, 1.95, 15.65, 1], "rotation": 270, "texture": "#0"}, "east": {"uv": [13, 1.95, 15.65, 1], "rotation": 270, "texture": "#0"}, "south": {"uv": [13, 1.95, 15.65, 1], "rotation": 270, "texture": "#0"}, "west": {"uv": [13, 1.95, 15.65, 1], "rotation": 270, "texture": "#0"}, "up": {"uv": [15.65, 1, 13, 1.95], "texture": "#0"}, "down": {"uv": [15.65, 1, 13, 1.95], "rotation": 180, "texture": "#0"} } }, { "from": [12.36354, 12.18867, -2.425], "to": [15.42354, 13.05267, -1.561], "rotation": {"angle": 22.5, "axis": "z", "origin": [14.27154, 11.82867, -1.921]}, "faces": { "north": {"uv": [13, 1.95, 15.65, 1], "rotation": 270, "texture": "#0"}, "east": {"uv": [13, 1.95, 15.65, 1], "rotation": 270, "texture": "#0"}, "south": {"uv": [13, 1.95, 15.65, 1], "rotation": 270, "texture": "#0"}, "west": {"uv": [13, 1.95, 15.65, 1], "rotation": 270, "texture": "#0"}, "up": {"uv": [15.65, 1, 13, 1.95], "texture": "#0"}, "down": {"uv": [15.65, 1, 13, 1.95], "rotation": 180, "texture": "#0"} } }, { "from": [13.31177, 12.56998, -2.425], "to": [24.93977, 13.25398, -1.561], "rotation": {"angle": 0, "axis": "y", "origin": [19.53977, 12.20998, -1.921]}, "faces": { "north": {"uv": [13, 1.95, 15.65, 1], "rotation": 270, "texture": "#0"}, "east": {"uv": [13, 1.95, 15.65, 1], "rotation": 270, "texture": "#0"}, "south": {"uv": [13, 1.95, 15.65, 1], "rotation": 270, "texture": "#0"}, "west": {"uv": [13, 1.95, 15.65, 1], "rotation": 270, "texture": "#0"}, "up": {"uv": [15.65, 1, 13, 1.95], "texture": "#0"}, "down": {"uv": [15.65, 1, 13, 1.95], "rotation": 180, "texture": "#0"} } }, { "from": [10.34882, 9.16421, -2.425], "to": [11.06882, 10.07141, -1.561], "rotation": {"angle": -22.5, "axis": "z", "origin": [11.42882, 9.95621, -1.921]}, "faces": { "north": {"uv": [15.65, 1, 13, 1.95], "rotation": 180, "texture": "#0"}, "east": {"uv": [15.65, 1, 13, 1.95], "rotation": 180, "texture": "#0"}, "south": {"uv": [15.65, 1, 13, 1.95], "rotation": 180, "texture": "#0"}, "west": {"uv": [15.65, 1, 13, 1.95], "rotation": 180, "texture": "#0"}, "up": {"uv": [13, 1.95, 15.65, 1], "rotation": 270, "texture": "#0"}, "down": {"uv": [13, 1.95, 15.65, 1], "rotation": 90, "texture": "#0"} } }, { "from": [23.72839, 9.90731, -2.425], "to": [26.21239, 12.28331, -1.561], "rotation": {"angle": 22.5, "axis": "z", "origin": [23.36839, 10.84331, -1.921]}, "faces": { "north": {"uv": [15.65, 1, 13, 1.95], "texture": "#0"}, "east": {"uv": [15.65, 1, 13, 1.95], "texture": "#0"}, "south": {"uv": [15.65, 1, 13, 1.95], "texture": "#0"}, "west": {"uv": [15.65, 1, 13, 1.95], "texture": "#0"}, "up": {"uv": [13, 1.95, 15.65, 1], "rotation": 90, "texture": "#0"}, "down": {"uv": [13, 1.95, 15.65, 1], "rotation": 270, "texture": "#0"} } }, { "from": [25.6946, 10.77127, -2.425], "to": [26.5226, 12.60727, -1.561], "rotation": {"angle": 0, "axis": "y", "origin": [26.3426, 11.05927, -1.921]}, "faces": { "north": {"uv": [13, 1.95, 15.65, 1], "rotation": 270, "texture": "#0"}, "east": {"uv": [13, 1.95, 15.65, 1], "rotation": 270, "texture": "#0"}, "south": {"uv": [13, 1.95, 15.65, 1], "rotation": 270, "texture": "#0"}, "west": {"uv": [13, 1.95, 15.65, 1], "rotation": 270, "texture": "#0"}, "up": {"uv": [15.65, 1, 13, 1.95], "texture": "#0"}, "down": {"uv": [15.65, 1, 13, 1.95], "rotation": 180, "texture": "#0"} } }, { "from": [24.57786, 11.49783, -2.425], "to": [26.01786, 12.57783, -1.561], "rotation": {"angle": -22.5, "axis": "z", "origin": [27.06186, 12.39783, -1.921]}, "faces": { "north": {"uv": [15.65, 1, 13, 1.95], "rotation": 180, "texture": "#0"}, "east": {"uv": [15.65, 1, 13, 1.95], "rotation": 180, "texture": "#0"}, "south": {"uv": [15.65, 1, 13, 1.95], "rotation": 180, "texture": "#0"}, "west": {"uv": [15.65, 1, 13, 1.95], "rotation": 180, "texture": "#0"}, "up": {"uv": [13, 1.95, 15.65, 1], "rotation": 270, "texture": "#0"}, "down": {"uv": [13, 1.95, 15.65, 1], "rotation": 90, "texture": "#0"} } } ], "display": { "thirdperson_righthand": { "rotation": [90, 0, 0], "translation": [0, -1.5, 1], "scale": [0.16, 0.16797, 0.16797] }, "thirdperson_lefthand": { "rotation": [90, 0, 0], "translation": [0, -1.5, 1], "scale": [0.16797, 0.16797, 0.16797] }, "firstperson_righthand": { "translation": [2.5, 0, -1], "scale": [0.23828, 0.23828, 0.23828] }, "firstperson_lefthand": { "translation": [2.5, 0, -1], "scale": [0.23828, 0.23828, 0.23828] }, "ground": { "rotation": [-30, 56, -11], "scale": [0.17773, 0.17773, 0.17773] }, "gui": { "rotation": [29, 143, 0], "translation": [0, -0.25, 0], "scale": [0.34961, 0.34961, 0.34961] }, "head": { "rotation": [3, 0, 0], "translation": [0, -3.25, -3.5], "scale": [0.35352, 0.35352, 0.35352] }, "fixed": { "rotation": [-78, 0, 0], "translation": [0, 0, -1], "scale": [0.4375, 0.4375, 0.4375] } }, "groups": [ { "name": "group", "origin": [8, 8, 8], "color": 0, "children": [] }, { "name": "group", "origin": [8, 8, 8], "color": 0, "children": [ { "name": "group", "origin": [8, 8, 8], "color": 0, "children": [0, 1, 2, 3, 4, 5, 6, 7, 8] }, { "name": "group", "origin": [8, 8, 8], "color": 0, "children": [9, 10, 11, 12, 13, 14, 15, 16, 17, 18, 19, 20, 21, 22, 23, 24, 25, 26, 27, 28, 29, 30, 31, 32, 33, 34, 35, 36, 37, 38, 39, 40, 41, 42, 43, 44, 45] }, { "name": "group", "origin": [8, 8, 8], "color": 0, "children": [46, 47, 48, 49, 50, 51, 52, 53, 54, 55] }, { "name": "group", "origin": [8, 8, 8], "color": 0, "children": [56, 57, 58, 59, 60, 61, 62, 63, 64, 65] } ] }, { "name": "group", "origin": [8, 8, 8], "color": 0, "children": [ { "name": "group", "origin": [8, 8, 8], "color": 0, "children": [66, 67, 68, 69, 70, 71, 72, 73, 74, 75, 76, 77, 78, 79] }, { "name": "group", "origin": [8, 8, 8], "color": 0, "children": [80, 81, 82, 83, 84, 85, 86, 87, 88, 89, 90, 91, 92, 93, 94, 95, 96, 97, 98, 99, 100, 101, 102, 103, 104, 105, 106] } ] } ] }