{ "credit": "Made with Blockbench", "textures": { "0": "block/wariohat" }, "elements": [ { "from": [3.60708, 2.29733, 6.8125], "to": [12.34145, 3.29733, 8.8125], "rotation": {"angle": 0, "axis": "y", "origin": [11.27895, 10.29733, 13]}, "faces": { "north": {"uv": [1, 2, 4.125, 4.813], "texture": "#0"}, "east": {"uv": [1, 2, 4.125, 4.813], "texture": "#0"}, "south": {"uv": [1, 2, 4.125, 4.813], "texture": "#0"}, "west": {"uv": [1, 2, 4.125, 4.813], "texture": "#0"}, "up": {"uv": [1, 2, 4.125, 4.813], "texture": "#0"}, "down": {"uv": [1, 2, 4.125, 4.813], "texture": "#0"} } }, { "from": [11.47198, 2.29733, 10.22073], "to": [12.20636, 2.85983, 10.48635], "rotation": {"angle": 45, "axis": "y", "origin": [7.83917, 2.73483, 8.48635]}, "faces": { "north": {"uv": [1, 2, 4.125, 4.813], "texture": "#0"}, "east": {"uv": [1, 2, 4.125, 4.813], "texture": "#0"}, "south": {"uv": [1, 2, 4.125, 4.813], "texture": "#0"}, "west": {"uv": [1, 2, 4.125, 4.813], "texture": "#0"}, "up": {"uv": [1, 2, 4.125, 4.813], "texture": "#0"}, "down": {"uv": [1, 2, 4.125, 4.813], "texture": "#0"} } }, { "from": [3.82749, 2.29733, 6.61137], "to": [4.09312, 2.85983, 7.34574], "rotation": {"angle": 45, "axis": "y", "origin": [3.96031, 2.54733, 6.97855]}, "faces": { "north": {"uv": [1, 2, 4.125, 4.813], "texture": "#0"}, "east": {"uv": [1, 2, 4.125, 4.813], "texture": "#0"}, "south": {"uv": [1, 2, 4.125, 4.813], "texture": "#0"}, "west": {"uv": [1, 2, 4.125, 4.813], "texture": "#0"}, "up": {"uv": [1, 2, 4.125, 4.813], "texture": "#0"}, "down": {"uv": [1, 2, 4.125, 4.813], "texture": "#0"} } }, { "from": [3.79458, 2.29733, 6.625], "to": [12.15395, 2.85983, 7.625], "rotation": {"angle": 0, "axis": "y", "origin": [11.27895, 10.23483, 12.625]}, "faces": { "north": {"uv": [1, 2, 4.125, 4.813], "texture": "#0"}, "east": {"uv": [1, 2, 4.125, 4.813], "texture": "#0"}, "south": {"uv": [1, 2, 4.125, 4.813], "texture": "#0"}, "west": {"uv": [1, 2, 4.125, 4.813], "texture": "#0"}, "up": {"uv": [1, 2, 4.125, 4.813], "texture": "#0"}, "down": {"uv": [1, 2, 4.125, 4.813], "texture": "#0"} } }, { "from": [11.55689, 3.14127, 6.8125], "to": [12.36939, 3.37564, 8.8125], "rotation": {"angle": 22.5, "axis": "z", "origin": [11.96314, 3.14908, 7.3125]}, "faces": { "north": {"uv": [1, 2, 4.125, 4.813], "texture": "#0"}, "east": {"uv": [1, 2, 4.125, 4.813], "texture": "#0"}, "south": {"uv": [1, 2, 4.125, 4.813], "texture": "#0"}, "west": {"uv": [1, 2, 4.125, 4.813], "texture": "#0"}, "up": {"uv": [1, 2, 4.125, 4.813], "texture": "#0"}, "down": {"uv": [1, 2, 4.125, 4.813], "texture": "#0"} } }, { "from": [11.37904, 3.17171, 7.05938], "to": [12.15092, 3.39436, 9.00938], "rotation": {"angle": 22.5, "axis": "z", "origin": [11.76498, 3.17913, 7.53438]}, "faces": { "north": {"uv": [1, 2, 4.125, 4.813], "texture": "#0"}, "east": {"uv": [1, 2, 4.125, 4.813], "texture": "#0"}, "south": {"uv": [1, 2, 4.125, 4.813], "texture": "#0"}, "west": {"uv": [1, 2, 4.125, 4.813], "texture": "#0"}, "up": {"uv": [1, 2, 4.125, 4.813], "texture": "#0"}, "down": {"uv": [1, 2, 4.125, 4.813], "texture": "#0"} } }, { "from": [10.77151, 3.59927, 6.8125], "to": [12.28714, 4.41177, 8.8125], "rotation": {"angle": -45, "axis": "z", "origin": [11.18558, 4.00552, 10.8125]}, "faces": { "north": {"uv": [1, 2, 4.125, 4.813], "texture": "#0"}, "east": {"uv": [1, 2, 4.125, 4.813], "texture": "#0"}, "south": {"uv": [1, 2, 4.125, 4.813], "texture": "#0"}, "west": {"uv": [1, 2, 4.125, 4.813], "texture": "#0"}, "up": {"uv": [1, 2, 4.125, 4.813], "texture": "#0"}, "down": {"uv": [1, 2, 4.125, 4.813], "texture": "#0"} } }, { "from": [10.68294, 3.60681, 7.05938], "to": [12.07278, 4.37869, 9.00938], "rotation": {"angle": -45, "axis": "z", "origin": [11.0263, 3.99275, 10.85938]}, "faces": { "north": {"uv": [1, 2, 4.125, 4.813], "texture": "#0"}, "east": {"uv": [1, 2, 4.125, 4.813], "texture": "#0"}, "south": {"uv": [1, 2, 4.125, 4.813], "texture": "#0"}, "west": {"uv": [1, 2, 4.125, 4.813], "texture": "#0"}, "up": {"uv": [1, 2, 4.125, 4.813], "texture": "#0"}, "down": {"uv": [1, 2, 4.125, 4.813], "texture": "#0"} } }, { "from": [4.59795, 3.29268, 6.8125], "to": [11.41045, 4.16768, 8.8125], "rotation": {"angle": 0, "axis": "y", "origin": [11.97295, 11.29268, 14.8125]}, "faces": { "north": {"uv": [1, 2, 4.125, 4.813], "texture": "#0"}, "east": {"uv": [1, 2, 4.125, 4.813], "texture": "#0"}, "south": {"uv": [1, 2, 4.125, 4.813], "texture": "#0"}, "west": {"uv": [1, 2, 4.125, 4.813], "texture": "#0"}, "up": {"uv": [1, 2, 4.125, 4.813], "texture": "#0"}, "down": {"uv": [1, 2, 4.125, 4.813], "texture": "#0"} } }, { "from": [4.76805, 3.31555, 7.05938], "to": [11.23992, 4.1468, 9.00938], "rotation": {"angle": 0, "axis": "y", "origin": [11.7743, 10.91555, 14.65938]}, "faces": { "north": {"uv": [1, 2, 4.125, 4.813], "texture": "#0"}, "east": {"uv": [1, 2, 4.125, 4.813], "texture": "#0"}, "south": {"uv": [1, 2, 4.125, 4.813], "texture": "#0"}, "west": {"uv": [1, 2, 4.125, 4.813], "texture": "#0"}, "up": {"uv": [1, 2, 4.125, 4.813], "texture": "#0"}, "down": {"uv": [1, 2, 4.125, 4.813], "texture": "#0"} } }, { "from": [5.68972, 4.15576, 6.8125], "to": [10.26784, 4.96826, 8.8125], "rotation": {"angle": 0, "axis": "z", "origin": [6.18972, 4.56201, 7.3125]}, "faces": { "north": {"uv": [1, 2, 4.125, 4.813], "texture": "#0"}, "east": {"uv": [1, 2, 4.125, 4.813], "texture": "#0"}, "south": {"uv": [1, 2, 4.125, 4.813], "texture": "#0"}, "west": {"uv": [1, 2, 4.125, 4.813], "texture": "#0"}, "up": {"uv": [1, 2, 4.125, 4.813], "texture": "#0"}, "down": {"uv": [1, 2, 4.125, 4.813], "texture": "#0"} } }, { "from": [5.76988, 4.10011, 7.05938], "to": [10.19019, 4.87199, 9.00938], "rotation": {"angle": 0, "axis": "z", "origin": [6.24488, 4.48605, 7.53438]}, "faces": { "north": {"uv": [1, 2, 4.125, 4.813], "texture": "#0"}, "east": {"uv": [1, 2, 4.125, 4.813], "texture": "#0"}, "south": {"uv": [1, 2, 4.125, 4.813], "texture": "#0"}, "west": {"uv": [1, 2, 4.125, 4.813], "texture": "#0"}, "up": {"uv": [1, 2, 4.125, 4.813], "texture": "#0"}, "down": {"uv": [1, 2, 4.125, 4.813], "texture": "#0"} } }, { "from": [10.06265, 3.99534, 6.8125], "to": [11.06265, 4.80784, 8.8125], "rotation": {"angle": -22.5, "axis": "z", "origin": [10.56265, 4.40159, 7.3125]}, "faces": { "north": {"uv": [1, 2, 4.125, 4.813], "texture": "#0"}, "east": {"uv": [1, 2, 4.125, 4.813], "texture": "#0"}, "south": {"uv": [1, 2, 4.125, 4.813], "texture": "#0"}, "west": {"uv": [1, 2, 4.125, 4.813], "texture": "#0"}, "up": {"uv": [1, 2, 4.125, 4.813], "texture": "#0"}, "down": {"uv": [1, 2, 4.125, 4.813], "texture": "#0"} } }, { "from": [9.99487, 3.94772, 7.05938], "to": [10.94487, 4.71959, 9.00938], "rotation": {"angle": -22.5, "axis": "z", "origin": [10.46987, 4.33365, 7.53438]}, "faces": { "north": {"uv": [1, 2, 4.125, 4.813], "texture": "#0"}, "east": {"uv": [1, 2, 4.125, 4.813], "texture": "#0"}, "south": {"uv": [1, 2, 4.125, 4.813], "texture": "#0"}, "west": {"uv": [1, 2, 4.125, 4.813], "texture": "#0"}, "up": {"uv": [1, 2, 4.125, 4.813], "texture": "#0"}, "down": {"uv": [1, 2, 4.125, 4.813], "texture": "#0"} } }, { "from": [4.76584, 2.58557, 6.8125], "to": [9.76584, 4.58557, 8.8125], "rotation": {"angle": 0, "axis": "y", "origin": [7.26584, 3.58557, 7.3125]}, "faces": { "north": {"uv": [1, 2, 4.125, 4.813], "texture": "#0"}, "east": {"uv": [1, 2, 4.125, 4.813], "texture": "#0"}, "south": {"uv": [1, 2, 4.125, 4.813], "texture": "#0"}, "west": {"uv": [1, 2, 4.125, 4.813], "texture": "#0"}, "up": {"uv": [1, 2, 4.125, 4.813], "texture": "#0"}, "down": {"uv": [1, 2, 4.125, 4.813], "texture": "#0"} } }, { "from": [4.89219, 2.60844, 7.05938], "to": [9.64219, 4.50844, 9.00938], "rotation": {"angle": 0, "axis": "y", "origin": [7.26719, 3.55844, 7.53438]}, "faces": { "north": {"uv": [1, 2, 4.125, 4.813], "texture": "#0"}, "east": {"uv": [1, 2, 4.125, 4.813], "texture": "#0"}, "south": {"uv": [1, 2, 4.125, 4.813], "texture": "#0"}, "west": {"uv": [1, 2, 4.125, 4.813], "texture": "#0"}, "up": {"uv": [1, 2, 4.125, 4.813], "texture": "#0"}, "down": {"uv": [1, 2, 4.125, 4.813], "texture": "#0"} } }, { "from": [5.64643, 4.34606, 6.8125], "to": [6.64643, 5.15856, 8.8125], "rotation": {"angle": 22.5, "axis": "z", "origin": [6.64643, 2.65856, 7.3125]}, "faces": { "north": {"uv": [1, 2, 4.125, 4.813], "texture": "#0"}, "east": {"uv": [1, 2, 4.125, 4.813], "texture": "#0"}, "south": {"uv": [1, 2, 4.125, 4.813], "texture": "#0"}, "west": {"uv": [1, 2, 4.125, 4.813], "texture": "#0"}, "up": {"uv": [1, 2, 4.125, 4.813], "texture": "#0"}, "down": {"uv": [1, 2, 4.125, 4.813], "texture": "#0"} } }, { "from": [5.72875, 4.2809, 7.05938], "to": [6.67875, 5.05277, 9.00938], "rotation": {"angle": 22.5, "axis": "z", "origin": [6.67875, 2.67777, 7.53438]}, "faces": { "north": {"uv": [1, 2, 4.125, 4.813], "texture": "#0"}, "east": {"uv": [1, 2, 4.125, 4.813], "texture": "#0"}, "south": {"uv": [1, 2, 4.125, 4.813], "texture": "#0"}, "west": {"uv": [1, 2, 4.125, 4.813], "texture": "#0"}, "up": {"uv": [1, 2, 4.125, 4.813], "texture": "#0"}, "down": {"uv": [1, 2, 4.125, 4.813], "texture": "#0"} } }, { "from": [4.03361, 1.30218, 6.8125], "to": [4.84611, 2.81781, 8.8125], "rotation": {"angle": -45, "axis": "z", "origin": [6.53361, 2.81781, 10.8125]}, "faces": { "north": {"uv": [1, 2, 4.125, 4.813], "texture": "#0"}, "east": {"uv": [1, 2, 4.125, 4.813], "texture": "#0"}, "south": {"uv": [1, 2, 4.125, 4.813], "texture": "#0"}, "west": {"uv": [1, 2, 4.125, 4.813], "texture": "#0"}, "up": {"uv": [1, 2, 4.125, 4.813], "texture": "#0"}, "down": {"uv": [1, 2, 4.125, 4.813], "texture": "#0"} } }, { "from": [4.23193, 1.42457, 7.05938], "to": [5.0038, 2.81442, 9.00938], "rotation": {"angle": -45, "axis": "z", "origin": [6.60693, 2.86442, 10.85938]}, "faces": { "north": {"uv": [1, 2, 4.125, 4.813], "texture": "#0"}, "east": {"uv": [1, 2, 4.125, 4.813], "texture": "#0"}, "south": {"uv": [1, 2, 4.125, 4.813], "texture": "#0"}, "west": {"uv": [1, 2, 4.125, 4.813], "texture": "#0"}, "up": {"uv": [1, 2, 4.125, 4.813], "texture": "#0"}, "down": {"uv": [1, 2, 4.125, 4.813], "texture": "#0"} } }, { "from": [3.5765, 3.14127, 6.8125], "to": [4.389, 3.37564, 8.8125], "rotation": {"angle": -22.5, "axis": "z", "origin": [3.98275, 3.14908, 7.3125]}, "faces": { "north": {"uv": [1, 2, 4.125, 4.813], "texture": "#0"}, "east": {"uv": [1, 2, 4.125, 4.813], "texture": "#0"}, "south": {"uv": [1, 2, 4.125, 4.813], "texture": "#0"}, "west": {"uv": [1, 2, 4.125, 4.813], "texture": "#0"}, "up": {"uv": [1, 2, 4.125, 4.813], "texture": "#0"}, "down": {"uv": [1, 2, 4.125, 4.813], "texture": "#0"} } }, { "from": [3.79768, 3.17171, 7.05938], "to": [4.56955, 3.39436, 9.00938], "rotation": {"angle": -22.5, "axis": "z", "origin": [4.18362, 3.17913, 7.53438]}, "faces": { "north": {"uv": [1, 2, 4.125, 4.813], "texture": "#0"}, "east": {"uv": [1, 2, 4.125, 4.813], "texture": "#0"}, "south": {"uv": [1, 2, 4.125, 4.813], "texture": "#0"}, "west": {"uv": [1, 2, 4.125, 4.813], "texture": "#0"}, "up": {"uv": [1, 2, 4.125, 4.813], "texture": "#0"}, "down": {"uv": [1, 2, 4.125, 4.813], "texture": "#0"} } }, { "from": [-0.30595, 2.29733, 17.37477], "to": [0.2253, 3.29733, 18.10915], "rotation": {"angle": -22.5, "axis": "y", "origin": [15.08933, 12.59466, 25.80331]}, "faces": { "north": {"uv": [1, 2, 4.125, 4.813], "texture": "#0"}, "east": {"uv": [1, 2, 4.125, 4.813], "texture": "#0"}, "south": {"uv": [1, 2, 4.125, 4.813], "texture": "#0"}, "west": {"uv": [1, 2, 4.125, 4.813], "texture": "#0"}, "up": {"uv": [1, 2, 4.125, 4.813], "texture": "#0"}, "down": {"uv": [1, 2, 4.125, 4.813], "texture": "#0"} } }, { "from": [4.34754, 2.49496, 12.29987], "to": [4.80223, 3.63246, 12.94753], "rotation": {"angle": -22.5, "axis": "y", "origin": [4.77723, 2.96996, 11.95588]}, "faces": { "north": {"uv": [1, 2, 4.125, 4.813], "texture": "#0"}, "east": {"uv": [1, 2, 4.125, 4.813], "texture": "#0"}, "south": {"uv": [1, 2, 4.125, 4.813], "texture": "#0"}, "west": {"uv": [1, 2, 4.125, 4.813], "texture": "#0"}, "up": {"uv": [1, 2, 4.125, 4.813], "texture": "#0"}, "down": {"uv": [1, 2, 4.125, 4.813], "texture": "#0"} } }, { "from": [4.51281, 2.72125, 12.16781], "to": [4.94693, 3.80728, 12.78616], "rotation": {"angle": -22.5, "axis": "y", "origin": [4.92306, 3.17476, 11.83938]}, "faces": { "north": {"uv": [1, 2, 4.125, 4.813], "texture": "#0"}, "east": {"uv": [1, 2, 4.125, 4.813], "texture": "#0"}, "south": {"uv": [1, 2, 4.125, 4.813], "texture": "#0"}, "west": {"uv": [1, 2, 4.125, 4.813], "texture": "#0"}, "up": {"uv": [1, 2, 4.125, 4.813], "texture": "#0"}, "down": {"uv": [1, 2, 4.125, 4.813], "texture": "#0"} } }, { "from": [10.60731, 2.29733, 11.96756], "to": [12.34169, 3.29733, 12.49881], "rotation": {"angle": -22.5, "axis": "y", "origin": [11.4745, 2.79733, 12.13943]}, "faces": { "north": {"uv": [1, 2, 4.125, 4.813], "texture": "#0"}, "east": {"uv": [1, 2, 4.125, 4.813], "texture": "#0"}, "south": {"uv": [1, 2, 4.125, 4.813], "texture": "#0"}, "west": {"uv": [1, 2, 4.125, 4.813], "texture": "#0"}, "up": {"uv": [1, 2, 4.125, 4.813], "texture": "#0"}, "down": {"uv": [1, 2, 4.125, 4.813], "texture": "#0"} } }, { "from": [10.47695, 2.49496, 11.95981], "to": [12.1246, 3.63246, 12.41449], "rotation": {"angle": -22.5, "axis": "y", "origin": [11.30078, 2.96996, 12.12309]}, "faces": { "north": {"uv": [1, 2, 4.125, 4.813], "texture": "#0"}, "east": {"uv": [1, 2, 4.125, 4.813], "texture": "#0"}, "south": {"uv": [1, 2, 4.125, 4.813], "texture": "#0"}, "west": {"uv": [1, 2, 4.125, 4.813], "texture": "#0"}, "up": {"uv": [1, 2, 4.125, 4.813], "texture": "#0"}, "down": {"uv": [1, 2, 4.125, 4.813], "texture": "#0"} } }, { "from": [10.36487, 2.72125, 11.84312], "to": [11.93797, 3.80728, 12.27724], "rotation": {"angle": -22.5, "axis": "y", "origin": [11.15142, 3.17476, 11.99902]}, "faces": { "north": {"uv": [1, 2, 4.125, 4.813], "texture": "#0"}, "east": {"uv": [1, 2, 4.125, 4.813], "texture": "#0"}, "south": {"uv": [1, 2, 4.125, 4.813], "texture": "#0"}, "west": {"uv": [1, 2, 4.125, 4.813], "texture": "#0"}, "up": {"uv": [1, 2, 4.125, 4.813], "texture": "#0"}, "down": {"uv": [1, 2, 4.125, 4.813], "texture": "#0"} } }, { "from": [3.95215, 2.29733, 11.82313], "to": [5.87403, 3.29733, 12.35438], "rotation": {"angle": 22.5, "axis": "y", "origin": [5.00973, 2.79733, 12.93522]}, "faces": { "north": {"uv": [1, 2, 4.125, 4.813], "texture": "#0"}, "east": {"uv": [1, 2, 4.125, 4.813], "texture": "#0"}, "south": {"uv": [1, 2, 4.125, 4.813], "texture": "#0"}, "west": {"uv": [1, 2, 4.125, 4.813], "texture": "#0"}, "up": {"uv": [1, 2, 4.125, 4.813], "texture": "#0"}, "down": {"uv": [1, 2, 4.125, 4.813], "texture": "#0"} } }, { "from": [4.15454, 2.49496, 11.8226], "to": [5.98033, 3.63246, 12.27729], "rotation": {"angle": 22.5, "axis": "y", "origin": [5.15924, 2.96996, 12.87908]}, "faces": { "north": {"uv": [1, 2, 4.125, 4.813], "texture": "#0"}, "east": {"uv": [1, 2, 4.125, 4.813], "texture": "#0"}, "south": {"uv": [1, 2, 4.125, 4.813], "texture": "#0"}, "west": {"uv": [1, 2, 4.125, 4.813], "texture": "#0"}, "up": {"uv": [1, 2, 4.125, 4.813], "texture": "#0"}, "down": {"uv": [1, 2, 4.125, 4.813], "texture": "#0"} } }, { "from": [4.32855, 2.72125, 11.71213], "to": [6.07172, 3.80728, 12.14624], "rotation": {"angle": 22.5, "axis": "y", "origin": [5.28778, 3.17476, 12.72081]}, "faces": { "north": {"uv": [1, 2, 4.125, 4.813], "texture": "#0"}, "east": {"uv": [1, 2, 4.125, 4.813], "texture": "#0"}, "south": {"uv": [1, 2, 4.125, 4.813], "texture": "#0"}, "west": {"uv": [1, 2, 4.125, 4.813], "texture": "#0"}, "up": {"uv": [1, 2, 4.125, 4.813], "texture": "#0"}, "down": {"uv": [1, 2, 4.125, 4.813], "texture": "#0"} } }, { "from": [11.31548, 2.29733, 12.15075], "to": [11.84673, 3.29733, 13.07262], "rotation": {"angle": 22.5, "axis": "y", "origin": [11.31548, 2.79733, 12.20543]}, "faces": { "north": {"uv": [1, 2, 4.125, 4.813], "texture": "#0"}, "east": {"uv": [1, 2, 4.125, 4.813], "texture": "#0"}, "south": {"uv": [1, 2, 4.125, 4.813], "texture": "#0"}, "west": {"uv": [1, 2, 4.125, 4.813], "texture": "#0"}, "up": {"uv": [1, 2, 4.125, 4.813], "texture": "#0"}, "down": {"uv": [1, 2, 4.125, 4.813], "texture": "#0"} } }, { "from": [11.21881, 2.49496, 12.13767], "to": [11.6735, 3.63246, 12.96346], "rotation": {"angle": 22.5, "axis": "y", "origin": [11.16881, 2.96996, 12.13963]}, "faces": { "north": {"uv": [1, 2, 4.125, 4.813], "texture": "#0"}, "east": {"uv": [1, 2, 4.125, 4.813], "texture": "#0"}, "south": {"uv": [1, 2, 4.125, 4.813], "texture": "#0"}, "west": {"uv": [1, 2, 4.125, 4.813], "texture": "#0"}, "up": {"uv": [1, 2, 4.125, 4.813], "texture": "#0"}, "down": {"uv": [1, 2, 4.125, 4.813], "texture": "#0"} } }, { "from": [11.07316, 2.72125, 12.01294], "to": [11.50727, 3.80728, 12.80136], "rotation": {"angle": 22.5, "axis": "y", "origin": [11.02542, 3.17476, 12.01481]}, "faces": { "north": {"uv": [1, 2, 4.125, 4.813], "texture": "#0"}, "east": {"uv": [1, 2, 4.125, 4.813], "texture": "#0"}, "south": {"uv": [1, 2, 4.125, 4.813], "texture": "#0"}, "west": {"uv": [1, 2, 4.125, 4.813], "texture": "#0"}, "up": {"uv": [1, 2, 4.125, 4.813], "texture": "#0"}, "down": {"uv": [1, 2, 4.125, 4.813], "texture": "#0"} } }, { "from": [3.60708, 2.29733, 7.8125], "to": [12.34145, 3.29733, 12.3125], "rotation": {"angle": 0, "axis": "y", "origin": [11.27895, 10.29733, 13]}, "faces": { "north": {"uv": [1, 2, 4.125, 4.813], "texture": "#0"}, "east": {"uv": [1, 2, 4.125, 4.813], "texture": "#0"}, "south": {"uv": [1, 2, 4.125, 4.813], "texture": "#0"}, "west": {"uv": [1, 2, 4.125, 4.813], "texture": "#0"}, "up": {"uv": [1, 2, 4.125, 4.813], "texture": "#0"}, "down": {"uv": [1, 2, 4.125, 4.813], "texture": "#0"} } }, { "from": [3.82672, 2.49496, 7.80938], "to": [12.12438, 3.63246, 12.2875], "rotation": {"angle": 0, "axis": "y", "origin": [11.115, 10.09496, 12.875]}, "faces": { "north": {"uv": [1, 2, 4.125, 4.813], "texture": "#0"}, "east": {"uv": [1, 2, 4.125, 4.813], "texture": "#0"}, "south": {"uv": [1, 2, 4.125, 4.813], "texture": "#0"}, "west": {"uv": [1, 2, 4.125, 4.813], "texture": "#0"}, "up": {"uv": [1, 2, 4.125, 4.813], "texture": "#0"}, "down": {"uv": [1, 2, 4.125, 4.813], "texture": "#0"} } }, { "from": [4.01556, 2.72125, 7.8805], "to": [11.93775, 3.80728, 12.15599], "rotation": {"angle": 0, "axis": "y", "origin": [10.97405, 9.97735, 12.71691]}, "faces": { "north": {"uv": [1, 2, 4.125, 4.813], "texture": "#0"}, "east": {"uv": [1, 2, 4.125, 4.813], "texture": "#0"}, "south": {"uv": [1, 2, 4.125, 4.813], "texture": "#0"}, "west": {"uv": [1, 2, 4.125, 4.813], "texture": "#0"}, "up": {"uv": [1, 2, 4.125, 4.813], "texture": "#0"}, "down": {"uv": [1, 2, 4.125, 4.813], "texture": "#0"} } }, { "from": [4.30119, 2.29733, 12.00661], "to": [11.64494, 3.29733, 13.00661], "rotation": {"angle": 0, "axis": "y", "origin": [11.83244, 10.29733, 13.00661]}, "faces": { "north": {"uv": [1, 2, 4.125, 4.813], "texture": "#0"}, "east": {"uv": [1, 2, 4.125, 4.813], "texture": "#0"}, "south": {"uv": [1, 2, 4.125, 4.813], "texture": "#0"}, "west": {"uv": [1, 2, 4.125, 4.813], "texture": "#0"}, "up": {"uv": [1, 2, 4.125, 4.813], "texture": "#0"}, "down": {"uv": [1, 2, 4.125, 4.813], "texture": "#0"} } }, { "from": [4.42084, 2.49496, 11.98161], "to": [11.52787, 3.63246, 12.88161], "rotation": {"angle": 0, "axis": "y", "origin": [11.66849, 10.09496, 12.88161]}, "faces": { "north": {"uv": [1, 2, 4.125, 4.813], "texture": "#0"}, "east": {"uv": [1, 2, 4.125, 4.813], "texture": "#0"}, "south": {"uv": [1, 2, 4.125, 4.813], "texture": "#0"}, "west": {"uv": [1, 2, 4.125, 4.813], "texture": "#0"}, "up": {"uv": [1, 2, 4.125, 4.813], "texture": "#0"}, "down": {"uv": [1, 2, 4.125, 4.813], "texture": "#0"} } }, { "from": [4.58279, 2.72125, 11.86394], "to": [11.36823, 3.80728, 12.72322], "rotation": {"angle": 0, "axis": "y", "origin": [11.50249, 9.97735, 12.72322]}, "faces": { "north": {"uv": [1, 2, 4.125, 4.813], "texture": "#0"}, "east": {"uv": [1, 2, 4.125, 4.813], "texture": "#0"}, "south": {"uv": [1, 2, 4.125, 4.813], "texture": "#0"}, "west": {"uv": [1, 2, 4.125, 4.813], "texture": "#0"}, "up": {"uv": [1, 2, 4.125, 4.813], "texture": "#0"}, "down": {"uv": [1, 2, 4.125, 4.813], "texture": "#0"} } }, { "from": [7.08865, 2.98614, 6.78242], "to": [7.44021, 4.13692, 6.78945], "rotation": {"angle": 22.5, "axis": "z", "origin": [7.26443, 2.98614, 6.70156]}, "faces": { "north": {"uv": [8, 2, 11.125, 4.813], "texture": "#0"}, "east": {"uv": [8, 2, 11.125, 4.813], "texture": "#0"}, "south": {"uv": [8, 2, 11.125, 4.813], "texture": "#0"}, "west": {"uv": [8, 2, 11.125, 4.813], "texture": "#0"}, "up": {"uv": [8, 2, 11.125, 4.813], "texture": "#0"}, "down": {"uv": [8, 2, 11.125, 4.813], "texture": "#0"} } }, { "from": [7.23865, 2.98614, 6.78242], "to": [7.59021, 4.17442, 6.78945], "rotation": {"angle": -22.5, "axis": "z", "origin": [7.41443, 2.98614, 6.70156]}, "faces": { "north": {"uv": [8, 2, 11.125, 4.813], "texture": "#0"}, "east": {"uv": [8, 2, 11.125, 4.813], "texture": "#0"}, "south": {"uv": [8, 2, 11.125, 4.813], "texture": "#0"}, "west": {"uv": [8, 2, 11.125, 4.813], "texture": "#0"}, "up": {"uv": [8, 2, 11.125, 4.813], "texture": "#0"}, "down": {"uv": [8, 2, 11.125, 4.813], "texture": "#0"} } }, { "from": [7.70257, 3.94967, 6.78242], "to": [8.27269, 4.15123, 6.78945], "rotation": {"angle": 0, "axis": "z", "origin": [7.94691, 1.86608, 6.70156]}, "faces": { "north": {"uv": [8, 2, 11.125, 4.813], "texture": "#0"}, "east": {"uv": [8, 2, 11.125, 4.813], "texture": "#0"}, "south": {"uv": [8, 2, 11.125, 4.813], "texture": "#0"}, "west": {"uv": [8, 2, 11.125, 4.813], "texture": "#0"}, "up": {"uv": [8, 2, 11.125, 4.813], "texture": "#0"}, "down": {"uv": [8, 2, 11.125, 4.813], "texture": "#0"} } }, { "from": [8.38924, 2.98614, 6.78242], "to": [8.74081, 4.17442, 6.78945], "rotation": {"angle": 22.5, "axis": "z", "origin": [8.56503, 2.98614, 6.70156]}, "faces": { "north": {"uv": [8, 2, 11.125, 4.813], "texture": "#0"}, "east": {"uv": [8, 2, 11.125, 4.813], "texture": "#0"}, "south": {"uv": [8, 2, 11.125, 4.813], "texture": "#0"}, "west": {"uv": [8, 2, 11.125, 4.813], "texture": "#0"}, "up": {"uv": [8, 2, 11.125, 4.813], "texture": "#0"}, "down": {"uv": [8, 2, 11.125, 4.813], "texture": "#0"} } }, { "from": [8.41981, 2.91887, 6.78242], "to": [8.87743, 3.27043, 6.78945], "rotation": {"angle": 0, "axis": "z", "origin": [8.70165, 0.98527, 6.70156]}, "faces": { "north": {"uv": [8, 2, 11.125, 4.813], "texture": "#0"}, "east": {"uv": [8, 2, 11.125, 4.813], "texture": "#0"}, "south": {"uv": [8, 2, 11.125, 4.813], "texture": "#0"}, "west": {"uv": [8, 2, 11.125, 4.813], "texture": "#0"}, "up": {"uv": [8, 2, 11.125, 4.813], "texture": "#0"}, "down": {"uv": [8, 2, 11.125, 4.813], "texture": "#0"} } }, { "from": [8.53924, 2.98614, 6.78242], "to": [8.89081, 4.13692, 6.78945], "rotation": {"angle": -22.5, "axis": "z", "origin": [8.71503, 2.98614, 6.70156]}, "faces": { "north": {"uv": [8, 2, 11.125, 4.813], "texture": "#0"}, "east": {"uv": [8, 2, 11.125, 4.813], "texture": "#0"}, "south": {"uv": [8, 2, 11.125, 4.813], "texture": "#0"}, "west": {"uv": [8, 2, 11.125, 4.813], "texture": "#0"}, "up": {"uv": [8, 2, 11.125, 4.813], "texture": "#0"}, "down": {"uv": [8, 2, 11.125, 4.813], "texture": "#0"} } }, { "from": [7.10203, 2.91887, 6.78242], "to": [7.55964, 3.27043, 6.78945], "rotation": {"angle": 0, "axis": "z", "origin": [7.23386, 0.98527, 6.70156]}, "faces": { "north": {"uv": [8, 2, 11.125, 4.813], "texture": "#0"}, "east": {"uv": [8, 2, 11.125, 4.813], "texture": "#0"}, "south": {"uv": [8, 2, 11.125, 4.813], "texture": "#0"}, "west": {"uv": [8, 2, 11.125, 4.813], "texture": "#0"}, "up": {"uv": [8, 2, 11.125, 4.813], "texture": "#0"}, "down": {"uv": [8, 2, 11.125, 4.813], "texture": "#0"} } }, { "from": [6.60543, 2.86018, 6.79531], "to": [9.36168, 3.16018, 7.71406], "rotation": {"angle": 0, "axis": "y", "origin": [11.83668, 10.96018, 13.71406]}, "faces": { "north": {"uv": [1, 8, 4.125, 10.813], "texture": "#0"}, "east": {"uv": [1, 8, 4.125, 10.813], "texture": "#0"}, "south": {"uv": [1, 8, 4.125, 10.813], "texture": "#0"}, "west": {"uv": [1, 8, 4.125, 10.813], "texture": "#0"}, "up": {"uv": [1, 8, 4.125, 10.813], "texture": "#0"}, "down": {"uv": [1, 8, 4.125, 10.813], "texture": "#0"} } }, { "from": [6.84494, 2.56429, 6.79531], "to": [8.25119, 2.93929, 7.71406], "rotation": {"angle": -22.5, "axis": "z", "origin": [8.22306, 3.46429, 7.17969]}, "faces": { "north": {"uv": [1, 8, 4.125, 10.813], "texture": "#0"}, "east": {"uv": [1, 8, 4.125, 10.813], "texture": "#0"}, "south": {"uv": [1, 8, 4.125, 10.813], "texture": "#0"}, "west": {"uv": [1, 8, 4.125, 10.813], "texture": "#0"}, "up": {"uv": [1, 8, 4.125, 10.813], "texture": "#0"}, "down": {"uv": [1, 8, 4.125, 10.813], "texture": "#0"} } }, { "from": [6.98169, 2.26855, 6.79531], "to": [8.38794, 2.71855, 7.71406], "rotation": {"angle": -45, "axis": "z", "origin": [8.35981, 3.16855, 7.17969]}, "faces": { "north": {"uv": [1, 8, 4.125, 10.813], "texture": "#0"}, "east": {"uv": [1, 8, 4.125, 10.813], "texture": "#0"}, "south": {"uv": [1, 8, 4.125, 10.813], "texture": "#0"}, "west": {"uv": [1, 8, 4.125, 10.813], "texture": "#0"}, "up": {"uv": [1, 8, 4.125, 10.813], "texture": "#0"}, "down": {"uv": [1, 8, 4.125, 10.813], "texture": "#0"} } }, { "from": [7.52601, 2.8679, 6.79531], "to": [8.05101, 4.27415, 7.71406], "rotation": {"angle": 22.5, "axis": "z", "origin": [8.42601, 2.89603, 7.17969]}, "faces": { "north": {"uv": [1, 8, 4.125, 10.813], "texture": "#0"}, "east": {"uv": [1, 8, 4.125, 10.813], "texture": "#0"}, "south": {"uv": [1, 8, 4.125, 10.813], "texture": "#0"}, "west": {"uv": [1, 8, 4.125, 10.813], "texture": "#0"}, "up": {"uv": [1, 8, 4.125, 10.813], "texture": "#0"}, "down": {"uv": [1, 8, 4.125, 10.813], "texture": "#0"} } }, { "from": [7.55217, 2.61949, 6.79531], "to": [8.41467, 4.02574, 7.71406], "rotation": {"angle": 0, "axis": "z", "origin": [8.45217, 2.64762, 7.17969]}, "faces": { "north": {"uv": [1, 8, 4.125, 10.813], "texture": "#0"}, "east": {"uv": [1, 8, 4.125, 10.813], "texture": "#0"}, "south": {"uv": [1, 8, 4.125, 10.813], "texture": "#0"}, "west": {"uv": [1, 8, 4.125, 10.813], "texture": "#0"}, "up": {"uv": [1, 8, 4.125, 10.813], "texture": "#0"}, "down": {"uv": [1, 8, 4.125, 10.813], "texture": "#0"} } }, { "from": [8.12588, 2.57256, 6.79531], "to": [8.65088, 3.97881, 7.71406], "rotation": {"angle": -22.5, "axis": "z", "origin": [8.38838, 3.27568, 7.17969]}, "faces": { "north": {"uv": [1, 8, 4.125, 10.813], "texture": "#0"}, "east": {"uv": [1, 8, 4.125, 10.813], "texture": "#0"}, "south": {"uv": [1, 8, 4.125, 10.813], "texture": "#0"}, "west": {"uv": [1, 8, 4.125, 10.813], "texture": "#0"}, "up": {"uv": [1, 8, 4.125, 10.813], "texture": "#0"}, "down": {"uv": [1, 8, 4.125, 10.813], "texture": "#0"} } }, { "from": [7.66189, 2.18583, 6.79531], "to": [8.11189, 3.59208, 7.71406], "rotation": {"angle": -45, "axis": "z", "origin": [8.56189, 2.21395, 7.17969]}, "faces": { "north": {"uv": [1, 8, 4.125, 10.813], "texture": "#0"}, "east": {"uv": [1, 8, 4.125, 10.813], "texture": "#0"}, "south": {"uv": [1, 8, 4.125, 10.813], "texture": "#0"}, "west": {"uv": [1, 8, 4.125, 10.813], "texture": "#0"}, "up": {"uv": [1, 8, 4.125, 10.813], "texture": "#0"}, "down": {"uv": [1, 8, 4.125, 10.813], "texture": "#0"} } }, { "from": [7.9372, 2.87683, 6.79531], "to": [9.34345, 3.25183, 7.71406], "rotation": {"angle": 22.5, "axis": "z", "origin": [8.64032, 3.06433, 7.17969]}, "faces": { "north": {"uv": [1, 8, 4.125, 10.813], "texture": "#0"}, "east": {"uv": [1, 8, 4.125, 10.813], "texture": "#0"}, "south": {"uv": [1, 8, 4.125, 10.813], "texture": "#0"}, "west": {"uv": [1, 8, 4.125, 10.813], "texture": "#0"}, "up": {"uv": [1, 8, 4.125, 10.813], "texture": "#0"}, "down": {"uv": [1, 8, 4.125, 10.813], "texture": "#0"} } }, { "from": [9.28665, 2.321, 6.97996], "to": [11.40071, 2.53975, 8.66434], "rotation": {"angle": 22.5, "axis": "y", "origin": [7.20639, 2.9335, 6.20066]}, "faces": { "north": {"uv": [1, 2, 4.125, 4.813], "texture": "#0"}, "east": {"uv": [1, 8, 4.125, 10.813], "texture": "#0"}, "south": {"uv": [1, 2, 4.125, 4.813], "texture": "#0"}, "west": {"uv": [1, 2, 4.125, 4.813], "texture": "#0"}, "up": {"uv": [1, 8, 4.125, 10.813], "texture": "#0"}, "down": {"uv": [1, 2, 4.125, 4.813], "texture": "#0"} } }, { "from": [11.20853, 2.30538, 6.97996], "to": [11.40071, 2.321, 8.66434], "rotation": {"angle": 22.5, "axis": "y", "origin": [7.20639, 2.58975, 6.20066]}, "faces": { "north": {"uv": [1, 8, 4.125, 10.813], "texture": "#0"}, "east": {"uv": [1, 8, 4.125, 10.813], "texture": "#0"}, "south": {"uv": [1, 8, 4.125, 10.813], "texture": "#0"}, "west": {"uv": [1, 8, 4.125, 10.813], "texture": "#0"}, "up": {"uv": [1, 8, 4.125, 10.813], "texture": "#0"}, "down": {"uv": [1, 8, 4.125, 10.813], "texture": "#0"} } }, { "from": [9.03987, 2.321, 3.78628], "to": [10.72424, 2.53975, 5.69409], "rotation": {"angle": -22.5, "axis": "y", "origin": [7.20639, 2.9335, 6.20066]}, "faces": { "north": {"uv": [1, 8, 4.125, 10.813], "texture": "#0"}, "east": {"uv": [1, 2, 4.125, 4.813], "texture": "#0"}, "south": {"uv": [1, 2, 4.125, 4.813], "texture": "#0"}, "west": {"uv": [1, 2, 4.125, 4.813], "texture": "#0"}, "up": {"uv": [1, 8, 4.125, 10.813], "texture": "#0"}, "down": {"uv": [1, 2, 4.125, 4.813], "texture": "#0"} } }, { "from": [9.03987, 2.30538, 3.78628], "to": [10.72424, 2.321, 3.91284], "rotation": {"angle": -22.5, "axis": "y", "origin": [7.20639, 2.58975, 6.20066]}, "faces": { "north": {"uv": [1, 8, 4.125, 10.813], "texture": "#0"}, "east": {"uv": [1, 8, 4.125, 10.813], "texture": "#0"}, "south": {"uv": [1, 8, 4.125, 10.813], "texture": "#0"}, "west": {"uv": [1, 8, 4.125, 10.813], "texture": "#0"}, "up": {"uv": [1, 8, 4.125, 10.813], "texture": "#0"}, "down": {"uv": [1, 8, 4.125, 10.813], "texture": "#0"} } }, { "from": [6.06643, 2.321, 4.6717], "to": [9.82425, 2.53975, 9.8467], "rotation": {"angle": 0, "axis": "y", "origin": [11.5805, 11.1835, 13.4717]}, "faces": { "north": {"uv": [1, 8, 4.125, 10.813], "texture": "#0"}, "east": {"uv": [1, 2, 4.125, 4.813], "texture": "#0"}, "south": {"uv": [1, 2, 4.125, 4.813], "texture": "#0"}, "west": {"uv": [1, 2, 4.125, 4.813], "texture": "#0"}, "up": {"uv": [1, 8, 4.125, 10.813], "texture": "#0"}, "down": {"uv": [1, 2, 4.125, 4.813], "texture": "#0"} } }, { "from": [6.06643, 2.30538, 4.6717], "to": [9.82425, 2.321, 4.7842], "rotation": {"angle": 0, "axis": "y", "origin": [11.5805, 10.83975, 13.4717]}, "faces": { "north": {"uv": [1, 8, 4.125, 10.813], "texture": "#0"}, "east": {"uv": [1, 8, 4.125, 10.813], "texture": "#0"}, "south": {"uv": [1, 8, 4.125, 10.813], "texture": "#0"}, "west": {"uv": [1, 8, 4.125, 10.813], "texture": "#0"}, "up": {"uv": [1, 8, 4.125, 10.813], "texture": "#0"}, "down": {"uv": [1, 8, 4.125, 10.813], "texture": "#0"} } }, { "from": [5.16432, 2.321, 3.79696], "to": [6.84869, 2.53975, 5.91102], "rotation": {"angle": 22.5, "axis": "y", "origin": [8.65639, 2.9335, 6.20066]}, "faces": { "north": {"uv": [1, 8, 4.125, 10.813], "texture": "#0"}, "east": {"uv": [1, 8, 4.125, 10.813], "texture": "#0"}, "south": {"uv": [1, 8, 4.125, 10.813], "texture": "#0"}, "west": {"uv": [1, 8, 4.125, 10.813], "texture": "#0"}, "up": {"uv": [1, 8, 4.125, 10.813], "texture": "#0"}, "down": {"uv": [1, 2, 4.125, 4.813], "texture": "#0"} } }, { "from": [5.16432, 2.30538, 3.79696], "to": [6.84869, 2.321, 3.92664], "rotation": {"angle": 22.5, "axis": "y", "origin": [8.65639, 2.58975, 6.20066]}, "faces": { "north": {"uv": [1, 8, 4.125, 10.813], "texture": "#0"}, "east": {"uv": [1, 8, 4.125, 10.813], "texture": "#0"}, "south": {"uv": [1, 8, 4.125, 10.813], "texture": "#0"}, "west": {"uv": [1, 8, 4.125, 10.813], "texture": "#0"}, "up": {"uv": [1, 8, 4.125, 10.813], "texture": "#0"}, "down": {"uv": [1, 8, 4.125, 10.813], "texture": "#0"} } }, { "from": [4.48784, 2.321, 6.96928], "to": [6.39566, 2.53975, 8.65366], "rotation": {"angle": -22.5, "axis": "y", "origin": [8.65639, 2.9335, 6.20066]}, "faces": { "north": {"uv": [1, 2, 4.125, 4.813], "texture": "#0"}, "east": {"uv": [1, 2, 4.125, 4.813], "texture": "#0"}, "south": {"uv": [1, 2, 4.125, 4.813], "texture": "#0"}, "west": {"uv": [1, 8, 4.125, 10.813], "texture": "#0"}, "up": {"uv": [1, 8, 4.125, 10.813], "texture": "#0"}, "down": {"uv": [1, 2, 4.125, 4.813], "texture": "#0"} } }, { "from": [4.48784, 2.30538, 6.96928], "to": [4.66128, 2.321, 8.65366], "rotation": {"angle": -22.5, "axis": "y", "origin": [8.65639, 2.58975, 6.20066]}, "faces": { "north": {"uv": [1, 8, 4.125, 10.813], "texture": "#0"}, "east": {"uv": [1, 8, 4.125, 10.813], "texture": "#0"}, "south": {"uv": [1, 8, 4.125, 10.813], "texture": "#0"}, "west": {"uv": [1, 8, 4.125, 10.813], "texture": "#0"}, "up": {"uv": [1, 8, 4.125, 10.813], "texture": "#0"}, "down": {"uv": [1, 8, 4.125, 10.813], "texture": "#0"} } }, { "from": [4.64338, 2.39746, 6.95066], "to": [6.45581, 2.73028, 8.55081], "rotation": {"angle": -22.5, "axis": "y", "origin": [8.6035, 2.98246, 6.22047]}, "faces": { "north": {"uv": [1, 2, 4.125, 4.813], "texture": "#0"}, "east": {"uv": [1, 2, 4.125, 4.813], "texture": "#0"}, "south": {"uv": [1, 2, 4.125, 4.813], "texture": "#0"}, "west": {"uv": [1, 2, 4.125, 4.813], "texture": "#0"}, "up": {"uv": [1, 2, 4.125, 4.813], "texture": "#0"}, "down": {"uv": [1, 2, 4.125, 4.813], "texture": "#0"} } }, { "from": [5.28603, 2.39746, 3.93694], "to": [6.88619, 2.73028, 5.9453], "rotation": {"angle": 22.5, "axis": "y", "origin": [8.6035, 2.98246, 6.22047]}, "faces": { "north": {"uv": [1, 2, 4.125, 4.813], "texture": "#0"}, "east": {"uv": [1, 2, 4.125, 4.813], "texture": "#0"}, "south": {"uv": [1, 2, 4.125, 4.813], "texture": "#0"}, "west": {"uv": [1, 2, 4.125, 4.813], "texture": "#0"}, "up": {"uv": [1, 2, 4.125, 4.813], "texture": "#0"}, "down": {"uv": [1, 2, 4.125, 4.813], "texture": "#0"} } }, { "from": [6.14305, 2.39746, 4.76795], "to": [9.75047, 2.73028, 9.50295], "rotation": {"angle": 0, "axis": "y", "origin": [11.40016, 10.81996, 13.12795]}, "faces": { "north": {"uv": [1, 2, 4.125, 4.813], "texture": "#0"}, "east": {"uv": [1, 2, 4.125, 4.813], "texture": "#0"}, "south": {"uv": [1, 2, 4.125, 4.813], "texture": "#0"}, "west": {"uv": [1, 2, 4.125, 4.813], "texture": "#0"}, "up": {"uv": [1, 2, 4.125, 4.813], "texture": "#0"}, "down": {"uv": [1, 2, 4.125, 4.813], "texture": "#0"} } }, { "from": [9.00531, 2.39746, 3.9268], "to": [10.60546, 2.73028, 5.73922], "rotation": {"angle": -22.5, "axis": "y", "origin": [7.2635, 2.98246, 6.22047]}, "faces": { "north": {"uv": [1, 2, 4.125, 4.813], "texture": "#0"}, "east": {"uv": [1, 2, 4.125, 4.813], "texture": "#0"}, "south": {"uv": [1, 2, 4.125, 4.813], "texture": "#0"}, "west": {"uv": [1, 2, 4.125, 4.813], "texture": "#0"}, "up": {"uv": [1, 2, 4.125, 4.813], "texture": "#0"}, "down": {"uv": [1, 2, 4.125, 4.813], "texture": "#0"} } }, { "from": [9.23975, 2.39746, 6.9608], "to": [11.24811, 2.73028, 8.56096], "rotation": {"angle": 22.5, "axis": "y", "origin": [7.2635, 2.98246, 6.22047]}, "faces": { "north": {"uv": [1, 2, 4.125, 4.813], "texture": "#0"}, "east": {"uv": [1, 2, 4.125, 4.813], "texture": "#0"}, "south": {"uv": [1, 2, 4.125, 4.813], "texture": "#0"}, "west": {"uv": [1, 2, 4.125, 4.813], "texture": "#0"}, "up": {"uv": [1, 2, 4.125, 4.813], "texture": "#0"}, "down": {"uv": [1, 2, 4.125, 4.813], "texture": "#0"} } } ], "display": { "thirdperson_righthand": { "rotation": [-11, 0, 0], "translation": [0, 3.5, -1], "scale": [0.6, 0.65, 0.8] }, "thirdperson_lefthand": { "rotation": [-11, 0, 0], "translation": [0, 3.5, -1], "scale": [0.6, 0.65, 0.8] }, "firstperson_righthand": { "translation": [0, 80, 0] }, "firstperson_lefthand": { "translation": [0, 0, 80] }, "ground": { "translation": [-0.25, 2, -1.25], "scale": [0.75, 0.8, 0.95] }, "gui": { "rotation": [13, 137, 0], "translation": [-1.75, 7.25, 0], "scale": [1, 1.55, 1.55] }, "head": { "translation": [0.05, 16.05, -4], "scale": [1.58, 2.25, 2.2] }, "fixed": { "rotation": [-90, 0, 0], "translation": [0, -4, -11.75], "scale": [1.58, 2.25, 2.2] } }, "groups": [ { "name": "front", "origin": [3.98275, 3.14908, 5.5], "color": 0, "children": [0, 1, 2, 3, 4, 5, 6, 7, 8, 9, 10, 11, 12, 13, 14, 15, 16, 17, 18, 19, 20, 21] }, { "name": "back", "origin": [11.27895, 10.29733, 13], "color": 0, "children": [22, 23, 24, 25, 26, 27, 28, 29, 30, 31, 32, 33, 34, 35, 36, 37, 38, 39] }, { "name": "circle", "origin": [8.61532, 4.34246, 7.17969], "color": 0, "children": [ { "name": "W", "origin": [7.91223, 2.95626, 6.96875], "color": 0, "children": [40, 41, 42, 43, 44, 45, 46] }, 47, 48, 49, 50, 51, 52, 53, 54 ] }, { "name": "cap", "origin": [7.0135, 2.90434, 6.22047], "color": 0, "children": [55, 56, 57, 58, 59, 60, 61, 62, 63, 64, 65, 66, 67, 68, 69] } ] }