{ "credit": "Made with Blockbench", "textures": { "0": "block/fancyriroundglasses" }, "elements": [ { "name": "hexadecagon", "from": [16.77963, 2.89825, -4.059], "to": [19.70037, 3.26534, -3.419], "rotation": {"angle": -45, "axis": "z", "origin": [18.24, 10.24, -3.419]}, "faces": { "north": {"uv": [2.75, 0.625, 3.375, 1.125], "texture": "#0"}, "east": {"uv": [2.75, 0.625, 3.375, 1.125], "texture": "#0"}, "south": {"uv": [2.75, 0.625, 3.375, 1.125], "texture": "#0"}, "west": {"uv": [2.75, 0.625, 3.375, 1.125], "texture": "#0"}, "up": {"uv": [2.75, 0.625, 3.375, 1.125], "texture": "#0"}, "down": {"uv": [2.75, 0.625, 3.375, 1.125], "texture": "#0"} } }, { "name": "hexadecagon", "from": [16.77963, 2.89825, -4.059], "to": [19.70037, 3.26534, -3.099], "rotation": {"angle": -22.5, "axis": "z", "origin": [18.24, 10.24, -3.419]}, "faces": { "north": {"uv": [2.75, 0.625, 3.375, 1.125], "texture": "#0"}, "east": {"uv": [2.75, 0.625, 3.375, 1.125], "texture": "#0"}, "south": {"uv": [2.75, 0.625, 3.375, 1.125], "texture": "#0"}, "west": {"uv": [2.75, 0.625, 3.375, 1.125], "texture": "#0"}, "up": {"uv": [2.75, 0.625, 3.375, 1.125], "texture": "#0"}, "down": {"uv": [2.75, 0.625, 3.375, 1.125], "texture": "#0"} } }, { "name": "hexadecagon", "from": [16.77963, 2.89825, -4.059], "to": [19.70037, 3.26534, -2.779], "rotation": {"angle": 0, "axis": "z", "origin": [18.24, 10.24, -3.419]}, "faces": { "north": {"uv": [2.75, 0.625, 3.375, 1.125], "texture": "#0"}, "east": {"uv": [2.75, 0.625, 3.375, 1.125], "texture": "#0"}, "south": {"uv": [2.75, 0.625, 3.375, 1.125], "texture": "#0"}, "west": {"uv": [2.75, 0.625, 3.375, 1.125], "texture": "#0"}, "up": {"uv": [2.75, 0.625, 3.375, 1.125], "texture": "#0"}, "down": {"uv": [2.75, 0.625, 3.375, 1.125], "texture": "#0"} } }, { "name": "hexadecagon", "from": [16.77963, 2.89825, -4.059], "to": [19.70037, 3.26534, -2.459], "rotation": {"angle": 22.5, "axis": "z", "origin": [18.24, 10.24, -3.419]}, "faces": { "north": {"uv": [2.75, 0.625, 3.375, 1.125], "texture": "#0"}, "east": {"uv": [2.75, 0.625, 3.375, 1.125], "texture": "#0"}, "south": {"uv": [2.75, 0.625, 3.375, 1.125], "texture": "#0"}, "west": {"uv": [2.75, 0.625, 3.375, 1.125], "texture": "#0"}, "up": {"uv": [2.75, 0.625, 3.375, 1.125], "texture": "#0"}, "down": {"uv": [2.75, 0.625, 3.375, 1.125], "texture": "#0"} } }, { "name": "hexadecagon", "from": [16.77963, 2.89825, -4.059], "to": [19.70037, 3.26534, -2.139], "rotation": {"angle": 45, "axis": "z", "origin": [18.24, 10.24, -3.419]}, "faces": { "north": {"uv": [2.75, 0.625, 3.375, 1.125], "texture": "#0"}, "east": {"uv": [2.75, 0.625, 3.375, 1.125], "texture": "#0"}, "south": {"uv": [2.75, 0.625, 3.375, 1.125], "texture": "#0"}, "west": {"uv": [2.75, 0.625, 3.375, 1.125], "texture": "#0"}, "up": {"uv": [2.75, 0.625, 3.375, 1.125], "texture": "#0"}, "down": {"uv": [2.75, 0.625, 3.375, 1.125], "texture": "#0"} } }, { "name": "hexadecagon", "from": [16.77963, 17.21466, -4.059], "to": [19.70037, 17.58175, -2.139], "rotation": {"angle": -45, "axis": "z", "origin": [18.24, 10.24, -3.419]}, "faces": { "north": {"uv": [2.75, 0.625, 3.375, 1.125], "texture": "#0"}, "east": {"uv": [2.75, 0.625, 3.375, 1.125], "texture": "#0"}, "south": {"uv": [2.75, 0.625, 3.375, 1.125], "texture": "#0"}, "west": {"uv": [2.75, 0.625, 3.375, 1.125], "texture": "#0"}, "up": {"uv": [2.75, 0.625, 3.375, 1.125], "texture": "#0"}, "down": {"uv": [2.75, 0.625, 3.375, 1.125], "texture": "#0"} } }, { "name": "hexadecagon", "from": [16.77963, 17.21466, -4.059], "to": [19.70037, 17.58175, -2.459], "rotation": {"angle": -22.5, "axis": "z", "origin": [18.24, 10.24, -3.419]}, "faces": { "north": {"uv": [2.75, 0.625, 3.375, 1.125], "texture": "#0"}, "east": {"uv": [2.75, 0.625, 3.375, 1.125], "texture": "#0"}, "south": {"uv": [2.75, 0.625, 3.375, 1.125], "texture": "#0"}, "west": {"uv": [2.75, 0.625, 3.375, 1.125], "texture": "#0"}, "up": {"uv": [2.75, 0.625, 3.375, 1.125], "texture": "#0"}, "down": {"uv": [2.75, 0.625, 3.375, 1.125], "texture": "#0"} } }, { "name": "hexadecagon", "from": [16.77963, 17.21466, -4.059], "to": [19.70037, 17.58175, -2.779], "rotation": {"angle": 0, "axis": "z", "origin": [18.24, 10.24, -3.419]}, "faces": { "north": {"uv": [2.75, 0.625, 3.375, 1.125], "texture": "#0"}, "east": {"uv": [2.75, 0.625, 3.375, 1.125], "texture": "#0"}, "south": {"uv": [2.75, 0.625, 3.375, 1.125], "texture": "#0"}, "west": {"uv": [2.75, 0.625, 3.375, 1.125], "texture": "#0"}, "up": {"uv": [2.75, 0.625, 3.375, 1.125], "texture": "#0"}, "down": {"uv": [2.75, 0.625, 3.375, 1.125], "texture": "#0"} } }, { "name": "hexadecagon", "from": [16.77963, 17.21466, -4.059], "to": [19.70037, 17.58175, -3.099], "rotation": {"angle": 22.5, "axis": "z", "origin": [18.24, 10.24, -3.419]}, "faces": { "north": {"uv": [2.75, 0.625, 3.375, 1.125], "texture": "#0"}, "east": {"uv": [2.75, 0.625, 3.375, 1.125], "texture": "#0"}, "south": {"uv": [2.75, 0.625, 3.375, 1.125], "texture": "#0"}, "west": {"uv": [2.75, 0.625, 3.375, 1.125], "texture": "#0"}, "up": {"uv": [2.75, 0.625, 3.375, 1.125], "texture": "#0"}, "down": {"uv": [2.75, 0.625, 3.375, 1.125], "texture": "#0"} } }, { "name": "hexadecagon", "from": [16.77963, 17.21466, -4.059], "to": [19.70037, 17.58175, -3.419], "rotation": {"angle": 45, "axis": "z", "origin": [18.24, 10.24, -3.419]}, "faces": { "north": {"uv": [2.75, 0.625, 3.375, 1.125], "texture": "#0"}, "east": {"uv": [2.75, 0.625, 3.375, 1.125], "texture": "#0"}, "south": {"uv": [2.75, 0.625, 3.375, 1.125], "texture": "#0"}, "west": {"uv": [2.75, 0.625, 3.375, 1.125], "texture": "#0"}, "up": {"uv": [2.75, 0.625, 3.375, 1.125], "texture": "#0"}, "down": {"uv": [2.75, 0.625, 3.375, 1.125], "texture": "#0"} } }, { "name": "hexadecagon", "from": [10.89825, 8.77963, -4.059], "to": [11.26534, 11.70037, -3.419], "rotation": {"angle": -22.5, "axis": "z", "origin": [18.24, 10.24, -3.419]}, "faces": { "north": {"uv": [2.75, 0.625, 3.375, 1.125], "texture": "#0"}, "east": {"uv": [2.75, 0.625, 3.375, 1.125], "texture": "#0"}, "south": {"uv": [2.75, 0.625, 3.375, 1.125], "texture": "#0"}, "west": {"uv": [2.75, 0.625, 3.375, 1.125], "texture": "#0"}, "up": {"uv": [2.75, 0.625, 3.375, 1.125], "texture": "#0"}, "down": {"uv": [2.75, 0.625, 3.375, 1.125], "texture": "#0"} } }, { "name": "hexadecagon", "from": [10.89825, 8.77963, -4.059], "to": [11.26534, 11.70037, -3.419], "rotation": {"angle": 0, "axis": "z", "origin": [18.24, 10.24, -3.419]}, "faces": { "north": {"uv": [2.75, 0.625, 3.375, 1.125], "texture": "#0"}, "east": {"uv": [2.75, 0.625, 3.375, 1.125], "texture": "#0"}, "south": {"uv": [2.75, 0.625, 3.375, 1.125], "texture": "#0"}, "west": {"uv": [2.75, 0.625, 3.375, 1.125], "texture": "#0"}, "up": {"uv": [2.75, 0.625, 3.375, 1.125], "texture": "#0"}, "down": {"uv": [2.75, 0.625, 3.375, 1.125], "texture": "#0"} } }, { "name": "hexadecagon", "from": [11.2672, 7.94763, -3.931], "to": [25.2192, 12.53237, -3.739], "rotation": {"angle": 0, "axis": "z", "origin": [18.24186, 10.24, -3.419]}, "faces": { "north": {"uv": [14.375, 0.375, 15.375, 1.375], "texture": "#0"}, "east": {"uv": [14.375, 0.375, 15.375, 1.375], "texture": "#0"}, "south": {"uv": [14.375, 0.375, 15.375, 1.375], "texture": "#0"}, "west": {"uv": [14.375, 0.375, 15.375, 1.375], "texture": "#0"}, "up": {"uv": [14.375, 0.375, 15.375, 1.375], "texture": "#0"}, "down": {"uv": [14.375, 0.375, 15.375, 1.375], "texture": "#0"} } }, { "name": "hexadecagon", "from": [11.6512, 12.53237, -3.931], "to": [24.8352, 13.4691, -3.739], "rotation": {"angle": 0, "axis": "z", "origin": [18.24186, 14.82473, -3.419]}, "faces": { "north": {"uv": [12.5, 8.625, 13.5, 9.625], "texture": "#0"}, "east": {"uv": [12.5, 8.625, 13.5, 9.625], "texture": "#0"}, "south": {"uv": [12.5, 8.625, 13.5, 9.625], "texture": "#0"}, "west": {"uv": [12.5, 8.625, 13.5, 9.625], "texture": "#0"}, "up": {"uv": [12.5, 8.625, 13.5, 9.625], "texture": "#0"}, "down": {"uv": [12.5, 8.625, 13.5, 9.625], "texture": "#0"} } }, { "name": "hexadecagon", "from": [12.0352, 13.4691, -3.931], "to": [24.4512, 14.40583, -3.739], "rotation": {"angle": 0, "axis": "z", "origin": [18.24186, 15.76146, -3.419]}, "faces": { "north": {"uv": [12.375, 6.375, 13.375, 7.375], "texture": "#0"}, "east": {"uv": [12.375, 6.375, 13.375, 7.375], "texture": "#0"}, "south": {"uv": [12.375, 6.375, 13.375, 7.375], "texture": "#0"}, "west": {"uv": [12.375, 6.375, 13.375, 7.375], "texture": "#0"}, "up": {"uv": [12.375, 6.375, 13.375, 7.375], "texture": "#0"}, "down": {"uv": [12.375, 6.375, 13.375, 7.375], "texture": "#0"} } }, { "name": "hexadecagon", "from": [12.5472, 14.40583, -3.931], "to": [23.9392, 14.89456, -3.739], "rotation": {"angle": 0, "axis": "z", "origin": [18.24186, 16.69819, -3.419]}, "faces": { "north": {"uv": [12.375, 6.375, 13.375, 7.375], "texture": "#0"}, "east": {"uv": [12.375, 6.375, 13.375, 7.375], "texture": "#0"}, "south": {"uv": [12.375, 6.375, 13.375, 7.375], "texture": "#0"}, "west": {"uv": [12.375, 6.375, 13.375, 7.375], "texture": "#0"}, "up": {"uv": [12.375, 6.375, 13.375, 7.375], "texture": "#0"}, "down": {"uv": [12.375, 6.375, 13.375, 7.375], "texture": "#0"} } }, { "name": "hexadecagon", "from": [12.9952, 14.89456, -3.931], "to": [23.4912, 15.31929, -3.739], "rotation": {"angle": 0, "axis": "z", "origin": [18.24186, 17.18692, -3.419]}, "faces": { "north": {"uv": [12.5, 4.5, 13.5, 5.5], "texture": "#0"}, "east": {"uv": [12.5, 4.5, 13.5, 5.5], "texture": "#0"}, "south": {"uv": [12.5, 4.5, 13.5, 5.5], "texture": "#0"}, "west": {"uv": [12.5, 4.5, 13.5, 5.5], "texture": "#0"}, "up": {"uv": [12.5, 4.5, 13.5, 5.5], "texture": "#0"}, "down": {"uv": [12.5, 4.5, 13.5, 5.5], "texture": "#0"} } }, { "name": "hexadecagon", "from": [13.4432, 15.31929, -3.931], "to": [23.0432, 15.74402, -3.739], "rotation": {"angle": 0, "axis": "z", "origin": [18.24186, 17.61165, -3.419]}, "faces": { "north": {"uv": [12.5, 4.5, 13.5, 5.5], "texture": "#0"}, "east": {"uv": [12.5, 4.5, 13.5, 5.5], "texture": "#0"}, "south": {"uv": [12.5, 4.5, 13.5, 5.5], "texture": "#0"}, "west": {"uv": [12.5, 4.5, 13.5, 5.5], "texture": "#0"}, "up": {"uv": [12.5, 4.5, 13.5, 5.5], "texture": "#0"}, "down": {"uv": [12.5, 4.5, 13.5, 5.5], "texture": "#0"} } }, { "name": "hexadecagon", "from": [13.8272, 15.74402, -3.931], "to": [22.5952, 16.16875, -3.739], "rotation": {"angle": 0, "axis": "z", "origin": [18.24186, 18.03638, -3.419]}, "faces": { "north": {"uv": [12.5, 2.5, 13.5, 3.5], "texture": "#0"}, "east": {"uv": [12.5, 2.5, 13.5, 3.5], "texture": "#0"}, "south": {"uv": [12.5, 2.5, 13.5, 3.5], "texture": "#0"}, "west": {"uv": [12.5, 2.5, 13.5, 3.5], "texture": "#0"}, "up": {"uv": [12.5, 2.5, 13.5, 3.5], "texture": "#0"}, "down": {"uv": [12.5, 2.5, 13.5, 3.5], "texture": "#0"} } }, { "name": "hexadecagon", "from": [14.3392, 16.16875, -3.931], "to": [22.1472, 16.52948, -3.739], "rotation": {"angle": 0, "axis": "z", "origin": [18.24186, 18.46111, -3.419]}, "faces": { "north": {"uv": [12.5, 2.5, 13.5, 3.5], "texture": "#0"}, "east": {"uv": [12.5, 2.5, 13.5, 3.5], "texture": "#0"}, "south": {"uv": [12.5, 2.5, 13.5, 3.5], "texture": "#0"}, "west": {"uv": [12.5, 2.5, 13.5, 3.5], "texture": "#0"}, "up": {"uv": [12.5, 2.5, 13.5, 3.5], "texture": "#0"}, "down": {"uv": [12.5, 2.5, 13.5, 3.5], "texture": "#0"} } }, { "name": "hexadecagon", "from": [15.1712, 16.52948, -3.931], "to": [21.3152, 16.89021, -3.739], "rotation": {"angle": 0, "axis": "z", "origin": [18.24186, 18.82185, -3.419]}, "faces": { "north": {"uv": [12.625, 0.5, 13.625, 1.5], "texture": "#0"}, "east": {"uv": [12.625, 0.5, 13.625, 1.5], "texture": "#0"}, "south": {"uv": [12.625, 0.5, 13.625, 1.5], "texture": "#0"}, "west": {"uv": [12.625, 0.5, 13.625, 1.5], "texture": "#0"}, "up": {"uv": [12.625, 0.5, 13.625, 1.5], "texture": "#0"}, "down": {"uv": [12.625, 0.5, 13.625, 1.5], "texture": "#0"} } }, { "name": "hexadecagon", "from": [16.06756, 3.22906, -3.931], "to": [20.41956, 3.58979, -3.739], "rotation": {"angle": 0, "axis": "z", "origin": [18.24222, 1.29742, -3.419]}, "faces": { "north": {"uv": [14.5, 8.5, 15.5, 9.5], "texture": "#0"}, "east": {"uv": [14.5, 8.5, 15.5, 9.5], "texture": "#0"}, "south": {"uv": [14.5, 8.5, 15.5, 9.5], "texture": "#0"}, "west": {"uv": [14.5, 8.5, 15.5, 9.5], "texture": "#0"}, "up": {"uv": [14.5, 8.5, 15.5, 9.5], "texture": "#0"}, "down": {"uv": [14.5, 8.5, 15.5, 9.5], "texture": "#0"} } }, { "name": "hexadecagon", "from": [15.17156, 3.58979, -3.931], "to": [21.31556, 3.95052, -3.739], "rotation": {"angle": 0, "axis": "z", "origin": [18.24222, 1.65815, -3.419]}, "faces": { "north": {"uv": [14.5, 8.5, 15.5, 9.5], "texture": "#0"}, "east": {"uv": [14.5, 8.5, 15.5, 9.5], "texture": "#0"}, "south": {"uv": [14.5, 8.5, 15.5, 9.5], "texture": "#0"}, "west": {"uv": [14.5, 8.5, 15.5, 9.5], "texture": "#0"}, "up": {"uv": [14.5, 8.5, 15.5, 9.5], "texture": "#0"}, "down": {"uv": [14.5, 8.5, 15.5, 9.5], "texture": "#0"} } }, { "name": "hexadecagon", "from": [14.33956, 3.95052, -3.931], "to": [22.14756, 4.31125, -3.739], "rotation": {"angle": 0, "axis": "z", "origin": [18.24222, 2.01889, -3.419]}, "faces": { "north": {"uv": [14.5, 8.5, 15.5, 9.5], "texture": "#0"}, "east": {"uv": [14.5, 8.5, 15.5, 9.5], "texture": "#0"}, "south": {"uv": [14.5, 8.5, 15.5, 9.5], "texture": "#0"}, "west": {"uv": [14.5, 8.5, 15.5, 9.5], "texture": "#0"}, "up": {"uv": [14.5, 8.5, 15.5, 9.5], "texture": "#0"}, "down": {"uv": [14.5, 8.5, 15.5, 9.5], "texture": "#0"} } }, { "name": "hexadecagon", "from": [13.44356, 4.73598, -3.931], "to": [23.04356, 5.16071, -3.739], "rotation": {"angle": 0, "axis": "z", "origin": [18.24222, 2.86835, -3.419]}, "faces": { "north": {"uv": [14.375, 6.625, 15.375, 7.625], "texture": "#0"}, "east": {"uv": [14.375, 6.625, 15.375, 7.625], "texture": "#0"}, "south": {"uv": [14.375, 6.625, 15.375, 7.625], "texture": "#0"}, "west": {"uv": [14.375, 6.625, 15.375, 7.625], "texture": "#0"}, "up": {"uv": [14.375, 6.625, 15.375, 7.625], "texture": "#0"}, "down": {"uv": [14.375, 6.625, 15.375, 7.625], "texture": "#0"} } }, { "name": "hexadecagon", "from": [13.82756, 4.31125, -3.931], "to": [22.59556, 4.73598, -3.739], "rotation": {"angle": 0, "axis": "z", "origin": [18.24222, 2.44362, -3.419]}, "faces": { "north": {"uv": [14.375, 6.625, 15.375, 7.625], "texture": "#0"}, "east": {"uv": [14.375, 6.625, 15.375, 7.625], "texture": "#0"}, "south": {"uv": [14.375, 6.625, 15.375, 7.625], "texture": "#0"}, "west": {"uv": [14.375, 6.625, 15.375, 7.625], "texture": "#0"}, "up": {"uv": [14.375, 6.625, 15.375, 7.625], "texture": "#0"}, "down": {"uv": [14.375, 6.625, 15.375, 7.625], "texture": "#0"} } }, { "name": "hexadecagon", "from": [12.99556, 5.16071, -3.931], "to": [23.49156, 5.58544, -3.739], "rotation": {"angle": 0, "axis": "z", "origin": [18.24222, 3.29308, -3.419]}, "faces": { "north": {"uv": [14.375, 4.625, 15.375, 5.625], "texture": "#0"}, "east": {"uv": [14.375, 4.625, 15.375, 5.625], "texture": "#0"}, "south": {"uv": [14.375, 4.625, 15.375, 5.625], "texture": "#0"}, "west": {"uv": [14.375, 4.625, 15.375, 5.625], "texture": "#0"}, "up": {"uv": [14.375, 4.625, 15.375, 5.625], "texture": "#0"}, "down": {"uv": [14.375, 4.625, 15.375, 5.625], "texture": "#0"} } }, { "name": "hexadecagon", "from": [12.54756, 5.58544, -3.931], "to": [23.93956, 6.07417, -3.739], "rotation": {"angle": 0, "axis": "z", "origin": [18.24222, 3.78181, -3.419]}, "faces": { "north": {"uv": [14.375, 4.625, 15.375, 5.625], "texture": "#0"}, "east": {"uv": [14.375, 4.625, 15.375, 5.625], "texture": "#0"}, "south": {"uv": [14.375, 4.625, 15.375, 5.625], "texture": "#0"}, "west": {"uv": [14.375, 4.625, 15.375, 5.625], "texture": "#0"}, "up": {"uv": [14.375, 4.625, 15.375, 5.625], "texture": "#0"}, "down": {"uv": [14.375, 4.625, 15.375, 5.625], "texture": "#0"} } }, { "name": "hexadecagon", "from": [12.03556, 6.07417, -3.931], "to": [24.45156, 7.0109, -3.739], "rotation": {"angle": 0, "axis": "z", "origin": [18.24222, 4.71854, -3.419]}, "faces": { "north": {"uv": [14.5, 2.5, 15.5, 3.5], "texture": "#0"}, "east": {"uv": [14.5, 2.5, 15.5, 3.5], "texture": "#0"}, "south": {"uv": [14.5, 2.5, 15.5, 3.5], "texture": "#0"}, "west": {"uv": [14.5, 2.5, 15.5, 3.5], "texture": "#0"}, "up": {"uv": [14.5, 2.5, 15.5, 3.5], "texture": "#0"}, "down": {"uv": [14.5, 2.5, 15.5, 3.5], "texture": "#0"} } }, { "name": "hexadecagon", "from": [11.65156, 7.0109, -3.931], "to": [24.83556, 7.94763, -3.739], "rotation": {"angle": 0, "axis": "z", "origin": [18.24222, 5.65527, -3.419]}, "faces": { "north": {"uv": [14.5, 2.5, 15.5, 3.5], "texture": "#0"}, "east": {"uv": [14.5, 2.5, 15.5, 3.5], "texture": "#0"}, "south": {"uv": [14.5, 2.5, 15.5, 3.5], "texture": "#0"}, "west": {"uv": [14.5, 2.5, 15.5, 3.5], "texture": "#0"}, "up": {"uv": [14.5, 2.5, 15.5, 3.5], "texture": "#0"}, "down": {"uv": [14.5, 2.5, 15.5, 3.5], "texture": "#0"} } }, { "name": "hexadecagon", "from": [16.0672, 16.89021, -3.931], "to": [20.4192, 17.25094, -3.739], "rotation": {"angle": 0, "axis": "z", "origin": [18.24186, 19.18258, -3.419]}, "faces": { "north": {"uv": [12.625, 0.5, 13.625, 1.5], "texture": "#0"}, "east": {"uv": [12.625, 0.5, 13.625, 1.5], "texture": "#0"}, "south": {"uv": [12.625, 0.5, 13.625, 1.5], "texture": "#0"}, "west": {"uv": [12.625, 0.5, 13.625, 1.5], "texture": "#0"}, "up": {"uv": [12.625, 0.5, 13.625, 1.5], "texture": "#0"}, "down": {"uv": [12.625, 0.5, 13.625, 1.5], "texture": "#0"} } }, { "name": "hexadecagon", "from": [10.89825, 8.77963, -4.059], "to": [11.26534, 11.70037, -3.419], "rotation": {"angle": 22.5, "axis": "z", "origin": [18.24, 10.24, -3.419]}, "faces": { "north": {"uv": [2.75, 0.625, 3.375, 1.125], "texture": "#0"}, "east": {"uv": [2.75, 0.625, 3.375, 1.125], "texture": "#0"}, "south": {"uv": [2.75, 0.625, 3.375, 1.125], "texture": "#0"}, "west": {"uv": [2.75, 0.625, 3.375, 1.125], "texture": "#0"}, "up": {"uv": [2.75, 0.625, 3.375, 1.125], "texture": "#0"}, "down": {"uv": [2.75, 0.625, 3.375, 1.125], "texture": "#0"} } }, { "name": "hexadecagon", "from": [25.21466, 8.77963, -4.059], "to": [25.58175, 11.70037, -2.139], "rotation": {"angle": -22.5, "axis": "z", "origin": [18.24, 10.24, -3.419]}, "faces": { "north": {"uv": [2.75, 0.625, 3.375, 1.125], "texture": "#0"}, "east": {"uv": [2.75, 0.625, 3.375, 1.125], "texture": "#0"}, "south": {"uv": [2.75, 0.625, 3.375, 1.125], "texture": "#0"}, "west": {"uv": [2.75, 0.625, 3.375, 1.125], "texture": "#0"}, "up": {"uv": [2.75, 0.625, 3.375, 1.125], "texture": "#0"}, "down": {"uv": [2.75, 0.625, 3.375, 1.125], "texture": "#0"} } }, { "name": "hexadecagon", "from": [25.21466, 8.77963, -4.059], "to": [25.58175, 11.12437, -2.139], "rotation": {"angle": 0, "axis": "z", "origin": [18.24, 10.24, -3.419]}, "faces": { "north": {"uv": [2.75, 0.625, 3.375, 1.125], "texture": "#0"}, "east": {"uv": [2.75, 0.625, 3.375, 1.125], "texture": "#0"}, "south": {"uv": [2.75, 0.625, 3.375, 1.125], "texture": "#0"}, "west": {"uv": [2.75, 0.625, 3.375, 1.125], "texture": "#0"}, "up": {"uv": [2.75, 0.625, 3.375, 1.125], "texture": "#0"}, "down": {"uv": [2.75, 0.625, 3.375, 1.125], "texture": "#0"} } }, { "name": "hexadecagon", "from": [25.21466, 8.77963, -4.059], "to": [25.58175, 11.70037, -3.419], "rotation": {"angle": 0, "axis": "z", "origin": [18.24, 10.24, -3.419]}, "faces": { "north": {"uv": [2.75, 0.625, 3.375, 1.125], "texture": "#0"}, "east": {"uv": [2.75, 0.625, 3.375, 1.125], "texture": "#0"}, "south": {"uv": [2.75, 0.625, 3.375, 1.125], "texture": "#0"}, "west": {"uv": [2.75, 0.625, 3.375, 1.125], "texture": "#0"}, "up": {"uv": [2.75, 0.625, 3.375, 1.125], "texture": "#0"}, "down": {"uv": [2.75, 0.625, 3.375, 1.125], "texture": "#0"} } }, { "name": "hexadecagon", "from": [25.21466, 10.25163, -4.059], "to": [25.58175, 11.70037, -2.139], "rotation": {"angle": 22.5, "axis": "z", "origin": [18.24, 10.24, -3.419]}, "faces": { "north": {"uv": [2.75, 0.625, 3.375, 1.125], "texture": "#0"}, "east": {"uv": [2.75, 0.625, 3.375, 1.125], "texture": "#0"}, "south": {"uv": [2.75, 0.625, 3.375, 1.125], "texture": "#0"}, "west": {"uv": [2.75, 0.625, 3.375, 1.125], "texture": "#0"}, "up": {"uv": [2.75, 0.625, 3.375, 1.125], "texture": "#0"}, "down": {"uv": [2.75, 0.625, 3.375, 1.125], "texture": "#0"} } }, { "name": "hexadecagon", "from": [25.21466, 8.77963, -4.059], "to": [25.58175, 11.70037, -3.419], "rotation": {"angle": 22.5, "axis": "z", "origin": [18.24, 10.24, -3.419]}, "faces": { "north": {"uv": [2.75, 0.625, 3.375, 1.125], "texture": "#0"}, "east": {"uv": [2.75, 0.625, 3.375, 1.125], "texture": "#0"}, "south": {"uv": [2.75, 0.625, 3.375, 1.125], "texture": "#0"}, "west": {"uv": [2.75, 0.625, 3.375, 1.125], "texture": "#0"}, "up": {"uv": [2.75, 0.625, 3.375, 1.125], "texture": "#0"}, "down": {"uv": [2.75, 0.625, 3.375, 1.125], "texture": "#0"} } }, { "name": "hexadecagon", "from": [25.21821, 11.76524, -4.251], "to": [28.88135, 12.51635, -3.867], "rotation": {"angle": 0, "axis": "z", "origin": [25.92978, 9.2608, -3.931]}, "faces": { "north": {"uv": [2.5, 0.5, 3.5, 1.5], "texture": "#0"}, "east": {"uv": [2.5, 0.5, 3.5, 1.5], "texture": "#0"}, "south": {"uv": [2.5, 0.5, 3.5, 1.5], "texture": "#0"}, "west": {"uv": [2.5, 0.5, 3.5, 1.5], "texture": "#0"}, "up": {"uv": [2.5, 0.5, 3.5, 1.5], "texture": "#0"}, "down": {"uv": [2.5, 0.5, 3.5, 1.5], "texture": "#0"} } }, { "name": "hexadecagon", "from": [28.49735, 11.76524, -4.251], "to": [28.88135, 12.51635, 8.43614], "rotation": {"angle": 0, "axis": "y", "origin": [28.68935, 12.1408, -3.57143]}, "faces": { "north": {"uv": [2.5, 0.5, 3.5, 1.5], "texture": "#0"}, "east": {"uv": [2.5, 0.5, 3.5, 1.5], "texture": "#0"}, "south": {"uv": [2.5, 0.5, 3.5, 1.5], "texture": "#0"}, "west": {"uv": [2.5, 0.5, 3.5, 1.5], "texture": "#0"}, "up": {"uv": [2.5, 0.5, 3.5, 1.5], "texture": "#0"}, "down": {"uv": [2.5, 0.5, 3.5, 1.5], "texture": "#0"} } }, { "name": "hexadecagon", "from": [28.43335, 11.70124, 4.40414], "to": [28.94535, 12.58035, 9.52414], "rotation": {"angle": 0, "axis": "y", "origin": [28.68935, 12.1408, -7.60343]}, "faces": { "north": {"uv": [0.5, 0.5, 1.5, 1.5], "texture": "#0"}, "east": {"uv": [0.5, 0.5, 1.5, 1.5], "texture": "#0"}, "south": {"uv": [0.5, 0.5, 1.5, 1.5], "texture": "#0"}, "west": {"uv": [0.5, 0.5, 1.5, 1.5], "texture": "#0"}, "up": {"uv": [0.5, 0.5, 1.5, 1.5], "texture": "#0"}, "down": {"uv": [0.5, 0.5, 1.5, 1.5], "texture": "#0"} } }, { "name": "hexadecagon", "from": [28.43335, 10.75503, 9.16106], "to": [28.94535, 11.63414, 14.28106], "rotation": {"angle": 22.5, "axis": "x", "origin": [28.68935, 11.19459, 11.72106]}, "faces": { "north": {"uv": [0.5, 0.5, 1.5, 1.5], "texture": "#0"}, "east": {"uv": [0.5, 0.5, 1.5, 1.5], "texture": "#0"}, "south": {"uv": [0.5, 0.5, 1.5, 1.5], "texture": "#0"}, "west": {"uv": [0.5, 0.5, 1.5, 1.5], "texture": "#0"}, "up": {"uv": [0.5, 0.5, 1.5, 1.5], "texture": "#0"}, "down": {"uv": [0.5, 0.5, 1.5, 1.5], "texture": "#0"} } }, { "name": "hexadecagon", "from": [28.43335, 8.06045, 13.19379], "to": [28.94535, 8.93956, 18.31379], "rotation": {"angle": 45, "axis": "x", "origin": [28.68935, 8.50001, 15.75379]}, "faces": { "north": {"uv": [0.5, 0.5, 1.5, 1.5], "texture": "#0"}, "east": {"uv": [0.5, 0.5, 1.5, 1.5], "texture": "#0"}, "south": {"uv": [0.5, 0.5, 1.5, 1.5], "texture": "#0"}, "west": {"uv": [0.5, 0.5, 1.5, 1.5], "texture": "#0"}, "up": {"uv": [0.5, 0.5, 1.5, 1.5], "texture": "#0"}, "down": {"uv": [0.5, 0.5, 1.5, 1.5], "texture": "#0"} } }, { "name": "hexadecagon", "from": [10.51423, 10.40523, -3.995], "to": [11.26534, 11.70037, -3.611], "rotation": {"angle": 22.5, "axis": "z", "origin": [8.00978, 11.0528, -3.675]}, "faces": { "north": {"uv": [4.625, 0.5, 5.625, 1.5], "texture": "#0"}, "east": {"uv": [4.625, 0.5, 5.625, 1.5], "texture": "#0"}, "south": {"uv": [4.625, 0.5, 5.625, 1.5], "texture": "#0"}, "west": {"uv": [4.625, 0.5, 5.625, 1.5], "texture": "#0"}, "up": {"uv": [4.625, 0.5, 5.625, 1.5], "texture": "#0"}, "down": {"uv": [4.625, 0.5, 5.625, 1.5], "texture": "#0"} } }, { "name": "hexadecagon", "from": [10.51423, 9.50923, -3.995], "to": [10.88134, 10.40523, -3.611], "rotation": {"angle": 22.5, "axis": "z", "origin": [8.00978, 11.0528, -3.675]}, "faces": { "north": {"uv": [4.625, 0.5, 5.625, 1.5], "texture": "#0"}, "east": {"uv": [4.625, 0.5, 5.625, 1.5], "texture": "#0"}, "south": {"uv": [4.625, 0.5, 5.625, 1.5], "texture": "#0"}, "west": {"uv": [4.625, 0.5, 5.625, 1.5], "texture": "#0"}, "up": {"uv": [4.625, 0.5, 5.625, 1.5], "texture": "#0"}, "down": {"uv": [4.625, 0.5, 5.625, 1.5], "texture": "#0"} } }, { "name": "hexadecagon", "from": [7.36221, 13.55724, -3.995], "to": [8.65735, 14.30835, -3.611], "rotation": {"angle": -45, "axis": "z", "origin": [8.00978, 11.0528, -3.675]}, "faces": { "north": {"uv": [4.625, 0.5, 5.625, 1.5], "texture": "#0"}, "east": {"uv": [4.625, 0.5, 5.625, 1.5], "texture": "#0"}, "south": {"uv": [4.625, 0.5, 5.625, 1.5], "texture": "#0"}, "west": {"uv": [4.625, 0.5, 5.625, 1.5], "texture": "#0"}, "up": {"uv": [4.625, 0.5, 5.625, 1.5], "texture": "#0"}, "down": {"uv": [4.625, 0.5, 5.625, 1.5], "texture": "#0"} } }, { "name": "hexadecagon", "from": [7.36221, 13.55724, -3.995], "to": [8.65735, 14.30835, -3.611], "rotation": {"angle": -22.5, "axis": "z", "origin": [8.00978, 11.0528, -3.675]}, "faces": { "north": {"uv": [4.625, 0.5, 5.625, 1.5], "texture": "#0"}, "east": {"uv": [4.625, 0.5, 5.625, 1.5], "texture": "#0"}, "south": {"uv": [4.625, 0.5, 5.625, 1.5], "texture": "#0"}, "west": {"uv": [4.625, 0.5, 5.625, 1.5], "texture": "#0"}, "up": {"uv": [4.625, 0.5, 5.625, 1.5], "texture": "#0"}, "down": {"uv": [4.625, 0.5, 5.625, 1.5], "texture": "#0"} } }, { "name": "hexadecagon", "from": [7.36221, 13.55724, -3.995], "to": [8.65735, 14.30835, -3.611], "rotation": {"angle": 0, "axis": "z", "origin": [8.00978, 11.0528, -3.675]}, "faces": { "north": {"uv": [4.625, 0.5, 5.625, 1.5], "texture": "#0"}, "east": {"uv": [4.625, 0.5, 5.625, 1.5], "texture": "#0"}, "south": {"uv": [4.625, 0.5, 5.625, 1.5], "texture": "#0"}, "west": {"uv": [4.625, 0.5, 5.625, 1.5], "texture": "#0"}, "up": {"uv": [4.625, 0.5, 5.625, 1.5], "texture": "#0"}, "down": {"uv": [4.625, 0.5, 5.625, 1.5], "texture": "#0"} } }, { "name": "hexadecagon", "from": [7.36221, 13.55724, -3.995], "to": [8.65735, 14.30835, -3.611], "rotation": {"angle": 22.5, "axis": "z", "origin": [8.00978, 11.0528, -3.675]}, "faces": { "north": {"uv": [4.625, 0.5, 5.625, 1.5], "texture": "#0"}, "east": {"uv": [4.625, 0.5, 5.625, 1.5], "texture": "#0"}, "south": {"uv": [4.625, 0.5, 5.625, 1.5], "texture": "#0"}, "west": {"uv": [4.625, 0.5, 5.625, 1.5], "texture": "#0"}, "up": {"uv": [4.625, 0.5, 5.625, 1.5], "texture": "#0"}, "down": {"uv": [4.625, 0.5, 5.625, 1.5], "texture": "#0"} } }, { "name": "hexadecagon", "from": [4.75423, 10.40523, -3.995], "to": [5.50534, 11.70037, -3.611], "rotation": {"angle": -22.5, "axis": "z", "origin": [8.00978, 11.0528, -3.675]}, "faces": { "north": {"uv": [4.625, 0.5, 5.625, 1.5], "texture": "#0"}, "east": {"uv": [4.625, 0.5, 5.625, 1.5], "texture": "#0"}, "south": {"uv": [4.625, 0.5, 5.625, 1.5], "texture": "#0"}, "west": {"uv": [4.625, 0.5, 5.625, 1.5], "texture": "#0"}, "up": {"uv": [4.625, 0.5, 5.625, 1.5], "texture": "#0"}, "down": {"uv": [4.625, 0.5, 5.625, 1.5], "texture": "#0"} } }, { "name": "hexadecagon", "from": [7.36221, 13.55724, -3.995], "to": [8.65735, 14.30835, -3.611], "rotation": {"angle": 45, "axis": "z", "origin": [8.00978, 11.0528, -3.675]}, "faces": { "north": {"uv": [4.625, 0.5, 5.625, 1.5], "texture": "#0"}, "east": {"uv": [4.625, 0.5, 5.625, 1.5], "texture": "#0"}, "south": {"uv": [4.625, 0.5, 5.625, 1.5], "texture": "#0"}, "west": {"uv": [4.625, 0.5, 5.625, 1.5], "texture": "#0"}, "up": {"uv": [4.625, 0.5, 5.625, 1.5], "texture": "#0"}, "down": {"uv": [4.625, 0.5, 5.625, 1.5], "texture": "#0"} } }, { "name": "hexadecagon", "from": [5.11866, 9.50923, -3.995], "to": [5.48577, 10.40523, -3.611], "rotation": {"angle": -22.5, "axis": "z", "origin": [7.99022, 11.0528, -3.675]}, "faces": { "north": {"uv": [4.625, 0.5, 5.625, 1.5], "texture": "#0"}, "east": {"uv": [4.625, 0.5, 5.625, 1.5], "texture": "#0"}, "south": {"uv": [4.625, 0.5, 5.625, 1.5], "texture": "#0"}, "west": {"uv": [4.625, 0.5, 5.625, 1.5], "texture": "#0"}, "up": {"uv": [4.625, 0.5, 5.625, 1.5], "texture": "#0"}, "down": {"uv": [4.625, 0.5, 5.625, 1.5], "texture": "#0"} } }, { "name": "hexadecagon", "from": [-3.70037, 2.89825, -4.059], "to": [-0.77963, 3.26534, -3.419], "rotation": {"angle": 45, "axis": "z", "origin": [-2.24, 10.24, -3.419]}, "faces": { "north": {"uv": [3.375, 0.625, 2.75, 1.125], "texture": "#0"}, "east": {"uv": [3.375, 0.625, 2.75, 1.125], "texture": "#0"}, "south": {"uv": [3.375, 0.625, 2.75, 1.125], "texture": "#0"}, "west": {"uv": [3.375, 0.625, 2.75, 1.125], "texture": "#0"}, "up": {"uv": [3.375, 0.625, 2.75, 1.125], "texture": "#0"}, "down": {"uv": [3.375, 0.625, 2.75, 1.125], "texture": "#0"} } }, { "name": "hexadecagon", "from": [-3.70037, 2.89825, -4.059], "to": [-0.77963, 3.26534, -3.099], "rotation": {"angle": 22.5, "axis": "z", "origin": [-2.24, 10.24, -3.419]}, "faces": { "north": {"uv": [3.375, 0.625, 2.75, 1.125], "texture": "#0"}, "east": {"uv": [3.375, 0.625, 2.75, 1.125], "texture": "#0"}, "south": {"uv": [3.375, 0.625, 2.75, 1.125], "texture": "#0"}, "west": {"uv": [3.375, 0.625, 2.75, 1.125], "texture": "#0"}, "up": {"uv": [3.375, 0.625, 2.75, 1.125], "texture": "#0"}, "down": {"uv": [3.375, 0.625, 2.75, 1.125], "texture": "#0"} } }, { "name": "hexadecagon", "from": [-3.70037, 2.89825, -4.059], "to": [-0.77963, 3.26534, -2.779], "rotation": {"angle": 0, "axis": "z", "origin": [-2.24, 10.24, -3.419]}, "faces": { "north": {"uv": [3.375, 0.625, 2.75, 1.125], "texture": "#0"}, "east": {"uv": [3.375, 0.625, 2.75, 1.125], "texture": "#0"}, "south": {"uv": [3.375, 0.625, 2.75, 1.125], "texture": "#0"}, "west": {"uv": [3.375, 0.625, 2.75, 1.125], "texture": "#0"}, "up": {"uv": [3.375, 0.625, 2.75, 1.125], "texture": "#0"}, "down": {"uv": [3.375, 0.625, 2.75, 1.125], "texture": "#0"} } }, { "name": "hexadecagon", "from": [-3.70037, 2.89825, -4.059], "to": [-0.77963, 3.26534, -2.459], "rotation": {"angle": -22.5, "axis": "z", "origin": [-2.24, 10.24, -3.419]}, "faces": { "north": {"uv": [3.375, 0.625, 2.75, 1.125], "texture": "#0"}, "east": {"uv": [3.375, 0.625, 2.75, 1.125], "texture": "#0"}, "south": {"uv": [3.375, 0.625, 2.75, 1.125], "texture": "#0"}, "west": {"uv": [3.375, 0.625, 2.75, 1.125], "texture": "#0"}, "up": {"uv": [3.375, 0.625, 2.75, 1.125], "texture": "#0"}, "down": {"uv": [3.375, 0.625, 2.75, 1.125], "texture": "#0"} } }, { "name": "hexadecagon", "from": [-3.70037, 2.89825, -4.059], "to": [-0.77963, 3.26534, -2.139], "rotation": {"angle": -45, "axis": "z", "origin": [-2.24, 10.24, -3.419]}, "faces": { "north": {"uv": [3.375, 0.625, 2.75, 1.125], "texture": "#0"}, "east": {"uv": [3.375, 0.625, 2.75, 1.125], "texture": "#0"}, "south": {"uv": [3.375, 0.625, 2.75, 1.125], "texture": "#0"}, "west": {"uv": [3.375, 0.625, 2.75, 1.125], "texture": "#0"}, "up": {"uv": [3.375, 0.625, 2.75, 1.125], "texture": "#0"}, "down": {"uv": [3.375, 0.625, 2.75, 1.125], "texture": "#0"} } }, { "name": "hexadecagon", "from": [-3.70037, 17.21466, -4.059], "to": [-0.77963, 17.58175, -2.139], "rotation": {"angle": 45, "axis": "z", "origin": [-2.24, 10.24, -3.419]}, "faces": { "north": {"uv": [3.375, 0.625, 2.75, 1.125], "texture": "#0"}, "east": {"uv": [3.375, 0.625, 2.75, 1.125], "texture": "#0"}, "south": {"uv": [3.375, 0.625, 2.75, 1.125], "texture": "#0"}, "west": {"uv": [3.375, 0.625, 2.75, 1.125], "texture": "#0"}, "up": {"uv": [3.375, 0.625, 2.75, 1.125], "texture": "#0"}, "down": {"uv": [3.375, 0.625, 2.75, 1.125], "texture": "#0"} } }, { "name": "hexadecagon", "from": [-3.70037, 17.21466, -4.059], "to": [-0.77963, 17.58175, -2.459], "rotation": {"angle": 22.5, "axis": "z", "origin": [-2.24, 10.24, -3.419]}, "faces": { "north": {"uv": [3.375, 0.625, 2.75, 1.125], "texture": "#0"}, "east": {"uv": [3.375, 0.625, 2.75, 1.125], "texture": "#0"}, "south": {"uv": [3.375, 0.625, 2.75, 1.125], "texture": "#0"}, "west": {"uv": [3.375, 0.625, 2.75, 1.125], "texture": "#0"}, "up": {"uv": [3.375, 0.625, 2.75, 1.125], "texture": "#0"}, "down": {"uv": [3.375, 0.625, 2.75, 1.125], "texture": "#0"} } }, { "name": "hexadecagon", "from": [-3.70037, 17.21466, -4.059], "to": [-0.77963, 17.58175, -2.779], "rotation": {"angle": 0, "axis": "z", "origin": [-2.24, 10.24, -3.419]}, "faces": { "north": {"uv": [3.375, 0.625, 2.75, 1.125], "texture": "#0"}, "east": {"uv": [3.375, 0.625, 2.75, 1.125], "texture": "#0"}, "south": {"uv": [3.375, 0.625, 2.75, 1.125], "texture": "#0"}, "west": {"uv": [3.375, 0.625, 2.75, 1.125], "texture": "#0"}, "up": {"uv": [3.375, 0.625, 2.75, 1.125], "texture": "#0"}, "down": {"uv": [3.375, 0.625, 2.75, 1.125], "texture": "#0"} } }, { "name": "hexadecagon", "from": [-3.70037, 17.21466, -4.059], "to": [-0.77963, 17.58175, -3.099], "rotation": {"angle": -22.5, "axis": "z", "origin": [-2.24, 10.24, -3.419]}, "faces": { "north": {"uv": [3.375, 0.625, 2.75, 1.125], "texture": "#0"}, "east": {"uv": [3.375, 0.625, 2.75, 1.125], "texture": "#0"}, "south": {"uv": [3.375, 0.625, 2.75, 1.125], "texture": "#0"}, "west": {"uv": [3.375, 0.625, 2.75, 1.125], "texture": "#0"}, "up": {"uv": [3.375, 0.625, 2.75, 1.125], "texture": "#0"}, "down": {"uv": [3.375, 0.625, 2.75, 1.125], "texture": "#0"} } }, { "name": "hexadecagon", "from": [-3.70037, 17.21466, -4.059], "to": [-0.77963, 17.58175, -3.419], "rotation": {"angle": -45, "axis": "z", "origin": [-2.24, 10.24, -3.419]}, "faces": { "north": {"uv": [3.375, 0.625, 2.75, 1.125], "texture": "#0"}, "east": {"uv": [3.375, 0.625, 2.75, 1.125], "texture": "#0"}, "south": {"uv": [3.375, 0.625, 2.75, 1.125], "texture": "#0"}, "west": {"uv": [3.375, 0.625, 2.75, 1.125], "texture": "#0"}, "up": {"uv": [3.375, 0.625, 2.75, 1.125], "texture": "#0"}, "down": {"uv": [3.375, 0.625, 2.75, 1.125], "texture": "#0"} } }, { "name": "hexadecagon", "from": [4.73466, 8.77963, -4.059], "to": [5.10175, 11.70037, -3.419], "rotation": {"angle": 22.5, "axis": "z", "origin": [-2.24, 10.24, -3.419]}, "faces": { "north": {"uv": [3.375, 0.625, 2.75, 1.125], "texture": "#0"}, "east": {"uv": [3.375, 0.625, 2.75, 1.125], "texture": "#0"}, "south": {"uv": [3.375, 0.625, 2.75, 1.125], "texture": "#0"}, "west": {"uv": [3.375, 0.625, 2.75, 1.125], "texture": "#0"}, "up": {"uv": [3.375, 0.625, 2.75, 1.125], "texture": "#0"}, "down": {"uv": [3.375, 0.625, 2.75, 1.125], "texture": "#0"} } }, { "name": "hexadecagon", "from": [4.73466, 8.77963, -4.059], "to": [5.10175, 11.70037, -3.419], "rotation": {"angle": 0, "axis": "z", "origin": [-2.24, 10.24, -3.419]}, "faces": { "north": {"uv": [3.375, 0.625, 2.75, 1.125], "texture": "#0"}, "east": {"uv": [3.375, 0.625, 2.75, 1.125], "texture": "#0"}, "south": {"uv": [3.375, 0.625, 2.75, 1.125], "texture": "#0"}, "west": {"uv": [3.375, 0.625, 2.75, 1.125], "texture": "#0"}, "up": {"uv": [3.375, 0.625, 2.75, 1.125], "texture": "#0"}, "down": {"uv": [3.375, 0.625, 2.75, 1.125], "texture": "#0"} } }, { "name": "hexadecagon", "from": [-9.2192, 7.94763, -3.931], "to": [4.7328, 12.53237, -3.739], "rotation": {"angle": 0, "axis": "z", "origin": [-2.24186, 10.24, -3.419]}, "faces": { "north": {"uv": [15.375, 0.375, 14.375, 1.375], "texture": "#0"}, "east": {"uv": [15.375, 0.375, 14.375, 1.375], "texture": "#0"}, "south": {"uv": [15.375, 0.375, 14.375, 1.375], "texture": "#0"}, "west": {"uv": [15.375, 0.375, 14.375, 1.375], "texture": "#0"}, "up": {"uv": [15.375, 0.375, 14.375, 1.375], "texture": "#0"}, "down": {"uv": [15.375, 0.375, 14.375, 1.375], "texture": "#0"} } }, { "name": "hexadecagon", "from": [-8.8352, 12.53237, -3.931], "to": [4.3488, 13.4691, -3.739], "rotation": {"angle": 0, "axis": "z", "origin": [-2.24186, 14.82473, -3.419]}, "faces": { "north": {"uv": [13.5, 8.625, 12.5, 9.625], "texture": "#0"}, "east": {"uv": [13.5, 8.625, 12.5, 9.625], "texture": "#0"}, "south": {"uv": [13.5, 8.625, 12.5, 9.625], "texture": "#0"}, "west": {"uv": [13.5, 8.625, 12.5, 9.625], "texture": "#0"}, "up": {"uv": [13.5, 8.625, 12.5, 9.625], "texture": "#0"}, "down": {"uv": [13.5, 8.625, 12.5, 9.625], "texture": "#0"} } }, { "name": "hexadecagon", "from": [-8.4512, 13.4691, -3.931], "to": [3.9648, 14.40583, -3.739], "rotation": {"angle": 0, "axis": "z", "origin": [-2.24186, 15.76146, -3.419]}, "faces": { "north": {"uv": [13.375, 6.375, 12.375, 7.375], "texture": "#0"}, "east": {"uv": [13.375, 6.375, 12.375, 7.375], "texture": "#0"}, "south": {"uv": [13.375, 6.375, 12.375, 7.375], "texture": "#0"}, "west": {"uv": [13.375, 6.375, 12.375, 7.375], "texture": "#0"}, "up": {"uv": [13.375, 6.375, 12.375, 7.375], "texture": "#0"}, "down": {"uv": [13.375, 6.375, 12.375, 7.375], "texture": "#0"} } }, { "name": "hexadecagon", "from": [-7.9392, 14.40583, -3.931], "to": [3.4528, 14.89456, -3.739], "rotation": {"angle": 0, "axis": "z", "origin": [-2.24186, 16.69819, -3.419]}, "faces": { "north": {"uv": [13.375, 6.375, 12.375, 7.375], "texture": "#0"}, "east": {"uv": [13.375, 6.375, 12.375, 7.375], "texture": "#0"}, "south": {"uv": [13.375, 6.375, 12.375, 7.375], "texture": "#0"}, "west": {"uv": [13.375, 6.375, 12.375, 7.375], "texture": "#0"}, "up": {"uv": [13.375, 6.375, 12.375, 7.375], "texture": "#0"}, "down": {"uv": [13.375, 6.375, 12.375, 7.375], "texture": "#0"} } }, { "name": "hexadecagon", "from": [-7.4912, 14.89456, -3.931], "to": [3.0048, 15.31929, -3.739], "rotation": {"angle": 0, "axis": "z", "origin": [-2.24186, 17.18692, -3.419]}, "faces": { "north": {"uv": [13.5, 4.5, 12.5, 5.5], "texture": "#0"}, "east": {"uv": [13.5, 4.5, 12.5, 5.5], "texture": "#0"}, "south": {"uv": [13.5, 4.5, 12.5, 5.5], "texture": "#0"}, "west": {"uv": [13.5, 4.5, 12.5, 5.5], "texture": "#0"}, "up": {"uv": [13.5, 4.5, 12.5, 5.5], "texture": "#0"}, "down": {"uv": [13.5, 4.5, 12.5, 5.5], "texture": "#0"} } }, { "name": "hexadecagon", "from": [-7.0432, 15.31929, -3.931], "to": [2.5568, 15.74402, -3.739], "rotation": {"angle": 0, "axis": "z", "origin": [-2.24186, 17.61165, -3.419]}, "faces": { "north": {"uv": [13.5, 4.5, 12.5, 5.5], "texture": "#0"}, "east": {"uv": [13.5, 4.5, 12.5, 5.5], "texture": "#0"}, "south": {"uv": [13.5, 4.5, 12.5, 5.5], "texture": "#0"}, "west": {"uv": [13.5, 4.5, 12.5, 5.5], "texture": "#0"}, "up": {"uv": [13.5, 4.5, 12.5, 5.5], "texture": "#0"}, "down": {"uv": [13.5, 4.5, 12.5, 5.5], "texture": "#0"} } }, { "name": "hexadecagon", "from": [-6.5952, 15.74402, -3.931], "to": [2.1728, 16.16875, -3.739], "rotation": {"angle": 0, "axis": "z", "origin": [-2.24186, 18.03638, -3.419]}, "faces": { "north": {"uv": [13.5, 2.5, 12.5, 3.5], "texture": "#0"}, "east": {"uv": [13.5, 2.5, 12.5, 3.5], "texture": "#0"}, "south": {"uv": [13.5, 2.5, 12.5, 3.5], "texture": "#0"}, "west": {"uv": [13.5, 2.5, 12.5, 3.5], "texture": "#0"}, "up": {"uv": [13.5, 2.5, 12.5, 3.5], "texture": "#0"}, "down": {"uv": [13.5, 2.5, 12.5, 3.5], "texture": "#0"} } }, { "name": "hexadecagon", "from": [-6.1472, 16.16875, -3.931], "to": [1.6608, 16.52948, -3.739], "rotation": {"angle": 0, "axis": "z", "origin": [-2.24186, 18.46111, -3.419]}, "faces": { "north": {"uv": [13.5, 2.5, 12.5, 3.5], "texture": "#0"}, "east": {"uv": [13.5, 2.5, 12.5, 3.5], "texture": "#0"}, "south": {"uv": [13.5, 2.5, 12.5, 3.5], "texture": "#0"}, "west": {"uv": [13.5, 2.5, 12.5, 3.5], "texture": "#0"}, "up": {"uv": [13.5, 2.5, 12.5, 3.5], "texture": "#0"}, "down": {"uv": [13.5, 2.5, 12.5, 3.5], "texture": "#0"} } }, { "name": "hexadecagon", "from": [-5.3152, 16.52948, -3.931], "to": [0.8288, 16.89021, -3.739], "rotation": {"angle": 0, "axis": "z", "origin": [-2.24186, 18.82185, -3.419]}, "faces": { "north": {"uv": [13.625, 0.5, 12.625, 1.5], "texture": "#0"}, "east": {"uv": [13.625, 0.5, 12.625, 1.5], "texture": "#0"}, "south": {"uv": [13.625, 0.5, 12.625, 1.5], "texture": "#0"}, "west": {"uv": [13.625, 0.5, 12.625, 1.5], "texture": "#0"}, "up": {"uv": [13.625, 0.5, 12.625, 1.5], "texture": "#0"}, "down": {"uv": [13.625, 0.5, 12.625, 1.5], "texture": "#0"} } }, { "name": "hexadecagon", "from": [-4.41956, 3.22906, -3.931], "to": [-0.06756, 3.58979, -3.739], "rotation": {"angle": 0, "axis": "z", "origin": [-2.24222, 1.29742, -3.419]}, "faces": { "north": {"uv": [15.5, 8.5, 14.5, 9.5], "texture": "#0"}, "east": {"uv": [15.5, 8.5, 14.5, 9.5], "texture": "#0"}, "south": {"uv": [15.5, 8.5, 14.5, 9.5], "texture": "#0"}, "west": {"uv": [15.5, 8.5, 14.5, 9.5], "texture": "#0"}, "up": {"uv": [15.5, 8.5, 14.5, 9.5], "texture": "#0"}, "down": {"uv": [15.5, 8.5, 14.5, 9.5], "texture": "#0"} } }, { "name": "hexadecagon", "from": [-5.31556, 3.58979, -3.931], "to": [0.82844, 3.95052, -3.739], "rotation": {"angle": 0, "axis": "z", "origin": [-2.24222, 1.65815, -3.419]}, "faces": { "north": {"uv": [15.5, 8.5, 14.5, 9.5], "texture": "#0"}, "east": {"uv": [15.5, 8.5, 14.5, 9.5], "texture": "#0"}, "south": {"uv": [15.5, 8.5, 14.5, 9.5], "texture": "#0"}, "west": {"uv": [15.5, 8.5, 14.5, 9.5], "texture": "#0"}, "up": {"uv": [15.5, 8.5, 14.5, 9.5], "texture": "#0"}, "down": {"uv": [15.5, 8.5, 14.5, 9.5], "texture": "#0"} } }, { "name": "hexadecagon", "from": [-6.14756, 3.95052, -3.931], "to": [1.66044, 4.31125, -3.739], "rotation": {"angle": 0, "axis": "z", "origin": [-2.24222, 2.01889, -3.419]}, "faces": { "north": {"uv": [15.5, 8.5, 14.5, 9.5], "texture": "#0"}, "east": {"uv": [15.5, 8.5, 14.5, 9.5], "texture": "#0"}, "south": {"uv": [15.5, 8.5, 14.5, 9.5], "texture": "#0"}, "west": {"uv": [15.5, 8.5, 14.5, 9.5], "texture": "#0"}, "up": {"uv": [15.5, 8.5, 14.5, 9.5], "texture": "#0"}, "down": {"uv": [15.5, 8.5, 14.5, 9.5], "texture": "#0"} } }, { "name": "hexadecagon", "from": [-7.04356, 4.73598, -3.931], "to": [2.55644, 5.16071, -3.739], "rotation": {"angle": 0, "axis": "z", "origin": [-2.24222, 2.86835, -3.419]}, "faces": { "north": {"uv": [15.375, 6.625, 14.375, 7.625], "texture": "#0"}, "east": {"uv": [15.375, 6.625, 14.375, 7.625], "texture": "#0"}, "south": {"uv": [15.375, 6.625, 14.375, 7.625], "texture": "#0"}, "west": {"uv": [15.375, 6.625, 14.375, 7.625], "texture": "#0"}, "up": {"uv": [15.375, 6.625, 14.375, 7.625], "texture": "#0"}, "down": {"uv": [15.375, 6.625, 14.375, 7.625], "texture": "#0"} } }, { "name": "hexadecagon", "from": [-6.59556, 4.31125, -3.931], "to": [2.17244, 4.73598, -3.739], "rotation": {"angle": 0, "axis": "z", "origin": [-2.24222, 2.44362, -3.419]}, "faces": { "north": {"uv": [15.375, 6.625, 14.375, 7.625], "texture": "#0"}, "east": {"uv": [15.375, 6.625, 14.375, 7.625], "texture": "#0"}, "south": {"uv": [15.375, 6.625, 14.375, 7.625], "texture": "#0"}, "west": {"uv": [15.375, 6.625, 14.375, 7.625], "texture": "#0"}, "up": {"uv": [15.375, 6.625, 14.375, 7.625], "texture": "#0"}, "down": {"uv": [15.375, 6.625, 14.375, 7.625], "texture": "#0"} } }, { "name": "hexadecagon", "from": [-7.49156, 5.16071, -3.931], "to": [3.00444, 5.58544, -3.739], "rotation": {"angle": 0, "axis": "z", "origin": [-2.24222, 3.29308, -3.419]}, "faces": { "north": {"uv": [15.375, 4.625, 14.375, 5.625], "texture": "#0"}, "east": {"uv": [15.375, 4.625, 14.375, 5.625], "texture": "#0"}, "south": {"uv": [15.375, 4.625, 14.375, 5.625], "texture": "#0"}, "west": {"uv": [15.375, 4.625, 14.375, 5.625], "texture": "#0"}, "up": {"uv": [15.375, 4.625, 14.375, 5.625], "texture": "#0"}, "down": {"uv": [15.375, 4.625, 14.375, 5.625], "texture": "#0"} } }, { "name": "hexadecagon", "from": [-7.93956, 5.58544, -3.931], "to": [3.45244, 6.07417, -3.739], "rotation": {"angle": 0, "axis": "z", "origin": [-2.24222, 3.78181, -3.419]}, "faces": { "north": {"uv": [15.375, 4.625, 14.375, 5.625], "texture": "#0"}, "east": {"uv": [15.375, 4.625, 14.375, 5.625], "texture": "#0"}, "south": {"uv": [15.375, 4.625, 14.375, 5.625], "texture": "#0"}, "west": {"uv": [15.375, 4.625, 14.375, 5.625], "texture": "#0"}, "up": {"uv": [15.375, 4.625, 14.375, 5.625], "texture": "#0"}, "down": {"uv": [15.375, 4.625, 14.375, 5.625], "texture": "#0"} } }, { "name": "hexadecagon", "from": [-8.45156, 6.07417, -3.931], "to": [3.96444, 7.0109, -3.739], "rotation": {"angle": 0, "axis": "z", "origin": [-2.24222, 4.71854, -3.419]}, "faces": { "north": {"uv": [15.5, 2.5, 14.5, 3.5], "texture": "#0"}, "east": {"uv": [15.5, 2.5, 14.5, 3.5], "texture": "#0"}, "south": {"uv": [15.5, 2.5, 14.5, 3.5], "texture": "#0"}, "west": {"uv": [15.5, 2.5, 14.5, 3.5], "texture": "#0"}, "up": {"uv": [15.5, 2.5, 14.5, 3.5], "texture": "#0"}, "down": {"uv": [15.5, 2.5, 14.5, 3.5], "texture": "#0"} } }, { "name": "hexadecagon", "from": [-8.83556, 7.0109, -3.931], "to": [4.34844, 7.94763, -3.739], "rotation": {"angle": 0, "axis": "z", "origin": [-2.24222, 5.65527, -3.419]}, "faces": { "north": {"uv": [15.5, 2.5, 14.5, 3.5], "texture": "#0"}, "east": {"uv": [15.5, 2.5, 14.5, 3.5], "texture": "#0"}, "south": {"uv": [15.5, 2.5, 14.5, 3.5], "texture": "#0"}, "west": {"uv": [15.5, 2.5, 14.5, 3.5], "texture": "#0"}, "up": {"uv": [15.5, 2.5, 14.5, 3.5], "texture": "#0"}, "down": {"uv": [15.5, 2.5, 14.5, 3.5], "texture": "#0"} } }, { "name": "hexadecagon", "from": [-4.4192, 16.89021, -3.931], "to": [-0.0672, 17.25094, -3.739], "rotation": {"angle": 0, "axis": "z", "origin": [-2.24186, 19.18258, -3.419]}, "faces": { "north": {"uv": [13.625, 0.5, 12.625, 1.5], "texture": "#0"}, "east": {"uv": [13.625, 0.5, 12.625, 1.5], "texture": "#0"}, "south": {"uv": [13.625, 0.5, 12.625, 1.5], "texture": "#0"}, "west": {"uv": [13.625, 0.5, 12.625, 1.5], "texture": "#0"}, "up": {"uv": [13.625, 0.5, 12.625, 1.5], "texture": "#0"}, "down": {"uv": [13.625, 0.5, 12.625, 1.5], "texture": "#0"} } }, { "name": "hexadecagon", "from": [4.73466, 8.77963, -4.059], "to": [5.10175, 11.70037, -3.419], "rotation": {"angle": -22.5, "axis": "z", "origin": [-2.24, 10.24, -3.419]}, "faces": { "north": {"uv": [3.375, 0.625, 2.75, 1.125], "texture": "#0"}, "east": {"uv": [3.375, 0.625, 2.75, 1.125], "texture": "#0"}, "south": {"uv": [3.375, 0.625, 2.75, 1.125], "texture": "#0"}, "west": {"uv": [3.375, 0.625, 2.75, 1.125], "texture": "#0"}, "up": {"uv": [3.375, 0.625, 2.75, 1.125], "texture": "#0"}, "down": {"uv": [3.375, 0.625, 2.75, 1.125], "texture": "#0"} } }, { "name": "hexadecagon", "from": [-9.58175, 8.77963, -4.059], "to": [-9.21466, 11.70037, -2.139], "rotation": {"angle": 22.5, "axis": "z", "origin": [-2.24, 10.24, -3.419]}, "faces": { "north": {"uv": [3.375, 0.625, 2.75, 1.125], "texture": "#0"}, "east": {"uv": [3.375, 0.625, 2.75, 1.125], "texture": "#0"}, "south": {"uv": [3.375, 0.625, 2.75, 1.125], "texture": "#0"}, "west": {"uv": [3.375, 0.625, 2.75, 1.125], "texture": "#0"}, "up": {"uv": [3.375, 0.625, 2.75, 1.125], "texture": "#0"}, "down": {"uv": [3.375, 0.625, 2.75, 1.125], "texture": "#0"} } }, { "name": "hexadecagon", "from": [-9.58175, 8.77963, -4.059], "to": [-9.21466, 11.12437, -2.139], "rotation": {"angle": 0, "axis": "z", "origin": [-2.24, 10.24, -3.419]}, "faces": { "north": {"uv": [3.375, 0.625, 2.75, 1.125], "texture": "#0"}, "east": {"uv": [3.375, 0.625, 2.75, 1.125], "texture": "#0"}, "south": {"uv": [3.375, 0.625, 2.75, 1.125], "texture": "#0"}, "west": {"uv": [3.375, 0.625, 2.75, 1.125], "texture": "#0"}, "up": {"uv": [3.375, 0.625, 2.75, 1.125], "texture": "#0"}, "down": {"uv": [3.375, 0.625, 2.75, 1.125], "texture": "#0"} } }, { "name": "hexadecagon", "from": [-9.58175, 8.77963, -4.059], "to": [-9.21466, 11.70037, -3.419], "rotation": {"angle": 0, "axis": "z", "origin": [-2.24, 10.24, -3.419]}, "faces": { "north": {"uv": [3.375, 0.625, 2.75, 1.125], "texture": "#0"}, "east": {"uv": [3.375, 0.625, 2.75, 1.125], "texture": "#0"}, "south": {"uv": [3.375, 0.625, 2.75, 1.125], "texture": "#0"}, "west": {"uv": [3.375, 0.625, 2.75, 1.125], "texture": "#0"}, "up": {"uv": [3.375, 0.625, 2.75, 1.125], "texture": "#0"}, "down": {"uv": [3.375, 0.625, 2.75, 1.125], "texture": "#0"} } }, { "name": "hexadecagon", "from": [-9.58175, 10.25163, -4.059], "to": [-9.21466, 11.70037, -2.139], "rotation": {"angle": -22.5, "axis": "z", "origin": [-2.24, 10.24, -3.419]}, "faces": { "north": {"uv": [3.375, 0.625, 2.75, 1.125], "texture": "#0"}, "east": {"uv": [3.375, 0.625, 2.75, 1.125], "texture": "#0"}, "south": {"uv": [3.375, 0.625, 2.75, 1.125], "texture": "#0"}, "west": {"uv": [3.375, 0.625, 2.75, 1.125], "texture": "#0"}, "up": {"uv": [3.375, 0.625, 2.75, 1.125], "texture": "#0"}, "down": {"uv": [3.375, 0.625, 2.75, 1.125], "texture": "#0"} } }, { "name": "hexadecagon", "from": [-9.58175, 8.77963, -4.059], "to": [-9.21466, 11.70037, -3.419], "rotation": {"angle": -22.5, "axis": "z", "origin": [-2.24, 10.24, -3.419]}, "faces": { "north": {"uv": [3.375, 0.625, 2.75, 1.125], "texture": "#0"}, "east": {"uv": [3.375, 0.625, 2.75, 1.125], "texture": "#0"}, "south": {"uv": [3.375, 0.625, 2.75, 1.125], "texture": "#0"}, "west": {"uv": [3.375, 0.625, 2.75, 1.125], "texture": "#0"}, "up": {"uv": [3.375, 0.625, 2.75, 1.125], "texture": "#0"}, "down": {"uv": [3.375, 0.625, 2.75, 1.125], "texture": "#0"} } }, { "name": "hexadecagon", "from": [-12.88135, 11.76524, -4.251], "to": [-9.21821, 12.51635, -3.867], "rotation": {"angle": 0, "axis": "z", "origin": [-9.92978, 9.2608, -3.931]}, "faces": { "north": {"uv": [3.5, 0.5, 2.5, 1.5], "texture": "#0"}, "east": {"uv": [3.5, 0.5, 2.5, 1.5], "texture": "#0"}, "south": {"uv": [3.5, 0.5, 2.5, 1.5], "texture": "#0"}, "west": {"uv": [3.5, 0.5, 2.5, 1.5], "texture": "#0"}, "up": {"uv": [3.5, 0.5, 2.5, 1.5], "texture": "#0"}, "down": {"uv": [3.5, 0.5, 2.5, 1.5], "texture": "#0"} } }, { "name": "hexadecagon", "from": [-12.88135, 11.76524, -4.251], "to": [-12.49735, 12.51635, 8.43614], "rotation": {"angle": 0, "axis": "y", "origin": [-12.68935, 12.1408, -3.57143]}, "faces": { "north": {"uv": [3.5, 0.5, 2.5, 1.5], "texture": "#0"}, "east": {"uv": [3.5, 0.5, 2.5, 1.5], "texture": "#0"}, "south": {"uv": [3.5, 0.5, 2.5, 1.5], "texture": "#0"}, "west": {"uv": [3.5, 0.5, 2.5, 1.5], "texture": "#0"}, "up": {"uv": [3.5, 0.5, 2.5, 1.5], "texture": "#0"}, "down": {"uv": [3.5, 0.5, 2.5, 1.5], "texture": "#0"} } }, { "name": "hexadecagon", "from": [-12.94535, 11.70124, 4.40414], "to": [-12.43335, 12.58035, 9.52414], "rotation": {"angle": 0, "axis": "y", "origin": [-12.68935, 12.1408, -7.60343]}, "faces": { "north": {"uv": [1.5, 0.5, 0.5, 1.5], "texture": "#0"}, "east": {"uv": [1.5, 0.5, 0.5, 1.5], "texture": "#0"}, "south": {"uv": [1.5, 0.5, 0.5, 1.5], "texture": "#0"}, "west": {"uv": [1.5, 0.5, 0.5, 1.5], "texture": "#0"}, "up": {"uv": [1.5, 0.5, 0.5, 1.5], "texture": "#0"}, "down": {"uv": [1.5, 0.5, 0.5, 1.5], "texture": "#0"} } }, { "name": "hexadecagon", "from": [-12.94535, 10.75503, 9.16106], "to": [-12.43335, 11.63414, 14.28106], "rotation": {"angle": 22.5, "axis": "x", "origin": [-12.68935, 11.19459, 11.72106]}, "faces": { "north": {"uv": [1.5, 0.5, 0.5, 1.5], "texture": "#0"}, "east": {"uv": [1.5, 0.5, 0.5, 1.5], "texture": "#0"}, "south": {"uv": [1.5, 0.5, 0.5, 1.5], "texture": "#0"}, "west": {"uv": [1.5, 0.5, 0.5, 1.5], "texture": "#0"}, "up": {"uv": [1.5, 0.5, 0.5, 1.5], "texture": "#0"}, "down": {"uv": [1.5, 0.5, 0.5, 1.5], "texture": "#0"} } }, { "name": "hexadecagon", "from": [-12.94535, 8.06045, 13.19379], "to": [-12.43335, 8.93956, 18.31379], "rotation": {"angle": 45, "axis": "x", "origin": [-12.68935, 8.50001, 15.75379]}, "faces": { "north": {"uv": [1.5, 0.5, 0.5, 1.5], "texture": "#0"}, "east": {"uv": [1.5, 0.5, 0.5, 1.5], "texture": "#0"}, "south": {"uv": [1.5, 0.5, 0.5, 1.5], "texture": "#0"}, "west": {"uv": [1.5, 0.5, 0.5, 1.5], "texture": "#0"}, "up": {"uv": [1.5, 0.5, 0.5, 1.5], "texture": "#0"}, "down": {"uv": [1.5, 0.5, 0.5, 1.5], "texture": "#0"} } } ], "display": { "thirdperson_righthand": { "rotation": [90, 0, 0], "translation": [0, -1.75, 0.5], "scale": [0.16, 0.16797, 0.16797] }, "thirdperson_lefthand": { "rotation": [90, 0, 0], "translation": [0, -1.75, 0.5], "scale": [0.16797, 0.16797, 0.16797] }, "firstperson_righthand": { "translation": [2.5, 0, -1], "scale": [0.23828, 0.23828, 0.23828] }, "firstperson_lefthand": { "translation": [2.5, 0, -1], "scale": [0.23828, 0.23828, 0.23828] }, "ground": { "rotation": [-30, 56, -11], "scale": [0.17773, 0.17773, 0.17773] }, "gui": { "rotation": [29, 143, 0], "translation": [0, -0.25, 0], "scale": [0.33789, 0.33789, 0.33789] }, "head": { "translation": [0, -4, -3.25], "scale": [0.32031, 0.32031, 0.32031] }, "fixed": { "rotation": [-73, 0, 0], "translation": [0, 0, -0.25], "scale": [0.37109, 0.37109, 0.37109] } }, "groups": [ { "name": "hexadecagon", "origin": [8, 8, 8], "color": 0, "children": [ 0, 1, 2, 3, 4, 5, 6, 7, 8, 9, 10, 11, { "name": "group", "origin": [12.00073, 7.49319, -0.65], "color": 0, "children": [12, 13, 14, 15, 16, 17, 18, 19, 20, 21, 22, 23, 24, 25, 26, 27, 28, 29, 30] }, 31, 32, 33, 34, 35, 36, { "name": "hexadecagon", "origin": [8, 8, 8], "color": 0, "children": [37, 38, 39, 40, 41] } ] }, { "name": "group", "origin": [8, 8, 8], "color": 0, "children": [42, 43, 44, 45, 46, 47, 48, 49, 50] }, { "name": "hexadecagon", "origin": [8, 8, 8], "color": 0, "children": [ 51, 52, 53, 54, 55, 56, 57, 58, 59, 60, 61, 62, { "name": "group", "origin": [12.00073, 7.49319, -0.65], "color": 0, "children": [63, 64, 65, 66, 67, 68, 69, 70, 71, 72, 73, 74, 75, 76, 77, 78, 79, 80, 81] }, 82, 83, 84, 85, 86, 87, { "name": "hexadecagon", "origin": [8, 8, 8], "color": 0, "children": [88, 89, 90, 91, 92] } ] } ] }