{ "credit": "Made with Blockbench", "textures": { "0": "block/lunapinkglasses" }, "elements": [ { "name": "hexadecagon", "from": [2.538, -6.94383, 4.62], "to": [2.91, -4.8517, 4.98], "rotation": {"angle": 0, "axis": "y", "origin": [2, -1.24042, 5.1]}, "faces": { "north": {"uv": [1, 4, 1.999, 4.999], "rotation": 90, "texture": "#0"}, "east": {"uv": [1, 4, 1.999, 4.999], "rotation": 90, "texture": "#0"}, "south": {"uv": [1, 4, 1.999, 4.999], "rotation": 90, "texture": "#0"}, "west": {"uv": [1, 4, 1.999, 4.999], "rotation": 90, "texture": "#0"}, "up": {"uv": [1, 4, 1.999, 4.999], "rotation": 90, "texture": "#0"}, "down": {"uv": [1, 4, 1.999, 4.999], "rotation": 90, "texture": "#0"} } }, { "name": "hexadecagon", "from": [2.588, -4.94383, 4.67], "to": [2.86, 1.0483, 4.93], "rotation": {"angle": 0, "axis": "y", "origin": [2, 0.75958, 5.1]}, "faces": { "north": {"uv": [4, 1, 4.999, 1.999], "rotation": 90, "texture": "#0"}, "east": {"uv": [4, 1, 4.999, 1.999], "rotation": 90, "texture": "#0"}, "south": {"uv": [4, 1, 4.999, 1.999], "rotation": 90, "texture": "#0"}, "west": {"uv": [4, 1, 4.999, 1.999], "rotation": 90, "texture": "#0"}, "up": {"uv": [4, 1, 4.999, 1.999], "rotation": 90, "texture": "#0"}, "down": {"uv": [4, 1, 4.999, 1.999], "rotation": 90, "texture": "#0"} } }, { "name": "hexadecagon", "from": [2.588, -7.14999, 4.56316], "to": [2.86, -5.50786, 4.82316], "rotation": {"angle": -22.5, "axis": "x", "origin": [2, -5.24657, 4.99316]}, "faces": { "north": {"uv": [4, 4, 4.999, 4.999], "rotation": 90, "texture": "#0"}, "east": {"uv": [4, 4, 4.999, 4.999], "rotation": 90, "texture": "#0"}, "south": {"uv": [4, 4, 4.999, 4.999], "rotation": 90, "texture": "#0"}, "west": {"uv": [4, 4, 4.999, 4.999], "rotation": 90, "texture": "#0"}, "up": {"uv": [4, 4, 4.999, 4.999], "rotation": 90, "texture": "#0"}, "down": {"uv": [4, 4, 4.999, 4.999], "rotation": 90, "texture": "#0"} } }, { "name": "hexadecagon", "from": [2.588, -6.94999, 4.31316], "to": [2.86, -6.10786, 4.57316], "rotation": {"angle": -22.5, "axis": "x", "origin": [2, -5.24657, 4.74316]}, "faces": { "north": {"uv": [4, 4, 4.999, 4.999], "rotation": 90, "texture": "#0"}, "east": {"uv": [4, 4, 4.999, 4.999], "rotation": 90, "texture": "#0"}, "south": {"uv": [4, 4, 4.999, 4.999], "rotation": 90, "texture": "#0"}, "west": {"uv": [4, 4, 4.999, 4.999], "rotation": 90, "texture": "#0"}, "up": {"uv": [4, 4, 4.999, 4.999], "rotation": 90, "texture": "#0"}, "down": {"uv": [4, 4, 4.999, 4.999], "rotation": 90, "texture": "#0"} } }, { "name": "hexadecagon", "from": [2.538, -6.88038, 4.82358], "to": [2.91, -6.57038, 6.76571], "rotation": {"angle": 22.5, "axis": "x", "origin": [2, -6.40038, 4.56229]}, "faces": { "north": {"uv": [1, 4, 1.999, 4.999], "texture": "#0"}, "east": {"uv": [1, 4, 1.999, 4.999], "texture": "#0"}, "south": {"uv": [1, 4, 1.999, 4.999], "texture": "#0"}, "west": {"uv": [1, 4, 1.999, 4.999], "texture": "#0"}, "up": {"uv": [1, 4, 1.999, 4.999], "texture": "#0"}, "down": {"uv": [1, 4, 1.999, 4.999], "texture": "#0"} } }, { "name": "hexadecagon", "from": [13.09, -6.94383, 4.62], "to": [13.462, -4.8517, 4.98], "rotation": {"angle": 0, "axis": "y", "origin": [14, -1.24042, 5.1]}, "faces": { "north": {"uv": [1, 4, 1.999, 4.999], "rotation": 270, "texture": "#0"}, "east": {"uv": [1, 4, 1.999, 4.999], "rotation": 270, "texture": "#0"}, "south": {"uv": [1, 4, 1.999, 4.999], "rotation": 270, "texture": "#0"}, "west": {"uv": [1, 4, 1.999, 4.999], "rotation": 270, "texture": "#0"}, "up": {"uv": [1, 4, 1.999, 4.999], "rotation": 270, "texture": "#0"}, "down": {"uv": [1, 4, 1.999, 4.999], "rotation": 270, "texture": "#0"} } }, { "name": "hexadecagon", "from": [13.14, -4.94383, 4.67], "to": [13.412, 1.0483, 4.93], "rotation": {"angle": 0, "axis": "y", "origin": [14, 0.75958, 5.1]}, "faces": { "north": {"uv": [4, 1, 4.999, 1.999], "rotation": 270, "texture": "#0"}, "east": {"uv": [4, 1, 4.999, 1.999], "rotation": 270, "texture": "#0"}, "south": {"uv": [4, 1, 4.999, 1.999], "rotation": 270, "texture": "#0"}, "west": {"uv": [4, 1, 4.999, 1.999], "rotation": 270, "texture": "#0"}, "up": {"uv": [4, 1, 4.999, 1.999], "rotation": 270, "texture": "#0"}, "down": {"uv": [4, 1, 4.999, 1.999], "rotation": 270, "texture": "#0"} } }, { "name": "hexadecagon", "from": [13.14, -7.14999, 4.56316], "to": [13.412, -5.50786, 4.82316], "rotation": {"angle": -22.5, "axis": "x", "origin": [14, -5.24657, 4.99316]}, "faces": { "north": {"uv": [4, 4, 4.999, 4.999], "rotation": 270, "texture": "#0"}, "east": {"uv": [4, 4, 4.999, 4.999], "rotation": 270, "texture": "#0"}, "south": {"uv": [4, 4, 4.999, 4.999], "rotation": 270, "texture": "#0"}, "west": {"uv": [4, 4, 4.999, 4.999], "rotation": 270, "texture": "#0"}, "up": {"uv": [4, 4, 4.999, 4.999], "rotation": 270, "texture": "#0"}, "down": {"uv": [4, 4, 4.999, 4.999], "rotation": 270, "texture": "#0"} } }, { "name": "hexadecagon", "from": [13.14, -6.94999, 4.31316], "to": [13.412, -6.10786, 4.57316], "rotation": {"angle": -22.5, "axis": "x", "origin": [14, -5.24657, 4.74316]}, "faces": { "north": {"uv": [4, 4, 4.999, 4.999], "rotation": 270, "texture": "#0"}, "east": {"uv": [4, 4, 4.999, 4.999], "rotation": 270, "texture": "#0"}, "south": {"uv": [4, 4, 4.999, 4.999], "rotation": 270, "texture": "#0"}, "west": {"uv": [4, 4, 4.999, 4.999], "rotation": 270, "texture": "#0"}, "up": {"uv": [4, 4, 4.999, 4.999], "rotation": 270, "texture": "#0"}, "down": {"uv": [4, 4, 4.999, 4.999], "rotation": 270, "texture": "#0"} } }, { "name": "hexadecagon", "from": [13.09, -6.88038, 4.82358], "to": [13.462, -6.57038, 6.76571], "rotation": {"angle": 22.5, "axis": "x", "origin": [14, -6.40038, 4.56229]}, "faces": { "north": {"uv": [1, 4, 1.999, 4.999], "texture": "#0"}, "east": {"uv": [1, 4, 1.999, 4.999], "texture": "#0"}, "south": {"uv": [1, 4, 1.999, 4.999], "texture": "#0"}, "west": {"uv": [1, 4, 1.999, 4.999], "texture": "#0"}, "up": {"uv": [1, 4, 1.999, 4.999], "texture": "#0"}, "down": {"uv": [1, 4, 1.999, 4.999], "texture": "#0"} } }, { "from": [3.2, 0.7, 4.2], "to": [4.2, 1, 4.4], "rotation": {"angle": 45, "axis": "y", "origin": [3.7, 0.5, 4.7]}, "faces": { "north": {"uv": [1, 4, 1.999, 4.999], "texture": "#0"}, "east": {"uv": [1, 4, 1.999, 4.999], "texture": "#0"}, "south": {"uv": [1, 4, 1.999, 4.999], "texture": "#0"}, "west": {"uv": [1, 4, 1.999, 4.999], "texture": "#0"}, "up": {"uv": [1, 4, 1.999, 4.999], "texture": "#0"}, "down": {"uv": [1, 4, 1.999, 4.999], "texture": "#0"} } }, { "from": [3.548, 0.968, 4.384], "to": [4.288, 1.04, 4.532], "rotation": {"angle": 45, "axis": "y", "origin": [3.918, 0.67, 4.754]}, "faces": { "north": {"uv": [1, 1, 1.999, 1.999], "texture": "#0"}, "east": {"uv": [1, 1, 1.999, 1.999], "texture": "#0"}, "south": {"uv": [1, 1, 1.999, 1.999], "texture": "#0"}, "west": {"uv": [1, 1, 1.999, 1.999], "texture": "#0"}, "up": {"uv": [1, 1, 1.999, 1.999], "texture": "#0"}, "down": {"uv": [1, 1, 1.999, 1.999], "texture": "#0"} } }, { "from": [3.85328, 0.7, 3.76349], "to": [4.55328, 1, 3.96349], "rotation": {"angle": 22.5, "axis": "y", "origin": [4.35328, 0.5, 4.26349]}, "faces": { "north": {"uv": [1, 4, 1.999, 4.999], "texture": "#0"}, "east": {"uv": [1, 4, 1.999, 4.999], "texture": "#0"}, "south": {"uv": [1, 4, 1.999, 4.999], "texture": "#0"}, "west": {"uv": [1, 4, 1.999, 4.999], "texture": "#0"}, "up": {"uv": [1, 4, 1.999, 4.999], "texture": "#0"}, "down": {"uv": [1, 4, 1.999, 4.999], "texture": "#0"} } }, { "from": [4.03143, 0.968, 4.06098], "to": [4.54943, 1.04, 4.20898], "rotation": {"angle": 22.5, "axis": "y", "origin": [4.40143, 0.67, 4.43098]}, "faces": { "north": {"uv": [1, 1, 1.999, 1.999], "texture": "#0"}, "east": {"uv": [1, 1, 1.999, 1.999], "texture": "#0"}, "south": {"uv": [1, 1, 1.999, 1.999], "texture": "#0"}, "west": {"uv": [1, 1, 1.999, 1.999], "texture": "#0"}, "up": {"uv": [1, 1, 1.999, 1.999], "texture": "#0"}, "down": {"uv": [1, 1, 1.999, 1.999], "texture": "#0"} } }, { "from": [4.34672, 0.7, 3.72501], "to": [5.54672, 1, 3.92501], "rotation": {"angle": 0, "axis": "y", "origin": [4.84672, 0.5, 4.22501]}, "faces": { "north": {"uv": [1, 4, 1.999, 4.999], "texture": "#0"}, "east": {"uv": [1, 4, 1.999, 4.999], "texture": "#0"}, "south": {"uv": [1, 4, 1.999, 4.999], "texture": "#0"}, "west": {"uv": [1, 4, 1.999, 4.999], "texture": "#0"}, "up": {"uv": [1, 4, 1.999, 4.999], "texture": "#0"}, "down": {"uv": [1, 4, 1.999, 4.999], "texture": "#0"} } }, { "from": [4.39657, 0.968, 4.03251], "to": [5.28457, 1.04, 4.18051], "rotation": {"angle": 0, "axis": "y", "origin": [4.76657, 0.67, 4.40251]}, "faces": { "north": {"uv": [1, 1, 1.999, 1.999], "texture": "#0"}, "east": {"uv": [1, 1, 1.999, 1.999], "texture": "#0"}, "south": {"uv": [1, 1, 1.999, 1.999], "texture": "#0"}, "west": {"uv": [1, 1, 1.999, 1.999], "texture": "#0"}, "up": {"uv": [1, 1, 1.999, 1.999], "texture": "#0"}, "down": {"uv": [1, 1, 1.999, 1.999], "texture": "#0"} } }, { "from": [5.31731, 0.7, 3.8783], "to": [7.11731, 1, 4.0783], "rotation": {"angle": -22.5, "axis": "y", "origin": [5.81731, 0.5, 4.3783]}, "faces": { "north": {"uv": [1, 4, 1.999, 4.999], "texture": "#0"}, "east": {"uv": [1, 4, 1.999, 4.999], "texture": "#0"}, "south": {"uv": [1, 4, 1.999, 4.999], "texture": "#0"}, "west": {"uv": [1, 4, 1.999, 4.999], "texture": "#0"}, "up": {"uv": [1, 4, 1.999, 4.999], "texture": "#0"}, "down": {"uv": [1, 4, 1.999, 4.999], "texture": "#0"} } }, { "from": [2.99289, 0.7, 4.7], "to": [3.19289, 1, 5.7], "rotation": {"angle": 0, "axis": "y", "origin": [3.49289, 0.5, 5.2]}, "faces": { "north": {"uv": [1, 4, 1.999, 4.999], "texture": "#0"}, "east": {"uv": [1, 4, 1.999, 4.999], "texture": "#0"}, "south": {"uv": [1, 4, 1.999, 4.999], "texture": "#0"}, "west": {"uv": [1, 4, 1.999, 4.999], "texture": "#0"}, "up": {"uv": [1, 4, 1.999, 4.999], "texture": "#0"}, "down": {"uv": [1, 4, 1.999, 4.999], "texture": "#0"} } }, { "from": [3.14617, 0.7, 5.4706], "to": [3.34617, 1, 6.4706], "rotation": {"angle": 22.5, "axis": "y", "origin": [3.64617, 0.5, 5.9706]}, "faces": { "north": {"uv": [1, 4, 1.999, 4.999], "texture": "#0"}, "east": {"uv": [1, 4, 1.999, 4.999], "texture": "#0"}, "south": {"uv": [1, 4, 1.999, 4.999], "texture": "#0"}, "west": {"uv": [1, 4, 1.999, 4.999], "texture": "#0"}, "up": {"uv": [1, 4, 1.999, 4.999], "texture": "#0"}, "down": {"uv": [1, 4, 1.999, 4.999], "texture": "#0"} } }, { "from": [3.58268, 0.7, 6.12388], "to": [3.78268, 1, 7.12388], "rotation": {"angle": 45, "axis": "y", "origin": [4.08268, 0.5, 6.62388]}, "faces": { "north": {"uv": [1, 4, 1.999, 4.999], "texture": "#0"}, "east": {"uv": [1, 4, 1.999, 4.999], "texture": "#0"}, "south": {"uv": [1, 4, 1.999, 4.999], "texture": "#0"}, "west": {"uv": [1, 4, 1.999, 4.999], "texture": "#0"}, "up": {"uv": [1, 4, 1.999, 4.999], "texture": "#0"}, "down": {"uv": [1, 4, 1.999, 4.999], "texture": "#0"} } }, { "from": [4.23596, 0.7, 7.36039], "to": [5.03596, 1, 7.56039], "rotation": {"angle": -22.5, "axis": "y", "origin": [4.73596, 0.5, 7.06039]}, "faces": { "north": {"uv": [1, 4, 1.999, 4.999], "texture": "#0"}, "east": {"uv": [1, 4, 1.999, 4.999], "texture": "#0"}, "south": {"uv": [1, 4, 1.999, 4.999], "texture": "#0"}, "west": {"uv": [1, 4, 1.999, 4.999], "texture": "#0"}, "up": {"uv": [1, 4, 1.999, 4.999], "texture": "#0"}, "down": {"uv": [1, 4, 1.999, 4.999], "texture": "#0"} } }, { "from": [4.82179, 0.7, 7.43713], "to": [5.72179, 1, 7.63713], "rotation": {"angle": 0, "axis": "y", "origin": [5.32179, 0.5, 7.13713]}, "faces": { "north": {"uv": [1, 4, 1.999, 4.999], "texture": "#0"}, "east": {"uv": [1, 4, 1.999, 4.999], "texture": "#0"}, "south": {"uv": [1, 4, 1.999, 4.999], "texture": "#0"}, "west": {"uv": [1, 4, 1.999, 4.999], "texture": "#0"}, "up": {"uv": [1, 4, 1.999, 4.999], "texture": "#0"}, "down": {"uv": [1, 4, 1.999, 4.999], "texture": "#0"} } }, { "from": [5.49239, 0.7, 7.28385], "to": [6.29239, 1, 7.48385], "rotation": {"angle": 22.5, "axis": "y", "origin": [5.99239, 0.5, 6.98385]}, "faces": { "north": {"uv": [1, 4, 1.999, 4.999], "texture": "#0"}, "east": {"uv": [1, 4, 1.999, 4.999], "texture": "#0"}, "south": {"uv": [1, 4, 1.999, 4.999], "texture": "#0"}, "west": {"uv": [1, 4, 1.999, 4.999], "texture": "#0"}, "up": {"uv": [1, 4, 1.999, 4.999], "texture": "#0"}, "down": {"uv": [1, 4, 1.999, 4.999], "texture": "#0"} } }, { "from": [6.76089, 0.7, 6.62388], "to": [6.96089, 1, 7.12388], "rotation": {"angle": -45, "axis": "y", "origin": [6.46089, 0.5, 6.62388]}, "faces": { "north": {"uv": [1, 4, 1.999, 4.999], "texture": "#0"}, "east": {"uv": [1, 4, 1.999, 4.999], "texture": "#0"}, "south": {"uv": [1, 4, 1.999, 4.999], "texture": "#0"}, "west": {"uv": [1, 4, 1.999, 4.999], "texture": "#0"}, "up": {"uv": [1, 4, 1.999, 4.999], "texture": "#0"}, "down": {"uv": [1, 4, 1.999, 4.999], "texture": "#0"} } }, { "from": [6.84385, 0.7, 5.77415], "to": [7.04385, 1, 6.82415], "rotation": {"angle": -22.5, "axis": "y", "origin": [6.54385, 0.5, 6.32415]}, "faces": { "north": {"uv": [1, 4, 1.999, 4.999], "texture": "#0"}, "east": {"uv": [1, 4, 1.999, 4.999], "texture": "#0"}, "south": {"uv": [1, 4, 1.999, 4.999], "texture": "#0"}, "west": {"uv": [1, 4, 1.999, 4.999], "texture": "#0"}, "up": {"uv": [1, 4, 1.999, 4.999], "texture": "#0"}, "down": {"uv": [1, 4, 1.999, 4.999], "texture": "#0"} } }, { "from": [7.0097, 0.7, 4.41384], "to": [7.2097, 1, 6.01384], "rotation": {"angle": 0, "axis": "y", "origin": [7.5097, 0.5, 4.91384]}, "faces": { "north": {"uv": [1, 4, 1.999, 4.999], "texture": "#0"}, "east": {"uv": [1, 4, 1.999, 4.999], "texture": "#0"}, "south": {"uv": [1, 4, 1.999, 4.999], "texture": "#0"}, "west": {"uv": [1, 4, 1.999, 4.999], "texture": "#0"}, "up": {"uv": [1, 4, 1.999, 4.999], "texture": "#0"}, "down": {"uv": [1, 4, 1.999, 4.999], "texture": "#0"} } }, { "from": [2.65328, 0.7, 4.26349], "to": [3.60328, 1, 4.46349], "rotation": {"angle": 22.5, "axis": "y", "origin": [3.55328, 0.5, 4.76349]}, "faces": { "north": {"uv": [1, 4, 1.999, 4.999], "texture": "#0"}, "east": {"uv": [1, 4, 1.999, 4.999], "texture": "#0"}, "south": {"uv": [1, 4, 1.999, 4.999], "texture": "#0"}, "west": {"uv": [1, 4, 1.999, 4.999], "texture": "#0"}, "up": {"uv": [1, 4, 1.999, 4.999], "texture": "#0"}, "down": {"uv": [1, 4, 1.999, 4.999], "texture": "#0"} } }, { "from": [2.53045, 0.7, 4.64597], "to": [3.13045, 1, 5.04597], "rotation": {"angle": 0, "axis": "y", "origin": [3.03045, 0.5, 4.84597]}, "faces": { "north": {"uv": [1, 4, 1.999, 4.999], "texture": "#0"}, "east": {"uv": [1, 4, 1.999, 4.999], "texture": "#0"}, "south": {"uv": [1, 4, 1.999, 4.999], "texture": "#0"}, "west": {"uv": [1, 4, 1.999, 4.999], "texture": "#0"}, "up": {"uv": [1, 4, 1.999, 4.999], "texture": "#0"}, "down": {"uv": [1, 4, 1.999, 4.999], "texture": "#0"} } }, { "from": [2.68373, 0.7, 5.07537], "to": [3.18373, 1, 5.27537], "rotation": {"angle": -22.5, "axis": "y", "origin": [3.18373, 0.5, 4.77537]}, "faces": { "north": {"uv": [1, 4, 1.999, 4.999], "texture": "#0"}, "east": {"uv": [1, 4, 1.999, 4.999], "texture": "#0"}, "south": {"uv": [1, 4, 1.999, 4.999], "texture": "#0"}, "west": {"uv": [1, 4, 1.999, 4.999], "texture": "#0"}, "up": {"uv": [1, 4, 1.999, 4.999], "texture": "#0"}, "down": {"uv": [1, 4, 1.999, 4.999], "texture": "#0"} } }, { "from": [2.68268, 0.7, 4.62388], "to": [2.88268, 1, 5.12388], "rotation": {"angle": 45, "axis": "y", "origin": [3.18268, 0.5, 4.82388]}, "faces": { "north": {"uv": [1, 4, 1.999, 4.999], "texture": "#0"}, "east": {"uv": [1, 4, 1.999, 4.999], "texture": "#0"}, "south": {"uv": [1, 4, 1.999, 4.999], "texture": "#0"}, "west": {"uv": [1, 4, 1.999, 4.999], "texture": "#0"}, "up": {"uv": [1, 4, 1.999, 4.999], "texture": "#0"}, "down": {"uv": [1, 4, 1.999, 4.999], "texture": "#0"} } }, { "from": [11.8, 0.7, 4.2], "to": [12.8, 1, 4.4], "rotation": {"angle": -45, "axis": "y", "origin": [12.3, 0.5, 4.7]}, "faces": { "north": {"uv": [1, 4, 1.999, 4.999], "texture": "#0"}, "east": {"uv": [1, 4, 1.999, 4.999], "texture": "#0"}, "south": {"uv": [1, 4, 1.999, 4.999], "texture": "#0"}, "west": {"uv": [1, 4, 1.999, 4.999], "texture": "#0"}, "up": {"uv": [1, 4, 1.999, 4.999], "texture": "#0"}, "down": {"uv": [1, 4, 1.999, 4.999], "texture": "#0"} } }, { "from": [11.44672, 0.7, 3.76349], "to": [12.14672, 1, 3.96349], "rotation": {"angle": -22.5, "axis": "y", "origin": [11.64672, 0.5, 4.26349]}, "faces": { "north": {"uv": [1, 4, 1.999, 4.999], "texture": "#0"}, "east": {"uv": [1, 4, 1.999, 4.999], "texture": "#0"}, "south": {"uv": [1, 4, 1.999, 4.999], "texture": "#0"}, "west": {"uv": [1, 4, 1.999, 4.999], "texture": "#0"}, "up": {"uv": [1, 4, 1.999, 4.999], "texture": "#0"}, "down": {"uv": [1, 4, 1.999, 4.999], "texture": "#0"} } }, { "from": [10.45328, 0.7, 3.72501], "to": [11.65328, 1, 3.92501], "rotation": {"angle": 0, "axis": "y", "origin": [11.15328, 0.5, 4.22501]}, "faces": { "north": {"uv": [1, 4, 1.999, 4.999], "texture": "#0"}, "east": {"uv": [1, 4, 1.999, 4.999], "texture": "#0"}, "south": {"uv": [1, 4, 1.999, 4.999], "texture": "#0"}, "west": {"uv": [1, 4, 1.999, 4.999], "texture": "#0"}, "up": {"uv": [1, 4, 1.999, 4.999], "texture": "#0"}, "down": {"uv": [1, 4, 1.999, 4.999], "texture": "#0"} } }, { "from": [8.88269, 0.7, 3.8783], "to": [10.68269, 1, 4.0783], "rotation": {"angle": 22.5, "axis": "y", "origin": [10.18269, 0.5, 4.3783]}, "faces": { "north": {"uv": [1, 4, 1.999, 4.999], "texture": "#0"}, "east": {"uv": [1, 4, 1.999, 4.999], "texture": "#0"}, "south": {"uv": [1, 4, 1.999, 4.999], "texture": "#0"}, "west": {"uv": [1, 4, 1.999, 4.999], "texture": "#0"}, "up": {"uv": [1, 4, 1.999, 4.999], "texture": "#0"}, "down": {"uv": [1, 4, 1.999, 4.999], "texture": "#0"} } }, { "from": [12.80711, 0.7, 4.7], "to": [13.00711, 1, 5.7], "rotation": {"angle": 0, "axis": "y", "origin": [12.50711, 0.5, 5.2]}, "faces": { "north": {"uv": [1, 4, 1.999, 4.999], "texture": "#0"}, "east": {"uv": [1, 4, 1.999, 4.999], "texture": "#0"}, "south": {"uv": [1, 4, 1.999, 4.999], "texture": "#0"}, "west": {"uv": [1, 4, 1.999, 4.999], "texture": "#0"}, "up": {"uv": [1, 4, 1.999, 4.999], "texture": "#0"}, "down": {"uv": [1, 4, 1.999, 4.999], "texture": "#0"} } }, { "from": [12.65383, 0.7, 5.4706], "to": [12.85383, 1, 6.4706], "rotation": {"angle": -22.5, "axis": "y", "origin": [12.35383, 0.5, 5.9706]}, "faces": { "north": {"uv": [1, 4, 1.999, 4.999], "texture": "#0"}, "east": {"uv": [1, 4, 1.999, 4.999], "texture": "#0"}, "south": {"uv": [1, 4, 1.999, 4.999], "texture": "#0"}, "west": {"uv": [1, 4, 1.999, 4.999], "texture": "#0"}, "up": {"uv": [1, 4, 1.999, 4.999], "texture": "#0"}, "down": {"uv": [1, 4, 1.999, 4.999], "texture": "#0"} } }, { "from": [12.21732, 0.7, 6.12388], "to": [12.41732, 1, 7.12388], "rotation": {"angle": -45, "axis": "y", "origin": [11.91732, 0.5, 6.62388]}, "faces": { "north": {"uv": [1, 4, 1.999, 4.999], "texture": "#0"}, "east": {"uv": [1, 4, 1.999, 4.999], "texture": "#0"}, "south": {"uv": [1, 4, 1.999, 4.999], "texture": "#0"}, "west": {"uv": [1, 4, 1.999, 4.999], "texture": "#0"}, "up": {"uv": [1, 4, 1.999, 4.999], "texture": "#0"}, "down": {"uv": [1, 4, 1.999, 4.999], "texture": "#0"} } }, { "from": [10.96404, 0.7, 7.36039], "to": [11.76404, 1, 7.56039], "rotation": {"angle": 22.5, "axis": "y", "origin": [11.26404, 0.5, 7.06039]}, "faces": { "north": {"uv": [1, 4, 1.999, 4.999], "texture": "#0"}, "east": {"uv": [1, 4, 1.999, 4.999], "texture": "#0"}, "south": {"uv": [1, 4, 1.999, 4.999], "texture": "#0"}, "west": {"uv": [1, 4, 1.999, 4.999], "texture": "#0"}, "up": {"uv": [1, 4, 1.999, 4.999], "texture": "#0"}, "down": {"uv": [1, 4, 1.999, 4.999], "texture": "#0"} } }, { "from": [10.27821, 0.7, 7.43713], "to": [11.17821, 1, 7.63713], "rotation": {"angle": 0, "axis": "y", "origin": [10.67821, 0.5, 7.13713]}, "faces": { "north": {"uv": [1, 4, 1.999, 4.999], "texture": "#0"}, "east": {"uv": [1, 4, 1.999, 4.999], "texture": "#0"}, "south": {"uv": [1, 4, 1.999, 4.999], "texture": "#0"}, "west": {"uv": [1, 4, 1.999, 4.999], "texture": "#0"}, "up": {"uv": [1, 4, 1.999, 4.999], "texture": "#0"}, "down": {"uv": [1, 4, 1.999, 4.999], "texture": "#0"} } }, { "from": [9.70761, 0.7, 7.28385], "to": [10.50761, 1, 7.48385], "rotation": {"angle": -22.5, "axis": "y", "origin": [10.00761, 0.5, 6.98385]}, "faces": { "north": {"uv": [1, 4, 1.999, 4.999], "texture": "#0"}, "east": {"uv": [1, 4, 1.999, 4.999], "texture": "#0"}, "south": {"uv": [1, 4, 1.999, 4.999], "texture": "#0"}, "west": {"uv": [1, 4, 1.999, 4.999], "texture": "#0"}, "up": {"uv": [1, 4, 1.999, 4.999], "texture": "#0"}, "down": {"uv": [1, 4, 1.999, 4.999], "texture": "#0"} } }, { "from": [9.03911, 0.7, 6.62388], "to": [9.23911, 1, 7.12388], "rotation": {"angle": 45, "axis": "y", "origin": [9.53911, 0.5, 6.62388]}, "faces": { "north": {"uv": [1, 4, 1.999, 4.999], "texture": "#0"}, "east": {"uv": [1, 4, 1.999, 4.999], "texture": "#0"}, "south": {"uv": [1, 4, 1.999, 4.999], "texture": "#0"}, "west": {"uv": [1, 4, 1.999, 4.999], "texture": "#0"}, "up": {"uv": [1, 4, 1.999, 4.999], "texture": "#0"}, "down": {"uv": [1, 4, 1.999, 4.999], "texture": "#0"} } }, { "from": [8.95615, 0.7, 5.77415], "to": [9.15615, 1, 6.82415], "rotation": {"angle": 22.5, "axis": "y", "origin": [9.45615, 0.5, 6.32415]}, "faces": { "north": {"uv": [1, 4, 1.999, 4.999], "texture": "#0"}, "east": {"uv": [1, 4, 1.999, 4.999], "texture": "#0"}, "south": {"uv": [1, 4, 1.999, 4.999], "texture": "#0"}, "west": {"uv": [1, 4, 1.999, 4.999], "texture": "#0"}, "up": {"uv": [1, 4, 1.999, 4.999], "texture": "#0"}, "down": {"uv": [1, 4, 1.999, 4.999], "texture": "#0"} } }, { "from": [8.7903, 0.7, 4.41384], "to": [8.9903, 1, 6.01384], "rotation": {"angle": 0, "axis": "y", "origin": [8.4903, 0.5, 4.91384]}, "faces": { "north": {"uv": [1, 4, 1.999, 4.999], "texture": "#0"}, "east": {"uv": [1, 4, 1.999, 4.999], "texture": "#0"}, "south": {"uv": [1, 4, 1.999, 4.999], "texture": "#0"}, "west": {"uv": [1, 4, 1.999, 4.999], "texture": "#0"}, "up": {"uv": [1, 4, 1.999, 4.999], "texture": "#0"}, "down": {"uv": [1, 4, 1.999, 4.999], "texture": "#0"} } }, { "from": [12.39672, 0.7, 4.26349], "to": [13.34672, 1, 4.46349], "rotation": {"angle": -22.5, "axis": "y", "origin": [12.44672, 0.5, 4.76349]}, "faces": { "north": {"uv": [1, 4, 1.999, 4.999], "texture": "#0"}, "east": {"uv": [1, 4, 1.999, 4.999], "texture": "#0"}, "south": {"uv": [1, 4, 1.999, 4.999], "texture": "#0"}, "west": {"uv": [1, 4, 1.999, 4.999], "texture": "#0"}, "up": {"uv": [1, 4, 1.999, 4.999], "texture": "#0"}, "down": {"uv": [1, 4, 1.999, 4.999], "texture": "#0"} } }, { "from": [12.86955, 0.7, 4.64597], "to": [13.46955, 1, 5.04597], "rotation": {"angle": 0, "axis": "y", "origin": [12.96955, 0.5, 4.84597]}, "faces": { "north": {"uv": [1, 4, 1.999, 4.999], "texture": "#0"}, "east": {"uv": [1, 4, 1.999, 4.999], "texture": "#0"}, "south": {"uv": [1, 4, 1.999, 4.999], "texture": "#0"}, "west": {"uv": [1, 4, 1.999, 4.999], "texture": "#0"}, "up": {"uv": [1, 4, 1.999, 4.999], "texture": "#0"}, "down": {"uv": [1, 4, 1.999, 4.999], "texture": "#0"} } }, { "from": [12.81627, 0.7, 5.07537], "to": [13.31627, 1, 5.27537], "rotation": {"angle": 22.5, "axis": "y", "origin": [12.81627, 0.5, 4.77537]}, "faces": { "north": {"uv": [1, 4, 1.999, 4.999], "texture": "#0"}, "east": {"uv": [1, 4, 1.999, 4.999], "texture": "#0"}, "south": {"uv": [1, 4, 1.999, 4.999], "texture": "#0"}, "west": {"uv": [1, 4, 1.999, 4.999], "texture": "#0"}, "up": {"uv": [1, 4, 1.999, 4.999], "texture": "#0"}, "down": {"uv": [1, 4, 1.999, 4.999], "texture": "#0"} } }, { "from": [13.11732, 0.7, 4.62388], "to": [13.31732, 1, 5.12388], "rotation": {"angle": -45, "axis": "y", "origin": [12.81732, 0.5, 4.82388]}, "faces": { "north": {"uv": [1, 4, 1.999, 4.999], "texture": "#0"}, "east": {"uv": [1, 4, 1.999, 4.999], "texture": "#0"}, "south": {"uv": [1, 4, 1.999, 4.999], "texture": "#0"}, "west": {"uv": [1, 4, 1.999, 4.999], "texture": "#0"}, "up": {"uv": [1, 4, 1.999, 4.999], "texture": "#0"}, "down": {"uv": [1, 4, 1.999, 4.999], "texture": "#0"} } }, { "from": [9.348, 0.968, 4.484], "to": [10.088, 1.04, 4.632], "rotation": {"angle": 45, "axis": "y", "origin": [9.718, 0.67, 4.854]}, "faces": { "north": {"uv": [1, 1, 1.999, 1.999], "texture": "#0"}, "east": {"uv": [1, 1, 1.999, 1.999], "texture": "#0"}, "south": {"uv": [1, 1, 1.999, 1.999], "texture": "#0"}, "west": {"uv": [1, 1, 1.999, 1.999], "texture": "#0"}, "up": {"uv": [1, 1, 1.999, 1.999], "texture": "#0"}, "down": {"uv": [1, 1, 1.999, 1.999], "texture": "#0"} } }, { "from": [9.83143, 0.968, 4.16098], "to": [10.34943, 1.04, 4.30898], "rotation": {"angle": 22.5, "axis": "y", "origin": [10.20143, 0.67, 4.53098]}, "faces": { "north": {"uv": [1, 1, 1.999, 1.999], "texture": "#0"}, "east": {"uv": [1, 1, 1.999, 1.999], "texture": "#0"}, "south": {"uv": [1, 1, 1.999, 1.999], "texture": "#0"}, "west": {"uv": [1, 1, 1.999, 1.999], "texture": "#0"}, "up": {"uv": [1, 1, 1.999, 1.999], "texture": "#0"}, "down": {"uv": [1, 1, 1.999, 1.999], "texture": "#0"} } }, { "from": [10.19657, 0.968, 4.13251], "to": [11.08457, 1.04, 4.28051], "rotation": {"angle": 0, "axis": "y", "origin": [10.56657, 0.67, 4.50251]}, "faces": { "north": {"uv": [1, 1, 1.999, 1.999], "texture": "#0"}, "east": {"uv": [1, 1, 1.999, 1.999], "texture": "#0"}, "south": {"uv": [1, 1, 1.999, 1.999], "texture": "#0"}, "west": {"uv": [1, 1, 1.999, 1.999], "texture": "#0"}, "up": {"uv": [1, 1, 1.999, 1.999], "texture": "#0"}, "down": {"uv": [1, 1, 1.999, 1.999], "texture": "#0"} } }, { "name": "hexadecagon", "from": [8.13465, 1.54187, 4.27], "to": [8.47678, 1.71387, 4.53], "rotation": {"angle": -45, "axis": "z", "origin": [8, 1.15958, 4.7]}, "faces": { "north": {"uv": [4, 1, 4.999, 1.999], "rotation": 90, "texture": "#0"}, "east": {"uv": [4, 1, 4.999, 1.999], "rotation": 90, "texture": "#0"}, "south": {"uv": [4, 1, 4.999, 1.999], "rotation": 90, "texture": "#0"}, "west": {"uv": [4, 1, 4.999, 1.999], "rotation": 90, "texture": "#0"}, "up": {"uv": [4, 1, 4.999, 1.999], "rotation": 90, "texture": "#0"}, "down": {"uv": [4, 1, 4.999, 1.999], "rotation": 90, "texture": "#0"} } }, { "name": "hexadecagon", "from": [7.52322, 1.54187, 4.27], "to": [7.86535, 1.71387, 4.53], "rotation": {"angle": 45, "axis": "z", "origin": [8, 1.15958, 4.7]}, "faces": { "north": {"uv": [4, 1, 4.999, 1.999], "rotation": 90, "texture": "#0"}, "east": {"uv": [4, 1, 4.999, 1.999], "rotation": 90, "texture": "#0"}, "south": {"uv": [4, 1, 4.999, 1.999], "rotation": 90, "texture": "#0"}, "west": {"uv": [4, 1, 4.999, 1.999], "rotation": 90, "texture": "#0"}, "up": {"uv": [4, 1, 4.999, 1.999], "rotation": 90, "texture": "#0"}, "down": {"uv": [4, 1, 4.999, 1.999], "rotation": 90, "texture": "#0"} } }, { "name": "hexadecagon", "from": [7.51285, 1.28431, 4.17], "to": [8.45498, 1.45631, 4.43], "rotation": {"angle": 0, "axis": "z", "origin": [7.98963, 0.90202, 4.6]}, "faces": { "north": {"uv": [4, 1, 4.999, 1.999], "rotation": 90, "texture": "#0"}, "east": {"uv": [4, 1, 4.999, 1.999], "rotation": 90, "texture": "#0"}, "south": {"uv": [4, 1, 4.999, 1.999], "rotation": 90, "texture": "#0"}, "west": {"uv": [4, 1, 4.999, 1.999], "rotation": 90, "texture": "#0"}, "up": {"uv": [4, 1, 4.999, 1.999], "rotation": 90, "texture": "#0"}, "down": {"uv": [4, 1, 4.999, 1.999], "rotation": 90, "texture": "#0"} } }, { "name": "hexadecagon", "from": [7.54502, 1.28431, 4.17], "to": [8.48715, 1.45631, 4.43], "rotation": {"angle": 0, "axis": "z", "origin": [8.0218, 0.90202, 4.6]}, "faces": { "north": {"uv": [4, 1, 4.999, 1.999], "rotation": 90, "texture": "#0"}, "east": {"uv": [4, 1, 4.999, 1.999], "rotation": 90, "texture": "#0"}, "south": {"uv": [4, 1, 4.999, 1.999], "rotation": 90, "texture": "#0"}, "west": {"uv": [4, 1, 4.999, 1.999], "rotation": 90, "texture": "#0"}, "up": {"uv": [4, 1, 4.999, 1.999], "rotation": 90, "texture": "#0"}, "down": {"uv": [4, 1, 4.999, 1.999], "rotation": 90, "texture": "#0"} } }, { "name": "hexadecagon", "from": [7.30545, 0.58908, 4.37], "to": [7.47745, 0.93121, 4.63], "rotation": {"angle": -22.5, "axis": "z", "origin": [8, 1.15958, 4.8]}, "faces": { "north": {"uv": [1, 4, 1.999, 4.999], "rotation": 90, "texture": "#0"}, "east": {"uv": [1, 4, 1.999, 4.999], "rotation": 90, "texture": "#0"}, "south": {"uv": [1, 4, 1.999, 4.999], "rotation": 90, "texture": "#0"}, "west": {"uv": [1, 4, 1.999, 4.999], "rotation": 90, "texture": "#0"}, "up": {"uv": [1, 4, 1.999, 4.999], "rotation": 90, "texture": "#0"}, "down": {"uv": [1, 4, 1.999, 4.999], "rotation": 90, "texture": "#0"} } }, { "name": "hexadecagon", "from": [7.14, 0.75617, 4.47], "to": [7.312, 0.8983, 4.73], "rotation": {"angle": 0, "axis": "y", "origin": [8, 1.15958, 4.9]}, "faces": { "north": {"uv": [1, 4, 1.999, 4.999], "rotation": 90, "texture": "#0"}, "east": {"uv": [1, 4, 1.999, 4.999], "rotation": 90, "texture": "#0"}, "south": {"uv": [1, 4, 1.999, 4.999], "rotation": 90, "texture": "#0"}, "west": {"uv": [1, 4, 1.999, 4.999], "rotation": 90, "texture": "#0"}, "up": {"uv": [1, 4, 1.999, 4.999], "rotation": 90, "texture": "#0"}, "down": {"uv": [1, 4, 1.999, 4.999], "rotation": 90, "texture": "#0"} } }, { "name": "hexadecagon", "from": [8.688, 0.75617, 4.47], "to": [8.86, 0.8983, 4.73], "rotation": {"angle": 0, "axis": "y", "origin": [8, 1.15958, 4.9]}, "faces": { "north": {"uv": [1, 4, 1.999, 4.999], "rotation": 90, "texture": "#0"}, "east": {"uv": [1, 4, 1.999, 4.999], "rotation": 90, "texture": "#0"}, "south": {"uv": [1, 4, 1.999, 4.999], "rotation": 90, "texture": "#0"}, "west": {"uv": [1, 4, 1.999, 4.999], "rotation": 90, "texture": "#0"}, "up": {"uv": [1, 4, 1.999, 4.999], "rotation": 90, "texture": "#0"}, "down": {"uv": [1, 4, 1.999, 4.999], "rotation": 90, "texture": "#0"} } }, { "name": "hexadecagon", "from": [8.52255, 0.58908, 4.37], "to": [8.69455, 0.93121, 4.63], "rotation": {"angle": 22.5, "axis": "z", "origin": [8, 1.15958, 4.8]}, "faces": { "north": {"uv": [1, 4, 1.999, 4.999], "rotation": 90, "texture": "#0"}, "east": {"uv": [1, 4, 1.999, 4.999], "rotation": 90, "texture": "#0"}, "south": {"uv": [1, 4, 1.999, 4.999], "rotation": 90, "texture": "#0"}, "west": {"uv": [1, 4, 1.999, 4.999], "rotation": 90, "texture": "#0"}, "up": {"uv": [1, 4, 1.999, 4.999], "rotation": 90, "texture": "#0"}, "down": {"uv": [1, 4, 1.999, 4.999], "rotation": 90, "texture": "#0"} } } ], "display": { "thirdperson_righthand": { "rotation": [0, -180, 90], "translation": [4.75, -2, 1.25], "scale": [0.4, 0.4, 0.4] }, "thirdperson_lefthand": { "rotation": [0, -180, 90], "translation": [4.75, -2, 1.25], "scale": [0.4, 0.4, 0.4] }, "firstperson_righthand": { "rotation": [-72, -177, -23], "translation": [-0.75, 2.5, -9.25] }, "firstperson_lefthand": { "rotation": [-72, -177, -23], "translation": [-0.75, 2.5, -9.25] }, "ground": { "rotation": [65, 0, 41], "translation": [-3.25, 3, 4], "scale": [0.53, 0.53, 0.53] }, "gui": { "rotation": [102, 0, 32], "translation": [-8.25, -6, 0], "scale": [1.43, 1.43, 1.43] }, "head": { "rotation": [90, 0, -180], "translation": [0, -6, -16.75], "scale": [1.3, 1.3, 1.3] } }, "groups": [ { "name": "group", "origin": [8, 8, 8], "color": 0, "children": [ { "name": "group", "origin": [2, -4.04657, 4.59316], "color": 0, "children": [ { "name": "group", "origin": [2, -4.04657, 4.59316], "color": 0, "children": [0, 1, 2, 3, 4] }, { "name": "group", "origin": [2, -4.04657, 4.59316], "color": 0, "children": [5, 6, 7, 8, 9] } ] }, { "name": "group", "origin": [8, 8, 8], "color": 0, "children": [ { "name": "group", "origin": [3.18268, 0.5, 4.82388], "color": 0, "children": [10, 11, 12, 13, 14, 15, 16, 17, 18, 19, 20, 21, 22, 23, 24, 25, 26, 27, 28, 29] }, { "name": "group", "origin": [3.18268, 0.5, 4.82388], "color": 0, "children": [30, 31, 32, 33, 34, 35, 36, 37, 38, 39, 40, 41, 42, 43, 44, 45, 46, 47, 48, 49] }, { "name": "hexadecagon", "origin": [8, 8, 8], "color": 0, "children": [50, 51, 52, 53, 54, 55, 56, 57] } ] } ] } ] }