{ "credit": "Made with Blockbench", "textures": { "0": "block/hiddenleafheadband" }, "elements": [ { "name": "hexadecagon", "from": [8.3139, 0.74726, 4.78516], "to": [8.40765, 1.08394, 4.97266], "rotation": {"angle": 45, "axis": "z", "origin": [8.36077, 0.96248, 4.87891]}, "faces": { "north": {"uv": [6, 2, 7, 3], "rotation": 270, "texture": "#0"}, "east": {"uv": [6, 2, 7, 3], "rotation": 270, "texture": "#0"}, "south": {"uv": [6, 2, 7, 3], "rotation": 270, "texture": "#0"}, "west": {"uv": [6, 2, 7, 3], "rotation": 270, "texture": "#0"}, "up": {"uv": [6, 2, 7, 3], "rotation": 270, "texture": "#0"}, "down": {"uv": [6, 2, 7, 3], "rotation": 270, "texture": "#0"} } }, { "name": "hexadecagon", "from": [8.45428, 0.78283, 4.78516], "to": [8.54803, 0.8617, 4.97266], "rotation": {"angle": -22.5, "axis": "z", "origin": [8.50115, 0.85742, 4.87891]}, "faces": { "north": {"uv": [6, 2, 7, 3], "rotation": 270, "texture": "#0"}, "east": {"uv": [6, 2, 7, 3], "rotation": 270, "texture": "#0"}, "south": {"uv": [6, 2, 7, 3], "rotation": 270, "texture": "#0"}, "west": {"uv": [6, 2, 7, 3], "rotation": 270, "texture": "#0"}, "up": {"uv": [6, 2, 7, 3], "rotation": 270, "texture": "#0"}, "down": {"uv": [6, 2, 7, 3], "rotation": 270, "texture": "#0"} } }, { "name": "hexadecagon", "from": [8.41943, 0.76537, 4.78516], "to": [8.4983, 0.85912, 4.97266], "rotation": {"angle": 22.5, "axis": "z", "origin": [8.49402, 0.81224, 4.87891]}, "faces": { "north": {"uv": [6, 2, 7, 3], "rotation": 270, "texture": "#0"}, "east": {"uv": [6, 2, 7, 3], "rotation": 270, "texture": "#0"}, "south": {"uv": [6, 2, 7, 3], "rotation": 270, "texture": "#0"}, "west": {"uv": [6, 2, 7, 3], "rotation": 270, "texture": "#0"}, "up": {"uv": [6, 2, 7, 3], "rotation": 270, "texture": "#0"}, "down": {"uv": [6, 2, 7, 3], "rotation": 270, "texture": "#0"} } }, { "name": "hexadecagon", "from": [8.03605, 0.74039, 4.78516], "to": [8.44305, 0.83414, 4.97266], "rotation": {"angle": 0, "axis": "z", "origin": [8.11064, 0.78726, 4.87891]}, "faces": { "north": {"uv": [6, 2, 7, 3], "rotation": 270, "texture": "#0"}, "east": {"uv": [6, 2, 7, 3], "rotation": 270, "texture": "#0"}, "south": {"uv": [6, 2, 7, 3], "rotation": 270, "texture": "#0"}, "west": {"uv": [6, 2, 7, 3], "rotation": 270, "texture": "#0"}, "up": {"uv": [6, 2, 7, 3], "rotation": 270, "texture": "#0"}, "down": {"uv": [6, 2, 7, 3], "rotation": 270, "texture": "#0"} } }, { "name": "hexadecagon", "from": [7.85248, 0.93782, 4.78516], "to": [7.96651, 1.00813, 4.97266], "rotation": {"angle": -45, "axis": "z", "origin": [7.9556, 0.98098, 4.87891]}, "faces": { "north": {"uv": [6, 2, 7, 3], "rotation": 270, "texture": "#0"}, "east": {"uv": [6, 2, 7, 3], "rotation": 270, "texture": "#0"}, "south": {"uv": [6, 2, 7, 3], "rotation": 270, "texture": "#0"}, "west": {"uv": [6, 2, 7, 3], "rotation": 270, "texture": "#0"}, "up": {"uv": [6, 2, 7, 3], "rotation": 270, "texture": "#0"}, "down": {"uv": [6, 2, 7, 3], "rotation": 270, "texture": "#0"} } }, { "name": "hexadecagon", "from": [7.8642, 0.9261, 4.78516], "to": [7.96651, 1.01985, 4.97266], "rotation": {"angle": -45, "axis": "z", "origin": [7.9556, 0.98098, 4.87891]}, "faces": { "north": {"uv": [6, 2, 7, 3], "rotation": 270, "texture": "#0"}, "east": {"uv": [6, 2, 7, 3], "rotation": 270, "texture": "#0"}, "south": {"uv": [6, 2, 7, 3], "rotation": 270, "texture": "#0"}, "west": {"uv": [6, 2, 7, 3], "rotation": 270, "texture": "#0"}, "up": {"uv": [6, 2, 7, 3], "rotation": 270, "texture": "#0"}, "down": {"uv": [6, 2, 7, 3], "rotation": 270, "texture": "#0"} } }, { "name": "hexadecagon", "from": [7.92451, 0.93446, 4.78516], "to": [8.02682, 1.02821, 4.97266], "rotation": {"angle": 0, "axis": "z", "origin": [8.0159, 0.98934, 4.87891]}, "faces": { "north": {"uv": [6, 2, 7, 3], "rotation": 270, "texture": "#0"}, "east": {"uv": [6, 2, 7, 3], "rotation": 270, "texture": "#0"}, "south": {"uv": [6, 2, 7, 3], "rotation": 270, "texture": "#0"}, "west": {"uv": [6, 2, 7, 3], "rotation": 270, "texture": "#0"}, "up": {"uv": [6, 2, 7, 3], "rotation": 270, "texture": "#0"}, "down": {"uv": [6, 2, 7, 3], "rotation": 270, "texture": "#0"} } }, { "name": "hexadecagon", "from": [8.01377, 0.94649, 4.78516], "to": [8.10752, 1.0488, 4.97266], "rotation": {"angle": -45, "axis": "z", "origin": [8.05264, 1.03789, 4.87891]}, "faces": { "north": {"uv": [6, 2, 7, 3], "rotation": 270, "texture": "#0"}, "east": {"uv": [6, 2, 7, 3], "rotation": 270, "texture": "#0"}, "south": {"uv": [6, 2, 7, 3], "rotation": 270, "texture": "#0"}, "west": {"uv": [6, 2, 7, 3], "rotation": 270, "texture": "#0"}, "up": {"uv": [6, 2, 7, 3], "rotation": 270, "texture": "#0"}, "down": {"uv": [6, 2, 7, 3], "rotation": 270, "texture": "#0"} } }, { "name": "hexadecagon", "from": [8.02663, 1.02441, 4.78516], "to": [8.12038, 1.07985, 4.97266], "rotation": {"angle": -22.5, "axis": "z", "origin": [8.0655, 1.06893, 4.87891]}, "faces": { "north": {"uv": [6, 2, 7, 3], "rotation": 270, "texture": "#0"}, "east": {"uv": [6, 2, 7, 3], "rotation": 270, "texture": "#0"}, "south": {"uv": [6, 2, 7, 3], "rotation": 270, "texture": "#0"}, "west": {"uv": [6, 2, 7, 3], "rotation": 270, "texture": "#0"}, "up": {"uv": [6, 2, 7, 3], "rotation": 270, "texture": "#0"}, "down": {"uv": [6, 2, 7, 3], "rotation": 270, "texture": "#0"} } }, { "name": "hexadecagon", "from": [8.02663, 1.05802, 4.78516], "to": [8.12038, 1.16032, 4.97266], "rotation": {"angle": 0, "axis": "z", "origin": [8.0655, 1.14941, 4.87891]}, "faces": { "north": {"uv": [6, 2, 7, 3], "rotation": 270, "texture": "#0"}, "east": {"uv": [6, 2, 7, 3], "rotation": 270, "texture": "#0"}, "south": {"uv": [6, 2, 7, 3], "rotation": 270, "texture": "#0"}, "west": {"uv": [6, 2, 7, 3], "rotation": 270, "texture": "#0"}, "up": {"uv": [6, 2, 7, 3], "rotation": 270, "texture": "#0"}, "down": {"uv": [6, 2, 7, 3], "rotation": 270, "texture": "#0"} } }, { "name": "hexadecagon", "from": [7.98246, 1.09037, 4.78516], "to": [8.08477, 1.18412, 4.97266], "rotation": {"angle": -45, "axis": "z", "origin": [8.07385, 1.12924, 4.87891]}, "faces": { "north": {"uv": [6, 2, 7, 3], "rotation": 270, "texture": "#0"}, "east": {"uv": [6, 2, 7, 3], "rotation": 270, "texture": "#0"}, "south": {"uv": [6, 2, 7, 3], "rotation": 270, "texture": "#0"}, "west": {"uv": [6, 2, 7, 3], "rotation": 270, "texture": "#0"}, "up": {"uv": [6, 2, 7, 3], "rotation": 270, "texture": "#0"}, "down": {"uv": [6, 2, 7, 3], "rotation": 270, "texture": "#0"} } }, { "name": "hexadecagon", "from": [7.80433, 1.17807, 4.78516], "to": [7.90664, 1.27182, 4.97266], "rotation": {"angle": -22.5, "axis": "z", "origin": [7.87892, 0.89682, 4.87891]}, "faces": { "north": {"uv": [6, 2, 7, 3], "rotation": 270, "texture": "#0"}, "east": {"uv": [6, 2, 7, 3], "rotation": 270, "texture": "#0"}, "south": {"uv": [6, 2, 7, 3], "rotation": 270, "texture": "#0"}, "west": {"uv": [6, 2, 7, 3], "rotation": 270, "texture": "#0"}, "up": {"uv": [6, 2, 7, 3], "rotation": 270, "texture": "#0"}, "down": {"uv": [6, 2, 7, 3], "rotation": 270, "texture": "#0"} } }, { "name": "hexadecagon", "from": [7.8512, 1.17807, 4.78516], "to": [7.95351, 1.27182, 4.97266], "rotation": {"angle": 0, "axis": "z", "origin": [7.92579, 0.89682, 4.87891]}, "faces": { "north": {"uv": [6, 2, 7, 3], "rotation": 270, "texture": "#0"}, "east": {"uv": [6, 2, 7, 3], "rotation": 270, "texture": "#0"}, "south": {"uv": [6, 2, 7, 3], "rotation": 270, "texture": "#0"}, "west": {"uv": [6, 2, 7, 3], "rotation": 270, "texture": "#0"}, "up": {"uv": [6, 2, 7, 3], "rotation": 270, "texture": "#0"}, "down": {"uv": [6, 2, 7, 3], "rotation": 270, "texture": "#0"} } }, { "name": "hexadecagon", "from": [7.89451, 1.19601, 4.78516], "to": [7.99682, 1.28976, 4.97266], "rotation": {"angle": 22.5, "axis": "z", "origin": [7.9691, 0.91476, 4.87891]}, "faces": { "north": {"uv": [6, 2, 7, 3], "rotation": 270, "texture": "#0"}, "east": {"uv": [6, 2, 7, 3], "rotation": 270, "texture": "#0"}, "south": {"uv": [6, 2, 7, 3], "rotation": 270, "texture": "#0"}, "west": {"uv": [6, 2, 7, 3], "rotation": 270, "texture": "#0"}, "up": {"uv": [6, 2, 7, 3], "rotation": 270, "texture": "#0"}, "down": {"uv": [6, 2, 7, 3], "rotation": 270, "texture": "#0"} } }, { "name": "hexadecagon", "from": [7.5941, 0.84017, 4.78516], "to": [7.68785, 0.98935, 4.97266], "rotation": {"angle": -45, "axis": "z", "origin": [7.9691, 0.91476, 4.87891]}, "faces": { "north": {"uv": [6, 2, 7, 3], "rotation": 270, "texture": "#0"}, "east": {"uv": [6, 2, 7, 3], "rotation": 270, "texture": "#0"}, "south": {"uv": [6, 2, 7, 3], "rotation": 270, "texture": "#0"}, "west": {"uv": [6, 2, 7, 3], "rotation": 270, "texture": "#0"}, "up": {"uv": [6, 2, 7, 3], "rotation": 270, "texture": "#0"}, "down": {"uv": [6, 2, 7, 3], "rotation": 270, "texture": "#0"} } }, { "name": "hexadecagon", "from": [7.65119, 0.97799, 4.78516], "to": [7.74494, 1.12718, 4.97266], "rotation": {"angle": 0, "axis": "y", "origin": [8.02619, 1.05259, 4.87891]}, "faces": { "north": {"uv": [6, 2, 7, 3], "rotation": 270, "texture": "#0"}, "east": {"uv": [6, 2, 7, 3], "rotation": 270, "texture": "#0"}, "south": {"uv": [6, 2, 7, 3], "rotation": 270, "texture": "#0"}, "west": {"uv": [6, 2, 7, 3], "rotation": 270, "texture": "#0"}, "up": {"uv": [6, 2, 7, 3], "rotation": 270, "texture": "#0"}, "down": {"uv": [6, 2, 7, 3], "rotation": 270, "texture": "#0"} } }, { "name": "hexadecagon", "from": [7.65119, 0.97799, 4.78516], "to": [7.74494, 1.12718, 4.97266], "rotation": {"angle": 22.5, "axis": "z", "origin": [8.02619, 1.05259, 4.87891]}, "faces": { "north": {"uv": [6, 2, 7, 3], "rotation": 270, "texture": "#0"}, "east": {"uv": [6, 2, 7, 3], "rotation": 270, "texture": "#0"}, "south": {"uv": [6, 2, 7, 3], "rotation": 270, "texture": "#0"}, "west": {"uv": [6, 2, 7, 3], "rotation": 270, "texture": "#0"}, "up": {"uv": [6, 2, 7, 3], "rotation": 270, "texture": "#0"}, "down": {"uv": [6, 2, 7, 3], "rotation": 270, "texture": "#0"} } }, { "name": "hexadecagon", "from": [7.96533, 0.71073, 4.78516], "to": [8.06764, 0.80448, 4.97266], "rotation": {"angle": -45, "axis": "z", "origin": [7.99305, 1.08573, 4.87891]}, "faces": { "north": {"uv": [6, 2, 7, 3], "rotation": 270, "texture": "#0"}, "east": {"uv": [6, 2, 7, 3], "rotation": 270, "texture": "#0"}, "south": {"uv": [6, 2, 7, 3], "rotation": 270, "texture": "#0"}, "west": {"uv": [6, 2, 7, 3], "rotation": 270, "texture": "#0"}, "up": {"uv": [6, 2, 7, 3], "rotation": 270, "texture": "#0"}, "down": {"uv": [6, 2, 7, 3], "rotation": 270, "texture": "#0"} } }, { "name": "hexadecagon", "from": [7.92202, 0.72867, 4.78516], "to": [8.02433, 0.82242, 4.97266], "rotation": {"angle": -22.5, "axis": "z", "origin": [7.94974, 1.10367, 4.87891]}, "faces": { "north": {"uv": [6, 2, 7, 3], "rotation": 270, "texture": "#0"}, "east": {"uv": [6, 2, 7, 3], "rotation": 270, "texture": "#0"}, "south": {"uv": [6, 2, 7, 3], "rotation": 270, "texture": "#0"}, "west": {"uv": [6, 2, 7, 3], "rotation": 270, "texture": "#0"}, "up": {"uv": [6, 2, 7, 3], "rotation": 270, "texture": "#0"}, "down": {"uv": [6, 2, 7, 3], "rotation": 270, "texture": "#0"} } }, { "name": "hexadecagon", "from": [7.87515, 0.72867, 4.78516], "to": [8.02433, 0.82242, 4.97266], "rotation": {"angle": 0, "axis": "y", "origin": [7.94974, 1.10367, 4.87891]}, "faces": { "north": {"uv": [6, 2, 7, 3], "rotation": 270, "texture": "#0"}, "east": {"uv": [6, 2, 7, 3], "rotation": 270, "texture": "#0"}, "south": {"uv": [6, 2, 7, 3], "rotation": 270, "texture": "#0"}, "west": {"uv": [6, 2, 7, 3], "rotation": 270, "texture": "#0"}, "up": {"uv": [6, 2, 7, 3], "rotation": 270, "texture": "#0"}, "down": {"uv": [6, 2, 7, 3], "rotation": 270, "texture": "#0"} } }, { "name": "hexadecagon", "from": [7.87515, 0.72867, 4.78516], "to": [8.02433, 0.82242, 4.97266], "rotation": {"angle": 22.5, "axis": "z", "origin": [7.94974, 1.10367, 4.87891]}, "faces": { "north": {"uv": [6, 2, 7, 3], "rotation": 270, "texture": "#0"}, "east": {"uv": [6, 2, 7, 3], "rotation": 270, "texture": "#0"}, "south": {"uv": [6, 2, 7, 3], "rotation": 270, "texture": "#0"}, "west": {"uv": [6, 2, 7, 3], "rotation": 270, "texture": "#0"}, "up": {"uv": [6, 2, 7, 3], "rotation": 270, "texture": "#0"}, "down": {"uv": [6, 2, 7, 3], "rotation": 270, "texture": "#0"} } }, { "name": "hexadecagon", "from": [7.87515, 0.72867, 4.78516], "to": [8.02433, 0.82242, 4.97266], "rotation": {"angle": 45, "axis": "z", "origin": [7.94974, 1.10367, 4.87891]}, "faces": { "north": {"uv": [6, 2, 7, 3], "rotation": 270, "texture": "#0"}, "east": {"uv": [6, 2, 7, 3], "rotation": 270, "texture": "#0"}, "south": {"uv": [6, 2, 7, 3], "rotation": 270, "texture": "#0"}, "west": {"uv": [6, 2, 7, 3], "rotation": 270, "texture": "#0"}, "up": {"uv": [6, 2, 7, 3], "rotation": 270, "texture": "#0"}, "down": {"uv": [6, 2, 7, 3], "rotation": 270, "texture": "#0"} } }, { "name": "hexadecagon", "from": [8.23099, 1.02908, 4.78516], "to": [8.32474, 1.17826, 4.97266], "rotation": {"angle": -22.5, "axis": "z", "origin": [7.94974, 1.10367, 4.87891]}, "faces": { "north": {"uv": [6, 2, 7, 3], "rotation": 270, "texture": "#0"}, "east": {"uv": [6, 2, 7, 3], "rotation": 270, "texture": "#0"}, "south": {"uv": [6, 2, 7, 3], "rotation": 270, "texture": "#0"}, "west": {"uv": [6, 2, 7, 3], "rotation": 270, "texture": "#0"}, "up": {"uv": [6, 2, 7, 3], "rotation": 270, "texture": "#0"}, "down": {"uv": [6, 2, 7, 3], "rotation": 270, "texture": "#0"} } }, { "name": "hexadecagon", "from": [8.23099, 1.02908, 4.78516], "to": [8.32474, 1.17826, 4.97266], "rotation": {"angle": 0, "axis": "y", "origin": [7.94974, 1.10367, 4.87891]}, "faces": { "north": {"uv": [6, 2, 7, 3], "rotation": 270, "texture": "#0"}, "east": {"uv": [6, 2, 7, 3], "rotation": 270, "texture": "#0"}, "south": {"uv": [6, 2, 7, 3], "rotation": 270, "texture": "#0"}, "west": {"uv": [6, 2, 7, 3], "rotation": 270, "texture": "#0"}, "up": {"uv": [6, 2, 7, 3], "rotation": 270, "texture": "#0"}, "down": {"uv": [6, 2, 7, 3], "rotation": 270, "texture": "#0"} } }, { "name": "hexadecagon", "from": [6.98099, 1.06033, 4.80078], "to": [8.98099, 1.14701, 4.97266], "rotation": {"angle": 0, "axis": "y", "origin": [8.04349, 1.10367, 4.87891]}, "faces": { "north": {"uv": [1, 5, 3, 7], "texture": "#0"}, "east": {"uv": [1, 5, 3, 7], "texture": "#0"}, "south": {"uv": [1, 5, 3, 7], "texture": "#0"}, "west": {"uv": [1, 5, 3, 7], "texture": "#0"}, "up": {"uv": [1, 5, 3, 7], "texture": "#0"}, "down": {"uv": [1, 5, 3, 7], "texture": "#0"} } }, { "name": "hexadecagon", "from": [6.35599, 1.07595, 4.80078], "to": [9.60599, 1.13139, 4.97266], "rotation": {"angle": 0, "axis": "y", "origin": [8.66849, 1.10367, 4.87891]}, "faces": { "north": {"uv": [1, 5, 3, 7], "texture": "#0"}, "east": {"uv": [1, 5, 3, 7], "texture": "#0"}, "south": {"uv": [1, 5, 3, 7], "texture": "#0"}, "west": {"uv": [1, 5, 3, 7], "texture": "#0"}, "up": {"uv": [1, 5, 3, 7], "texture": "#0"}, "down": {"uv": [1, 5, 3, 7], "texture": "#0"} } }, { "name": "hexadecagon", "from": [8.23099, 1.02908, 4.78516], "to": [8.32474, 1.17826, 4.97266], "rotation": {"angle": 22.5, "axis": "z", "origin": [7.94974, 1.10367, 4.87891]}, "faces": { "north": {"uv": [6, 2, 7, 3], "rotation": 270, "texture": "#0"}, "east": {"uv": [6, 2, 7, 3], "rotation": 270, "texture": "#0"}, "south": {"uv": [6, 2, 7, 3], "rotation": 270, "texture": "#0"}, "west": {"uv": [6, 2, 7, 3], "rotation": 270, "texture": "#0"}, "up": {"uv": [6, 2, 7, 3], "rotation": 270, "texture": "#0"}, "down": {"uv": [6, 2, 7, 3], "rotation": 270, "texture": "#0"} } }, { "name": "hexadecagon", "from": [7.87515, 1.38492, 4.78516], "to": [8.02433, 1.47867, 4.97266], "rotation": {"angle": -45, "axis": "z", "origin": [7.94974, 1.10367, 4.87891]}, "faces": { "north": {"uv": [6, 2, 7, 3], "rotation": 270, "texture": "#0"}, "east": {"uv": [6, 2, 7, 3], "rotation": 270, "texture": "#0"}, "south": {"uv": [6, 2, 7, 3], "rotation": 270, "texture": "#0"}, "west": {"uv": [6, 2, 7, 3], "rotation": 270, "texture": "#0"}, "up": {"uv": [6, 2, 7, 3], "rotation": 270, "texture": "#0"}, "down": {"uv": [6, 2, 7, 3], "rotation": 270, "texture": "#0"} } }, { "name": "hexadecagon", "from": [7.87515, 1.38492, 4.78516], "to": [8.02433, 1.47867, 4.97266], "rotation": {"angle": -22.5, "axis": "z", "origin": [7.94974, 1.10367, 4.87891]}, "faces": { "north": {"uv": [6, 2, 7, 3], "rotation": 270, "texture": "#0"}, "east": {"uv": [6, 2, 7, 3], "rotation": 270, "texture": "#0"}, "south": {"uv": [6, 2, 7, 3], "rotation": 270, "texture": "#0"}, "west": {"uv": [6, 2, 7, 3], "rotation": 270, "texture": "#0"}, "up": {"uv": [6, 2, 7, 3], "rotation": 270, "texture": "#0"}, "down": {"uv": [6, 2, 7, 3], "rotation": 270, "texture": "#0"} } }, { "name": "hexadecagon", "from": [7.87515, 1.38492, 4.78516], "to": [8.02433, 1.47867, 4.97266], "rotation": {"angle": 0, "axis": "y", "origin": [7.94974, 1.75992, 4.87891]}, "faces": { "north": {"uv": [6, 2, 7, 3], "rotation": 270, "texture": "#0"}, "east": {"uv": [6, 2, 7, 3], "rotation": 270, "texture": "#0"}, "south": {"uv": [6, 2, 7, 3], "rotation": 270, "texture": "#0"}, "west": {"uv": [6, 2, 7, 3], "rotation": 270, "texture": "#0"}, "up": {"uv": [6, 2, 7, 3], "rotation": 270, "texture": "#0"}, "down": {"uv": [6, 2, 7, 3], "rotation": 270, "texture": "#0"} } }, { "name": "hexadecagon", "from": [7.87515, 1.38492, 4.78516], "to": [8.02433, 1.47867, 4.97266], "rotation": {"angle": 22.5, "axis": "z", "origin": [7.94974, 1.10367, 4.87891]}, "faces": { "north": {"uv": [6, 2, 7, 3], "rotation": 270, "texture": "#0"}, "east": {"uv": [6, 2, 7, 3], "rotation": 270, "texture": "#0"}, "south": {"uv": [6, 2, 7, 3], "rotation": 270, "texture": "#0"}, "west": {"uv": [6, 2, 7, 3], "rotation": 270, "texture": "#0"}, "up": {"uv": [6, 2, 7, 3], "rotation": 270, "texture": "#0"}, "down": {"uv": [6, 2, 7, 3], "rotation": 270, "texture": "#0"} } }, { "name": "hexadecagon", "from": [7.7052, 1.43384, 4.78516], "to": [7.79895, 1.58302, 4.97266], "rotation": {"angle": 22.5, "axis": "z", "origin": [7.75208, 1.50843, 4.87891]}, "faces": { "north": {"uv": [6, 2, 7, 3], "rotation": 270, "texture": "#0"}, "east": {"uv": [6, 2, 7, 3], "rotation": 270, "texture": "#0"}, "south": {"uv": [6, 2, 7, 3], "rotation": 270, "texture": "#0"}, "west": {"uv": [6, 2, 7, 3], "rotation": 270, "texture": "#0"}, "up": {"uv": [6, 2, 7, 3], "rotation": 270, "texture": "#0"}, "down": {"uv": [6, 2, 7, 3], "rotation": 270, "texture": "#0"} } }, { "from": [3.875, 0, 4.875], "to": [12.125, 2.25, 5], "rotation": {"angle": 0, "axis": "y", "origin": [12, 8, 12]}, "faces": { "north": {"uv": [11, 12, 15, 14], "texture": "#0"}, "east": {"uv": [11, 12, 15, 14], "texture": "#0"}, "south": {"uv": [11, 12, 15, 14], "texture": "#0"}, "west": {"uv": [11, 12, 15, 14], "texture": "#0"}, "up": {"uv": [11, 12, 15, 14], "texture": "#0"}, "down": {"uv": [11, 12, 15, 14], "texture": "#0"} } }, { "from": [12, 0, 5], "to": [12.125, 2.25, 13], "rotation": {"angle": 0, "axis": "y", "origin": [12.0625, 1.5, 9.125]}, "faces": { "north": {"uv": [11, 12, 15, 14], "texture": "#0"}, "east": {"uv": [11, 12, 15, 14], "texture": "#0"}, "south": {"uv": [11, 12, 15, 14], "texture": "#0"}, "west": {"uv": [11, 12, 15, 14], "texture": "#0"}, "up": {"uv": [11, 12, 15, 14], "texture": "#0"}, "down": {"uv": [11, 12, 15, 14], "texture": "#0"} } }, { "from": [3.875, 0, 13], "to": [12.125, 2.25, 13.125], "rotation": {"angle": 0, "axis": "y", "origin": [12, 8, 20.125]}, "faces": { "north": {"uv": [11, 12, 15, 14], "texture": "#0"}, "east": {"uv": [11, 12, 15, 14], "texture": "#0"}, "south": {"uv": [11, 12, 15, 14], "texture": "#0"}, "west": {"uv": [11, 12, 15, 14], "texture": "#0"}, "up": {"uv": [11, 12, 15, 14], "texture": "#0"}, "down": {"uv": [11, 12, 15, 14], "texture": "#0"} } }, { "from": [3.875, 0, 5], "to": [4, 2.25, 13], "rotation": {"angle": 0, "axis": "y", "origin": [3.9375, 1.5, 9.125]}, "faces": { "north": {"uv": [11, 12, 15, 14], "texture": "#0"}, "east": {"uv": [11, 12, 15, 14], "texture": "#0"}, "south": {"uv": [11, 12, 15, 14], "texture": "#0"}, "west": {"uv": [11, 12, 15, 14], "texture": "#0"}, "up": {"uv": [11, 12, 15, 14], "texture": "#0"}, "down": {"uv": [11, 12, 15, 14], "texture": "#0"} } }, { "from": [6, 0.3125, 4.8125], "to": [10, 1.9375, 4.875], "rotation": {"angle": 0, "axis": "y", "origin": [12, 8, 11.875]}, "faces": { "north": {"uv": [1, 1, 3, 3], "texture": "#0"}, "east": {"uv": [1, 1, 3, 3], "texture": "#0"}, "south": {"uv": [1, 1, 3, 3], "texture": "#0"}, "west": {"uv": [1, 1, 3, 3], "texture": "#0"}, "up": {"uv": [1, 1, 3, 3], "texture": "#0"}, "down": {"uv": [1, 1, 3, 3], "texture": "#0"} } }, { "from": [9.85938, 1.67188, 4.79688], "to": [9.98438, 1.79688, 4.8125], "rotation": {"angle": 0, "axis": "y", "origin": [11.98438, 7.85938, 11.8125]}, "faces": { "north": {"uv": [1, 5, 3, 7], "texture": "#0"}, "east": {"uv": [1, 5, 3, 7], "texture": "#0"}, "south": {"uv": [1, 5, 3, 7], "texture": "#0"}, "west": {"uv": [1, 5, 3, 7], "texture": "#0"}, "up": {"uv": [1, 5, 3, 7], "texture": "#0"}, "down": {"uv": [1, 5, 3, 7], "texture": "#0"} } }, { "from": [5.98438, 1.67188, 4.79688], "to": [6.10938, 1.79688, 4.8125], "rotation": {"angle": 0, "axis": "y", "origin": [8.10938, 7.85938, 11.8125]}, "faces": { "north": {"uv": [1, 5, 3, 7], "texture": "#0"}, "east": {"uv": [1, 5, 3, 7], "texture": "#0"}, "south": {"uv": [1, 5, 3, 7], "texture": "#0"}, "west": {"uv": [1, 5, 3, 7], "texture": "#0"}, "up": {"uv": [1, 5, 3, 7], "texture": "#0"}, "down": {"uv": [1, 5, 3, 7], "texture": "#0"} } }, { "from": [9.85938, 0.45313, 4.79688], "to": [9.98438, 0.57813, 4.8125], "rotation": {"angle": 0, "axis": "y", "origin": [11.98438, 6.64063, 11.8125]}, "faces": { "north": {"uv": [1, 5, 3, 7], "texture": "#0"}, "east": {"uv": [1, 5, 3, 7], "texture": "#0"}, "south": {"uv": [1, 5, 3, 7], "texture": "#0"}, "west": {"uv": [1, 5, 3, 7], "texture": "#0"}, "up": {"uv": [1, 5, 3, 7], "texture": "#0"}, "down": {"uv": [1, 5, 3, 7], "texture": "#0"} } }, { "from": [5.98438, 0.45313, 4.79688], "to": [6.10938, 0.57813, 4.8125], "rotation": {"angle": 0, "axis": "y", "origin": [8.10938, 6.64063, 11.8125]}, "faces": { "north": {"uv": [1, 5, 3, 7], "texture": "#0"}, "east": {"uv": [1, 5, 3, 7], "texture": "#0"}, "south": {"uv": [1, 5, 3, 7], "texture": "#0"}, "west": {"uv": [1, 5, 3, 7], "texture": "#0"}, "up": {"uv": [1, 5, 3, 7], "texture": "#0"}, "down": {"uv": [1, 5, 3, 7], "texture": "#0"} } }, { "from": [9.85938, 1.04688, 4.79688], "to": [9.98438, 1.17188, 4.8125], "rotation": {"angle": 0, "axis": "y", "origin": [11.98438, 7.23438, 11.8125]}, "faces": { "north": {"uv": [1, 5, 3, 7], "texture": "#0"}, "east": {"uv": [1, 5, 3, 7], "texture": "#0"}, "south": {"uv": [1, 5, 3, 7], "texture": "#0"}, "west": {"uv": [1, 5, 3, 7], "texture": "#0"}, "up": {"uv": [1, 5, 3, 7], "texture": "#0"}, "down": {"uv": [1, 5, 3, 7], "texture": "#0"} } }, { "from": [5.98438, 1.04688, 4.79688], "to": [6.10938, 1.17188, 4.8125], "rotation": {"angle": 0, "axis": "y", "origin": [8.10938, 7.23438, 11.8125]}, "faces": { "north": {"uv": [1, 5, 3, 7], "texture": "#0"}, "east": {"uv": [1, 5, 3, 7], "texture": "#0"}, "south": {"uv": [1, 5, 3, 7], "texture": "#0"}, "west": {"uv": [1, 5, 3, 7], "texture": "#0"}, "up": {"uv": [1, 5, 3, 7], "texture": "#0"}, "down": {"uv": [1, 5, 3, 7], "texture": "#0"} } }, { "from": [9.97694, 0.38501, 4.8125], "to": [10.10194, 1.86939, 4.875], "rotation": {"angle": 0, "axis": "y", "origin": [7.97694, 1.15064, 4.84375]}, "faces": { "north": {"uv": [1, 1, 3, 3], "texture": "#0"}, "east": {"uv": [1, 1, 3, 3], "texture": "#0"}, "south": {"uv": [1, 1, 3, 3], "texture": "#0"}, "west": {"uv": [1, 1, 3, 3], "texture": "#0"}, "up": {"uv": [1, 1, 3, 3], "texture": "#0"}, "down": {"uv": [1, 1, 3, 3], "texture": "#0"} } }, { "from": [5.89806, 0.38501, 4.8125], "to": [6.02306, 1.86939, 4.875], "rotation": {"angle": 0, "axis": "y", "origin": [6.08485, 1.12544, 4.84375]}, "faces": { "north": {"uv": [1, 1, 3, 3], "texture": "#0"}, "east": {"uv": [1, 1, 3, 3], "texture": "#0"}, "south": {"uv": [1, 1, 3, 3], "texture": "#0"}, "west": {"uv": [1, 1, 3, 3], "texture": "#0"}, "up": {"uv": [1, 1, 3, 3], "texture": "#0"}, "down": {"uv": [1, 1, 3, 3], "texture": "#0"} } }, { "from": [9.60343, 0.94383, 4.8125], "to": [9.66593, 1.56883, 4.875], "rotation": {"angle": -22.5, "axis": "z", "origin": [10.72843, 0.75633, 4.84375]}, "faces": { "north": {"uv": [1, 1, 3, 3], "texture": "#0"}, "east": {"uv": [1, 1, 3, 3], "texture": "#0"}, "south": {"uv": [1, 1, 3, 3], "texture": "#0"}, "west": {"uv": [1, 1, 3, 3], "texture": "#0"}, "up": {"uv": [1, 1, 3, 3], "texture": "#0"}, "down": {"uv": [1, 1, 3, 3], "texture": "#0"} } }, { "from": [6.25472, 1.28316, 4.8125], "to": [6.31722, 1.90816, 4.875], "rotation": {"angle": 22.5, "axis": "z", "origin": [6.08485, 1.12544, 4.84375]}, "faces": { "north": {"uv": [1, 1, 3, 3], "texture": "#0"}, "east": {"uv": [1, 1, 3, 3], "texture": "#0"}, "south": {"uv": [1, 1, 3, 3], "texture": "#0"}, "west": {"uv": [1, 1, 3, 3], "texture": "#0"}, "up": {"uv": [1, 1, 3, 3], "texture": "#0"}, "down": {"uv": [1, 1, 3, 3], "texture": "#0"} } }, { "from": [9.82762, 1.35801, 4.8125], "to": [9.89012, 1.98301, 4.875], "rotation": {"angle": -45, "axis": "z", "origin": [9.85887, 1.67051, 4.84375]}, "faces": { "north": {"uv": [1, 1, 3, 3], "texture": "#0"}, "east": {"uv": [1, 1, 3, 3], "texture": "#0"}, "south": {"uv": [1, 1, 3, 3], "texture": "#0"}, "west": {"uv": [1, 1, 3, 3], "texture": "#0"}, "up": {"uv": [1, 1, 3, 3], "texture": "#0"}, "down": {"uv": [1, 1, 3, 3], "texture": "#0"} } }, { "from": [6.47882, 1.15857, 4.8125], "to": [6.54132, 1.78357, 4.875], "rotation": {"angle": 45, "axis": "z", "origin": [6.08485, 1.12544, 4.84375]}, "faces": { "north": {"uv": [1, 1, 3, 3], "texture": "#0"}, "east": {"uv": [1, 1, 3, 3], "texture": "#0"}, "south": {"uv": [1, 1, 3, 3], "texture": "#0"}, "west": {"uv": [1, 1, 3, 3], "texture": "#0"}, "up": {"uv": [1, 1, 3, 3], "texture": "#0"}, "down": {"uv": [1, 1, 3, 3], "texture": "#0"} } }, { "from": [9.87565, 0.31263, 4.8125], "to": [9.93815, 0.93763, 4.875], "rotation": {"angle": 22.5, "axis": "z", "origin": [9.93815, 0.62513, 4.84375]}, "faces": { "north": {"uv": [1, 1, 3, 3], "texture": "#0"}, "east": {"uv": [1, 1, 3, 3], "texture": "#0"}, "south": {"uv": [1, 1, 3, 3], "texture": "#0"}, "west": {"uv": [1, 1, 3, 3], "texture": "#0"}, "up": {"uv": [1, 1, 3, 3], "texture": "#0"}, "down": {"uv": [1, 1, 3, 3], "texture": "#0"} } }, { "from": [6.25506, 0.34191, 4.8125], "to": [6.31756, 0.96691, 4.875], "rotation": {"angle": -22.5, "axis": "z", "origin": [6.08485, 1.12544, 4.84375]}, "faces": { "north": {"uv": [1, 1, 3, 3], "texture": "#0"}, "east": {"uv": [1, 1, 3, 3], "texture": "#0"}, "south": {"uv": [1, 1, 3, 3], "texture": "#0"}, "west": {"uv": [1, 1, 3, 3], "texture": "#0"}, "up": {"uv": [1, 1, 3, 3], "texture": "#0"}, "down": {"uv": [1, 1, 3, 3], "texture": "#0"} } }, { "from": [9.82762, 0.26699, 4.8125], "to": [9.89012, 0.89199, 4.875], "rotation": {"angle": 45, "axis": "z", "origin": [9.85887, 0.57949, 4.84375]}, "faces": { "north": {"uv": [1, 1, 3, 3], "texture": "#0"}, "east": {"uv": [1, 1, 3, 3], "texture": "#0"}, "south": {"uv": [1, 1, 3, 3], "texture": "#0"}, "west": {"uv": [1, 1, 3, 3], "texture": "#0"}, "up": {"uv": [1, 1, 3, 3], "texture": "#0"}, "down": {"uv": [1, 1, 3, 3], "texture": "#0"} } }, { "from": [6.47945, 0.46669, 4.8125], "to": [6.54195, 1.09169, 4.875], "rotation": {"angle": -45, "axis": "z", "origin": [6.08485, 1.12544, 4.84375]}, "faces": { "north": {"uv": [1, 1, 3, 3], "texture": "#0"}, "east": {"uv": [1, 1, 3, 3], "texture": "#0"}, "south": {"uv": [1, 1, 3, 3], "texture": "#0"}, "west": {"uv": [1, 1, 3, 3], "texture": "#0"}, "up": {"uv": [1, 1, 3, 3], "texture": "#0"}, "down": {"uv": [1, 1, 3, 3], "texture": "#0"} } } ], "display": { "thirdperson_righthand": { "rotation": [-90, -180, 0], "translation": [0, -1.5, 3.25], "scale": [0.38242, 0.4, 0.50156] }, "thirdperson_lefthand": { "rotation": [-90, -180, 0], "translation": [0, -1.5, 3.25], "scale": [0.38242, 0.4, 0.50156] }, "firstperson_righthand": { "translation": [0, 80, 0] }, "firstperson_lefthand": { "translation": [0, 80, 0] }, "ground": { "translation": [0, 6.75, -0.75] }, "gui": { "rotation": [34, 157, 0], "translation": [-0.25, 5.25, 0] }, "head": { "translation": [0, 14, -1.6], "scale": [1.78203, 1.575, 1.7957] }, "fixed": { "rotation": [-90, 0, 0], "translation": [0, -1.75, -15], "scale": [2, 2, 2] } }, "groups": [ { "name": "group", "origin": [7.98645, 0.78968, 3.25], "color": 0, "children": [0, 1, 2, 3, 4, 5, 6, 7, 8, 9, 10, 11, 12, 13, 14, 15, 16, 17, 18, 19, 20, 21, 22, 23, 24, 25, 26, 27, 28, 29, 30, 31] }, { "name": "band", "origin": [3.9375, 1.5, 9.125], "color": 0, "children": [32, 33, 34, 35] }, { "name": "group", "origin": [6.08485, 1.12544, 4.84375], "color": 0, "children": [36, 37, 38, 39, 40, 41, 42, 43, 44, 45, 46, 47, 48, 49, 50, 51, 52] } ] }