{ "credit": "Made with Blockbench", "textures": { "0": "block/satanicratmask" }, "elements": [ { "from": [7.1, 4.98804, 1.93505], "to": [8.9, 5.58804, 4.83505], "rotation": {"angle": 0, "axis": "x", "origin": [8, 5.48804, -0.06495]}, "faces": { "north": {"uv": [1, 1, 2, 2], "texture": "#0"}, "east": {"uv": [1, 1, 2, 2], "texture": "#0"}, "south": {"uv": [1, 1, 2, 2], "texture": "#0"}, "west": {"uv": [1, 1, 2, 2], "texture": "#0"}, "up": {"uv": [1, 1, 2, 2], "texture": "#0"}, "down": {"uv": [1, 1, 2, 2], "texture": "#0"} } }, { "from": [7.21481, 4.98804, 1.82025], "to": [8.78481, 5.58804, 3.62025], "rotation": {"angle": 0, "axis": "x", "origin": [8.66481, 5.16442, 2.52992]}, "faces": { "north": {"uv": [1, 1, 2, 2], "texture": "#0"}, "east": {"uv": [1, 1, 2, 2], "texture": "#0"}, "south": {"uv": [1, 1, 2, 2], "texture": "#0"}, "west": {"uv": [1, 1, 2, 2], "texture": "#0"}, "up": {"uv": [1, 1, 2, 2], "texture": "#0"}, "down": {"uv": [1, 1, 2, 2], "texture": "#0"} } }, { "from": [7.21481, 4.71088, 1.93505], "to": [8.78481, 5.71088, 4.83505], "rotation": {"angle": 0, "axis": "x", "origin": [7.96481, 5.21088, -0.06495]}, "faces": { "north": {"uv": [1, 1, 2, 2], "texture": "#0"}, "east": {"uv": [1, 1, 2, 2], "texture": "#0"}, "south": {"uv": [1, 1, 2, 2], "texture": "#0"}, "west": {"uv": [1, 1, 2, 2], "texture": "#0"}, "up": {"uv": [1, 1, 2, 2], "texture": "#0"}, "down": {"uv": [1, 1, 2, 2], "texture": "#0"} } }, { "from": [7.59365, 4.94789, 1.93505], "to": [8.59365, 5.24789, 4.83505], "rotation": {"angle": -22.5, "axis": "z", "origin": [8.09365, 4.34789, -0.06495]}, "faces": { "north": {"uv": [1, 1, 2, 2], "rotation": 90, "texture": "#0"}, "east": {"uv": [1, 1, 2, 2], "rotation": 90, "texture": "#0"}, "south": {"uv": [1, 1, 2, 2], "rotation": 90, "texture": "#0"}, "west": {"uv": [1, 1, 2, 2], "rotation": 90, "texture": "#0"}, "up": {"uv": [1, 1, 2, 2], "rotation": 90, "texture": "#0"}, "down": {"uv": [1, 1, 2, 2], "rotation": 90, "texture": "#0"} } }, { "from": [7.21481, 4.97305, 1.80677], "to": [8.78481, 5.27305, 2.80677], "rotation": {"angle": -22.5, "axis": "x", "origin": [8.66481, 5.16442, 2.52992]}, "faces": { "north": {"uv": [1, 1, 2, 2], "rotation": 270, "texture": "#0"}, "east": {"uv": [1, 1, 2, 2], "rotation": 270, "texture": "#0"}, "south": {"uv": [1, 1, 2, 2], "rotation": 270, "texture": "#0"}, "west": {"uv": [1, 1, 2, 2], "rotation": 270, "texture": "#0"}, "up": {"uv": [1, 1, 2, 2], "rotation": 270, "texture": "#0"}, "down": {"uv": [1, 1, 2, 2], "rotation": 270, "texture": "#0"} } }, { "from": [7.21481, 4.57305, 3.90677], "to": [8.78481, 5.27305, 4.90677], "rotation": {"angle": -45, "axis": "x", "origin": [8.66481, 5.16442, 4.62992]}, "faces": { "north": {"uv": [1, 1, 2, 2], "rotation": 270, "texture": "#0"}, "east": {"uv": [1, 1, 2, 2], "rotation": 270, "texture": "#0"}, "south": {"uv": [1, 1, 2, 2], "rotation": 270, "texture": "#0"}, "west": {"uv": [1, 1, 2, 2], "rotation": 270, "texture": "#0"}, "up": {"uv": [1, 1, 2, 2], "rotation": 270, "texture": "#0"}, "down": {"uv": [1, 1, 2, 2], "rotation": 270, "texture": "#0"} } }, { "from": [7.21481, 4.37305, 4.10677], "to": [8.78481, 5.07305, 5.10677], "rotation": {"angle": -22.5, "axis": "x", "origin": [8.66481, 4.96442, 4.82992]}, "faces": { "north": {"uv": [1, 1, 2, 2], "rotation": 270, "texture": "#0"}, "east": {"uv": [1, 1, 2, 2], "rotation": 270, "texture": "#0"}, "south": {"uv": [1, 1, 2, 2], "rotation": 270, "texture": "#0"}, "west": {"uv": [1, 1, 2, 2], "rotation": 270, "texture": "#0"}, "up": {"uv": [1, 1, 2, 2], "rotation": 270, "texture": "#0"}, "down": {"uv": [1, 1, 2, 2], "rotation": 270, "texture": "#0"} } }, { "from": [7.40635, 4.94789, 1.93505], "to": [8.40635, 5.24789, 4.83505], "rotation": {"angle": 22.5, "axis": "z", "origin": [7.90635, 4.34789, -0.06495]}, "faces": { "north": {"uv": [1, 1, 2, 2], "rotation": 90, "texture": "#0"}, "east": {"uv": [1, 1, 2, 2], "rotation": 90, "texture": "#0"}, "south": {"uv": [1, 1, 2, 2], "rotation": 90, "texture": "#0"}, "west": {"uv": [1, 1, 2, 2], "rotation": 90, "texture": "#0"}, "up": {"uv": [1, 1, 2, 2], "rotation": 90, "texture": "#0"}, "down": {"uv": [1, 1, 2, 2], "rotation": 90, "texture": "#0"} } }, { "from": [7.2, 7, 3.8], "to": [8.8, 10.5, 4.8], "rotation": {"angle": 22.5, "axis": "x", "origin": [8, 7.5, 4.3]}, "faces": { "north": {"uv": [4, 1, 5, 2], "rotation": 180, "texture": "#0"}, "east": {"uv": [4, 1, 5, 2], "rotation": 180, "texture": "#0"}, "south": {"uv": [4, 1, 5, 2], "rotation": 180, "texture": "#0"}, "west": {"uv": [4, 1, 5, 2], "rotation": 180, "texture": "#0"}, "up": {"uv": [4, 1, 5, 2], "rotation": 180, "texture": "#0"}, "down": {"uv": [4, 1, 5, 2], "rotation": 180, "texture": "#0"} } }, { "from": [7.1, 4.25453, 3.27895], "to": [8.9, 5.25453, 5.87895], "rotation": {"angle": -45, "axis": "x", "origin": [8, 4.75453, 1.87895]}, "faces": { "north": {"uv": [4, 1, 5, 2], "texture": "#0"}, "east": {"uv": [4, 1, 5, 2], "texture": "#0"}, "south": {"uv": [4, 1, 5, 2], "texture": "#0"}, "west": {"uv": [4, 1, 5, 2], "texture": "#0"}, "up": {"uv": [4, 1, 5, 2], "texture": "#0"}, "down": {"uv": [4, 1, 5, 2], "texture": "#0"} } }, { "from": [7, 4.48804, 1.93505], "to": [9, 4.98804, 4.83505], "rotation": {"angle": -22.5, "axis": "x", "origin": [8, 4.48804, -0.06495]}, "faces": { "north": {"uv": [4, 1, 5, 2], "texture": "#0"}, "east": {"uv": [4, 1, 5, 2], "texture": "#0"}, "south": {"uv": [4, 1, 5, 2], "texture": "#0"}, "west": {"uv": [4, 1, 5, 2], "texture": "#0"}, "up": {"uv": [4, 1, 5, 2], "texture": "#0"}, "down": {"uv": [4, 1, 5, 2], "texture": "#0"} } }, { "from": [7, 5.21535, 1.49147], "to": [9, 5.71535, 4.49147], "rotation": {"angle": 0, "axis": "x", "origin": [8, 5.21535, -0.40853]}, "faces": { "north": {"uv": [4, 1, 5, 2], "texture": "#0"}, "east": {"uv": [4, 1, 5, 2], "texture": "#0"}, "south": {"uv": [4, 1, 5, 2], "texture": "#0"}, "west": {"uv": [4, 1, 5, 2], "texture": "#0"}, "up": {"uv": [4, 1, 5, 2], "texture": "#0"}, "down": {"uv": [4, 1, 5, 2], "texture": "#0"} } }, { "from": [7, 4.25453, 3.87895], "to": [9, 5.25453, 6.17895], "rotation": {"angle": -45, "axis": "x", "origin": [8, 4.75453, 2.47895]}, "faces": { "north": {"uv": [4, 1, 5, 2], "texture": "#0"}, "east": {"uv": [4, 1, 5, 2], "texture": "#0"}, "south": {"uv": [4, 1, 5, 2], "texture": "#0"}, "west": {"uv": [4, 1, 5, 2], "texture": "#0"}, "up": {"uv": [4, 1, 5, 2], "texture": "#0"}, "down": {"uv": [4, 1, 5, 2], "texture": "#0"} } }, { "from": [7, 4.25453, 4.27895], "to": [9, 5.25453, 6.57895], "rotation": {"angle": -45, "axis": "x", "origin": [8, 4.75453, 2.87895]}, "faces": { "north": {"uv": [4, 1, 5, 2], "texture": "#0"}, "east": {"uv": [4, 1, 5, 2], "texture": "#0"}, "south": {"uv": [4, 1, 5, 2], "texture": "#0"}, "west": {"uv": [4, 1, 5, 2], "texture": "#0"}, "up": {"uv": [4, 1, 5, 2], "texture": "#0"}, "down": {"uv": [4, 1, 5, 2], "texture": "#0"} } }, { "from": [7.3, 5.21535, 1.19147], "to": [8.7, 5.71535, 2.99147], "rotation": {"angle": 0, "axis": "x", "origin": [8, 5.21535, -0.40853]}, "faces": { "north": {"uv": [4, 1, 5, 2], "texture": "#0"}, "east": {"uv": [4, 1, 5, 2], "texture": "#0"}, "south": {"uv": [4, 1, 5, 2], "texture": "#0"}, "west": {"uv": [4, 1, 5, 2], "texture": "#0"}, "up": {"uv": [4, 1, 5, 2], "texture": "#0"}, "down": {"uv": [4, 1, 5, 2], "texture": "#0"} } }, { "from": [8.05, 4.31535, 1.39147], "to": [8.55, 5.51535, 1.69147], "rotation": {"angle": 0, "axis": "x", "origin": [7.95, 5.21535, -0.40853]}, "faces": { "north": {"uv": [5, 4, 4, 5], "texture": "#0"}, "east": {"uv": [5, 4, 4, 5], "texture": "#0"}, "south": {"uv": [5, 4, 4, 5], "texture": "#0"}, "west": {"uv": [5, 4, 4, 5], "texture": "#0"}, "up": {"uv": [5, 4, 4, 5], "texture": "#0"}, "down": {"uv": [5, 4, 4, 5], "texture": "#0"} } }, { "from": [7.45, 4.21535, 1.39147], "to": [7.95, 5.51535, 1.69147], "rotation": {"angle": 0, "axis": "x", "origin": [8.05, 5.21535, -0.40853]}, "faces": { "north": {"uv": [5, 4, 4, 5], "texture": "#0"}, "east": {"uv": [5, 4, 4, 5], "texture": "#0"}, "south": {"uv": [5, 4, 4, 5], "texture": "#0"}, "west": {"uv": [5, 4, 4, 5], "texture": "#0"}, "up": {"uv": [5, 4, 4, 5], "texture": "#0"}, "down": {"uv": [5, 4, 4, 5], "texture": "#0"} } }, { "from": [5.34835, 5.21535, 2.57977], "to": [6.74835, 5.71535, 2.99977], "rotation": {"angle": 45, "axis": "y", "origin": [6.04835, 5.21535, -0.47023]}, "faces": { "north": {"uv": [4, 1, 5, 2], "texture": "#0"}, "east": {"uv": [4, 1, 5, 2], "texture": "#0"}, "south": {"uv": [4, 1, 5, 2], "texture": "#0"}, "west": {"uv": [4, 1, 5, 2], "texture": "#0"}, "up": {"uv": [4, 1, 5, 2], "texture": "#0"}, "down": {"uv": [4, 1, 5, 2], "texture": "#0"} } }, { "from": [9.25165, 5.21535, 2.57977], "to": [10.65165, 5.71535, 2.99977], "rotation": {"angle": -45, "axis": "y", "origin": [9.95165, 5.21535, -0.47023]}, "faces": { "north": {"uv": [4, 1, 5, 2], "texture": "#0"}, "east": {"uv": [4, 1, 5, 2], "texture": "#0"}, "south": {"uv": [4, 1, 5, 2], "texture": "#0"}, "west": {"uv": [4, 1, 5, 2], "texture": "#0"}, "up": {"uv": [4, 1, 5, 2], "texture": "#0"}, "down": {"uv": [4, 1, 5, 2], "texture": "#0"} } }, { "from": [7.65, 5.41535, 1.29147], "to": [8.35, 6.01535, 1.79147], "rotation": {"angle": 0, "axis": "x", "origin": [8, 5.21535, -0.40853]}, "faces": { "north": {"uv": [1, 7, 2, 8], "texture": "#0"}, "east": {"uv": [1, 7, 2, 8], "texture": "#0"}, "south": {"uv": [1, 7, 2, 8], "texture": "#0"}, "west": {"uv": [1, 7, 2, 8], "texture": "#0"}, "up": {"uv": [1, 7, 2, 8], "texture": "#0"}, "down": {"uv": [1, 7, 2, 8], "texture": "#0"} } }, { "from": [7, 5.51535, 2.59147], "to": [9, 6.01535, 4.49147], "rotation": {"angle": 0, "axis": "x", "origin": [8, 5.51535, -0.40853]}, "faces": { "north": {"uv": [4, 1, 5, 2], "texture": "#0"}, "east": {"uv": [4, 1, 5, 2], "texture": "#0"}, "south": {"uv": [4, 1, 5, 2], "texture": "#0"}, "west": {"uv": [4, 1, 5, 2], "texture": "#0"}, "up": {"uv": [4, 1, 5, 2], "texture": "#0"}, "down": {"uv": [4, 1, 5, 2], "texture": "#0"} } }, { "from": [6.85, 5.6, 2.2], "to": [7.05, 6.6, 2.4], "rotation": {"angle": 22.5, "axis": "z", "origin": [6.95, 6.35, 2.3]}, "faces": { "north": {"uv": [10, 1, 11, 2], "rotation": 270, "texture": "#0"}, "east": {"uv": [10, 1, 11, 2], "rotation": 270, "texture": "#0"}, "south": {"uv": [10, 1, 11, 2], "rotation": 270, "texture": "#0"}, "west": {"uv": [10, 1, 11, 2], "rotation": 270, "texture": "#0"}, "up": {"uv": [10, 1, 11, 2], "rotation": 270, "texture": "#0"}, "down": {"uv": [10, 1, 11, 2], "rotation": 270, "texture": "#0"} } }, { "from": [5.45843, 7.70037, 2.2], "to": [6.25843, 7.90037, 2.4], "rotation": {"angle": -22.5, "axis": "z", "origin": [4.80611, 7.66067, 2.3]}, "faces": { "north": {"uv": [10, 1, 11, 2], "texture": "#0"}, "east": {"uv": [10, 1, 11, 2], "texture": "#0"}, "south": {"uv": [10, 1, 11, 2], "texture": "#0"}, "west": {"uv": [10, 1, 11, 2], "texture": "#0"}, "up": {"uv": [10, 1, 11, 2], "texture": "#0"}, "down": {"uv": [10, 1, 11, 2], "texture": "#0"} } }, { "from": [3.94157, 7.70037, 2.2], "to": [4.74157, 7.90037, 2.4], "rotation": {"angle": 22.5, "axis": "z", "origin": [5.39389, 7.66067, 2.3]}, "faces": { "north": {"uv": [10, 1, 11, 2], "texture": "#0"}, "east": {"uv": [10, 1, 11, 2], "texture": "#0"}, "south": {"uv": [10, 1, 11, 2], "texture": "#0"}, "west": {"uv": [10, 1, 11, 2], "texture": "#0"}, "up": {"uv": [10, 1, 11, 2], "texture": "#0"}, "down": {"uv": [10, 1, 11, 2], "texture": "#0"} } }, { "from": [6.45843, 6.00037, 1.5], "to": [7.25843, 6.20037, 1.7], "rotation": {"angle": -22.5, "axis": "z", "origin": [5.80611, 5.96067, 1.6]}, "faces": { "north": {"uv": [10, 1, 11, 2], "texture": "#0"}, "east": {"uv": [10, 1, 11, 2], "texture": "#0"}, "south": {"uv": [10, 1, 11, 2], "texture": "#0"}, "west": {"uv": [10, 1, 11, 2], "texture": "#0"}, "up": {"uv": [10, 1, 11, 2], "texture": "#0"}, "down": {"uv": [10, 1, 11, 2], "texture": "#0"} } }, { "from": [4.54157, 6.00037, 1.5], "to": [5.34157, 6.20037, 1.7], "rotation": {"angle": 22.5, "axis": "z", "origin": [5.99389, 5.96067, 1.6]}, "faces": { "north": {"uv": [10, 1, 11, 2], "texture": "#0"}, "east": {"uv": [10, 1, 11, 2], "texture": "#0"}, "south": {"uv": [10, 1, 11, 2], "texture": "#0"}, "west": {"uv": [10, 1, 11, 2], "texture": "#0"}, "up": {"uv": [10, 1, 11, 2], "texture": "#0"}, "down": {"uv": [10, 1, 11, 2], "texture": "#0"} } }, { "from": [5.75843, 6.90037, 1.8], "to": [6.55843, 7.10037, 2], "rotation": {"angle": -22.5, "axis": "z", "origin": [5.10611, 6.86067, 1.9]}, "faces": { "north": {"uv": [10, 1, 11, 2], "texture": "#0"}, "east": {"uv": [10, 1, 11, 2], "texture": "#0"}, "south": {"uv": [10, 1, 11, 2], "texture": "#0"}, "west": {"uv": [10, 1, 11, 2], "texture": "#0"}, "up": {"uv": [10, 1, 11, 2], "texture": "#0"}, "down": {"uv": [10, 1, 11, 2], "texture": "#0"} } }, { "from": [4.24157, 6.90037, 1.8], "to": [5.04157, 7.10037, 2], "rotation": {"angle": 22.5, "axis": "z", "origin": [5.69389, 6.86067, 1.9]}, "faces": { "north": {"uv": [10, 1, 11, 2], "texture": "#0"}, "east": {"uv": [10, 1, 11, 2], "texture": "#0"}, "south": {"uv": [10, 1, 11, 2], "texture": "#0"}, "west": {"uv": [10, 1, 11, 2], "texture": "#0"}, "up": {"uv": [10, 1, 11, 2], "texture": "#0"}, "down": {"uv": [10, 1, 11, 2], "texture": "#0"} } }, { "from": [6.24568, 6.32886, 2.2], "to": [6.44568, 7.32886, 2.4], "rotation": {"angle": 45, "axis": "z", "origin": [6.34568, 7.07886, 2.3]}, "faces": { "north": {"uv": [10, 1, 11, 2], "rotation": 270, "texture": "#0"}, "east": {"uv": [10, 1, 11, 2], "rotation": 270, "texture": "#0"}, "south": {"uv": [10, 1, 11, 2], "rotation": 270, "texture": "#0"}, "west": {"uv": [10, 1, 11, 2], "rotation": 270, "texture": "#0"}, "up": {"uv": [10, 1, 11, 2], "rotation": 270, "texture": "#0"}, "down": {"uv": [10, 1, 11, 2], "rotation": 270, "texture": "#0"} } }, { "from": [6.54568, 5.42886, 1.8], "to": [6.74568, 6.52886, 2], "rotation": {"angle": 45, "axis": "z", "origin": [6.64568, 6.27886, 1.9]}, "faces": { "north": {"uv": [10, 1, 11, 2], "rotation": 270, "texture": "#0"}, "east": {"uv": [10, 1, 11, 2], "rotation": 270, "texture": "#0"}, "south": {"uv": [10, 1, 11, 2], "rotation": 270, "texture": "#0"}, "west": {"uv": [10, 1, 11, 2], "rotation": 270, "texture": "#0"}, "up": {"uv": [10, 1, 11, 2], "rotation": 270, "texture": "#0"}, "down": {"uv": [10, 1, 11, 2], "rotation": 270, "texture": "#0"} } }, { "from": [4.70051, 7.43249, 2.2], "to": [5.50051, 7.63249, 2.4], "rotation": {"angle": 0, "axis": "z", "origin": [5.45283, 7.39279, 2.3]}, "faces": { "north": {"uv": [10, 1, 11, 2], "texture": "#0"}, "east": {"uv": [10, 1, 11, 2], "texture": "#0"}, "south": {"uv": [10, 1, 11, 2], "texture": "#0"}, "west": {"uv": [10, 1, 11, 2], "texture": "#0"}, "up": {"uv": [10, 1, 11, 2], "texture": "#0"}, "down": {"uv": [10, 1, 11, 2], "texture": "#0"} } }, { "from": [5.30051, 5.73249, 1.5], "to": [6.50051, 5.93249, 1.7], "rotation": {"angle": 0, "axis": "z", "origin": [6.45283, 5.69279, 1.6]}, "faces": { "north": {"uv": [10, 1, 11, 2], "texture": "#0"}, "east": {"uv": [10, 1, 11, 2], "texture": "#0"}, "south": {"uv": [10, 1, 11, 2], "texture": "#0"}, "west": {"uv": [10, 1, 11, 2], "texture": "#0"}, "up": {"uv": [10, 1, 11, 2], "texture": "#0"}, "down": {"uv": [10, 1, 11, 2], "texture": "#0"} } }, { "from": [5.00051, 6.63249, 1.8], "to": [5.80051, 6.83249, 2], "rotation": {"angle": 0, "axis": "z", "origin": [5.75283, 6.59279, 1.9]}, "faces": { "north": {"uv": [10, 1, 11, 2], "texture": "#0"}, "east": {"uv": [10, 1, 11, 2], "texture": "#0"}, "south": {"uv": [10, 1, 11, 2], "texture": "#0"}, "west": {"uv": [10, 1, 11, 2], "texture": "#0"}, "up": {"uv": [10, 1, 11, 2], "texture": "#0"}, "down": {"uv": [10, 1, 11, 2], "texture": "#0"} } }, { "from": [8.95, 5.6, 2.2], "to": [9.15, 6.6, 2.4], "rotation": {"angle": -22.5, "axis": "z", "origin": [9.05, 6.35, 2.3]}, "faces": { "north": {"uv": [10, 1, 11, 2], "rotation": 270, "texture": "#0"}, "east": {"uv": [10, 1, 11, 2], "rotation": 270, "texture": "#0"}, "south": {"uv": [10, 1, 11, 2], "rotation": 270, "texture": "#0"}, "west": {"uv": [10, 1, 11, 2], "rotation": 270, "texture": "#0"}, "up": {"uv": [10, 1, 11, 2], "rotation": 270, "texture": "#0"}, "down": {"uv": [10, 1, 11, 2], "rotation": 270, "texture": "#0"} } }, { "from": [9.74157, 7.70037, 2.2], "to": [10.54157, 7.90037, 2.4], "rotation": {"angle": 22.5, "axis": "z", "origin": [11.19389, 7.66067, 2.3]}, "faces": { "north": {"uv": [10, 1, 11, 2], "texture": "#0"}, "east": {"uv": [10, 1, 11, 2], "texture": "#0"}, "south": {"uv": [10, 1, 11, 2], "texture": "#0"}, "west": {"uv": [10, 1, 11, 2], "texture": "#0"}, "up": {"uv": [10, 1, 11, 2], "texture": "#0"}, "down": {"uv": [10, 1, 11, 2], "texture": "#0"} } }, { "from": [11.25843, 7.70037, 2.2], "to": [12.05843, 7.90037, 2.4], "rotation": {"angle": -22.5, "axis": "z", "origin": [10.60611, 7.66067, 2.3]}, "faces": { "north": {"uv": [10, 1, 11, 2], "texture": "#0"}, "east": {"uv": [10, 1, 11, 2], "texture": "#0"}, "south": {"uv": [10, 1, 11, 2], "texture": "#0"}, "west": {"uv": [10, 1, 11, 2], "texture": "#0"}, "up": {"uv": [10, 1, 11, 2], "texture": "#0"}, "down": {"uv": [10, 1, 11, 2], "texture": "#0"} } }, { "from": [8.74157, 6.00037, 1.5], "to": [9.54157, 6.20037, 1.7], "rotation": {"angle": 22.5, "axis": "z", "origin": [10.19389, 5.96067, 1.6]}, "faces": { "north": {"uv": [10, 1, 11, 2], "texture": "#0"}, "east": {"uv": [10, 1, 11, 2], "texture": "#0"}, "south": {"uv": [10, 1, 11, 2], "texture": "#0"}, "west": {"uv": [10, 1, 11, 2], "texture": "#0"}, "up": {"uv": [10, 1, 11, 2], "texture": "#0"}, "down": {"uv": [10, 1, 11, 2], "texture": "#0"} } }, { "from": [10.65843, 6.00037, 1.5], "to": [11.45843, 6.20037, 1.7], "rotation": {"angle": -22.5, "axis": "z", "origin": [10.00611, 5.96067, 1.6]}, "faces": { "north": {"uv": [10, 1, 11, 2], "texture": "#0"}, "east": {"uv": [10, 1, 11, 2], "texture": "#0"}, "south": {"uv": [10, 1, 11, 2], "texture": "#0"}, "west": {"uv": [10, 1, 11, 2], "texture": "#0"}, "up": {"uv": [10, 1, 11, 2], "texture": "#0"}, "down": {"uv": [10, 1, 11, 2], "texture": "#0"} } }, { "from": [9.44157, 6.90037, 1.8], "to": [10.24157, 7.10037, 2], "rotation": {"angle": 22.5, "axis": "z", "origin": [10.89389, 6.86067, 1.9]}, "faces": { "north": {"uv": [10, 1, 11, 2], "texture": "#0"}, "east": {"uv": [10, 1, 11, 2], "texture": "#0"}, "south": {"uv": [10, 1, 11, 2], "texture": "#0"}, "west": {"uv": [10, 1, 11, 2], "texture": "#0"}, "up": {"uv": [10, 1, 11, 2], "texture": "#0"}, "down": {"uv": [10, 1, 11, 2], "texture": "#0"} } }, { "from": [10.95843, 6.90037, 1.8], "to": [11.75843, 7.10037, 2], "rotation": {"angle": -22.5, "axis": "z", "origin": [10.30611, 6.86067, 1.9]}, "faces": { "north": {"uv": [10, 1, 11, 2], "texture": "#0"}, "east": {"uv": [10, 1, 11, 2], "texture": "#0"}, "south": {"uv": [10, 1, 11, 2], "texture": "#0"}, "west": {"uv": [10, 1, 11, 2], "texture": "#0"}, "up": {"uv": [10, 1, 11, 2], "texture": "#0"}, "down": {"uv": [10, 1, 11, 2], "texture": "#0"} } }, { "from": [9.55432, 6.32886, 2.2], "to": [9.75432, 7.32886, 2.4], "rotation": {"angle": -45, "axis": "z", "origin": [9.65432, 7.07886, 2.3]}, "faces": { "north": {"uv": [10, 1, 11, 2], "rotation": 270, "texture": "#0"}, "east": {"uv": [10, 1, 11, 2], "rotation": 270, "texture": "#0"}, "south": {"uv": [10, 1, 11, 2], "rotation": 270, "texture": "#0"}, "west": {"uv": [10, 1, 11, 2], "rotation": 270, "texture": "#0"}, "up": {"uv": [10, 1, 11, 2], "rotation": 270, "texture": "#0"}, "down": {"uv": [10, 1, 11, 2], "rotation": 270, "texture": "#0"} } }, { "from": [9.25432, 5.42886, 1.8], "to": [9.45432, 6.52886, 2], "rotation": {"angle": -45, "axis": "z", "origin": [9.35432, 6.27886, 1.9]}, "faces": { "north": {"uv": [10, 1, 11, 2], "rotation": 270, "texture": "#0"}, "east": {"uv": [10, 1, 11, 2], "rotation": 270, "texture": "#0"}, "south": {"uv": [10, 1, 11, 2], "rotation": 270, "texture": "#0"}, "west": {"uv": [10, 1, 11, 2], "rotation": 270, "texture": "#0"}, "up": {"uv": [10, 1, 11, 2], "rotation": 270, "texture": "#0"}, "down": {"uv": [10, 1, 11, 2], "rotation": 270, "texture": "#0"} } }, { "from": [10.49949, 7.43249, 2.2], "to": [11.29949, 7.63249, 2.4], "rotation": {"angle": 0, "axis": "z", "origin": [10.54717, 7.39279, 2.3]}, "faces": { "north": {"uv": [10, 1, 11, 2], "texture": "#0"}, "east": {"uv": [10, 1, 11, 2], "texture": "#0"}, "south": {"uv": [10, 1, 11, 2], "texture": "#0"}, "west": {"uv": [10, 1, 11, 2], "texture": "#0"}, "up": {"uv": [10, 1, 11, 2], "texture": "#0"}, "down": {"uv": [10, 1, 11, 2], "texture": "#0"} } }, { "from": [9.49949, 5.73249, 1.5], "to": [10.69949, 5.93249, 1.7], "rotation": {"angle": 0, "axis": "z", "origin": [9.54717, 5.69279, 1.6]}, "faces": { "north": {"uv": [10, 1, 11, 2], "texture": "#0"}, "east": {"uv": [10, 1, 11, 2], "texture": "#0"}, "south": {"uv": [10, 1, 11, 2], "texture": "#0"}, "west": {"uv": [10, 1, 11, 2], "texture": "#0"}, "up": {"uv": [10, 1, 11, 2], "texture": "#0"}, "down": {"uv": [10, 1, 11, 2], "texture": "#0"} } }, { "from": [10.19949, 6.63249, 1.8], "to": [10.99949, 6.83249, 2], "rotation": {"angle": 0, "axis": "z", "origin": [10.24717, 6.59279, 1.9]}, "faces": { "north": {"uv": [10, 1, 11, 2], "texture": "#0"}, "east": {"uv": [10, 1, 11, 2], "texture": "#0"}, "south": {"uv": [10, 1, 11, 2], "texture": "#0"}, "west": {"uv": [10, 1, 11, 2], "texture": "#0"}, "up": {"uv": [10, 1, 11, 2], "texture": "#0"}, "down": {"uv": [10, 1, 11, 2], "texture": "#0"} } }, { "from": [4.8, 6.85, 3.9], "to": [6.3, 8.35, 4.9], "rotation": {"angle": 0, "axis": "y", "origin": [-2.2, 15.35, 11.9]}, "faces": { "north": {"uv": [1, 7, 2, 8], "texture": "#0"}, "east": {"uv": [1, 7, 2, 8], "texture": "#0"}, "south": {"uv": [1, 7, 2, 8], "texture": "#0"}, "west": {"uv": [1, 7, 2, 8], "texture": "#0"}, "up": {"uv": [1, 7, 2, 8], "texture": "#0"}, "down": {"uv": [1, 7, 2, 8], "texture": "#0"} } }, { "from": [4.9, 7.65, 3.85], "to": [5.5, 8.25, 4.7], "rotation": {"angle": 0, "axis": "y", "origin": [-2.9, 15.35, 11.7]}, "faces": { "north": {"uv": [4, 4, 5, 5], "texture": "#0"}, "east": {"uv": [4, 4, 5, 5], "texture": "#0"}, "south": {"uv": [4, 4, 5, 5], "texture": "#0"}, "west": {"uv": [4, 4, 5, 5], "texture": "#0"}, "up": {"uv": [4, 4, 5, 5], "texture": "#0"}, "down": {"uv": [4, 4, 5, 5], "texture": "#0"} } }, { "from": [9.7, 6.85, 3.9], "to": [11.2, 8.35, 4.9], "rotation": {"angle": 0, "axis": "y", "origin": [18.2, 15.35, 11.9]}, "faces": { "north": {"uv": [1, 7, 2, 8], "texture": "#0"}, "east": {"uv": [1, 7, 2, 8], "texture": "#0"}, "south": {"uv": [1, 7, 2, 8], "texture": "#0"}, "west": {"uv": [1, 7, 2, 8], "texture": "#0"}, "up": {"uv": [1, 7, 2, 8], "texture": "#0"}, "down": {"uv": [1, 7, 2, 8], "texture": "#0"} } }, { "from": [10.5, 7.65, 3.85], "to": [11.1, 8.25, 4.7], "rotation": {"angle": 0, "axis": "y", "origin": [18.2, 15.35, 11.7]}, "faces": { "north": {"uv": [4, 4, 5, 5], "texture": "#0"}, "east": {"uv": [4, 4, 5, 5], "texture": "#0"}, "south": {"uv": [4, 4, 5, 5], "texture": "#0"}, "west": {"uv": [4, 4, 5, 5], "texture": "#0"}, "up": {"uv": [4, 4, 5, 5], "texture": "#0"}, "down": {"uv": [4, 4, 5, 5], "texture": "#0"} } }, { "name": "hexadecagon", "from": [10.88129, 10.61878, 11.75213], "to": [11.48129, 13.61878, 12.34887], "rotation": {"angle": 0, "axis": "x", "origin": [8, 12.11272, 11.82]}, "faces": { "north": {"uv": [4, 1, 5, 2], "rotation": 180, "texture": "#0"}, "east": {"uv": [1, 4, 2, 5], "rotation": 180, "texture": "#0"}, "south": {"uv": [4, 1, 5, 2], "rotation": 180, "texture": "#0"}, "west": {"uv": [4, 1, 5, 2], "rotation": 180, "texture": "#0"}, "up": {"uv": [4, 1, 5, 2], "rotation": 270, "texture": "#0"}, "down": {"uv": [4, 1, 5, 2], "rotation": 90, "texture": "#0"} } }, { "name": "hexadecagon", "from": [10.88129, 10.70653, 11.73227], "to": [11.48129, 13.70653, 12.32901], "rotation": {"angle": 22.5, "axis": "x", "origin": [8, 12.11272, 11.82]}, "faces": { "north": {"uv": [4, 1, 5, 2], "rotation": 180, "texture": "#0"}, "east": {"uv": [1, 4, 2, 5], "rotation": 180, "texture": "#0"}, "south": {"uv": [4, 1, 5, 2], "rotation": 180, "texture": "#0"}, "west": {"uv": [4, 1, 5, 2], "rotation": 180, "texture": "#0"}, "up": {"uv": [4, 1, 5, 2], "rotation": 270, "texture": "#0"}, "down": {"uv": [4, 1, 5, 2], "rotation": 90, "texture": "#0"} } }, { "name": "hexadecagon", "from": [10.88129, 10.78, 11.68034], "to": [11.48129, 13.78, 12.27708], "rotation": {"angle": 45, "axis": "x", "origin": [8, 12.11272, 11.82]}, "faces": { "north": {"uv": [4, 1, 5, 2], "rotation": 180, "texture": "#0"}, "east": {"uv": [1, 4, 2, 5], "rotation": 180, "texture": "#0"}, "south": {"uv": [4, 1, 5, 2], "rotation": 180, "texture": "#0"}, "west": {"uv": [4, 1, 5, 2], "rotation": 180, "texture": "#0"}, "up": {"uv": [4, 1, 5, 2], "rotation": 270, "texture": "#0"}, "down": {"uv": [4, 1, 5, 2], "rotation": 90, "texture": "#0"} } }, { "name": "hexadecagon", "from": [10.88129, 11.73174, 10.53528], "to": [11.48129, 12.32848, 13.53528], "rotation": {"angle": -22.5, "axis": "x", "origin": [8, 12.11272, 11.82]}, "faces": { "north": {"uv": [4, 1, 5, 2], "rotation": 270, "texture": "#0"}, "east": {"uv": [1, 4, 2, 5], "rotation": 90, "texture": "#0"}, "south": {"uv": [4, 1, 5, 2], "rotation": 270, "texture": "#0"}, "west": {"uv": [4, 1, 5, 2], "rotation": 270, "texture": "#0"}, "up": {"uv": [4, 1, 5, 2], "texture": "#0"}, "down": {"uv": [4, 1, 5, 2], "rotation": 180, "texture": "#0"} } }, { "name": "hexadecagon", "from": [10.88129, 11.82041, 10.5505], "to": [11.48129, 12.41715, 13.5505], "rotation": {"angle": 0, "axis": "x", "origin": [8, 12.11272, 11.82]}, "faces": { "north": {"uv": [4, 1, 5, 2], "rotation": 270, "texture": "#0"}, "east": {"uv": [1, 4, 2, 5], "rotation": 90, "texture": "#0"}, "south": {"uv": [4, 1, 5, 2], "rotation": 270, "texture": "#0"}, "west": {"uv": [4, 1, 5, 2], "rotation": 270, "texture": "#0"}, "up": {"uv": [4, 1, 5, 2], "texture": "#0"}, "down": {"uv": [4, 1, 5, 2], "rotation": 180, "texture": "#0"} } }, { "name": "hexadecagon", "from": [10.88129, 11.90816, 10.53064], "to": [11.48129, 12.5049, 13.53064], "rotation": {"angle": 22.5, "axis": "x", "origin": [8, 12.11272, 11.82]}, "faces": { "north": {"uv": [4, 1, 5, 2], "rotation": 180, "texture": "#0"}, "east": {"uv": [1, 4, 2, 5], "rotation": 180, "texture": "#0"}, "south": {"uv": [4, 1, 5, 2], "rotation": 180, "texture": "#0"}, "west": {"uv": [4, 1, 5, 2], "rotation": 180, "texture": "#0"}, "up": {"uv": [4, 1, 5, 2], "rotation": 270, "texture": "#0"}, "down": {"uv": [4, 1, 5, 2], "rotation": 90, "texture": "#0"} } }, { "name": "hexadecagon", "from": [10.88129, 11.98163, 10.47871], "to": [11.48129, 12.57837, 13.47871], "rotation": {"angle": 45, "axis": "x", "origin": [8, 12.11272, 11.82]}, "faces": { "north": {"uv": [4, 1, 5, 2], "rotation": 180, "texture": "#0"}, "east": {"uv": [1, 4, 2, 5], "rotation": 180, "texture": "#0"}, "south": {"uv": [4, 1, 5, 2], "rotation": 180, "texture": "#0"}, "west": {"uv": [4, 1, 5, 2], "rotation": 180, "texture": "#0"}, "up": {"uv": [4, 1, 5, 2], "rotation": 270, "texture": "#0"}, "down": {"uv": [4, 1, 5, 2], "rotation": 90, "texture": "#0"} } }, { "name": "hexadecagon", "from": [10.88129, 11.98163, 11.87871], "to": [11.48129, 13.77837, 13.47871], "rotation": {"angle": 45, "axis": "x", "origin": [8, 12.11272, 11.82]}, "faces": { "north": {"uv": [4, 1, 5, 2], "rotation": 180, "texture": "#0"}, "east": {"uv": [1, 4, 2, 5], "rotation": 180, "texture": "#0"}, "south": {"uv": [4, 1, 5, 2], "rotation": 180, "texture": "#0"}, "west": {"uv": [4, 1, 5, 2], "rotation": 180, "texture": "#0"}, "up": {"uv": [4, 1, 5, 2], "rotation": 270, "texture": "#0"}, "down": {"uv": [4, 1, 5, 2], "rotation": 90, "texture": "#0"} } }, { "name": "hexadecagon", "from": [10.88129, 10.53011, 11.73691], "to": [11.48129, 13.53011, 12.33365], "rotation": {"angle": -22.5, "axis": "x", "origin": [8, 12.11272, 11.82]}, "faces": { "north": {"uv": [4, 1, 5, 2], "rotation": 270, "texture": "#0"}, "east": {"uv": [1, 4, 2, 5], "rotation": 90, "texture": "#0"}, "south": {"uv": [4, 1, 5, 2], "rotation": 270, "texture": "#0"}, "west": {"uv": [4, 1, 5, 2], "rotation": 270, "texture": "#0"}, "up": {"uv": [4, 1, 5, 2], "texture": "#0"}, "down": {"uv": [4, 1, 5, 2], "rotation": 180, "texture": "#0"} } }, { "name": "hexadecagon", "from": [11.08129, 10.11878, 11.65268], "to": [11.68129, 10.61878, 12.44832], "rotation": {"angle": 0, "axis": "x", "origin": [8, 12.11272, 11.82]}, "faces": { "north": {"uv": [4, 1, 5, 2], "rotation": 180, "texture": "#0"}, "east": {"uv": [4, 1, 5, 2], "rotation": 180, "texture": "#0"}, "south": {"uv": [4, 1, 5, 2], "rotation": 180, "texture": "#0"}, "west": {"uv": [4, 1, 5, 2], "rotation": 180, "texture": "#0"}, "up": {"uv": [4, 1, 5, 2], "rotation": 270, "texture": "#0"}, "down": {"uv": [4, 1, 5, 2], "rotation": 90, "texture": "#0"} } }, { "name": "hexadecagon", "from": [11.08129, 10.20653, 11.63282], "to": [11.68129, 10.70653, 12.42846], "rotation": {"angle": 22.5, "axis": "x", "origin": [8, 12.11272, 11.82]}, "faces": { "north": {"uv": [4, 1, 5, 2], "rotation": 180, "texture": "#0"}, "east": {"uv": [4, 1, 5, 2], "rotation": 180, "texture": "#0"}, "south": {"uv": [4, 1, 5, 2], "rotation": 180, "texture": "#0"}, "west": {"uv": [4, 1, 5, 2], "rotation": 180, "texture": "#0"}, "up": {"uv": [4, 1, 5, 2], "rotation": 270, "texture": "#0"}, "down": {"uv": [4, 1, 5, 2], "rotation": 90, "texture": "#0"} } }, { "name": "hexadecagon", "from": [11.08129, 10.28, 11.58089], "to": [11.68129, 10.78, 12.37653], "rotation": {"angle": 45, "axis": "x", "origin": [8, 12.11272, 11.82]}, "faces": { "north": {"uv": [4, 1, 5, 2], "rotation": 180, "texture": "#0"}, "east": {"uv": [4, 1, 5, 2], "rotation": 180, "texture": "#0"}, "south": {"uv": [4, 1, 5, 2], "rotation": 180, "texture": "#0"}, "west": {"uv": [4, 1, 5, 2], "rotation": 180, "texture": "#0"}, "up": {"uv": [4, 1, 5, 2], "rotation": 270, "texture": "#0"}, "down": {"uv": [4, 1, 5, 2], "rotation": 90, "texture": "#0"} } }, { "name": "hexadecagon", "from": [11.08129, 11.63229, 10.03528], "to": [11.68129, 12.42793, 10.53528], "rotation": {"angle": -22.5, "axis": "x", "origin": [8, 12.11272, 11.82]}, "faces": { "north": {"uv": [4, 1, 5, 2], "rotation": 270, "texture": "#0"}, "east": {"uv": [4, 1, 5, 2], "rotation": 90, "texture": "#0"}, "south": {"uv": [4, 1, 5, 2], "rotation": 270, "texture": "#0"}, "west": {"uv": [4, 1, 5, 2], "rotation": 270, "texture": "#0"}, "up": {"uv": [4, 1, 5, 2], "texture": "#0"}, "down": {"uv": [4, 1, 5, 2], "rotation": 180, "texture": "#0"} } }, { "name": "hexadecagon", "from": [11.08129, 11.72096, 10.0505], "to": [11.68129, 12.5166, 10.5505], "rotation": {"angle": 0, "axis": "x", "origin": [8, 12.11272, 11.82]}, "faces": { "north": {"uv": [4, 1, 5, 2], "rotation": 270, "texture": "#0"}, "east": {"uv": [4, 1, 5, 2], "rotation": 90, "texture": "#0"}, "south": {"uv": [4, 1, 5, 2], "rotation": 270, "texture": "#0"}, "west": {"uv": [4, 1, 5, 2], "rotation": 270, "texture": "#0"}, "up": {"uv": [4, 1, 5, 2], "texture": "#0"}, "down": {"uv": [4, 1, 5, 2], "rotation": 180, "texture": "#0"} } }, { "name": "hexadecagon", "from": [11.08129, 13.61878, 11.65268], "to": [11.68129, 14.11878, 12.44832], "rotation": {"angle": 0, "axis": "x", "origin": [8, 12.11272, 11.82]}, "faces": { "north": {"uv": [4, 1, 5, 2], "rotation": 180, "texture": "#0"}, "east": {"uv": [4, 1, 5, 2], "rotation": 180, "texture": "#0"}, "south": {"uv": [4, 1, 5, 2], "rotation": 180, "texture": "#0"}, "west": {"uv": [4, 1, 5, 2], "rotation": 180, "texture": "#0"}, "up": {"uv": [4, 1, 5, 2], "rotation": 270, "texture": "#0"}, "down": {"uv": [4, 1, 5, 2], "rotation": 90, "texture": "#0"} } }, { "name": "hexadecagon", "from": [11.08129, 13.70653, 11.63282], "to": [11.68129, 14.20653, 12.42846], "rotation": {"angle": 22.5, "axis": "x", "origin": [8, 12.11272, 11.82]}, "faces": { "north": {"uv": [4, 1, 5, 2], "rotation": 180, "texture": "#0"}, "east": {"uv": [4, 1, 5, 2], "rotation": 180, "texture": "#0"}, "south": {"uv": [4, 1, 5, 2], "rotation": 180, "texture": "#0"}, "west": {"uv": [4, 1, 5, 2], "rotation": 180, "texture": "#0"}, "up": {"uv": [4, 1, 5, 2], "rotation": 270, "texture": "#0"}, "down": {"uv": [4, 1, 5, 2], "rotation": 90, "texture": "#0"} } }, { "name": "hexadecagon", "from": [11.08129, 13.78, 11.58089], "to": [11.68129, 14.28, 13.97653], "rotation": {"angle": 45, "axis": "x", "origin": [8, 12.11272, 11.82]}, "faces": { "north": {"uv": [4, 1, 5, 2], "rotation": 180, "texture": "#0"}, "east": {"uv": [4, 1, 5, 2], "rotation": 180, "texture": "#0"}, "south": {"uv": [4, 1, 5, 2], "rotation": 180, "texture": "#0"}, "west": {"uv": [4, 1, 5, 2], "rotation": 180, "texture": "#0"}, "up": {"uv": [4, 1, 5, 2], "rotation": 270, "texture": "#0"}, "down": {"uv": [4, 1, 5, 2], "rotation": 90, "texture": "#0"} } }, { "name": "hexadecagon", "from": [11.08129, 11.80871, 10.03064], "to": [11.68129, 12.60435, 10.53064], "rotation": {"angle": 22.5, "axis": "x", "origin": [8, 12.11272, 11.82]}, "faces": { "north": {"uv": [4, 1, 5, 2], "rotation": 180, "texture": "#0"}, "east": {"uv": [4, 1, 5, 2], "rotation": 180, "texture": "#0"}, "south": {"uv": [4, 1, 5, 2], "rotation": 180, "texture": "#0"}, "west": {"uv": [4, 1, 5, 2], "rotation": 180, "texture": "#0"}, "up": {"uv": [4, 1, 5, 2], "rotation": 270, "texture": "#0"}, "down": {"uv": [4, 1, 5, 2], "rotation": 90, "texture": "#0"} } }, { "name": "hexadecagon", "from": [11.08129, 11.88218, 9.97871], "to": [11.68129, 12.67782, 10.47871], "rotation": {"angle": 45, "axis": "x", "origin": [8, 12.11272, 11.82]}, "faces": { "north": {"uv": [4, 1, 5, 2], "rotation": 180, "texture": "#0"}, "east": {"uv": [4, 1, 5, 2], "rotation": 180, "texture": "#0"}, "south": {"uv": [4, 1, 5, 2], "rotation": 180, "texture": "#0"}, "west": {"uv": [4, 1, 5, 2], "rotation": 180, "texture": "#0"}, "up": {"uv": [4, 1, 5, 2], "rotation": 270, "texture": "#0"}, "down": {"uv": [4, 1, 5, 2], "rotation": 90, "texture": "#0"} } }, { "name": "hexadecagon", "from": [11.08129, 13.53011, 11.63746], "to": [11.68129, 14.03011, 12.4331], "rotation": {"angle": -22.5, "axis": "x", "origin": [8, 12.11272, 11.82]}, "faces": { "north": {"uv": [4, 1, 5, 2], "rotation": 270, "texture": "#0"}, "east": {"uv": [4, 1, 5, 2], "rotation": 90, "texture": "#0"}, "south": {"uv": [4, 1, 5, 2], "rotation": 270, "texture": "#0"}, "west": {"uv": [4, 1, 5, 2], "rotation": 270, "texture": "#0"}, "up": {"uv": [4, 1, 5, 2], "texture": "#0"}, "down": {"uv": [4, 1, 5, 2], "rotation": 180, "texture": "#0"} } }, { "name": "hexadecagon", "from": [11.08129, 11.88218, 13.47871], "to": [11.68129, 14.27782, 13.97871], "rotation": {"angle": 45, "axis": "x", "origin": [8, 12.11272, 11.82]}, "faces": { "north": {"uv": [4, 1, 5, 2], "rotation": 180, "texture": "#0"}, "east": {"uv": [4, 1, 5, 2], "rotation": 180, "texture": "#0"}, "south": {"uv": [4, 1, 5, 2], "rotation": 180, "texture": "#0"}, "west": {"uv": [4, 1, 5, 2], "rotation": 180, "texture": "#0"}, "up": {"uv": [4, 1, 5, 2], "rotation": 270, "texture": "#0"}, "down": {"uv": [4, 1, 5, 2], "rotation": 90, "texture": "#0"} } }, { "name": "hexadecagon", "from": [11.08129, 10.03011, 11.63746], "to": [11.68129, 10.53011, 12.4331], "rotation": {"angle": -22.5, "axis": "x", "origin": [8, 12.11272, 11.82]}, "faces": { "north": {"uv": [4, 1, 5, 2], "rotation": 270, "texture": "#0"}, "east": {"uv": [4, 1, 5, 2], "rotation": 90, "texture": "#0"}, "south": {"uv": [4, 1, 5, 2], "rotation": 270, "texture": "#0"}, "west": {"uv": [4, 1, 5, 2], "rotation": 270, "texture": "#0"}, "up": {"uv": [4, 1, 5, 2], "texture": "#0"}, "down": {"uv": [4, 1, 5, 2], "rotation": 180, "texture": "#0"} } }, { "name": "hexadecagon", "from": [11.38129, 9.61878, 11.55322], "to": [11.98129, 10.11878, 12.54778], "rotation": {"angle": 0, "axis": "x", "origin": [8, 12.11272, 11.82]}, "faces": { "north": {"uv": [1, 1, 2, 2], "rotation": 180, "texture": "#0"}, "east": {"uv": [1, 1, 2, 2], "rotation": 180, "texture": "#0"}, "south": {"uv": [1, 1, 2, 2], "rotation": 180, "texture": "#0"}, "west": {"uv": [1, 1, 2, 2], "rotation": 180, "texture": "#0"}, "up": {"uv": [1, 1, 2, 2], "rotation": 270, "texture": "#0"}, "down": {"uv": [1, 1, 2, 2], "rotation": 90, "texture": "#0"} } }, { "name": "hexadecagon", "from": [11.38129, 9.70653, 11.53336], "to": [11.98129, 10.20653, 12.52792], "rotation": {"angle": 22.5, "axis": "x", "origin": [8, 12.11272, 11.82]}, "faces": { "north": {"uv": [1, 1, 2, 2], "rotation": 180, "texture": "#0"}, "east": {"uv": [1, 1, 2, 2], "rotation": 180, "texture": "#0"}, "south": {"uv": [1, 1, 2, 2], "rotation": 180, "texture": "#0"}, "west": {"uv": [1, 1, 2, 2], "rotation": 180, "texture": "#0"}, "up": {"uv": [1, 1, 2, 2], "rotation": 270, "texture": "#0"}, "down": {"uv": [1, 1, 2, 2], "rotation": 90, "texture": "#0"} } }, { "name": "hexadecagon", "from": [11.38129, 9.78, 11.48143], "to": [11.98129, 10.28, 12.47599], "rotation": {"angle": 45, "axis": "x", "origin": [8, 12.11272, 11.82]}, "faces": { "north": {"uv": [1, 1, 2, 2], "rotation": 180, "texture": "#0"}, "east": {"uv": [1, 1, 2, 2], "rotation": 180, "texture": "#0"}, "south": {"uv": [1, 1, 2, 2], "rotation": 180, "texture": "#0"}, "west": {"uv": [1, 1, 2, 2], "rotation": 180, "texture": "#0"}, "up": {"uv": [1, 1, 2, 2], "rotation": 270, "texture": "#0"}, "down": {"uv": [1, 1, 2, 2], "rotation": 90, "texture": "#0"} } }, { "name": "hexadecagon", "from": [11.38129, 11.53283, 9.53528], "to": [11.98129, 12.52739, 10.03528], "rotation": {"angle": -22.5, "axis": "x", "origin": [8, 12.11272, 11.82]}, "faces": { "north": {"uv": [1, 1, 2, 2], "rotation": 270, "texture": "#0"}, "east": {"uv": [1, 1, 2, 2], "rotation": 90, "texture": "#0"}, "south": {"uv": [1, 1, 2, 2], "rotation": 270, "texture": "#0"}, "west": {"uv": [1, 1, 2, 2], "rotation": 270, "texture": "#0"}, "up": {"uv": [1, 1, 2, 2], "texture": "#0"}, "down": {"uv": [1, 1, 2, 2], "rotation": 180, "texture": "#0"} } }, { "name": "hexadecagon", "from": [11.38129, 11.6215, 9.5505], "to": [11.98129, 12.61606, 10.0505], "rotation": {"angle": 0, "axis": "x", "origin": [8, 12.11272, 11.82]}, "faces": { "north": {"uv": [1, 1, 2, 2], "rotation": 270, "texture": "#0"}, "east": {"uv": [1, 1, 2, 2], "rotation": 90, "texture": "#0"}, "south": {"uv": [1, 1, 2, 2], "rotation": 270, "texture": "#0"}, "west": {"uv": [1, 1, 2, 2], "rotation": 270, "texture": "#0"}, "up": {"uv": [1, 1, 2, 2], "texture": "#0"}, "down": {"uv": [1, 1, 2, 2], "rotation": 180, "texture": "#0"} } }, { "name": "hexadecagon", "from": [11.38129, 14.11878, 11.55322], "to": [11.98129, 14.61878, 12.54778], "rotation": {"angle": 0, "axis": "x", "origin": [8, 12.11272, 11.82]}, "faces": { "north": {"uv": [1, 1, 2, 2], "rotation": 180, "texture": "#0"}, "east": {"uv": [1, 1, 2, 2], "rotation": 180, "texture": "#0"}, "south": {"uv": [1, 1, 2, 2], "rotation": 180, "texture": "#0"}, "west": {"uv": [1, 1, 2, 2], "rotation": 180, "texture": "#0"}, "up": {"uv": [1, 1, 2, 2], "rotation": 270, "texture": "#0"}, "down": {"uv": [1, 1, 2, 2], "rotation": 90, "texture": "#0"} } }, { "name": "hexadecagon", "from": [11.38129, 14.20653, 11.53336], "to": [11.98129, 14.70653, 12.52792], "rotation": {"angle": 22.5, "axis": "x", "origin": [8, 12.11272, 11.82]}, "faces": { "north": {"uv": [1, 1, 2, 2], "rotation": 180, "texture": "#0"}, "east": {"uv": [1, 1, 2, 2], "rotation": 180, "texture": "#0"}, "south": {"uv": [1, 1, 2, 2], "rotation": 180, "texture": "#0"}, "west": {"uv": [1, 1, 2, 2], "rotation": 180, "texture": "#0"}, "up": {"uv": [1, 1, 2, 2], "rotation": 270, "texture": "#0"}, "down": {"uv": [1, 1, 2, 2], "rotation": 90, "texture": "#0"} } }, { "name": "hexadecagon", "from": [11.38129, 14.28, 11.48143], "to": [11.98129, 14.78, 14.47599], "rotation": {"angle": 45, "axis": "x", "origin": [8, 12.11272, 11.82]}, "faces": { "north": {"uv": [1, 1, 2, 2], "rotation": 180, "texture": "#0"}, "east": {"uv": [1, 1, 2, 2], "rotation": 180, "texture": "#0"}, "south": {"uv": [1, 1, 2, 2], "rotation": 180, "texture": "#0"}, "west": {"uv": [1, 1, 2, 2], "rotation": 180, "texture": "#0"}, "up": {"uv": [1, 1, 2, 2], "rotation": 270, "texture": "#0"}, "down": {"uv": [1, 1, 2, 2], "rotation": 90, "texture": "#0"} } }, { "name": "hexadecagon", "from": [11.38129, 11.70925, 9.53064], "to": [11.98129, 12.70381, 10.03064], "rotation": {"angle": 22.5, "axis": "x", "origin": [8, 12.11272, 11.82]}, "faces": { "north": {"uv": [1, 1, 2, 2], "rotation": 180, "texture": "#0"}, "east": {"uv": [1, 1, 2, 2], "rotation": 180, "texture": "#0"}, "south": {"uv": [1, 1, 2, 2], "rotation": 180, "texture": "#0"}, "west": {"uv": [1, 1, 2, 2], "rotation": 180, "texture": "#0"}, "up": {"uv": [1, 1, 2, 2], "rotation": 270, "texture": "#0"}, "down": {"uv": [1, 1, 2, 2], "rotation": 90, "texture": "#0"} } }, { "name": "hexadecagon", "from": [11.38129, 11.78272, 9.47871], "to": [11.98129, 12.77728, 9.97871], "rotation": {"angle": 45, "axis": "x", "origin": [8, 12.11272, 11.82]}, "faces": { "north": {"uv": [1, 1, 2, 2], "rotation": 180, "texture": "#0"}, "east": {"uv": [1, 1, 2, 2], "rotation": 180, "texture": "#0"}, "south": {"uv": [1, 1, 2, 2], "rotation": 180, "texture": "#0"}, "west": {"uv": [1, 1, 2, 2], "rotation": 180, "texture": "#0"}, "up": {"uv": [1, 1, 2, 2], "rotation": 270, "texture": "#0"}, "down": {"uv": [1, 1, 2, 2], "rotation": 90, "texture": "#0"} } }, { "name": "hexadecagon", "from": [11.38129, 14.03011, 11.538], "to": [11.98129, 14.53011, 12.53256], "rotation": {"angle": -22.5, "axis": "x", "origin": [8, 12.11272, 11.82]}, "faces": { "north": {"uv": [1, 1, 2, 2], "rotation": 270, "texture": "#0"}, "east": {"uv": [1, 1, 2, 2], "rotation": 90, "texture": "#0"}, "south": {"uv": [1, 1, 2, 2], "rotation": 270, "texture": "#0"}, "west": {"uv": [1, 1, 2, 2], "rotation": 270, "texture": "#0"}, "up": {"uv": [1, 1, 2, 2], "texture": "#0"}, "down": {"uv": [1, 1, 2, 2], "rotation": 180, "texture": "#0"} } }, { "name": "hexadecagon", "from": [11.38129, 11.78272, 13.97871], "to": [11.98129, 14.37728, 14.47871], "rotation": {"angle": 45, "axis": "x", "origin": [8, 12.11272, 11.82]}, "faces": { "north": {"uv": [1, 1, 2, 2], "rotation": 180, "texture": "#0"}, "east": {"uv": [1, 1, 2, 2], "rotation": 180, "texture": "#0"}, "south": {"uv": [1, 1, 2, 2], "rotation": 180, "texture": "#0"}, "west": {"uv": [1, 1, 2, 2], "rotation": 180, "texture": "#0"}, "up": {"uv": [1, 1, 2, 2], "rotation": 270, "texture": "#0"}, "down": {"uv": [1, 1, 2, 2], "rotation": 90, "texture": "#0"} } }, { "name": "hexadecagon", "from": [11.38129, 9.53011, 11.538], "to": [11.98129, 10.03011, 12.53256], "rotation": {"angle": -22.5, "axis": "x", "origin": [8, 12.11272, 11.82]}, "faces": { "north": {"uv": [1, 1, 2, 2], "rotation": 270, "texture": "#0"}, "east": {"uv": [1, 1, 2, 2], "rotation": 90, "texture": "#0"}, "south": {"uv": [1, 1, 2, 2], "rotation": 270, "texture": "#0"}, "west": {"uv": [1, 1, 2, 2], "rotation": 270, "texture": "#0"}, "up": {"uv": [1, 1, 2, 2], "texture": "#0"}, "down": {"uv": [1, 1, 2, 2], "rotation": 180, "texture": "#0"} } }, { "name": "hexadecagon", "from": [4.51871, 10.61878, 11.75213], "to": [5.11871, 13.61878, 12.34887], "rotation": {"angle": 0, "axis": "x", "origin": [8, 12.11272, 11.82]}, "faces": { "north": {"uv": [5, 1, 4, 2], "rotation": 180, "texture": "#0"}, "east": {"uv": [5, 1, 4, 2], "rotation": 180, "texture": "#0"}, "south": {"uv": [5, 1, 4, 2], "rotation": 180, "texture": "#0"}, "west": {"uv": [2, 4, 1, 5], "rotation": 180, "texture": "#0"}, "up": {"uv": [4, 2, 5, 1], "rotation": 270, "texture": "#0"}, "down": {"uv": [4, 2, 5, 1], "rotation": 90, "texture": "#0"} } }, { "name": "hexadecagon", "from": [4.51871, 10.70653, 11.73227], "to": [5.11871, 13.70653, 12.32901], "rotation": {"angle": 22.5, "axis": "x", "origin": [8, 12.11272, 11.82]}, "faces": { "north": {"uv": [5, 1, 4, 2], "rotation": 180, "texture": "#0"}, "east": {"uv": [5, 1, 4, 2], "rotation": 180, "texture": "#0"}, "south": {"uv": [5, 1, 4, 2], "rotation": 180, "texture": "#0"}, "west": {"uv": [2, 4, 1, 5], "rotation": 180, "texture": "#0"}, "up": {"uv": [4, 2, 5, 1], "rotation": 270, "texture": "#0"}, "down": {"uv": [4, 2, 5, 1], "rotation": 90, "texture": "#0"} } }, { "name": "hexadecagon", "from": [4.51871, 10.78, 11.68034], "to": [5.11871, 13.78, 12.27708], "rotation": {"angle": 45, "axis": "x", "origin": [8, 12.11272, 11.82]}, "faces": { "north": {"uv": [5, 1, 4, 2], "rotation": 180, "texture": "#0"}, "east": {"uv": [4, 2, 5, 1], "texture": "#0"}, "south": {"uv": [5, 1, 4, 2], "rotation": 180, "texture": "#0"}, "west": {"uv": [1, 5, 2, 4], "texture": "#0"}, "up": {"uv": [4, 2, 5, 1], "rotation": 270, "texture": "#0"}, "down": {"uv": [4, 2, 5, 1], "rotation": 90, "texture": "#0"} } }, { "name": "hexadecagon", "from": [4.51871, 11.73174, 10.53528], "to": [5.11871, 12.32848, 13.53528], "rotation": {"angle": -22.5, "axis": "x", "origin": [8, 12.11272, 11.82]}, "faces": { "north": {"uv": [4, 2, 5, 1], "rotation": 270, "texture": "#0"}, "east": {"uv": [4, 2, 5, 1], "rotation": 270, "texture": "#0"}, "south": {"uv": [4, 2, 5, 1], "rotation": 270, "texture": "#0"}, "west": {"uv": [1, 5, 2, 4], "rotation": 90, "texture": "#0"}, "up": {"uv": [5, 1, 4, 2], "texture": "#0"}, "down": {"uv": [5, 1, 4, 2], "rotation": 180, "texture": "#0"} } }, { "name": "hexadecagon", "from": [4.51871, 11.82041, 10.5505], "to": [5.11871, 12.41715, 13.5505], "rotation": {"angle": 0, "axis": "x", "origin": [8, 12.11272, 11.82]}, "faces": { "north": {"uv": [4, 2, 5, 1], "rotation": 270, "texture": "#0"}, "east": {"uv": [4, 2, 5, 1], "rotation": 270, "texture": "#0"}, "south": {"uv": [4, 2, 5, 1], "rotation": 270, "texture": "#0"}, "west": {"uv": [1, 5, 2, 4], "rotation": 90, "texture": "#0"}, "up": {"uv": [5, 1, 4, 2], "texture": "#0"}, "down": {"uv": [5, 1, 4, 2], "rotation": 180, "texture": "#0"} } }, { "name": "hexadecagon", "from": [4.51871, 11.90816, 10.53064], "to": [5.11871, 12.5049, 13.53064], "rotation": {"angle": 22.5, "axis": "x", "origin": [8, 12.11272, 11.82]}, "faces": { "north": {"uv": [5, 1, 4, 2], "rotation": 180, "texture": "#0"}, "east": {"uv": [5, 1, 4, 2], "rotation": 180, "texture": "#0"}, "south": {"uv": [5, 1, 4, 2], "rotation": 180, "texture": "#0"}, "west": {"uv": [2, 4, 1, 5], "rotation": 180, "texture": "#0"}, "up": {"uv": [4, 2, 5, 1], "rotation": 270, "texture": "#0"}, "down": {"uv": [4, 2, 5, 1], "rotation": 90, "texture": "#0"} } }, { "name": "hexadecagon", "from": [4.51871, 11.98163, 10.47871], "to": [5.11871, 12.57837, 13.47871], "rotation": {"angle": 45, "axis": "x", "origin": [8, 12.11272, 11.82]}, "faces": { "north": {"uv": [5, 1, 4, 2], "rotation": 180, "texture": "#0"}, "east": {"uv": [4, 2, 5, 1], "texture": "#0"}, "south": {"uv": [5, 1, 4, 2], "rotation": 180, "texture": "#0"}, "west": {"uv": [1, 5, 2, 4], "texture": "#0"}, "up": {"uv": [4, 2, 5, 1], "rotation": 270, "texture": "#0"}, "down": {"uv": [4, 2, 5, 1], "rotation": 90, "texture": "#0"} } }, { "name": "hexadecagon", "from": [4.51871, 11.98163, 11.87871], "to": [5.11871, 13.77837, 13.47871], "rotation": {"angle": 45, "axis": "x", "origin": [8, 12.11272, 11.82]}, "faces": { "north": {"uv": [5, 1, 4, 2], "rotation": 180, "texture": "#0"}, "east": {"uv": [4, 2, 5, 1], "texture": "#0"}, "south": {"uv": [5, 1, 4, 2], "rotation": 180, "texture": "#0"}, "west": {"uv": [1, 5, 2, 4], "texture": "#0"}, "up": {"uv": [4, 2, 5, 1], "rotation": 270, "texture": "#0"}, "down": {"uv": [4, 2, 5, 1], "rotation": 90, "texture": "#0"} } }, { "name": "hexadecagon", "from": [4.51871, 10.53011, 11.73691], "to": [5.11871, 13.53011, 12.33365], "rotation": {"angle": -22.5, "axis": "x", "origin": [8, 12.11272, 11.82]}, "faces": { "north": {"uv": [4, 2, 5, 1], "rotation": 270, "texture": "#0"}, "east": {"uv": [4, 2, 5, 1], "rotation": 270, "texture": "#0"}, "south": {"uv": [4, 2, 5, 1], "rotation": 270, "texture": "#0"}, "west": {"uv": [1, 5, 2, 4], "rotation": 90, "texture": "#0"}, "up": {"uv": [5, 1, 4, 2], "texture": "#0"}, "down": {"uv": [5, 1, 4, 2], "rotation": 180, "texture": "#0"} } }, { "name": "hexadecagon", "from": [4.31871, 10.11878, 11.65268], "to": [4.91871, 10.61878, 12.44832], "rotation": {"angle": 0, "axis": "x", "origin": [8, 12.11272, 11.82]}, "faces": { "north": {"uv": [5, 1, 4, 2], "rotation": 180, "texture": "#0"}, "east": {"uv": [5, 1, 4, 2], "rotation": 180, "texture": "#0"}, "south": {"uv": [5, 1, 4, 2], "rotation": 180, "texture": "#0"}, "west": {"uv": [5, 1, 4, 2], "rotation": 180, "texture": "#0"}, "up": {"uv": [4, 2, 5, 1], "rotation": 270, "texture": "#0"}, "down": {"uv": [4, 2, 5, 1], "rotation": 90, "texture": "#0"} } }, { "name": "hexadecagon", "from": [4.31871, 10.20653, 11.63282], "to": [4.91871, 10.70653, 12.42846], "rotation": {"angle": 22.5, "axis": "x", "origin": [8, 12.11272, 11.82]}, "faces": { "north": {"uv": [5, 1, 4, 2], "rotation": 180, "texture": "#0"}, "east": {"uv": [5, 1, 4, 2], "rotation": 180, "texture": "#0"}, "south": {"uv": [5, 1, 4, 2], "rotation": 180, "texture": "#0"}, "west": {"uv": [5, 1, 4, 2], "rotation": 180, "texture": "#0"}, "up": {"uv": [4, 2, 5, 1], "rotation": 270, "texture": "#0"}, "down": {"uv": [4, 2, 5, 1], "rotation": 90, "texture": "#0"} } }, { "name": "hexadecagon", "from": [4.31871, 10.28, 11.58089], "to": [4.91871, 10.78, 12.37653], "rotation": {"angle": 45, "axis": "x", "origin": [8, 12.11272, 11.82]}, "faces": { "north": {"uv": [5, 1, 4, 2], "rotation": 180, "texture": "#0"}, "east": {"uv": [4, 2, 5, 1], "texture": "#0"}, "south": {"uv": [5, 1, 4, 2], "rotation": 180, "texture": "#0"}, "west": {"uv": [4, 2, 5, 1], "texture": "#0"}, "up": {"uv": [4, 2, 5, 1], "rotation": 270, "texture": "#0"}, "down": {"uv": [4, 2, 5, 1], "rotation": 90, "texture": "#0"} } }, { "name": "hexadecagon", "from": [4.31871, 11.63229, 10.03528], "to": [4.91871, 12.42793, 10.53528], "rotation": {"angle": -22.5, "axis": "x", "origin": [8, 12.11272, 11.82]}, "faces": { "north": {"uv": [4, 2, 5, 1], "rotation": 270, "texture": "#0"}, "east": {"uv": [4, 2, 5, 1], "rotation": 270, "texture": "#0"}, "south": {"uv": [4, 2, 5, 1], "rotation": 270, "texture": "#0"}, "west": {"uv": [4, 2, 5, 1], "rotation": 90, "texture": "#0"}, "up": {"uv": [5, 1, 4, 2], "texture": "#0"}, "down": {"uv": [5, 1, 4, 2], "rotation": 180, "texture": "#0"} } }, { "name": "hexadecagon", "from": [4.31871, 11.72096, 10.0505], "to": [4.91871, 12.5166, 10.5505], "rotation": {"angle": 0, "axis": "x", "origin": [8, 12.11272, 11.82]}, "faces": { "north": {"uv": [4, 2, 5, 1], "rotation": 270, "texture": "#0"}, "east": {"uv": [4, 2, 5, 1], "rotation": 270, "texture": "#0"}, "south": {"uv": [4, 2, 5, 1], "rotation": 270, "texture": "#0"}, "west": {"uv": [4, 2, 5, 1], "rotation": 90, "texture": "#0"}, "up": {"uv": [5, 1, 4, 2], "texture": "#0"}, "down": {"uv": [5, 1, 4, 2], "rotation": 180, "texture": "#0"} } }, { "name": "hexadecagon", "from": [4.31871, 13.61878, 11.65268], "to": [4.91871, 14.11878, 12.44832], "rotation": {"angle": 0, "axis": "x", "origin": [8, 12.11272, 11.82]}, "faces": { "north": {"uv": [5, 1, 4, 2], "rotation": 180, "texture": "#0"}, "east": {"uv": [5, 1, 4, 2], "rotation": 180, "texture": "#0"}, "south": {"uv": [5, 1, 4, 2], "rotation": 180, "texture": "#0"}, "west": {"uv": [5, 1, 4, 2], "rotation": 180, "texture": "#0"}, "up": {"uv": [4, 2, 5, 1], "rotation": 270, "texture": "#0"}, "down": {"uv": [4, 2, 5, 1], "rotation": 90, "texture": "#0"} } }, { "name": "hexadecagon", "from": [4.31871, 13.70653, 11.63282], "to": [4.91871, 14.20653, 12.42846], "rotation": {"angle": 22.5, "axis": "x", "origin": [8, 12.11272, 11.82]}, "faces": { "north": {"uv": [5, 1, 4, 2], "rotation": 180, "texture": "#0"}, "east": {"uv": [5, 1, 4, 2], "rotation": 180, "texture": "#0"}, "south": {"uv": [5, 1, 4, 2], "rotation": 180, "texture": "#0"}, "west": {"uv": [5, 1, 4, 2], "rotation": 180, "texture": "#0"}, "up": {"uv": [4, 2, 5, 1], "rotation": 270, "texture": "#0"}, "down": {"uv": [4, 2, 5, 1], "rotation": 90, "texture": "#0"} } }, { "name": "hexadecagon", "from": [4.31871, 13.78, 11.58089], "to": [4.91871, 14.28, 13.97653], "rotation": {"angle": 45, "axis": "x", "origin": [8, 12.11272, 11.82]}, "faces": { "north": {"uv": [5, 1, 4, 2], "rotation": 180, "texture": "#0"}, "east": {"uv": [4, 2, 5, 1], "texture": "#0"}, "south": {"uv": [5, 1, 4, 2], "rotation": 180, "texture": "#0"}, "west": {"uv": [4, 2, 5, 1], "texture": "#0"}, "up": {"uv": [4, 2, 5, 1], "rotation": 270, "texture": "#0"}, "down": {"uv": [4, 2, 5, 1], "rotation": 90, "texture": "#0"} } }, { "name": "hexadecagon", "from": [4.31871, 11.80871, 10.03064], "to": [4.91871, 12.60435, 10.53064], "rotation": {"angle": 22.5, "axis": "x", "origin": [8, 12.11272, 11.82]}, "faces": { "north": {"uv": [5, 1, 4, 2], "rotation": 180, "texture": "#0"}, "east": {"uv": [5, 1, 4, 2], "rotation": 180, "texture": "#0"}, "south": {"uv": [5, 1, 4, 2], "rotation": 180, "texture": "#0"}, "west": {"uv": [5, 1, 4, 2], "rotation": 180, "texture": "#0"}, "up": {"uv": [4, 2, 5, 1], "rotation": 270, "texture": "#0"}, "down": {"uv": [4, 2, 5, 1], "rotation": 90, "texture": "#0"} } }, { "name": "hexadecagon", "from": [4.31871, 11.88218, 9.97871], "to": [4.91871, 12.67782, 10.47871], "rotation": {"angle": 45, "axis": "x", "origin": [8, 12.11272, 11.82]}, "faces": { "north": {"uv": [5, 1, 4, 2], "rotation": 180, "texture": "#0"}, "east": {"uv": [4, 2, 5, 1], "texture": "#0"}, "south": {"uv": [5, 1, 4, 2], "rotation": 180, "texture": "#0"}, "west": {"uv": [4, 2, 5, 1], "texture": "#0"}, "up": {"uv": [4, 2, 5, 1], "rotation": 270, "texture": "#0"}, "down": {"uv": [4, 2, 5, 1], "rotation": 90, "texture": "#0"} } }, { "name": "hexadecagon", "from": [4.31871, 13.53011, 11.63746], "to": [4.91871, 14.03011, 12.4331], "rotation": {"angle": -22.5, "axis": "x", "origin": [8, 12.11272, 11.82]}, "faces": { "north": {"uv": [4, 2, 5, 1], "rotation": 270, "texture": "#0"}, "east": {"uv": [4, 2, 5, 1], "rotation": 270, "texture": "#0"}, "south": {"uv": [4, 2, 5, 1], "rotation": 270, "texture": "#0"}, "west": {"uv": [4, 2, 5, 1], "rotation": 90, "texture": "#0"}, "up": {"uv": [5, 1, 4, 2], "texture": "#0"}, "down": {"uv": [5, 1, 4, 2], "rotation": 180, "texture": "#0"} } }, { "name": "hexadecagon", "from": [4.31871, 11.88218, 13.47871], "to": [4.91871, 14.27782, 13.97871], "rotation": {"angle": 45, "axis": "x", "origin": [8, 12.11272, 11.82]}, "faces": { "north": {"uv": [5, 1, 4, 2], "rotation": 180, "texture": "#0"}, "east": {"uv": [4, 2, 5, 1], "texture": "#0"}, "south": {"uv": [5, 1, 4, 2], "rotation": 180, "texture": "#0"}, "west": {"uv": [4, 2, 5, 1], "texture": "#0"}, "up": {"uv": [4, 2, 5, 1], "rotation": 270, "texture": "#0"}, "down": {"uv": [4, 2, 5, 1], "rotation": 90, "texture": "#0"} } }, { "name": "hexadecagon", "from": [4.31871, 10.03011, 11.63746], "to": [4.91871, 10.53011, 12.4331], "rotation": {"angle": -22.5, "axis": "x", "origin": [8, 12.11272, 11.82]}, "faces": { "north": {"uv": [4, 2, 5, 1], "rotation": 270, "texture": "#0"}, "east": {"uv": [4, 2, 5, 1], "rotation": 270, "texture": "#0"}, "south": {"uv": [4, 2, 5, 1], "rotation": 270, "texture": "#0"}, "west": {"uv": [4, 2, 5, 1], "rotation": 90, "texture": "#0"}, "up": {"uv": [5, 1, 4, 2], "texture": "#0"}, "down": {"uv": [5, 1, 4, 2], "rotation": 180, "texture": "#0"} } }, { "name": "hexadecagon", "from": [4.01871, 9.61878, 11.55322], "to": [4.61871, 10.11878, 12.54778], "rotation": {"angle": 0, "axis": "x", "origin": [8, 12.11272, 11.82]}, "faces": { "north": {"uv": [2, 1, 1, 2], "rotation": 180, "texture": "#0"}, "east": {"uv": [2, 1, 1, 2], "rotation": 180, "texture": "#0"}, "south": {"uv": [2, 1, 1, 2], "rotation": 180, "texture": "#0"}, "west": {"uv": [2, 1, 1, 2], "rotation": 180, "texture": "#0"}, "up": {"uv": [1, 2, 2, 1], "rotation": 270, "texture": "#0"}, "down": {"uv": [1, 2, 2, 1], "rotation": 90, "texture": "#0"} } }, { "name": "hexadecagon", "from": [4.01871, 9.70653, 11.53336], "to": [4.61871, 10.20653, 12.52792], "rotation": {"angle": 22.5, "axis": "x", "origin": [8, 12.11272, 11.82]}, "faces": { "north": {"uv": [2, 1, 1, 2], "rotation": 180, "texture": "#0"}, "east": {"uv": [2, 1, 1, 2], "rotation": 180, "texture": "#0"}, "south": {"uv": [2, 1, 1, 2], "rotation": 180, "texture": "#0"}, "west": {"uv": [2, 1, 1, 2], "rotation": 180, "texture": "#0"}, "up": {"uv": [1, 2, 2, 1], "rotation": 270, "texture": "#0"}, "down": {"uv": [1, 2, 2, 1], "rotation": 90, "texture": "#0"} } }, { "name": "hexadecagon", "from": [4.01871, 9.78, 11.48143], "to": [4.61871, 10.28, 12.47599], "rotation": {"angle": 45, "axis": "x", "origin": [8, 12.11272, 11.82]}, "faces": { "north": {"uv": [2, 1, 1, 2], "rotation": 180, "texture": "#0"}, "east": {"uv": [1, 2, 2, 1], "texture": "#0"}, "south": {"uv": [2, 1, 1, 2], "rotation": 180, "texture": "#0"}, "west": {"uv": [1, 2, 2, 1], "texture": "#0"}, "up": {"uv": [1, 2, 2, 1], "rotation": 270, "texture": "#0"}, "down": {"uv": [1, 2, 2, 1], "rotation": 90, "texture": "#0"} } }, { "name": "hexadecagon", "from": [4.01871, 11.53283, 9.53528], "to": [4.61871, 12.52739, 10.03528], "rotation": {"angle": -22.5, "axis": "x", "origin": [8, 12.11272, 11.82]}, "faces": { "north": {"uv": [1, 2, 2, 1], "rotation": 270, "texture": "#0"}, "east": {"uv": [1, 2, 2, 1], "rotation": 270, "texture": "#0"}, "south": {"uv": [1, 2, 2, 1], "rotation": 270, "texture": "#0"}, "west": {"uv": [1, 2, 2, 1], "rotation": 90, "texture": "#0"}, "up": {"uv": [2, 1, 1, 2], "texture": "#0"}, "down": {"uv": [2, 1, 1, 2], "rotation": 180, "texture": "#0"} } }, { "name": "hexadecagon", "from": [4.01871, 11.6215, 9.5505], "to": [4.61871, 12.61606, 10.0505], "rotation": {"angle": 0, "axis": "x", "origin": [8, 12.11272, 11.82]}, "faces": { "north": {"uv": [1, 2, 2, 1], "rotation": 270, "texture": "#0"}, "east": {"uv": [1, 2, 2, 1], "rotation": 270, "texture": "#0"}, "south": {"uv": [1, 2, 2, 1], "rotation": 270, "texture": "#0"}, "west": {"uv": [1, 2, 2, 1], "rotation": 90, "texture": "#0"}, "up": {"uv": [2, 1, 1, 2], "texture": "#0"}, "down": {"uv": [2, 1, 1, 2], "rotation": 180, "texture": "#0"} } }, { "name": "hexadecagon", "from": [4.01871, 14.11878, 11.55322], "to": [4.61871, 14.61878, 12.54778], "rotation": {"angle": 0, "axis": "x", "origin": [8, 12.11272, 11.82]}, "faces": { "north": {"uv": [2, 1, 1, 2], "rotation": 180, "texture": "#0"}, "east": {"uv": [2, 1, 1, 2], "rotation": 180, "texture": "#0"}, "south": {"uv": [2, 1, 1, 2], "rotation": 180, "texture": "#0"}, "west": {"uv": [2, 1, 1, 2], "rotation": 180, "texture": "#0"}, "up": {"uv": [1, 2, 2, 1], "rotation": 270, "texture": "#0"}, "down": {"uv": [1, 2, 2, 1], "rotation": 90, "texture": "#0"} } }, { "name": "hexadecagon", "from": [4.01871, 14.20653, 11.53336], "to": [4.61871, 14.70653, 12.52792], "rotation": {"angle": 22.5, "axis": "x", "origin": [8, 12.11272, 11.82]}, "faces": { "north": {"uv": [2, 1, 1, 2], "rotation": 180, "texture": "#0"}, "east": {"uv": [2, 1, 1, 2], "rotation": 180, "texture": "#0"}, "south": {"uv": [2, 1, 1, 2], "rotation": 180, "texture": "#0"}, "west": {"uv": [2, 1, 1, 2], "rotation": 180, "texture": "#0"}, "up": {"uv": [1, 2, 2, 1], "rotation": 270, "texture": "#0"}, "down": {"uv": [1, 2, 2, 1], "rotation": 90, "texture": "#0"} } }, { "name": "hexadecagon", "from": [4.01871, 14.28, 11.48143], "to": [4.61871, 14.78, 14.47599], "rotation": {"angle": 45, "axis": "x", "origin": [8, 12.11272, 11.82]}, "faces": { "north": {"uv": [2, 1, 1, 2], "rotation": 180, "texture": "#0"}, "east": {"uv": [1, 2, 2, 1], "texture": "#0"}, "south": {"uv": [2, 1, 1, 2], "rotation": 180, "texture": "#0"}, "west": {"uv": [1, 2, 2, 1], "texture": "#0"}, "up": {"uv": [1, 2, 2, 1], "rotation": 270, "texture": "#0"}, "down": {"uv": [1, 2, 2, 1], "rotation": 90, "texture": "#0"} } }, { "name": "hexadecagon", "from": [4.01871, 11.70925, 9.53064], "to": [4.61871, 12.70381, 10.03064], "rotation": {"angle": 22.5, "axis": "x", "origin": [8, 12.11272, 11.82]}, "faces": { "north": {"uv": [2, 1, 1, 2], "rotation": 180, "texture": "#0"}, "east": {"uv": [2, 1, 1, 2], "rotation": 180, "texture": "#0"}, "south": {"uv": [2, 1, 1, 2], "rotation": 180, "texture": "#0"}, "west": {"uv": [2, 1, 1, 2], "rotation": 180, "texture": "#0"}, "up": {"uv": [1, 2, 2, 1], "rotation": 270, "texture": "#0"}, "down": {"uv": [1, 2, 2, 1], "rotation": 90, "texture": "#0"} } }, { "name": "hexadecagon", "from": [4.01871, 11.78272, 9.47871], "to": [4.61871, 12.77728, 9.97871], "rotation": {"angle": 45, "axis": "x", "origin": [8, 12.11272, 11.82]}, "faces": { "north": {"uv": [2, 1, 1, 2], "rotation": 180, "texture": "#0"}, "east": {"uv": [1, 2, 2, 1], "texture": "#0"}, "south": {"uv": [2, 1, 1, 2], "rotation": 180, "texture": "#0"}, "west": {"uv": [1, 2, 2, 1], "texture": "#0"}, "up": {"uv": [1, 2, 2, 1], "rotation": 270, "texture": "#0"}, "down": {"uv": [1, 2, 2, 1], "rotation": 90, "texture": "#0"} } }, { "name": "hexadecagon", "from": [4.01871, 14.03011, 11.538], "to": [4.61871, 14.53011, 12.53256], "rotation": {"angle": -22.5, "axis": "x", "origin": [8, 12.11272, 11.82]}, "faces": { "north": {"uv": [1, 2, 2, 1], "rotation": 270, "texture": "#0"}, "east": {"uv": [1, 2, 2, 1], "rotation": 270, "texture": "#0"}, "south": {"uv": [1, 2, 2, 1], "rotation": 270, "texture": "#0"}, "west": {"uv": [1, 2, 2, 1], "rotation": 90, "texture": "#0"}, "up": {"uv": [2, 1, 1, 2], "texture": "#0"}, "down": {"uv": [2, 1, 1, 2], "rotation": 180, "texture": "#0"} } }, { "name": "hexadecagon", "from": [4.01871, 11.78272, 13.97871], "to": [4.61871, 14.37728, 14.47871], "rotation": {"angle": 45, "axis": "x", "origin": [8, 12.11272, 11.82]}, "faces": { "north": {"uv": [2, 1, 1, 2], "rotation": 180, "texture": "#0"}, "east": {"uv": [1, 2, 2, 1], "texture": "#0"}, "south": {"uv": [2, 1, 1, 2], "rotation": 180, "texture": "#0"}, "west": {"uv": [1, 2, 2, 1], "texture": "#0"}, "up": {"uv": [1, 2, 2, 1], "rotation": 270, "texture": "#0"}, "down": {"uv": [1, 2, 2, 1], "rotation": 90, "texture": "#0"} } }, { "name": "hexadecagon", "from": [4.01871, 9.53011, 11.538], "to": [4.61871, 10.03011, 12.53256], "rotation": {"angle": -22.5, "axis": "x", "origin": [8, 12.11272, 11.82]}, "faces": { "north": {"uv": [1, 2, 2, 1], "rotation": 270, "texture": "#0"}, "east": {"uv": [1, 2, 2, 1], "rotation": 270, "texture": "#0"}, "south": {"uv": [1, 2, 2, 1], "rotation": 270, "texture": "#0"}, "west": {"uv": [1, 2, 2, 1], "rotation": 90, "texture": "#0"}, "up": {"uv": [2, 1, 1, 2], "texture": "#0"}, "down": {"uv": [2, 1, 1, 2], "rotation": 180, "texture": "#0"} } }, { "from": [11.69249, 7.49005, 9.9], "to": [12.69249, 9.09005, 10.9], "rotation": {"angle": 22.5, "axis": "z", "origin": [7.748, 8.09612, 7.84667]}, "faces": { "north": {"uv": [4, 1, 5, 2], "texture": "#0"}, "east": {"uv": [4, 1, 5, 2], "texture": "#0"}, "south": {"uv": [4, 1, 5, 2], "texture": "#0"}, "west": {"uv": [4, 1, 5, 2], "texture": "#0"}, "up": {"uv": [4, 1, 5, 2], "texture": "#0"}, "down": {"uv": [4, 1, 5, 2], "texture": "#0"} } }, { "from": [4.69467, 6.69005, 11.79116], "to": [5.69467, 8.29005, 12.79116], "rotation": {"angle": -22.5, "axis": "x", "origin": [7.748, 7.29612, 7.84667]}, "faces": { "north": {"uv": [4, 1, 5, 2], "texture": "#0"}, "east": {"uv": [4, 1, 5, 2], "texture": "#0"}, "south": {"uv": [4, 1, 5, 2], "texture": "#0"}, "west": {"uv": [4, 1, 5, 2], "texture": "#0"}, "up": {"uv": [4, 1, 5, 2], "texture": "#0"}, "down": {"uv": [4, 1, 5, 2], "texture": "#0"} } }, { "from": [4.69467, 11.74061, 8.65274], "to": [5.69467, 12.74061, 10.25274], "rotation": {"angle": -22.5, "axis": "x", "origin": [7.748, 7.79612, 9.64667]}, "faces": { "north": {"uv": [4, 1, 5, 2], "rotation": 270, "texture": "#0"}, "east": {"uv": [4, 1, 5, 2], "rotation": 270, "texture": "#0"}, "south": {"uv": [4, 1, 5, 2], "rotation": 270, "texture": "#0"}, "west": {"uv": [4, 1, 5, 2], "rotation": 270, "texture": "#0"}, "up": {"uv": [4, 1, 5, 2], "rotation": 270, "texture": "#0"}, "down": {"uv": [4, 1, 5, 2], "rotation": 270, "texture": "#0"} } }, { "from": [2.88646, 8.6068, 9.9], "to": [3.88646, 10.2068, 10.9], "rotation": {"angle": -22.5, "axis": "z", "origin": [7.748, 8.09612, 7.84667]}, "faces": { "north": {"uv": [4, 1, 5, 2], "texture": "#0"}, "east": {"uv": [4, 1, 5, 2], "texture": "#0"}, "south": {"uv": [4, 1, 5, 2], "texture": "#0"}, "west": {"uv": [4, 1, 5, 2], "texture": "#0"}, "up": {"uv": [4, 1, 5, 2], "texture": "#0"}, "down": {"uv": [4, 1, 5, 2], "texture": "#0"} } }, { "from": [10.50618, 4.62603, 8.9], "to": [11.50618, 6.22603, 9.9], "rotation": {"angle": 22.5, "axis": "z", "origin": [7.748, 8.09612, 7.84667]}, "faces": { "north": {"uv": [7, 1, 8, 2], "texture": "#0"}, "east": {"uv": [7, 1, 8, 2], "texture": "#0"}, "south": {"uv": [7, 1, 8, 2], "texture": "#0"}, "west": {"uv": [7, 1, 8, 2], "texture": "#0"}, "up": {"uv": [7, 1, 8, 2], "texture": "#0"}, "down": {"uv": [7, 1, 8, 2], "texture": "#0"} } }, { "from": [6.39467, 3.02603, 10.60484], "to": [7.39467, 4.62603, 11.60484], "rotation": {"angle": -22.5, "axis": "x", "origin": [8.448, 6.49612, 7.84667]}, "faces": { "north": {"uv": [7, 1, 8, 2], "texture": "#0"}, "east": {"uv": [7, 1, 8, 2], "texture": "#0"}, "south": {"uv": [7, 1, 8, 2], "texture": "#0"}, "west": {"uv": [7, 1, 8, 2], "texture": "#0"}, "up": {"uv": [7, 1, 8, 2], "texture": "#0"}, "down": {"uv": [7, 1, 8, 2], "texture": "#0"} } }, { "from": [6.39467, 10.5543, 11.41676], "to": [7.39467, 11.5543, 13.01676], "rotation": {"angle": -22.5, "axis": "x", "origin": [8.448, 7.79612, 9.54667]}, "faces": { "north": {"uv": [7, 1, 8, 2], "rotation": 270, "texture": "#0"}, "east": {"uv": [7, 1, 8, 2], "rotation": 270, "texture": "#0"}, "south": {"uv": [7, 1, 8, 2], "rotation": 270, "texture": "#0"}, "west": {"uv": [7, 1, 8, 2], "rotation": 270, "texture": "#0"}, "up": {"uv": [7, 1, 8, 2], "rotation": 270, "texture": "#0"}, "down": {"uv": [7, 1, 8, 2], "rotation": 270, "texture": "#0"} } }, { "from": [4.14931, 5.558, 9.9], "to": [5.14931, 7.158, 10.9], "rotation": {"angle": -22.5, "axis": "z", "origin": [7.748, 8.09612, 7.84667]}, "faces": { "north": {"uv": [10, 1, 11, 2], "texture": "#0"}, "east": {"uv": [10, 1, 11, 2], "texture": "#0"}, "south": {"uv": [10, 1, 11, 2], "texture": "#0"}, "west": {"uv": [10, 1, 11, 2], "texture": "#0"}, "up": {"uv": [10, 1, 11, 2], "texture": "#0"}, "down": {"uv": [10, 1, 11, 2], "texture": "#0"} } }, { "from": [11.27154, 6.47378, 7.2], "to": [12.27154, 8.07378, 8.2], "rotation": {"angle": 22.5, "axis": "z", "origin": [7.748, 8.09612, 7.84667]}, "faces": { "north": {"uv": [4, 1, 5, 2], "texture": "#0"}, "east": {"uv": [4, 1, 5, 2], "texture": "#0"}, "south": {"uv": [4, 1, 5, 2], "texture": "#0"}, "west": {"uv": [4, 1, 5, 2], "texture": "#0"}, "up": {"uv": [4, 1, 5, 2], "texture": "#0"}, "down": {"uv": [4, 1, 5, 2], "texture": "#0"} } }, { "from": [11.27154, 2.97378, 7.6], "to": [12.27154, 4.57378, 8.6], "rotation": {"angle": 22.5, "axis": "z", "origin": [7.748, 4.59612, 8.24667]}, "faces": { "north": {"uv": [10, 1, 11, 2], "texture": "#0"}, "east": {"uv": [10, 1, 11, 2], "texture": "#0"}, "south": {"uv": [10, 1, 11, 2], "texture": "#0"}, "west": {"uv": [10, 1, 11, 2], "texture": "#0"}, "up": {"uv": [10, 1, 11, 2], "texture": "#0"}, "down": {"uv": [10, 1, 11, 2], "texture": "#0"} } }, { "from": [7.39467, 4.97378, 11.37021], "to": [8.39467, 6.57378, 12.37021], "rotation": {"angle": -22.5, "axis": "x", "origin": [7.748, 6.59612, 7.84667]}, "faces": { "north": {"uv": [4, 1, 5, 2], "texture": "#0"}, "east": {"uv": [4, 1, 5, 2], "texture": "#0"}, "south": {"uv": [4, 1, 5, 2], "texture": "#0"}, "west": {"uv": [4, 1, 5, 2], "texture": "#0"}, "up": {"uv": [4, 1, 5, 2], "texture": "#0"}, "down": {"uv": [4, 1, 5, 2], "texture": "#0"} } }, { "from": [7.99467, 11.31966, 9.46901], "to": [8.99467, 12.31966, 11.06901], "rotation": {"angle": -22.5, "axis": "x", "origin": [8.348, 7.79612, 9.44667]}, "faces": { "north": {"uv": [10, 1, 11, 2], "rotation": 270, "texture": "#0"}, "east": {"uv": [10, 1, 11, 2], "rotation": 270, "texture": "#0"}, "south": {"uv": [10, 1, 11, 2], "rotation": 270, "texture": "#0"}, "west": {"uv": [10, 1, 11, 2], "rotation": 270, "texture": "#0"}, "up": {"uv": [10, 1, 11, 2], "rotation": 270, "texture": "#0"}, "down": {"uv": [10, 1, 11, 2], "rotation": 270, "texture": "#0"} } }, { "from": [3.69009, 6.66666, 7.9], "to": [4.69009, 8.26666, 8.9], "rotation": {"angle": -22.5, "axis": "z", "origin": [7.748, 8.09612, 7.84667]}, "faces": { "north": {"uv": [4, 1, 5, 2], "texture": "#0"}, "east": {"uv": [4, 1, 5, 2], "texture": "#0"}, "south": {"uv": [4, 1, 5, 2], "texture": "#0"}, "west": {"uv": [4, 1, 5, 2], "texture": "#0"}, "up": {"uv": [4, 1, 5, 2], "texture": "#0"}, "down": {"uv": [4, 1, 5, 2], "texture": "#0"} } }, { "from": [11.99864, 8.22916, 7.8], "to": [12.99864, 9.82916, 8.8], "rotation": {"angle": 22.5, "axis": "z", "origin": [7.748, 8.09612, 7.84667]}, "faces": { "north": {"uv": [7, 1, 8, 2], "texture": "#0"}, "east": {"uv": [7, 1, 8, 2], "texture": "#0"}, "south": {"uv": [7, 1, 8, 2], "texture": "#0"}, "west": {"uv": [7, 1, 8, 2], "texture": "#0"}, "up": {"uv": [7, 1, 8, 2], "texture": "#0"}, "down": {"uv": [7, 1, 8, 2], "texture": "#0"} } }, { "from": [7.79467, 8.22916, 12.0973], "to": [8.79467, 9.82916, 13.0973], "rotation": {"angle": -22.5, "axis": "x", "origin": [8.748, 8.09612, 7.84667]}, "faces": { "north": {"uv": [4, 1, 5, 2], "texture": "#0"}, "east": {"uv": [4, 1, 5, 2], "texture": "#0"}, "south": {"uv": [4, 1, 5, 2], "texture": "#0"}, "west": {"uv": [4, 1, 5, 2], "texture": "#0"}, "up": {"uv": [4, 1, 5, 2], "texture": "#0"}, "down": {"uv": [4, 1, 5, 2], "texture": "#0"} } }, { "from": [8.59467, 12.04676, 6.21363], "to": [9.59467, 13.04676, 7.81363], "rotation": {"angle": -22.5, "axis": "x", "origin": [9.548, 7.79612, 7.94667]}, "faces": { "north": {"uv": [7, 1, 8, 2], "rotation": 270, "texture": "#0"}, "east": {"uv": [7, 1, 8, 2], "rotation": 270, "texture": "#0"}, "south": {"uv": [7, 1, 8, 2], "rotation": 270, "texture": "#0"}, "west": {"uv": [7, 1, 8, 2], "rotation": 270, "texture": "#0"}, "up": {"uv": [7, 1, 8, 2], "rotation": 270, "texture": "#0"}, "down": {"uv": [7, 1, 8, 2], "rotation": 270, "texture": "#0"} } }, { "from": [6.19467, 7.62916, 12.0973], "to": [7.19467, 9.22916, 13.0973], "rotation": {"angle": -22.5, "axis": "x", "origin": [7.148, 7.49612, 7.84667]}, "faces": { "north": {"uv": [7, 1, 8, 2], "texture": "#0"}, "east": {"uv": [7, 1, 8, 2], "texture": "#0"}, "south": {"uv": [7, 1, 8, 2], "texture": "#0"}, "west": {"uv": [7, 1, 8, 2], "texture": "#0"}, "up": {"uv": [7, 1, 8, 2], "texture": "#0"}, "down": {"uv": [7, 1, 8, 2], "texture": "#0"} } }, { "from": [6.19467, 12.04676, 6.81363], "to": [7.19467, 13.04676, 8.41363], "rotation": {"angle": -22.5, "axis": "x", "origin": [7.148, 7.79612, 8.54667]}, "faces": { "north": {"uv": [4, 1, 5, 2], "rotation": 270, "texture": "#0"}, "east": {"uv": [4, 1, 5, 2], "rotation": 270, "texture": "#0"}, "south": {"uv": [4, 1, 5, 2], "rotation": 270, "texture": "#0"}, "west": {"uv": [4, 1, 5, 2], "rotation": 270, "texture": "#0"}, "up": {"uv": [4, 1, 5, 2], "rotation": 270, "texture": "#0"}, "down": {"uv": [4, 1, 5, 2], "rotation": 270, "texture": "#0"} } }, { "from": [2.963, 8.42203, 5], "to": [3.963, 10.02203, 6], "rotation": {"angle": -22.5, "axis": "z", "origin": [7.748, 8.09612, 7.84667]}, "faces": { "north": {"uv": [10, 1, 11, 2], "texture": "#0"}, "east": {"uv": [10, 1, 11, 2], "texture": "#0"}, "south": {"uv": [10, 1, 11, 2], "texture": "#0"}, "west": {"uv": [10, 1, 11, 2], "texture": "#0"}, "up": {"uv": [10, 1, 11, 2], "texture": "#0"}, "down": {"uv": [10, 1, 11, 2], "texture": "#0"} } }, { "from": [11.69249, 7.49005, 4.3], "to": [12.69249, 9.09005, 5.3], "rotation": {"angle": 22.5, "axis": "z", "origin": [7.748, 8.09612, 7.84667]}, "faces": { "north": {"uv": [10, 1, 11, 2], "texture": "#0"}, "east": {"uv": [10, 1, 11, 2], "texture": "#0"}, "south": {"uv": [10, 1, 11, 2], "texture": "#0"}, "west": {"uv": [10, 1, 11, 2], "texture": "#0"}, "up": {"uv": [10, 1, 11, 2], "texture": "#0"}, "down": {"uv": [10, 1, 11, 2], "texture": "#0"} } }, { "from": [10.29467, 6.79005, 11.79116], "to": [11.29467, 8.39005, 12.79116], "rotation": {"angle": -22.5, "axis": "x", "origin": [7.748, 7.39612, 7.84667]}, "faces": { "north": {"uv": [4, 1, 5, 2], "texture": "#0"}, "east": {"uv": [4, 1, 5, 2], "texture": "#0"}, "south": {"uv": [4, 1, 5, 2], "texture": "#0"}, "west": {"uv": [4, 1, 5, 2], "texture": "#0"}, "up": {"uv": [4, 1, 5, 2], "texture": "#0"}, "down": {"uv": [4, 1, 5, 2], "texture": "#0"} } }, { "from": [10.39467, 11.74061, 8.55274], "to": [11.39467, 12.74061, 10.15274], "rotation": {"angle": -22.5, "axis": "x", "origin": [7.848, 7.79612, 9.54667]}, "faces": { "north": {"uv": [4, 1, 5, 2], "rotation": 270, "texture": "#0"}, "east": {"uv": [4, 1, 5, 2], "rotation": 270, "texture": "#0"}, "south": {"uv": [4, 1, 5, 2], "rotation": 270, "texture": "#0"}, "west": {"uv": [4, 1, 5, 2], "rotation": 270, "texture": "#0"}, "up": {"uv": [4, 1, 5, 2], "rotation": 270, "texture": "#0"}, "down": {"uv": [4, 1, 5, 2], "rotation": 270, "texture": "#0"} } }, { "from": [10.39467, 2.69005, 11.79116], "to": [11.39467, 4.29005, 12.79116], "rotation": {"angle": -22.5, "axis": "x", "origin": [7.848, 3.29612, 7.84667]}, "faces": { "north": {"uv": [10, 1, 11, 2], "texture": "#0"}, "east": {"uv": [10, 1, 11, 2], "texture": "#0"}, "south": {"uv": [10, 1, 11, 2], "texture": "#0"}, "west": {"uv": [10, 1, 11, 2], "texture": "#0"}, "up": {"uv": [10, 1, 11, 2], "texture": "#0"}, "down": {"uv": [10, 1, 11, 2], "texture": "#0"} } }, { "from": [8.69467, 11.74061, 11.75274], "to": [9.69467, 12.74061, 13.35274], "rotation": {"angle": -22.5, "axis": "x", "origin": [6.148, 7.79612, 12.74667]}, "faces": { "north": {"uv": [4, 1, 5, 2], "rotation": 270, "texture": "#0"}, "east": {"uv": [4, 1, 5, 2], "rotation": 270, "texture": "#0"}, "south": {"uv": [4, 1, 5, 2], "rotation": 270, "texture": "#0"}, "west": {"uv": [4, 1, 5, 2], "rotation": 270, "texture": "#0"}, "up": {"uv": [4, 1, 5, 2], "rotation": 270, "texture": "#0"}, "down": {"uv": [4, 1, 5, 2], "rotation": 270, "texture": "#0"} } }, { "from": [3.53702, 7.03621, 4.3], "to": [4.53702, 8.63621, 5.3], "rotation": {"angle": -22.5, "axis": "z", "origin": [7.748, 8.09612, 7.84667]}, "faces": { "north": {"uv": [4, 1, 5, 2], "texture": "#0"}, "east": {"uv": [4, 1, 5, 2], "texture": "#0"}, "south": {"uv": [4, 1, 5, 2], "texture": "#0"}, "west": {"uv": [4, 1, 5, 2], "texture": "#0"}, "up": {"uv": [4, 1, 5, 2], "texture": "#0"}, "down": {"uv": [4, 1, 5, 2], "texture": "#0"} } }, { "from": [10.04696, 3.51737, 5.1], "to": [11.04696, 5.11737, 6.1], "rotation": {"angle": 22.5, "axis": "z", "origin": [7.748, 8.09612, 7.84667]}, "faces": { "north": {"uv": [7, 1, 8, 2], "texture": "#0"}, "east": {"uv": [7, 1, 8, 2], "texture": "#0"}, "south": {"uv": [7, 1, 8, 2], "texture": "#0"}, "west": {"uv": [7, 1, 8, 2], "texture": "#0"}, "up": {"uv": [7, 1, 8, 2], "texture": "#0"}, "down": {"uv": [7, 1, 8, 2], "texture": "#0"} } }, { "from": [9.49467, 4.51737, 10.14562], "to": [10.49467, 6.11737, 11.14562], "rotation": {"angle": -22.5, "axis": "x", "origin": [7.748, 9.09612, 7.84667]}, "faces": { "north": {"uv": [4, 1, 5, 2], "texture": "#0"}, "east": {"uv": [4, 1, 5, 2], "texture": "#0"}, "south": {"uv": [4, 1, 5, 2], "texture": "#0"}, "west": {"uv": [4, 1, 5, 2], "texture": "#0"}, "up": {"uv": [4, 1, 5, 2], "texture": "#0"}, "down": {"uv": [4, 1, 5, 2], "texture": "#0"} } }, { "from": [9.49467, 10.09508, 9.92542], "to": [10.49467, 11.09508, 11.52542], "rotation": {"angle": -22.5, "axis": "x", "origin": [7.748, 7.79612, 6.94667]}, "faces": { "north": {"uv": [7, 1, 8, 2], "rotation": 270, "texture": "#0"}, "east": {"uv": [7, 1, 8, 2], "rotation": 270, "texture": "#0"}, "south": {"uv": [7, 1, 8, 2], "rotation": 270, "texture": "#0"}, "west": {"uv": [7, 1, 8, 2], "rotation": 270, "texture": "#0"}, "up": {"uv": [7, 1, 8, 2], "rotation": 270, "texture": "#0"}, "down": {"uv": [7, 1, 8, 2], "rotation": 270, "texture": "#0"} } }, { "from": [5.14429, 3.15591, 4.8], "to": [6.14429, 4.75591, 5.8], "rotation": {"angle": -22.5, "axis": "z", "origin": [7.748, 8.09612, 7.84667]}, "faces": { "north": {"uv": [4, 1, 5, 2], "texture": "#0"}, "east": {"uv": [4, 1, 5, 2], "texture": "#0"}, "south": {"uv": [4, 1, 5, 2], "texture": "#0"}, "west": {"uv": [4, 1, 5, 2], "texture": "#0"}, "up": {"uv": [4, 1, 5, 2], "texture": "#0"}, "down": {"uv": [4, 1, 5, 2], "texture": "#0"} } }, { "from": [4.60853, 4.44934, 6], "to": [5.60853, 6.04934, 7], "rotation": {"angle": -22.5, "axis": "z", "origin": [7.748, 8.09612, 7.84667]}, "faces": { "north": {"uv": [7, 1, 8, 2], "texture": "#0"}, "east": {"uv": [7, 1, 8, 2], "texture": "#0"}, "south": {"uv": [7, 1, 8, 2], "texture": "#0"}, "west": {"uv": [7, 1, 8, 2], "texture": "#0"}, "up": {"uv": [7, 1, 8, 2], "texture": "#0"}, "down": {"uv": [7, 1, 8, 2], "texture": "#0"} } }, { "from": [9.81735, 2.96304, 10.3], "to": [10.81735, 4.56304, 11.3], "rotation": {"angle": 22.5, "axis": "z", "origin": [7.748, 8.09612, 7.84667]}, "faces": { "north": {"uv": [4, 1, 5, 2], "texture": "#0"}, "east": {"uv": [4, 1, 5, 2], "texture": "#0"}, "south": {"uv": [4, 1, 5, 2], "texture": "#0"}, "west": {"uv": [4, 1, 5, 2], "texture": "#0"}, "up": {"uv": [4, 1, 5, 2], "texture": "#0"}, "down": {"uv": [4, 1, 5, 2], "texture": "#0"} } }, { "from": [4.79467, 3.56304, 9.91601], "to": [5.79467, 5.16304, 10.91601], "rotation": {"angle": -22.5, "axis": "x", "origin": [8.248, 8.69612, 7.84667]}, "faces": { "north": {"uv": [4, 1, 5, 2], "texture": "#0"}, "east": {"uv": [4, 1, 5, 2], "texture": "#0"}, "south": {"uv": [4, 1, 5, 2], "texture": "#0"}, "west": {"uv": [4, 1, 5, 2], "texture": "#0"}, "up": {"uv": [4, 1, 5, 2], "texture": "#0"}, "down": {"uv": [4, 1, 5, 2], "texture": "#0"} } }, { "from": [5.19467, 9.86547, 10.87975], "to": [6.19467, 10.86547, 12.47975], "rotation": {"angle": -22.5, "axis": "x", "origin": [8.648, 7.79612, 7.34667]}, "faces": { "north": {"uv": [4, 1, 5, 2], "rotation": 270, "texture": "#0"}, "east": {"uv": [4, 1, 5, 2], "rotation": 270, "texture": "#0"}, "south": {"uv": [4, 1, 5, 2], "rotation": 270, "texture": "#0"}, "west": {"uv": [4, 1, 5, 2], "rotation": 270, "texture": "#0"}, "up": {"uv": [4, 1, 5, 2], "rotation": 270, "texture": "#0"}, "down": {"uv": [4, 1, 5, 2], "rotation": 270, "texture": "#0"} } }, { "from": [5.14429, 3.15591, 8.9], "to": [6.14429, 4.75591, 9.9], "rotation": {"angle": -22.5, "axis": "z", "origin": [7.748, 8.09612, 7.84667]}, "faces": { "north": {"uv": [4, 1, 5, 2], "texture": "#0"}, "east": {"uv": [4, 1, 5, 2], "texture": "#0"}, "south": {"uv": [4, 1, 5, 2], "texture": "#0"}, "west": {"uv": [4, 1, 5, 2], "texture": "#0"}, "up": {"uv": [4, 1, 5, 2], "texture": "#0"}, "down": {"uv": [4, 1, 5, 2], "texture": "#0"} } }, { "from": [4, 11.5, 4], "to": [12, 12, 12], "rotation": {"angle": 0, "axis": "y", "origin": [12, 12, 12]}, "faces": { "north": {"uv": [4, 1, 5, 2], "texture": "#0"}, "east": {"uv": [4, 1, 5, 2], "texture": "#0"}, "south": {"uv": [4, 1, 5, 2], "texture": "#0"}, "west": {"uv": [4, 1, 5, 2], "texture": "#0"}, "up": {"uv": [4, 1, 5, 2], "texture": "#0"}, "down": {"uv": [4, 1, 5, 2], "texture": "#0"} } }, { "from": [11.5, 4, 4], "to": [12, 12, 12], "rotation": {"angle": 0, "axis": "y", "origin": [12, 12, 12]}, "faces": { "north": {"uv": [4, 1, 5, 2], "texture": "#0"}, "east": {"uv": [4, 1, 5, 2], "texture": "#0"}, "south": {"uv": [4, 1, 5, 2], "texture": "#0"}, "west": {"uv": [4, 1, 5, 2], "texture": "#0"}, "up": {"uv": [4, 1, 5, 2], "texture": "#0"}, "down": {"uv": [4, 1, 5, 2], "texture": "#0"} } }, { "from": [4, 4, 11.5], "to": [12, 12, 12], "faces": { "north": {"uv": [4, 1, 5, 2], "texture": "#0"}, "east": {"uv": [4, 1, 5, 2], "texture": "#0"}, "south": {"uv": [4, 1, 5, 2], "texture": "#0"}, "west": {"uv": [4, 1, 5, 2], "texture": "#0"}, "up": {"uv": [4, 1, 5, 2], "rotation": 90, "texture": "#0"}, "down": {"uv": [4, 1, 5, 2], "rotation": 270, "texture": "#0"} } }, { "from": [4, 4, 4], "to": [4.5, 12, 12], "rotation": {"angle": 0, "axis": "y", "origin": [4, 12, 12]}, "faces": { "north": {"uv": [5, 1, 4, 2], "texture": "#0"}, "east": {"uv": [5, 1, 4, 2], "texture": "#0"}, "south": {"uv": [5, 1, 4, 2], "texture": "#0"}, "west": {"uv": [5, 1, 4, 2], "texture": "#0"}, "up": {"uv": [5, 1, 4, 2], "texture": "#0"}, "down": {"uv": [5, 1, 4, 2], "texture": "#0"} } }, { "from": [4, 4, 4], "to": [12, 12, 4.5], "faces": { "north": {"uv": [5, 1, 4, 2], "texture": "#0"}, "east": {"uv": [5, 1, 4, 2], "texture": "#0"}, "south": {"uv": [5, 1, 4, 2], "texture": "#0"}, "west": {"uv": [5, 1, 4, 2], "texture": "#0"}, "up": {"uv": [5, 1, 4, 2], "rotation": 90, "texture": "#0"}, "down": {"uv": [5, 1, 4, 2], "rotation": 270, "texture": "#0"} } } ], "display": { "thirdperson_righthand": { "rotation": [63, 0, 0], "translation": [-5.5, 0, 0], "scale": [0.91, 0.91, 0.91] }, "thirdperson_lefthand": { "rotation": [63, 0, 0], "translation": [-5.5, 0, 0], "scale": [0.91, 0.91, 0.91] }, "firstperson_righthand": { "rotation": [-13, 21, 0], "translation": [0, 1.25, 0] }, "firstperson_lefthand": { "rotation": [-13, 21, 0], "translation": [0, 1.25, 0] }, "ground": { "rotation": [-19, 0, 14], "scale": [0.5, 0.5, 0.5] }, "gui": { "rotation": [22, 147, 0], "translation": [-1, -1.25, 0], "scale": [1.35, 1.35, 1.35] }, "head": { "scale": [1.82, 1.82, 1.82] }, "fixed": { "rotation": [-90, 0, 0], "translation": [0, 0, -9], "scale": [2.61, 2.61, 2.61] } }, "groups": [ { "name": "group", "origin": [8, 8, 8], "color": 0, "children": [ { "name": "group", "origin": [8, 5.45453, 2.57895], "color": 0, "children": [ 0, 1, 2, 3, 4, 5, 6, 7, { "name": "group", "origin": [-2.2, 16.15, 11.9], "color": 0, "children": [8, 9, 10, 11, 12, 13, 14, 15, 16, 17, 18, 19, 20] }, { "name": "group", "origin": [8, 8, 8], "color": 0, "children": [ { "name": "group", "origin": [5.75283, 6.69279, 1.6], "color": 0, "children": [21, 22, 23, 24, 25, 26, 27, 28, 29, 30, 31, 32] }, { "name": "group", "origin": [5.75283, 6.69279, 1.6], "color": 0, "children": [33, 34, 35, 36, 37, 38, 39, 40, 41, 42, 43, 44] } ] } ] }, { "name": "group", "origin": [18.2, 16.15, 11.9], "color": 0, "children": [45, 46, 47, 48] }, { "name": "group", "origin": [8, 8, 8], "color": 0, "children": [ { "name": "group", "origin": [8, 8, 8], "color": 0, "children": [ { "name": "hexadecagon", "origin": [8, 8, 8], "color": 0, "children": [49, 50, 51, 52, 53, 54, 55, 56, 57] }, { "name": "hexadecagon", "origin": [8, 8, 8], "color": 0, "children": [58, 59, 60, 61, 62, 63, 64, 65, 66, 67, 68, 69, 70] }, { "name": "hexadecagon", "origin": [8, 8, 8], "color": 0, "children": [71, 72, 73, 74, 75, 76, 77, 78, 79, 80, 81, 82, 83] } ] }, { "name": "group", "origin": [8, 8, 8], "color": 0, "children": [ { "name": "hexadecagon", "origin": [8, 8, 8], "color": 0, "children": [84, 85, 86, 87, 88, 89, 90, 91, 92] }, { "name": "hexadecagon", "origin": [8, 8, 8], "color": 0, "children": [93, 94, 95, 96, 97, 98, 99, 100, 101, 102, 103, 104, 105] }, { "name": "hexadecagon", "origin": [8, 8, 8], "color": 0, "children": [106, 107, 108, 109, 110, 111, 112, 113, 114, 115, 116, 117, 118] } ] } ] }, { "name": "group", "origin": [7.748, 8.09612, 7.84667], "color": 0, "children": [119, 120, 121, 122, 123, 124, 125, 126, 127, 128, 129, 130, 131, 132, 133, 134, 135, 136, 137, 138, 139, 140, 141, 142, 143, 144, 145, 146, 147, 148, 149, 150, 151, 152] }, 153, 154, 155, 156, 157 ] } ] }