{ "credit": "www.sebxter.pl", "textures": { "0": "item/apple_iphone_12", "1": "item/apple_iphone_12_back", "particle": "item/apple_iphone_12" }, "elements": [ { "name": "apple_iphone_12_8", "from": [4, 9.8125, 7.5], "to": [4.25, 10.8125, 8.5], "rotation": {"angle": 0, "axis": "y", "origin": [0, 13.4375, 7.75]}, "faces": { "north": {"uv": [4.25, 5.25, 4, 6.25], "texture": "#0"}, "east": {"uv": [4.25, 5.25, 4, 6.25], "texture": "#0"}, "south": {"uv": [4.25, 6.25, 4, 5.25], "rotation": 180, "texture": "#1"}, "west": {"uv": [4.25, 5.25, 4, 6.25], "texture": "#0"}, "up": {"uv": [4.25, 5.5, 4, 5.25], "rotation": 180, "texture": "#0"}, "down": {"uv": [4, 6.25, 4.25, 6], "texture": "#0"} } }, { "name": "apple_iphone_12_7", "from": [11.75, 9.8125, 7.5], "to": [12, 11.8125, 8.5], "rotation": {"angle": 0, "axis": "y", "origin": [0, 13.4375, 7.75]}, "faces": { "north": {"uv": [12, 4.25, 11.75, 6.25], "texture": "#0"}, "east": {"uv": [12, 4.25, 11.75, 6.25], "texture": "#0"}, "south": {"uv": [12, 6.25, 11.75, 4.25], "rotation": 180, "texture": "#1"}, "west": {"uv": [12, 4.25, 11.75, 6.25], "texture": "#0"}, "up": {"uv": [12, 4.5, 11.75, 4.25], "rotation": 180, "texture": "#0"}, "down": {"uv": [11.75, 6.25, 12, 6], "texture": "#0"} } }, { "name": "apple_iphone_12_6", "from": [4, 11.3125, 7.5], "to": [4.25, 12.3125, 8.5], "rotation": {"angle": 0, "axis": "y", "origin": [0, 13.4375, 7.75]}, "faces": { "north": {"uv": [4.25, 3.75, 4, 4.75], "texture": "#0"}, "east": {"uv": [4.25, 3.75, 4, 4.75], "texture": "#0"}, "south": {"uv": [4.25, 4.75, 4, 3.75], "rotation": 180, "texture": "#1"}, "west": {"uv": [4.25, 3.75, 4, 4.75], "texture": "#0"}, "up": {"uv": [4.25, 4, 4, 3.75], "rotation": 180, "texture": "#0"}, "down": {"uv": [4, 4.75, 4.25, 4.5], "texture": "#0"} } }, { "name": "apple_iphone_12_5", "from": [4, 12.8125, 7.5], "to": [4.25, 13.5625, 8.5], "rotation": {"angle": 0, "axis": "y", "origin": [0, 13.4375, 7.75]}, "faces": { "north": {"uv": [4.25, 2.5, 4, 3.25], "texture": "#0"}, "east": {"uv": [4.25, 2.5, 4, 3.25], "texture": "#0"}, "south": {"uv": [4.25, 3.25, 4, 2.5], "rotation": 180, "texture": "#1"}, "west": {"uv": [4.25, 2.5, 4, 3.25], "texture": "#0"}, "up": {"uv": [4.25, 2.75, 4, 2.5], "rotation": 180, "texture": "#0"}, "down": {"uv": [4, 3.25, 4.25, 3], "texture": "#0"} } }, { "name": "apple_iphone_12_4", "from": [11.5, 0.5625, 7.5], "to": [11.75, 15.5625, 8.5], "rotation": {"angle": 0, "axis": "y", "origin": [0, 13.4375, 7.75]}, "faces": { "north": {"uv": [11.75, 0.5, 11.5, 15.5], "texture": "#0"}, "east": {"uv": [11.75, 0.5, 11.5, 15.5], "texture": "#0"}, "south": {"uv": [11.75, 15.5, 11.5, 0.5], "rotation": 180, "texture": "#1"}, "west": {"uv": [11.75, 0.5, 11.5, 15.5], "texture": "#0"}, "up": {"uv": [11.75, 0.75, 11.5, 0.5], "rotation": 180, "texture": "#0"}, "down": {"uv": [11.5, 15.5, 11.75, 15.25], "texture": "#0"} } }, { "name": "apple_iphone_12_3", "from": [4.25, 0.5625, 7.5], "to": [4.5, 15.5625, 8.5], "rotation": {"angle": 0, "axis": "y", "origin": [0, 13.4375, 7.75]}, "faces": { "north": {"uv": [4.5, 0.5, 4.25, 15.5], "texture": "#0"}, "east": {"uv": [4.5, 0.5, 4.25, 15.5], "texture": "#0"}, "south": {"uv": [4.5, 15.5, 4.25, 0.5], "rotation": 180, "texture": "#1"}, "west": {"uv": [4.5, 0.5, 4.25, 15.5], "texture": "#0"}, "up": {"uv": [4.5, 0.75, 4.25, 0.5], "rotation": 180, "texture": "#0"}, "down": {"uv": [4.25, 15.5, 4.5, 15.25], "texture": "#0"} } }, { "name": "apple_iphone_12_2", "from": [11, 0.3125, 7.5], "to": [11.5, 15.8125, 8.5], "rotation": {"angle": 0, "axis": "y", "origin": [0, 13.4375, 7.75]}, "faces": { "north": {"uv": [11.5, 0.25, 11, 15.75], "texture": "#0"}, "east": {"uv": [11.5, 0.25, 11.25, 15.75], "texture": "#0"}, "south": {"uv": [11.5, 15.75, 11, 0.25], "rotation": 180, "texture": "#1"}, "west": {"uv": [11.25, 0.25, 11, 15.75], "texture": "#0"}, "up": {"uv": [11.5, 0.5, 11, 0.25], "rotation": 180, "texture": "#0"}, "down": {"uv": [11, 15.75, 11.5, 15.5], "texture": "#0"} } }, { "name": "apple_iphone_12_1", "from": [4.5, 0.3125, 7.5], "to": [5, 15.8125, 8.5], "rotation": {"angle": 0, "axis": "y", "origin": [0, 13.4375, 7.75]}, "faces": { "north": {"uv": [5, 0.25, 4.5, 15.75], "texture": "#0"}, "east": {"uv": [5, 0.25, 4.75, 15.75], "texture": "#0"}, "south": {"uv": [5, 15.75, 4.5, 0.25], "rotation": 180, "texture": "#1"}, "west": {"uv": [4.75, 0.25, 4.5, 15.75], "texture": "#0"}, "up": {"uv": [5, 0.5, 4.5, 0.25], "rotation": 180, "texture": "#0"}, "down": {"uv": [4.5, 15.75, 5, 15.5], "texture": "#0"} } }, { "name": "apple_iphone_12_0", "from": [5, 0.0625, 7.5], "to": [11, 16.0625, 8.5], "rotation": {"angle": 0, "axis": "y", "origin": [0, 13.4375, 7.75]}, "faces": { "north": {"uv": [11, 0, 5, 16], "texture": "#0"}, "east": {"uv": [11, 0, 10.75, 16], "texture": "#0"}, "south": {"uv": [11, 16, 5, 0], "rotation": 180, "texture": "#1"}, "west": {"uv": [5.25, 0, 5, 16], "texture": "#0"}, "up": {"uv": [11, 0.25, 5, 0], "rotation": 180, "texture": "#0"}, "down": {"uv": [5, 16, 11, 15.75], "texture": "#0"} } } ], "gui_light": "front", "display": { "thirdperson_righthand": { "rotation": [0, -180, 0], "translation": [0, 2, 0.5], "scale": [0.35, 0.35, 0.35] }, "thirdperson_lefthand": { "rotation": [0, -180, 0], "translation": [0, 2, 0.5], "scale": [0.35, 0.35, 0.35] }, "firstperson_righthand": { "rotation": [0, -180, 0], "translation": [0.5, 4.5, 0], "scale": [0.6, 0.6, 0.6] }, "firstperson_lefthand": { "rotation": [0, -180, 0], "translation": [0.5, 4.5, 0], "scale": [0.6, 0.6, 0.6] }, "ground": { "translation": [0, 2, 0], "scale": [0.5, 0.5, 0.5] }, "gui": { "rotation": [0, -180, 0], "translation": [0, -0.25, 0] } } }