{ "credit": "www.sebxter.pl", "textures": { "0": "item/nokia_3310", "1": "item/nokia_3310_back", "particle": "item/nokia_3310" }, "elements": [ { "name": "nokia_3310_8", "from": [10, 0, 7.5], "to": [10.25, 0.25, 8.5], "rotation": {"angle": 0, "axis": "y", "origin": [0, 19.25, 7.5]}, "faces": { "north": {"uv": [10, 15.25, 10.25, 15], "rotation": 180, "texture": "#0"}, "east": {"uv": [10, 15, 10.25, 15.25], "texture": "#0"}, "south": {"uv": [10, 15, 10.25, 15.25], "texture": "#1"}, "west": {"uv": [10, 15, 10.25, 15.25], "texture": "#0"}, "up": {"uv": [10.25, 15, 10, 15.25], "rotation": 180, "texture": "#0"}, "down": {"uv": [10, 15, 10.25, 15.25], "texture": "#0"} } }, { "name": "nokia_3310_7", "from": [5.75, 0, 7.5], "to": [6, 0.25, 8.5], "rotation": {"angle": 0, "axis": "y", "origin": [0, 19.25, 7.5]}, "faces": { "north": {"uv": [5.75, 15.25, 6, 15], "rotation": 180, "texture": "#0"}, "east": {"uv": [5.75, 15, 6, 15.25], "texture": "#0"}, "south": {"uv": [5.75, 15, 6, 15.25], "texture": "#1"}, "west": {"uv": [5.75, 15, 6, 15.25], "texture": "#0"}, "up": {"uv": [6, 15, 5.75, 15.25], "rotation": 180, "texture": "#0"}, "down": {"uv": [5.75, 15, 6, 15.25], "texture": "#0"} } }, { "name": "nokia_3310_6", "from": [10.75, 2.75, 7.5], "to": [11, 13, 8.5], "rotation": {"angle": 0, "axis": "y", "origin": [0, 19.25, 7.5]}, "faces": { "north": {"uv": [10.75, 12.5, 11, 2.25], "rotation": 180, "texture": "#0"}, "east": {"uv": [10.75, 2.25, 11, 12.5], "texture": "#0"}, "south": {"uv": [10.75, 2.25, 11, 12.5], "texture": "#1"}, "west": {"uv": [10.75, 2.25, 11, 12.5], "texture": "#0"}, "up": {"uv": [11, 2.25, 10.75, 2.5], "rotation": 180, "texture": "#0"}, "down": {"uv": [10.75, 12.25, 11, 12.5], "texture": "#0"} } }, { "name": "nokia_3310_5", "from": [5, 2.75, 7.5], "to": [5.25, 13, 8.5], "rotation": {"angle": 0, "axis": "y", "origin": [0, 19.25, 7.5]}, "faces": { "north": {"uv": [5, 12.5, 5.25, 2.25], "rotation": 180, "texture": "#0"}, "east": {"uv": [5, 2.25, 5.25, 12.5], "texture": "#0"}, "south": {"uv": [5, 2.25, 5.25, 12.5], "texture": "#1"}, "west": {"uv": [5, 2.25, 5.25, 12.5], "texture": "#0"}, "up": {"uv": [5.25, 2.25, 5, 2.5], "rotation": 180, "texture": "#0"}, "down": {"uv": [5, 12.25, 5.25, 12.5], "texture": "#0"} } }, { "name": "nokia_3310_4", "from": [10.5, 0.75, 7.5], "to": [10.75, 14, 8.5], "rotation": {"angle": 0, "axis": "y", "origin": [0, 19.25, 7.5]}, "faces": { "north": {"uv": [10.5, 14.5, 10.75, 1.25], "rotation": 180, "texture": "#0"}, "east": {"uv": [10.5, 1.25, 10.75, 14.5], "texture": "#0"}, "south": {"uv": [10.5, 1.25, 10.75, 14.5], "texture": "#1"}, "west": {"uv": [10.5, 1.25, 10.75, 14.5], "texture": "#0"}, "up": {"uv": [10.75, 1.25, 10.5, 1.5], "rotation": 180, "texture": "#0"}, "down": {"uv": [10.5, 14.25, 10.75, 14.5], "texture": "#0"} } }, { "name": "nokia_3310_3", "from": [5.25, 0.75, 7.5], "to": [5.5, 14, 8.5], "rotation": {"angle": 0, "axis": "y", "origin": [0, 19.25, 7.5]}, "faces": { "north": {"uv": [5.25, 14.5, 5.5, 1.25], "rotation": 180, "texture": "#0"}, "east": {"uv": [5.25, 1.25, 5.5, 14.5], "texture": "#0"}, "south": {"uv": [5.25, 1.25, 5.5, 14.5], "texture": "#1"}, "west": {"uv": [5.25, 1.25, 5.5, 14.5], "texture": "#0"}, "up": {"uv": [5.5, 1.25, 5.25, 1.5], "rotation": 180, "texture": "#0"}, "down": {"uv": [5.25, 14.25, 5.5, 14.5], "texture": "#0"} } }, { "name": "nokia_3310_2", "from": [10, 0.25, 7.5], "to": [10.5, 14.25, 8.5], "rotation": {"angle": 0, "axis": "y", "origin": [0, 19.25, 7.5]}, "faces": { "north": {"uv": [10, 15, 10.5, 1], "rotation": 180, "texture": "#0"}, "east": {"uv": [10.25, 1, 10.5, 15], "texture": "#0"}, "south": {"uv": [10, 1, 10.5, 15], "texture": "#1"}, "west": {"uv": [10, 1, 10.25, 15], "texture": "#0"}, "up": {"uv": [10.5, 1, 10, 1.25], "rotation": 180, "texture": "#0"}, "down": {"uv": [10, 14.75, 10.5, 15], "texture": "#0"} } }, { "name": "nokia_3310_1", "from": [5.5, 0.25, 7.5], "to": [6, 14.25, 8.5], "rotation": {"angle": 0, "axis": "y", "origin": [0, 19.25, 7.5]}, "faces": { "north": {"uv": [5.5, 15, 6, 1], "rotation": 180, "texture": "#0"}, "east": {"uv": [5.75, 1, 6, 15], "texture": "#0"}, "south": {"uv": [5.5, 1, 6, 15], "texture": "#1"}, "west": {"uv": [5.5, 1, 5.75, 15], "texture": "#0"}, "up": {"uv": [6, 1, 5.5, 1.25], "rotation": 180, "texture": "#0"}, "down": {"uv": [5.5, 14.75, 6, 15], "texture": "#0"} } }, { "name": "nokia_3310_0", "from": [6, 0, 7.5], "to": [10, 14.5, 8.5], "rotation": {"angle": 0, "axis": "y", "origin": [0, 19.25, 7.5]}, "faces": { "north": {"uv": [6, 15.25, 10, 0.75], "rotation": 180, "texture": "#0"}, "east": {"uv": [9.75, 0.75, 10, 15.25], "texture": "#0"}, "south": {"uv": [6, 0.75, 10, 15.25], "texture": "#1"}, "west": {"uv": [6, 0.75, 6.25, 15.25], "texture": "#0"}, "up": {"uv": [10, 0.75, 6, 1], "rotation": 180, "texture": "#0"}, "down": {"uv": [6, 15, 10, 15.25], "texture": "#0"} } } ], "gui_light": "front", "display": { "thirdperson_righthand": { "rotation": [0, -180, 0], "translation": [0, 2, 0.5], "scale": [0.35, 0.35, 0.35] }, "thirdperson_lefthand": { "rotation": [0, -180, 0], "translation": [0, 2, 0.5], "scale": [0.35, 0.35, 0.35] }, "firstperson_righthand": { "rotation": [0, -180, 0], "translation": [0.5, 4.5, 0], "scale": [0.6, 0.6, 0.6] }, "firstperson_lefthand": { "rotation": [0, -180, 0], "translation": [0.5, 4.5, 0], "scale": [0.6, 0.6, 0.6] }, "ground": { "translation": [0, 2, 0], "scale": [0.5, 0.5, 0.5] }, "gui": { "rotation": [0, -180, 0], "translation": [0, 0.75, 0] } } }