{ "credit": "www.sebxter.pl", "textures": { "0": "item/poco_f2_pro", "1": "item/poco_f2_pro_back", "particle": "item/poco_f2_pro" }, "elements": [ { "name": "poco_f2_pro_6", "from": [10, 0.0375, 7.5], "to": [11, 0.2875, 8.5], "rotation": {"angle": 0, "axis": "y", "origin": [16, 19.9375, 7.5]}, "faces": { "north": {"uv": [6, 16, 5, 15.75], "rotation": 180, "texture": "#0"}, "east": {"uv": [5.25, 15.75, 5, 16], "texture": "#0"}, "south": {"uv": [6, 15.75, 5, 16], "texture": "#1"}, "west": {"uv": [6, 15.75, 5.75, 16], "texture": "#0"}, "up": {"uv": [5, 15.75, 6, 16], "rotation": 180, "texture": "#0"}, "down": {"uv": [6, 15.75, 5, 16], "texture": "#0"} } }, { "name": "poco_f2_pro_5", "from": [4.5, 0.5375, 7.5], "to": [4.75, 14.7875, 8.5], "rotation": {"angle": 0, "axis": "y", "origin": [16, 19.9375, 7.5]}, "faces": { "north": {"uv": [11.5, 15.5, 11.25, 1.25], "rotation": 180, "texture": "#0"}, "east": {"uv": [11.5, 1.25, 11.25, 15.5], "texture": "#0"}, "south": {"uv": [11.5, 1.25, 11.25, 15.5], "texture": "#1"}, "west": {"uv": [11.5, 1.25, 11.25, 15.5], "texture": "#0"}, "up": {"uv": [11.25, 1.25, 11.5, 1.5], "rotation": 180, "texture": "#0"}, "down": {"uv": [11.5, 15.25, 11.25, 15.5], "texture": "#0"} } }, { "name": "poco_f2_pro_4", "from": [4.75, 0.2875, 7.5], "to": [5, 15.0375, 8.5], "rotation": {"angle": 0, "axis": "y", "origin": [16, 19.9375, 7.5]}, "faces": { "north": {"uv": [11.25, 15.75, 11, 1], "rotation": 180, "texture": "#0"}, "east": {"uv": [11.25, 1, 11, 15.75], "texture": "#0"}, "south": {"uv": [11.25, 1, 11, 15.75], "texture": "#1"}, "west": {"uv": [11.25, 1, 11, 15.75], "texture": "#0"}, "up": {"uv": [11, 1, 11.25, 1.25], "rotation": 180, "texture": "#0"}, "down": {"uv": [11.25, 15.5, 11, 15.75], "texture": "#0"} } }, { "name": "poco_f2_pro_3", "from": [11.25, 0.5375, 7.5], "to": [11.5, 15.0375, 8.5], "rotation": {"angle": 0, "axis": "y", "origin": [16, 19.9375, 7.5]}, "faces": { "north": {"uv": [4.75, 15.5, 4.5, 1], "rotation": 180, "texture": "#0"}, "east": {"uv": [4.75, 1, 4.5, 15.5], "texture": "#0"}, "south": {"uv": [4.75, 1, 4.5, 15.5], "texture": "#1"}, "west": {"uv": [4.75, 1, 4.5, 15.5], "texture": "#0"}, "up": {"uv": [4.5, 1, 4.75, 1.25], "rotation": 180, "texture": "#0"}, "down": {"uv": [4.75, 15.25, 4.5, 15.5], "texture": "#0"} } }, { "name": "poco_f2_pro_2", "from": [5, 0.0375, 7.5], "to": [8.75, 15.2875, 8.5], "rotation": {"angle": 0, "axis": "y", "origin": [16, 19.9375, 7.5]}, "faces": { "north": {"uv": [11, 16, 7.25, 0.75], "rotation": 180, "texture": "#0"}, "east": {"uv": [7.5, 0.75, 7.25, 16], "texture": "#0"}, "south": {"uv": [11, 0.75, 7.25, 16], "texture": "#1"}, "west": {"uv": [11, 0.75, 10.75, 16], "texture": "#0"}, "up": {"uv": [7.25, 0.75, 11, 1], "rotation": 180, "texture": "#0"}, "down": {"uv": [11, 15.75, 7.25, 16], "texture": "#0"} } }, { "name": "poco_f2_pro_1", "from": [10, 0.2875, 7.5], "to": [11.25, 15.2875, 8.5], "rotation": {"angle": 0, "axis": "y", "origin": [16, 19.9375, 7.5]}, "faces": { "north": {"uv": [6, 15.75, 4.75, 0.75], "rotation": 180, "texture": "#0"}, "east": {"uv": [5, 0.75, 4.75, 15.75], "texture": "#0"}, "south": {"uv": [6, 0.75, 4.75, 15.75], "texture": "#1"}, "west": {"uv": [6, 0.75, 5.75, 15.75], "texture": "#0"}, "up": {"uv": [4.75, 0.75, 6, 1], "rotation": 180, "texture": "#0"}, "down": {"uv": [6, 15.5, 4.75, 15.75], "texture": "#0"} } }, { "name": "poco_f2_pro_0", "from": [8.75, 0.0375, 7.5], "to": [10, 16.0375, 8.5], "rotation": {"angle": 0, "axis": "y", "origin": [16, 19.9375, 7.5]}, "faces": { "north": {"uv": [7.25, 16, 6, 0], "rotation": 180, "texture": "#0"}, "east": {"uv": [6.25, 0, 6, 16], "texture": "#0"}, "south": {"uv": [7.25, 0, 6, 16], "texture": "#1"}, "west": {"uv": [7.25, 0, 7, 16], "texture": "#0"}, "up": {"uv": [6, 0, 7.25, 0.25], "rotation": 180, "texture": "#0"}, "down": {"uv": [7.25, 15.75, 6, 16], "texture": "#0"} } } ], "gui_light": "front", "display": { "thirdperson_righthand": { "rotation": [0, -180, 0], "translation": [0, 2, 0.5], "scale": [0.35, 0.35, 0.35] }, "thirdperson_lefthand": { "rotation": [0, -180, 0], "translation": [0, 2, 0.5], "scale": [0.35, 0.35, 0.35] }, "firstperson_righthand": { "rotation": [0, -180, 0], "translation": [0.5, 4.5, 0], "scale": [0.6, 0.6, 0.6] }, "firstperson_lefthand": { "rotation": [0, -180, 0], "translation": [0.5, 4.5, 0], "scale": [0.6, 0.6, 0.6] }, "ground": { "translation": [0, 2, 0], "scale": [0.5, 0.5, 0.5] }, "gui": { "rotation": [0, -180, 0] } } }