{ "credit": "www.sebxter.pl", "textures": { "0": "item/realme_x50_pro", "1": "item/realme_x50_pro_back", "particle": "item/realme_x50_pro" }, "elements": [ { "name": "realme_x50_pro_8", "from": [5.25, -0.2125, 7.5], "to": [10.75, 0.0375, 8.5], "rotation": {"angle": 0, "axis": "y", "origin": [16.25, 18.6875, 7.5]}, "faces": { "north": {"uv": [11, 15.5, 5.5, 15.25], "rotation": 180, "texture": "#0"}, "east": {"uv": [5.75, 15.25, 5.5, 15.5], "texture": "#0"}, "south": {"uv": [11, 15.25, 5.5, 15.5], "texture": "#1"}, "west": {"uv": [11, 15.25, 10.75, 15.5], "texture": "#0"}, "up": {"uv": [5.5, 15.25, 11, 15.5], "rotation": 180, "texture": "#0"}, "down": {"uv": [11, 15.25, 5.5, 15.5], "texture": "#0"} } }, { "name": "realme_x50_pro_7", "from": [11.5, 7.5375, 7.5], "to": [11.75, 8.5375, 8.5], "rotation": {"angle": 0, "axis": "y", "origin": [16.25, 18.6875, 7.5]}, "faces": { "north": {"uv": [4.75, 7.75, 4.5, 6.75], "rotation": 180, "texture": "#0"}, "east": {"uv": [4.75, 6.75, 4.5, 7.75], "texture": "#0"}, "south": {"uv": [4.75, 6.75, 4.5, 7.75], "texture": "#1"}, "west": {"uv": [4.75, 6.75, 4.5, 7.75], "texture": "#0"}, "up": {"uv": [4.5, 6.75, 4.75, 7], "rotation": 180, "texture": "#0"}, "down": {"uv": [4.75, 7.5, 4.5, 7.75], "texture": "#0"} } }, { "name": "realme_x50_pro_6", "from": [4.25, 8.2875, 7.5], "to": [4.5, 9.0375, 8.5], "rotation": {"angle": 0, "axis": "y", "origin": [16.25, 18.6875, 7.5]}, "faces": { "north": {"uv": [12, 7, 11.75, 6.25], "rotation": 180, "texture": "#0"}, "east": {"uv": [12, 6.25, 11.75, 7], "texture": "#0"}, "south": {"uv": [12, 6.25, 11.75, 7], "texture": "#1"}, "west": {"uv": [12, 6.25, 11.75, 7], "texture": "#0"}, "up": {"uv": [11.75, 6.25, 12, 6.5], "rotation": 180, "texture": "#0"}, "down": {"uv": [12, 6.75, 11.75, 7], "texture": "#0"} } }, { "name": "realme_x50_pro_5", "from": [11.5, 8.7875, 7.5], "to": [11.75, 9.7875, 8.5], "rotation": {"angle": 0, "axis": "y", "origin": [16.25, 18.6875, 7.5]}, "faces": { "north": {"uv": [4.75, 6.5, 4.5, 5.5], "rotation": 180, "texture": "#0"}, "east": {"uv": [4.75, 5.5, 4.5, 6.5], "texture": "#0"}, "south": {"uv": [4.75, 5.5, 4.5, 6.5], "texture": "#1"}, "west": {"uv": [4.75, 5.5, 4.5, 6.5], "texture": "#0"}, "up": {"uv": [4.5, 5.5, 4.75, 5.75], "rotation": 180, "texture": "#0"}, "down": {"uv": [4.75, 6.25, 4.5, 6.5], "texture": "#0"} } }, { "name": "realme_x50_pro_4", "from": [4.5, 0.2875, 7.5], "to": [4.75, 14.0375, 8.5], "rotation": {"angle": 0, "axis": "y", "origin": [16.25, 18.6875, 7.5]}, "faces": { "north": {"uv": [11.75, 15, 11.5, 1.25], "rotation": 180, "texture": "#0"}, "east": {"uv": [11.75, 1.25, 11.5, 15], "texture": "#0"}, "south": {"uv": [11.75, 1.25, 11.5, 15], "texture": "#1"}, "west": {"uv": [11.75, 1.25, 11.5, 15], "texture": "#0"}, "up": {"uv": [11.5, 1.25, 11.75, 1.5], "rotation": 180, "texture": "#0"}, "down": {"uv": [11.75, 14.75, 11.5, 15], "texture": "#0"} } }, { "name": "realme_x50_pro_3", "from": [11.25, 0.2875, 7.5], "to": [11.5, 14.0375, 8.5], "rotation": {"angle": 0, "axis": "y", "origin": [16.25, 18.6875, 7.5]}, "faces": { "north": {"uv": [5, 15, 4.75, 1.25], "rotation": 180, "texture": "#0"}, "east": {"uv": [5, 1.25, 4.75, 15], "texture": "#0"}, "south": {"uv": [5, 1.25, 4.75, 15], "texture": "#1"}, "west": {"uv": [5, 1.25, 4.75, 15], "texture": "#0"}, "up": {"uv": [4.75, 1.25, 5, 1.5], "rotation": 180, "texture": "#0"}, "down": {"uv": [5, 14.75, 4.75, 15], "texture": "#0"} } }, { "name": "realme_x50_pro_2", "from": [4.75, 0.0375, 7.5], "to": [5, 14.2875, 8.5], "rotation": {"angle": 0, "axis": "y", "origin": [16.25, 18.6875, 7.5]}, "faces": { "north": {"uv": [11.5, 15.25, 11.25, 1], "rotation": 180, "texture": "#0"}, "east": {"uv": [11.5, 1, 11.25, 15.25], "texture": "#0"}, "south": {"uv": [11.5, 1, 11.25, 15.25], "texture": "#1"}, "west": {"uv": [11.5, 1, 11.25, 15.25], "texture": "#0"}, "up": {"uv": [11.25, 1, 11.5, 1.25], "rotation": 180, "texture": "#0"}, "down": {"uv": [11.5, 15, 11.25, 15.25], "texture": "#0"} } }, { "name": "realme_x50_pro_1", "from": [11, 0.0375, 7.5], "to": [11.25, 14.2875, 8.5], "rotation": {"angle": 0, "axis": "y", "origin": [16.25, 18.6875, 7.5]}, "faces": { "north": {"uv": [5.25, 15.25, 5, 1], "rotation": 180, "texture": "#0"}, "east": {"uv": [5.25, 1, 5, 15.25], "texture": "#0"}, "south": {"uv": [5.25, 1, 5, 15.25], "texture": "#1"}, "west": {"uv": [5.25, 1, 5, 15.25], "texture": "#0"}, "up": {"uv": [5, 1, 5.25, 1.25], "rotation": 180, "texture": "#0"}, "down": {"uv": [5.25, 15, 5, 15.25], "texture": "#0"} } }, { "name": "realme_x50_pro_0", "from": [5, 0.0375, 7.5], "to": [11, 14.5375, 8.5], "rotation": {"angle": 0, "axis": "y", "origin": [16.25, 18.6875, 7.5]}, "faces": { "north": {"uv": [11.25, 15.25, 5.25, 0.75], "rotation": 180, "texture": "#0"}, "east": {"uv": [5.5, 0.75, 5.25, 15.25], "texture": "#0"}, "south": {"uv": [11.25, 0.75, 5.25, 15.25], "texture": "#1"}, "west": {"uv": [11.25, 0.75, 11, 15.25], "texture": "#0"}, "up": {"uv": [5.25, 0.75, 11.25, 1], "rotation": 180, "texture": "#0"}, "down": {"uv": [11.25, 15, 5.25, 15.25], "texture": "#0"} } } ], "gui_light": "front", "display": { "thirdperson_righthand": { "rotation": [0, -180, 0], "translation": [0, 2, 0.5], "scale": [0.35, 0.35, 0.35] }, "thirdperson_lefthand": { "rotation": [0, -180, 0], "translation": [0, 2, 0.5], "scale": [0.35, 0.35, 0.35] }, "firstperson_righthand": { "rotation": [0, -180, 0], "translation": [0.5, 4.5, 0], "scale": [0.6, 0.6, 0.6] }, "firstperson_lefthand": { "rotation": [0, -180, 0], "translation": [0.5, 4.5, 0], "scale": [0.6, 0.6, 0.6] }, "ground": { "translation": [0, 2, 0], "scale": [0.5, 0.5, 0.5] }, "gui": { "rotation": [0, -180, 0], "translation": [0, 1, 0] } } }