{
    "providers": [
          {
            "chars": ["ฦ"],
            "file":"minecraft:misc/space_split.png",
            "ascent":-32768,
            "height":-10,
            "type":"bitmap"
          },
          {
	       "type": "bitmap",
	       "file": "minecraft:font/mmb.png",
	       "height": 9,
            "ascent": 7,
	       "chars": ["㉛"]
	     },
	     {
            "type": "bitmap",
            "file": "minecraft:font/rmb.png",
            "height": 9,
            "ascent": 7,
            "chars": ["⑦"]
         },
         {
            "type": "bitmap",
            "file": "minecraft:font/lmb.png",
            "height": 9,
            "ascent": 7,
            "chars": ["②"]
         },
         {
            "type": "bitmap",
            "file": "minecraft:font/shift.png",
            "height": 9,
            "ascent": 7,
            "chars": ["㉜"]
         },
         {
            "type": "bitmap",
            "file": "minecraft:font/g_chat.png",
            "height": 7,
            "ascent": 7,
            "chars": ["㉞"]
        },
        {
            "type": "bitmap",
            "file": "minecraft:font/icons/compass_00.png",
            "height": 9,
            "ascent": 8,
            "chars": [
                "↓"
            ]
        },
        {
            "type": "bitmap",
            "file": "minecraft:font/icons/compass_03.png",
            "height": 9,
            "ascent": 8,
            "chars": [
                "⬋"
            ]
        },
        {
            "type": "bitmap",
            "file": "minecraft:font/icons/compass_08.png",
            "height": 9,
            "ascent": 8,
            "chars": [
                "←"
            ]
        },
        {
            "type": "bitmap",
            "file": "minecraft:font/icons/compass_12.png",
            "height": 9,
            "ascent": 8,
            "chars": [
                "⬉"
            ]
        },
        {
            "type": "bitmap",
            "file": "minecraft:font/icons/compass_16.png",
            "height": 9,
            "ascent": 8,
            "chars": [
                "↑"
            ]
        },
        {
            "type": "bitmap",
            "file": "minecraft:font/icons/compass_19.png",
            "height": 9,
            "ascent": 8,
            "chars": [
                "⬈"
            ]
        },
        {
            "type": "bitmap",
            "file": "minecraft:font/icons/compass_24.png",
            "height": 9,
            "ascent": 8,
            "chars": [
                "→"
            ]
        },
        {
            "type": "bitmap",
            "file": "minecraft:font/icons/compass_28.png",
            "height": 9,
            "ascent": 8,
            "chars": [
                "⬊"
            ]
        },
        {
            "type": "bitmap",
            "file": "minecraft:font/icons/unlocked_button.png",
            "height": 9,
            "ascent": 8,
            "chars": [
                "ɕ"
            ]
        },
        {
            "type": "bitmap",
            "file": "migosmc:roleplay/tags/icons/microphone.png",
            "ascent": 7,
            "height": 7,
            "chars": [
                "㱀",
                "㱁"
            ]
        },
        {
            "ascent": 7,
            "chars": [
                "ꑑ"
            ],
            "file": "migosmc:roleplay/tags/icons/tab-frame.png",
            "height": 10,
            "type": "bitmap"
        },
        {
            "type": "bitmap",
            "file": "migosmc:roleplay/gui/menu/gps.png",
            "ascent": 22,
            "height": 136,
            "chars": [
                ""
            ]
        },
        {
            "type": "bitmap",
            "file": "migosmc:roleplay/gui/labels/mainmenu.png",
            "ascent": 19,
            "height": 20,
            "chars": [
                ""
            ]
        },
        {
            "type": "bitmap",
            "file": "migosmc:roleplay/gui/menu/help.png",
            "ascent": 22,
            "height": 136,
            "chars": [
                ""
            ]
        },
        {
            "type": "bitmap",
            "file": "minecraft:font/msa1.png",
            "height": 42,
            "ascent": -2,
            "chars": [
                "þ"
            ]
        },
        {
            "type": "bitmap",
            "file": "minecraft:font/msa2.png",
            "height": 42,
            "ascent": -2,
            "chars": [
                "đ"
            ]
        },
        {
            "type": "bitmap",
            "file": "minecraft:font/msa3.png",
            "height": 42,
            "ascent": -2,
            "chars": [
                "Ö"
            ]
        },
        {
            "type": "bitmap",
            "file": "minecraft:font/msa4.png",
            "height": 42,
            "ascent": -2,
            "chars": [
                "Ø"
            ]
        },
        {
            "type": "bitmap",
            "file": "minecraft:font/msa5.png",
            "height": 42,
            "ascent": -2,
            "chars": [
                "ø"
            ]
        },
        {
            "type": "bitmap",
            "file": "minecraft:font/msa6.png",
            "height": 42,
            "ascent": -2,
            "chars": [
                "ϐ"
            ]
        },
        {
            "type": "bitmap",
            "file": "minecraft:font/msa7.png",
            "height": 42,
            "ascent": -2,
            "chars": [
                "ϑ"
            ]
        },
        {
            "type": "bitmap",
            "file": "minecraft:font/msa8.png",
            "height": 42,
            "ascent": -2,
            "chars": [
                "ϒ"
            ]
        },
        {
            "type": "bitmap",
            "file": "minecraft:font/msa9.png",
            "height": 42,
            "ascent": -2,
            "chars": [
                "ϔ"
            ]
        },
        {
            "type": "bitmap",
            "file": "minecraft:font/msa10.png",
            "height": 42,
            "ascent": -2,
            "chars": [
                "ϕ"
            ]
        },
        {
            "type": "bitmap",
            "file": "minecraft:font/msa11.png",
            "height": 42,
            "ascent": -2,
            "chars": [
                "ϖ"
            ]
        },
        {
            "type": "bitmap",
            "file": "minecraft:font/msa12.png",
            "height": 42,
            "ascent": -2,
            "chars": [
                "ϗ"
            ]
        },
        {
            "type": "bitmap",
            "file": "minecraft:font/msa13.png",
            "height": 42,
            "ascent": -2,
            "chars": [
                "Ϛ"
            ]
        },
        {
            "type": "bitmap",
            "file": "minecraft:font/msa14.png",
            "height": 42,
            "ascent": -2,
            "chars": [
                "ϛ"
            ]
        },
        {
            "type": "bitmap",
            "file": "minecraft:font/msa15.png",
            "height": 42,
            "ascent": -2,
            "chars": [
                "ϝ"
            ]
        },
        {
            "type": "bitmap",
            "file": "minecraft:font/msa16.png",
            "height": 42,
            "ascent": -2,
            "chars": [
                "Ϟ"
            ]
        },
        {
            "type": "bitmap",
            "file": "minecraft:font/msa17.png",
            "height": 42,
            "ascent": -2,
            "chars": [
                "Ϡ"
            ]
        },
        {
            "type": "bitmap",
            "file": "minecraft:font/msa18.png",
            "height": 42,
            "ascent": -2,
            "chars": [
                "ϡ"
            ]
        },
        {
            "type": "bitmap",
            "file": "minecraft:font/msa19.png",
            "height": 42,
            "ascent": -2,
            "chars": [
                "Ϣ"
            ]
        },
        {
            "type": "bitmap",
            "file": "minecraft:font/msa20.png",
            "height": 42,
            "ascent": -2,
            "chars": [
                "ϣ"
            ]
        },
        {
            "type": "bitmap",
            "file": "minecraft:font/icons/name.png",
            "height": 12,
            "ascent": 4,
            "chars": [
                "ç"
            ]
        },
        {
            "type": "bitmap",
            "file": "minecraft:font/business.png",
            "height": 14,
            "ascent": 5,
            "chars": [
                "ô"
            ]
        }
    ]
}