{ "credit": "Made with Blockbench", "textures": { "0": "block/sides", "1": "block/background", "2": "block/button", "3": "block/screen", "4": "block/atm", "5": "block/atm", "6": "block/cancel", "7": "block/clear", "8": "block/change", "9": "block/receipt", "10": "block/text", "11": "block/enter", "12": "block/background", "particle": "block/sides" }, "elements": [ { "name": "Base", "from": [0, 0, 0], "to": [16, 3, 16], "faces": { "north": {"uv": [0, 13, 16, 16], "texture": "#0"}, "east": {"uv": [0, 13, 16, 16], "texture": "#0"}, "south": {"uv": [0, 13, 16, 16], "texture": "#0"}, "west": {"uv": [0, 13, 16, 16], "texture": "#0"}, "up": {"uv": [0, 0, 16, 16], "texture": "#1"}, "down": {"uv": [0, 0, 16, 16], "texture": "#0"} } }, { "name": "Edge", "from": [0.1, 1, 2], "to": [15.9, 14, 10], "rotation": {"angle": -22.5, "axis": "x", "origin": [8, 8, 8]}, "faces": { "south": {"uv": [0, -2.3, 15.8, 10.7], "texture": "#0"} } }, { "name": "Top", "from": [0, 14, 0], "to": [16, 16, 16], "faces": { "north": {"uv": [0, 0, 16, 2], "texture": "#0"}, "east": {"uv": [0, 0, 16, 2], "texture": "#0"}, "south": {"uv": [0, 0, 16, 2], "texture": "#0"}, "west": {"uv": [0, 0, 16, 2], "texture": "#0"}, "up": {"uv": [0, 0, 16, 16], "texture": "#0"}, "down": {"uv": [0, 0, 16, 16], "texture": "#0"} } }, { "name": "Side", "from": [15, 3, 7.7], "to": [16, 14, 16], "faces": { "east": {"uv": [0, 2, 8.3, 13], "texture": "#0"}, "south": {"uv": [15, 3, 16, 14], "texture": "#0"}, "west": {"uv": [7.7, 5, 16, 16], "texture": "#0"}, "up": {"uv": [0, 0, 1, 8.3], "texture": "#-1"}, "down": {"uv": [0, 0, 1, 8.3], "texture": "#-1"} } }, { "name": "Side", "from": [0, 3, 7.7], "to": [1, 14, 16], "faces": { "east": {"uv": [0, 5, 8.3, 16], "texture": "#0"}, "south": {"uv": [0, 2, 1, 13], "texture": "#0"}, "west": {"uv": [7.7, 2, 16, 13], "texture": "#0"}, "up": {"uv": [0, 0, 1, 8.3], "texture": "#-1"}, "down": {"uv": [0, 0, 1, 8.3], "texture": "#-1"} } }, { "name": "Back", "from": [0, 3, 0], "to": [16, 14, 7.7], "faces": { "north": {"uv": [0, 2, 16, 13], "texture": "#0"}, "east": {"uv": [8.3, 2, 16, 13], "texture": "#0"}, "west": {"uv": [0, 3, 7.7, 14], "texture": "#0"}, "up": {"uv": [0, 0, 16, 7.7], "texture": "#-1"}, "down": {"uv": [0, 0, 16, 7.7], "texture": "#-1"} } }, { "name": "Button", "from": [1.5, 5, 10], "to": [2.5, 6, 10.3], "rotation": {"angle": -22.5, "axis": "x", "origin": [8, 8, 8]}, "faces": { "east": {"uv": [0, 0, 16, 8], "texture": "#2"}, "south": {"uv": [0, 0, 16, 16], "texture": "#2"}, "west": {"uv": [0, 0, 16, 8], "texture": "#2"}, "up": {"uv": [0, 0, 16, 8], "texture": "#2"}, "down": {"uv": [0, 0, 16, 8], "texture": "#2"} } }, { "name": "Screen", "from": [3, 5, 10], "to": [9, 10.5, 10.2], "rotation": {"angle": -22.5, "axis": "x", "origin": [8, 8, 8]}, "faces": { "east": {"uv": [0, 0, 16, 8], "texture": "#3"}, "south": {"uv": [0, 0, 16, 16], "texture": "#3"}, "west": {"uv": [0, 0, 16, 8], "texture": "#3"}, "up": {"uv": [0, 0, 16, 8], "texture": "#3"}, "down": {"uv": [0, 0, 16, 8], "texture": "#3"} } }, { "name": "Logo", "from": [5.5, 14.2, 16], "to": [10.5, 15.7, 16.1], "faces": { "east": {"uv": [0, 0, 16, 8], "texture": "#4"}, "south": {"uv": [0, 0, 16, 16], "texture": "#5"}, "west": {"uv": [0, 0, 16, 8], "texture": "#4"}, "up": {"uv": [0, 0, 16, 8], "texture": "#4"}, "down": {"uv": [0, 0, 16, 8], "texture": "#4"} } }, { "name": "Keypad", "from": [5.8, 3, 12.6], "to": [6.4, 3.3, 13.2], "faces": { "north": {"uv": [0, 0, 16, 8], "texture": "#2"}, "east": {"uv": [0, 0, 16, 8], "texture": "#2"}, "south": {"uv": [0, 0, 16, 8], "texture": "#2"}, "west": {"uv": [0, 0, 16, 8], "texture": "#2"}, "up": {"uv": [0, 0, 16, 16], "texture": "#2"} } }, { "name": "Cancel", "from": [7, 3, 12.6], "to": [8.6, 3.3, 13.2], "faces": { "north": {"uv": [0, 0, 16, 8], "texture": "#6"}, "east": {"uv": [0, 0, 16, 8], "texture": "#6"}, "south": {"uv": [0, 0, 16, 8], "texture": "#6"}, "west": {"uv": [0, 0, 16, 8], "texture": "#6"}, "up": {"uv": [0, 0, 16, 16], "texture": "#6"} } }, { "name": "Clear", "from": [7, 3, 13.4], "to": [8.6, 3.3, 14], "faces": { "north": {"uv": [0, 0, 16, 8], "texture": "#7"}, "east": {"uv": [0, 0, 16, 8], "texture": "#7"}, "south": {"uv": [0, 0, 16, 8], "texture": "#7"}, "west": {"uv": [0, 0, 16, 8], "texture": "#7"}, "up": {"uv": [0, 0, 16, 16], "texture": "#7"} } }, { "name": "Change", "from": [12, 4, 10], "to": [14, 6.5, 10.2], "rotation": {"angle": -22.5, "axis": "x", "origin": [8, 8, 8]}, "faces": { "east": {"uv": [0, 0, 16, 8], "texture": "#8"}, "south": {"uv": [0, 0, 16, 16], "texture": "#8"}, "west": {"uv": [0, 0, 16, 8], "texture": "#8"}, "up": {"uv": [0, 0, 16, 8], "texture": "#8"} } }, { "name": "Card", "from": [12, 7, 10], "to": [14, 9, 10.2], "rotation": {"angle": -22.5, "axis": "x", "origin": [8, 8, 8]}, "faces": { "east": {"uv": [0, 0, 16, 8], "texture": "#8"}, "south": {"uv": [0, 0, 16, 16], "texture": "#9"}, "west": {"uv": [0, 0, 16, 8], "texture": "#8"}, "up": {"uv": [0, 0, 16, 8], "texture": "#8"}, "down": {"uv": [0, 0, 16, 8], "texture": "#8"} } }, { "name": "CardText", "from": [12, 9.3, 10], "to": [14, 9.7, 10.2], "rotation": {"angle": -22.5, "axis": "x", "origin": [8, 8, 8]}, "faces": { "east": {"uv": [0, 0, 16, 8], "texture": "#10"}, "south": {"uv": [0, 0, 16, 16], "texture": "#10"}, "west": {"uv": [0, 0, 16, 8], "texture": "#10"}, "up": {"uv": [0, 0, 16, 8], "texture": "#10"}, "down": {"uv": [0, 0, 16, 8], "texture": "#10"} } }, { "name": "Receipt", "from": [12, 10.6, 10], "to": [14, 11, 10.2], "rotation": {"angle": -22.5, "axis": "x", "origin": [8, 8, 8]}, "faces": { "east": {"uv": [0, 0, 16, 8], "texture": "#8"}, "south": {"uv": [0, 0, 16, 16], "texture": "#9"}, "west": {"uv": [0, 0, 16, 8], "texture": "#8"}, "up": {"uv": [0, 0, 16, 8], "texture": "#8"}, "down": {"uv": [0, 0, 16, 8], "texture": "#8"} } }, { "name": "ReceiptText", "from": [12, 11.3, 10], "to": [14, 11.7, 10.2], "rotation": {"angle": -22.5, "axis": "x", "origin": [8, 8, 8]}, "faces": { "east": {"uv": [0, 0, 16, 8], "texture": "#10"}, "south": {"uv": [0, 0, 16, 16], "texture": "#10"}, "west": {"uv": [0, 0, 16, 8], "texture": "#10"}, "up": {"uv": [0, 0, 16, 8], "texture": "#10"}, "down": {"uv": [0, 0, 16, 8], "texture": "#10"} } }, { "name": "CashText", "from": [3.5, 3.3, 10], "to": [8.5, 3.7, 10.2], "rotation": {"angle": -22.5, "axis": "x", "origin": [8, 8, 8]}, "faces": { "east": {"uv": [0, 0, 16, 8], "texture": "#10"}, "south": {"uv": [0, 0, 16, 16], "texture": "#10"}, "west": {"uv": [0, 0, 16, 8], "texture": "#10"}, "up": {"uv": [0, 0, 16, 8], "texture": "#10"}, "down": {"uv": [0, 0, 16, 8], "texture": "#10"} } }, { "name": "Keypad", "from": [5, 3, 12.6], "to": [5.6, 3.3, 13.2], "faces": { "north": {"uv": [0, 0, 16, 8], "texture": "#2"}, "east": {"uv": [0, 0, 16, 8], "texture": "#2"}, "south": {"uv": [0, 0, 16, 8], "texture": "#2"}, "west": {"uv": [0, 0, 16, 8], "texture": "#2"}, "up": {"uv": [0, 0, 16, 16], "texture": "#2"} } }, { "name": "Keypad", "from": [4.2, 3, 12.6], "to": [4.8, 3.3, 13.2], "faces": { "north": {"uv": [0, 0, 16, 8], "texture": "#2"}, "east": {"uv": [0, 0, 16, 8], "texture": "#2"}, "south": {"uv": [0, 0, 16, 8], "texture": "#2"}, "west": {"uv": [0, 0, 16, 8], "texture": "#2"}, "up": {"uv": [0, 0, 16, 16], "texture": "#2"} } }, { "name": "Keypad", "from": [4.2, 3, 13.4], "to": [4.8, 3.3, 14], "faces": { "north": {"uv": [0, 0, 16, 8], "texture": "#2"}, "east": {"uv": [0, 0, 16, 8], "texture": "#2"}, "south": {"uv": [0, 0, 16, 8], "texture": "#2"}, "west": {"uv": [0, 0, 16, 8], "texture": "#2"}, "up": {"uv": [0, 0, 16, 16], "texture": "#2"} } }, { "name": "Keypad", "from": [5, 3, 13.4], "to": [5.6, 3.3, 14], "faces": { "north": {"uv": [0, 0, 16, 8], "texture": "#2"}, "east": {"uv": [0, 0, 16, 8], "texture": "#2"}, "south": {"uv": [0, 0, 16, 8], "texture": "#2"}, "west": {"uv": [0, 0, 16, 8], "texture": "#2"}, "up": {"uv": [0, 0, 16, 16], "texture": "#2"} } }, { "name": "Keypad", "from": [5.8, 3, 13.4], "to": [6.4, 3.3, 14], "faces": { "north": {"uv": [0, 0, 16, 8], "texture": "#2"}, "east": {"uv": [0, 0, 16, 8], "texture": "#2"}, "south": {"uv": [0, 0, 16, 8], "texture": "#2"}, "west": {"uv": [0, 0, 16, 8], "texture": "#2"}, "up": {"uv": [0, 0, 16, 16], "texture": "#2"} } }, { "name": "Keypad", "from": [5.8, 3, 14.2], "to": [6.4, 3.3, 14.8], "faces": { "north": {"uv": [0, 0, 16, 8], "texture": "#2"}, "east": {"uv": [0, 0, 16, 8], "texture": "#2"}, "south": {"uv": [0, 0, 16, 8], "texture": "#2"}, "west": {"uv": [0, 0, 16, 8], "texture": "#2"}, "up": {"uv": [0, 0, 16, 16], "texture": "#2"} } }, { "name": "Keypad", "from": [5, 3, 14.2], "to": [5.6, 3.3, 14.8], "faces": { "north": {"uv": [0, 0, 16, 8], "texture": "#2"}, "east": {"uv": [0, 0, 16, 8], "texture": "#2"}, "south": {"uv": [0, 0, 16, 8], "texture": "#2"}, "west": {"uv": [0, 0, 16, 8], "texture": "#2"}, "up": {"uv": [0, 0, 16, 16], "texture": "#2"} } }, { "name": "Keypad", "from": [4.2, 3, 14.2], "to": [4.8, 3.3, 14.8], "faces": { "north": {"uv": [0, 0, 16, 8], "texture": "#2"}, "east": {"uv": [0, 0, 16, 8], "texture": "#2"}, "south": {"uv": [0, 0, 16, 8], "texture": "#2"}, "west": {"uv": [0, 0, 16, 8], "texture": "#2"}, "up": {"uv": [0, 0, 16, 16], "texture": "#2"} } }, { "name": "Keypad", "from": [4.2, 3, 15], "to": [4.8, 3.3, 15.6], "faces": { "north": {"uv": [0, 0, 16, 8], "texture": "#2"}, "east": {"uv": [0, 0, 16, 8], "texture": "#2"}, "south": {"uv": [0, 0, 16, 8], "texture": "#2"}, "west": {"uv": [0, 0, 16, 8], "texture": "#2"}, "up": {"uv": [0, 0, 16, 16], "texture": "#2"} } }, { "name": "Keypad", "from": [5, 3, 15], "to": [5.6, 3.3, 15.6], "faces": { "north": {"uv": [0, 0, 16, 8], "texture": "#2"}, "east": {"uv": [0, 0, 16, 8], "texture": "#2"}, "south": {"uv": [0, 0, 16, 8], "texture": "#2"}, "west": {"uv": [0, 0, 16, 8], "texture": "#2"}, "up": {"uv": [0, 0, 16, 16], "texture": "#2"} } }, { "name": "Keypad", "from": [5.8, 3, 15], "to": [6.4, 3.3, 15.6], "faces": { "north": {"uv": [0, 0, 16, 8], "texture": "#2"}, "east": {"uv": [0, 0, 16, 8], "texture": "#2"}, "south": {"uv": [0, 0, 16, 8], "texture": "#2"}, "west": {"uv": [0, 0, 16, 8], "texture": "#2"}, "up": {"uv": [0, 0, 16, 16], "texture": "#2"} } }, { "name": "White", "from": [7, 3, 14.2], "to": [8.6, 3.3, 14.8], "faces": { "north": {"uv": [0, 0, 16, 8], "texture": "#2"}, "east": {"uv": [0, 0, 16, 8], "texture": "#2"}, "south": {"uv": [0, 0, 16, 8], "texture": "#2"}, "west": {"uv": [0, 0, 16, 8], "texture": "#2"}, "up": {"uv": [0, 0, 16, 16], "texture": "#2"} } }, { "name": "Enter", "from": [7, 3, 15], "to": [8.6, 3.3, 15.6], "faces": { "north": {"uv": [0, 0, 16, 8], "texture": "#11"}, "east": {"uv": [0, 0, 16, 8], "texture": "#11"}, "south": {"uv": [0, 0, 16, 8], "texture": "#11"}, "west": {"uv": [0, 0, 16, 8], "texture": "#11"}, "up": {"uv": [0, 0, 16, 16], "texture": "#11"} } }, { "name": "Button", "from": [1.5, 6.5, 10], "to": [2.5, 7.5, 10.3], "rotation": {"angle": -22.5, "axis": "x", "origin": [8, 8, 8]}, "faces": { "east": {"uv": [0, 0, 16, 8], "texture": "#2"}, "south": {"uv": [0, 0, 16, 16], "texture": "#2"}, "west": {"uv": [0, 0, 16, 8], "texture": "#2"}, "up": {"uv": [0, 0, 16, 8], "texture": "#2"}, "down": {"uv": [0, 0, 16, 8], "texture": "#2"} } }, { "name": "Button", "from": [1.5, 8, 10], "to": [2.5, 9, 10.3], "rotation": {"angle": -22.5, "axis": "x", "origin": [8, 8, 8]}, "faces": { "east": {"uv": [0, 0, 16, 8], "texture": "#2"}, "south": {"uv": [0, 0, 16, 16], "texture": "#2"}, "west": {"uv": [0, 0, 16, 8], "texture": "#2"}, "up": {"uv": [0, 0, 16, 8], "texture": "#2"}, "down": {"uv": [0, 0, 16, 8], "texture": "#2"} } }, { "name": "Button", "from": [1.5, 9.5, 10], "to": [2.5, 10.5, 10.3], "rotation": {"angle": -22.5, "axis": "x", "origin": [8, 8, 8]}, "faces": { "east": {"uv": [0, 0, 16, 8], "texture": "#2"}, "south": {"uv": [0, 0, 16, 16], "texture": "#2"}, "west": {"uv": [0, 0, 16, 8], "texture": "#2"}, "up": {"uv": [0, 0, 16, 8], "texture": "#2"}, "down": {"uv": [0, 0, 16, 8], "texture": "#2"} } }, { "name": "Button", "from": [9.5, 9.5, 10], "to": [10.5, 10.5, 10.3], "rotation": {"angle": -22.5, "axis": "x", "origin": [8, 8, 8]}, "faces": { "east": {"uv": [0, 0, 16, 8], "texture": "#2"}, "south": {"uv": [0, 0, 16, 16], "texture": "#2"}, "west": {"uv": [0, 0, 16, 8], "texture": "#2"}, "up": {"uv": [0, 0, 16, 8], "texture": "#2"}, "down": {"uv": [0, 0, 16, 8], "texture": "#2"} } }, { "name": "Button", "from": [9.5, 8, 10], "to": [10.5, 9, 10.3], "rotation": {"angle": -22.5, "axis": "x", "origin": [8, 8, 8]}, "faces": { "east": {"uv": [0, 0, 16, 8], "texture": "#2"}, "south": {"uv": [0, 0, 16, 16], "texture": "#2"}, "west": {"uv": [0, 0, 16, 8], "texture": "#2"}, "up": {"uv": [0, 0, 16, 8], "texture": "#2"}, "down": {"uv": [0, 0, 16, 8], "texture": "#2"} } }, { "name": "Button", "from": [9.5, 6.5, 10], "to": [10.5, 7.5, 10.3], "rotation": {"angle": -22.5, "axis": "x", "origin": [8, 8, 8]}, "faces": { "east": {"uv": [0, 0, 16, 8], "texture": "#2"}, "south": {"uv": [0, 0, 16, 16], "texture": "#2"}, "west": {"uv": [0, 0, 16, 8], "texture": "#2"}, "up": {"uv": [0, 0, 16, 8], "texture": "#2"}, "down": {"uv": [0, 0, 16, 8], "texture": "#2"} } }, { "name": "Button", "from": [9.5, 5, 10], "to": [10.5, 6, 10.3], "rotation": {"angle": -22.5, "axis": "x", "origin": [8, 8, 8]}, "faces": { "east": {"uv": [0, 0, 16, 8], "texture": "#2"}, "south": {"uv": [0, 0, 16, 16], "texture": "#2"}, "west": {"uv": [0, 0, 16, 8], "texture": "#2"}, "up": {"uv": [0, 0, 16, 8], "texture": "#2"}, "down": {"uv": [0, 0, 16, 8], "texture": "#2"} } }, { "name": "Background", "from": [1, 1.7, 10], "to": [15, 13.7, 10.1], "rotation": {"angle": -22.5, "axis": "x", "origin": [8, 8, 8]}, "faces": { "east": {"uv": [0, 0, 16, 8], "texture": "#3"}, "south": {"uv": [0, 0, 16, 16], "texture": "#1"}, "west": {"uv": [0, 0, 16, 8], "texture": "#3"}, "up": {"uv": [0, 0, 16, 8], "texture": "#3"}, "down": {"uv": [0, 0, 16, 8], "texture": "#12"} } } ] }