{ "credit": "Made with Blockbench", "texture_size": [128, 128], "textures": { "0": "item/police1", "particle": "item/police1" }, "elements": [ { "name": "voxel", "from": [7.70326, 5.78379, -1.29992], "to": [8.33818, 5.91078, 12.54135], "faces": { "north": {"uv": [0.03125, 0.03125, 0.09375, 0.09375], "rotation": 90, "texture": "#0"}, "east": {"uv": [0.03125, 0.03125, 0.09375, 0.09375], "rotation": 180, "texture": "#0"}, "south": {"uv": [0.03125, 0.03125, 0.09375, 0.09375], "rotation": 270, "texture": "#0"}, "west": {"uv": [0.03125, 0.03125, 0.09375, 0.09375], "texture": "#0"}, "up": {"uv": [0.03125, 0.03125, 0.09375, 0.09375], "rotation": 270, "texture": "#0"}, "down": {"uv": [0.03125, 0.03125, 0.09375, 0.09375], "rotation": 270, "texture": "#0"} } }, { "name": "voxel", "from": [7.83024, 5.78379, -1.4269], "to": [8.21119, 6.41871, -1.29992], "faces": { "north": {"uv": [0.03125, 0.03125, 0.09375, 0.09375], "rotation": 90, "texture": "#0"}, "east": {"uv": [0.03125, 0.03125, 0.09375, 0.09375], "rotation": 180, "texture": "#0"}, "south": {"uv": [0.03125, 0.03125, 0.09375, 0.09375], "rotation": 270, "texture": "#0"}, "west": {"uv": [0.03125, 0.03125, 0.09375, 0.09375], "texture": "#0"}, "up": {"uv": [0.03125, 0.03125, 0.09375, 0.09375], "rotation": 270, "texture": "#0"}, "down": {"uv": [0.03125, 0.03125, 0.09375, 0.09375], "rotation": 270, "texture": "#0"} } }, { "name": "voxel", "from": [7.83024, 5.78379, 12.54135], "to": [8.21119, 6.41871, 12.66834], "faces": { "north": {"uv": [0.03125, 0.03125, 0.09375, 0.09375], "rotation": 90, "texture": "#0"}, "east": {"uv": [0.03125, 0.03125, 0.09375, 0.09375], "rotation": 180, "texture": "#0"}, "south": {"uv": [0.03125, 0.03125, 0.09375, 0.09375], "rotation": 270, "texture": "#0"}, "west": {"uv": [0.03125, 0.03125, 0.09375, 0.09375], "texture": "#0"}, "up": {"uv": [0.03125, 0.03125, 0.09375, 0.09375], "rotation": 270, "texture": "#0"}, "down": {"uv": [0.03125, 0.03125, 0.09375, 0.09375], "rotation": 270, "texture": "#0"} } }, { "name": "voxel", "from": [8.33818, 5.91078, -1.17293], "to": [8.46516, 6.29173, 12.41437], "faces": { "north": {"uv": [0.03125, 0.03125, 0.09375, 0.09375], "rotation": 90, "texture": "#0"}, "east": {"uv": [0.03125, 0.03125, 0.09375, 0.09375], "rotation": 180, "texture": "#0"}, "south": {"uv": [0.03125, 0.03125, 0.09375, 0.09375], "rotation": 270, "texture": "#0"}, "west": {"uv": [0.03125, 0.03125, 0.09375, 0.09375], "texture": "#0"}, "up": {"uv": [0.03125, 0.03125, 0.09375, 0.09375], "rotation": 270, "texture": "#0"}, "down": {"uv": [0.03125, 0.03125, 0.09375, 0.09375], "rotation": 270, "texture": "#0"} } }, { "name": "voxel", "from": [8.21119, 5.91078, -1.4269], "to": [8.33818, 6.41871, -1.17293], "faces": { "north": {"uv": [0.03125, 0.03125, 0.09375, 0.09375], "rotation": 90, "texture": "#0"}, "east": {"uv": [0.03125, 0.03125, 0.09375, 0.09375], "rotation": 180, "texture": "#0"}, "south": {"uv": [0.03125, 0.03125, 0.09375, 0.09375], "rotation": 270, "texture": "#0"}, "west": {"uv": [0.03125, 0.03125, 0.09375, 0.09375], "texture": "#0"}, "up": {"uv": [0.03125, 0.03125, 0.09375, 0.09375], "rotation": 270, "texture": "#0"}, "down": {"uv": [0.03125, 0.03125, 0.09375, 0.09375], "rotation": 270, "texture": "#0"} } }, { "name": "voxel", "from": [8.21119, 5.91078, 12.41437], "to": [8.33818, 6.29173, 12.66834], "faces": { "north": {"uv": [0.03125, 0.03125, 0.09375, 0.09375], "rotation": 90, "texture": "#0"}, "east": {"uv": [0.03125, 0.03125, 0.09375, 0.09375], "rotation": 180, "texture": "#0"}, "south": {"uv": [0.03125, 0.03125, 0.09375, 0.09375], "rotation": 270, "texture": "#0"}, "west": {"uv": [0.03125, 0.03125, 0.09375, 0.09375], "texture": "#0"}, "up": {"uv": [0.03125, 0.03125, 0.09375, 0.09375], "rotation": 270, "texture": "#0"}, "down": {"uv": [0.03125, 0.03125, 0.09375, 0.09375], "rotation": 270, "texture": "#0"} } }, { "name": "voxel", "from": [7.70326, 5.91078, -1.4269], "to": [7.83024, 6.03776, -1.17293], "faces": { "north": {"uv": [0.03125, 0.03125, 0.09375, 0.09375], "rotation": 90, "texture": "#0"}, "east": {"uv": [0.03125, 0.03125, 0.09375, 0.09375], "rotation": 180, "texture": "#0"}, "south": {"uv": [0.03125, 0.03125, 0.09375, 0.09375], "rotation": 270, "texture": "#0"}, "west": {"uv": [0.03125, 0.03125, 0.09375, 0.09375], "texture": "#0"}, "up": {"uv": [0.03125, 0.03125, 0.09375, 0.09375], "rotation": 270, "texture": "#0"}, "down": {"uv": [0.03125, 0.03125, 0.09375, 0.09375], "rotation": 270, "texture": "#0"} } }, { "name": "voxel", "from": [7.70326, 5.91078, 12.41437], "to": [7.83024, 6.03776, 12.66834], "faces": { "north": {"uv": [0.03125, 0.03125, 0.09375, 0.09375], "rotation": 90, "texture": "#0"}, "east": {"uv": [0.03125, 0.03125, 0.09375, 0.09375], "rotation": 180, "texture": "#0"}, "south": {"uv": [0.03125, 0.03125, 0.09375, 0.09375], "rotation": 270, "texture": "#0"}, "west": {"uv": [0.03125, 0.03125, 0.09375, 0.09375], "texture": "#0"}, "up": {"uv": [0.03125, 0.03125, 0.09375, 0.09375], "rotation": 270, "texture": "#0"}, "down": {"uv": [0.03125, 0.03125, 0.09375, 0.09375], "rotation": 270, "texture": "#0"} } }, { "name": "voxel", "from": [7.57627, 5.91078, -1.17293], "to": [7.70326, 6.29173, 12.41437], "faces": { "north": {"uv": [0.03125, 0.03125, 0.09375, 0.09375], "rotation": 90, "texture": "#0"}, "east": {"uv": [0.03125, 0.03125, 0.09375, 0.09375], "rotation": 180, "texture": "#0"}, "south": {"uv": [0.03125, 0.03125, 0.09375, 0.09375], "rotation": 270, "texture": "#0"}, "west": {"uv": [0.03125, 0.03125, 0.09375, 0.09375], "texture": "#0"}, "up": {"uv": [0.03125, 0.03125, 0.09375, 0.09375], "rotation": 270, "texture": "#0"}, "down": {"uv": [0.03125, 0.03125, 0.09375, 0.09375], "rotation": 270, "texture": "#0"} } }, { "name": "voxel", "from": [7.70326, 6.03776, -1.4269], "to": [7.83024, 6.41871, -1.29992], "faces": { "north": {"uv": [0.03125, 0.03125, 0.09375, 0.09375], "rotation": 90, "texture": "#0"}, "east": {"uv": [0.03125, 0.03125, 0.09375, 0.09375], "rotation": 180, "texture": "#0"}, "south": {"uv": [0.03125, 0.03125, 0.09375, 0.09375], "rotation": 270, "texture": "#0"}, "west": {"uv": [0.03125, 0.03125, 0.09375, 0.09375], "texture": "#0"}, "up": {"uv": [0.03125, 0.03125, 0.09375, 0.09375], "rotation": 270, "texture": "#0"}, "down": {"uv": [0.03125, 0.03125, 0.09375, 0.09375], "rotation": 270, "texture": "#0"} } }, { "name": "voxel", "from": [7.70326, 6.03776, 12.54135], "to": [7.83024, 6.29173, 12.66834], "faces": { "north": {"uv": [0.03125, 0.03125, 0.09375, 0.09375], "rotation": 90, "texture": "#0"}, "east": {"uv": [0.03125, 0.03125, 0.09375, 0.09375], "rotation": 180, "texture": "#0"}, "south": {"uv": [0.03125, 0.03125, 0.09375, 0.09375], "rotation": 270, "texture": "#0"}, "west": {"uv": [0.03125, 0.03125, 0.09375, 0.09375], "texture": "#0"}, "up": {"uv": [0.03125, 0.03125, 0.09375, 0.09375], "rotation": 270, "texture": "#0"}, "down": {"uv": [0.03125, 0.03125, 0.09375, 0.09375], "rotation": 270, "texture": "#0"} } }, { "name": "voxel", "from": [7.57627, 6.03776, -1.29992], "to": [7.70326, 6.16475, -1.17293], "faces": { "north": {"uv": [0.03125, 0.03125, 0.09375, 0.09375], "rotation": 90, "texture": "#0"}, "east": {"uv": [0.03125, 0.03125, 0.09375, 0.09375], "rotation": 180, "texture": "#0"}, "south": {"uv": [0.03125, 0.03125, 0.09375, 0.09375], "rotation": 270, "texture": "#0"}, "west": {"uv": [0.03125, 0.03125, 0.09375, 0.09375], "texture": "#0"}, "up": {"uv": [0.03125, 0.03125, 0.09375, 0.09375], "rotation": 270, "texture": "#0"}, "down": {"uv": [0.03125, 0.03125, 0.09375, 0.09375], "rotation": 270, "texture": "#0"} } }, { "name": "voxel", "from": [7.57627, 6.03776, 12.41437], "to": [7.70326, 6.16475, 12.54135], "faces": { "north": {"uv": [0.03125, 0.03125, 0.09375, 0.09375], "rotation": 90, "texture": "#0"}, "east": {"uv": [0.03125, 0.03125, 0.09375, 0.09375], "rotation": 180, "texture": "#0"}, "south": {"uv": [0.03125, 0.03125, 0.09375, 0.09375], "rotation": 270, "texture": "#0"}, "west": {"uv": [0.03125, 0.03125, 0.09375, 0.09375], "texture": "#0"}, "up": {"uv": [0.03125, 0.03125, 0.09375, 0.09375], "rotation": 270, "texture": "#0"}, "down": {"uv": [0.03125, 0.03125, 0.09375, 0.09375], "rotation": 270, "texture": "#0"} } }, { "name": "voxel", "from": [7.70326, 6.16475, -1.29992], "to": [7.83024, 6.41871, -1.17293], "faces": { "north": {"uv": [0.03125, 0.03125, 0.09375, 0.09375], "rotation": 90, "texture": "#0"}, "east": {"uv": [0.03125, 0.03125, 0.09375, 0.09375], "rotation": 180, "texture": "#0"}, "south": {"uv": [0.03125, 0.03125, 0.09375, 0.09375], "rotation": 270, "texture": "#0"}, "west": {"uv": [0.03125, 0.03125, 0.09375, 0.09375], "texture": "#0"}, "up": {"uv": [0.03125, 0.03125, 0.09375, 0.09375], "rotation": 270, "texture": "#0"}, "down": {"uv": [0.03125, 0.03125, 0.09375, 0.09375], "rotation": 270, "texture": "#0"} } }, { "name": "voxel", "from": [7.70326, 6.16475, 12.41437], "to": [7.83024, 6.41871, 12.54135], "faces": { "north": {"uv": [0.03125, 0.03125, 0.09375, 0.09375], "rotation": 90, "texture": "#0"}, "east": {"uv": [0.03125, 0.03125, 0.09375, 0.09375], "rotation": 180, "texture": "#0"}, "south": {"uv": [0.03125, 0.03125, 0.09375, 0.09375], "rotation": 270, "texture": "#0"}, "west": {"uv": [0.03125, 0.03125, 0.09375, 0.09375], "texture": "#0"}, "up": {"uv": [0.03125, 0.03125, 0.09375, 0.09375], "rotation": 270, "texture": "#0"}, "down": {"uv": [0.03125, 0.03125, 0.09375, 0.09375], "rotation": 270, "texture": "#0"} } }, { "name": "voxel", "from": [8.33818, 6.29173, -0.91896], "to": [8.46516, 6.41871, 12.28739], "faces": { "north": {"uv": [0.03125, 0.03125, 0.09375, 0.09375], "rotation": 90, "texture": "#0"}, "east": {"uv": [0.03125, 0.03125, 0.09375, 0.09375], "rotation": 180, "texture": "#0"}, "south": {"uv": [0.03125, 0.03125, 0.09375, 0.09375], "rotation": 270, "texture": "#0"}, "west": {"uv": [0.03125, 0.03125, 0.09375, 0.09375], "texture": "#0"}, "up": {"uv": [0.03125, 0.03125, 0.09375, 0.09375], "rotation": 270, "texture": "#0"}, "down": {"uv": [0.03125, 0.03125, 0.09375, 0.09375], "rotation": 270, "texture": "#0"} } }, { "name": "voxel", "from": [8.21119, 6.29173, -1.17293], "to": [8.33818, 6.5457, -0.91896], "faces": { "north": {"uv": [0.03125, 0.03125, 0.09375, 0.09375], "rotation": 90, "texture": "#0"}, "east": {"uv": [0.03125, 0.03125, 0.09375, 0.09375], "rotation": 180, "texture": "#0"}, "south": {"uv": [0.03125, 0.03125, 0.09375, 0.09375], "rotation": 270, "texture": "#0"}, "west": {"uv": [0.03125, 0.03125, 0.09375, 0.09375], "texture": "#0"}, "up": {"uv": [0.03125, 0.03125, 0.09375, 0.09375], "rotation": 270, "texture": "#0"}, "down": {"uv": [0.03125, 0.03125, 0.09375, 0.09375], "rotation": 270, "texture": "#0"} } }, { "name": "voxel", "from": [8.21119, 6.29173, 12.28739], "to": [8.33818, 6.41871, 12.54135], "faces": { "north": {"uv": [0.03125, 0.03125, 0.09375, 0.09375], "rotation": 90, "texture": "#0"}, "east": {"uv": [0.03125, 0.03125, 0.09375, 0.09375], "rotation": 180, "texture": "#0"}, "south": {"uv": [0.03125, 0.03125, 0.09375, 0.09375], "rotation": 270, "texture": "#0"}, "west": {"uv": [0.03125, 0.03125, 0.09375, 0.09375], "texture": "#0"}, "up": {"uv": [0.03125, 0.03125, 0.09375, 0.09375], "rotation": 270, "texture": "#0"}, "down": {"uv": [0.03125, 0.03125, 0.09375, 0.09375], "rotation": 270, "texture": "#0"} } }, { "name": "voxel", "from": [7.70326, 6.29173, -1.17293], "to": [7.83024, 6.5457, -0.91896], "faces": { "north": {"uv": [0.03125, 0.03125, 0.09375, 0.09375], "rotation": 90, "texture": "#0"}, "east": {"uv": [0.03125, 0.03125, 0.09375, 0.09375], "rotation": 180, "texture": "#0"}, "south": {"uv": [0.03125, 0.03125, 0.09375, 0.09375], "rotation": 270, "texture": "#0"}, "west": {"uv": [0.03125, 0.03125, 0.09375, 0.09375], "texture": "#0"}, "up": {"uv": [0.03125, 0.03125, 0.09375, 0.09375], "rotation": 270, "texture": "#0"}, "down": {"uv": [0.03125, 0.03125, 0.09375, 0.09375], "rotation": 270, "texture": "#0"} } }, { "name": "voxel", "from": [7.70326, 6.29173, 12.28739], "to": [7.83024, 6.5457, 12.41437], "faces": { "north": {"uv": [0.03125, 0.03125, 0.09375, 0.09375], "rotation": 90, "texture": "#0"}, "east": {"uv": [0.03125, 0.03125, 0.09375, 0.09375], "rotation": 180, "texture": "#0"}, "south": {"uv": [0.03125, 0.03125, 0.09375, 0.09375], "rotation": 270, "texture": "#0"}, "west": {"uv": [0.03125, 0.03125, 0.09375, 0.09375], "texture": "#0"}, "up": {"uv": [0.03125, 0.03125, 0.09375, 0.09375], "rotation": 270, "texture": "#0"}, "down": {"uv": [0.03125, 0.03125, 0.09375, 0.09375], "rotation": 270, "texture": "#0"} } }, { "name": "voxel", "from": [7.57627, 6.29173, -0.91896], "to": [7.70326, 6.41871, 12.28739], "faces": { "north": {"uv": [0.03125, 0.03125, 0.09375, 0.09375], "rotation": 90, "texture": "#0"}, "east": {"uv": [0.03125, 0.03125, 0.09375, 0.09375], "rotation": 180, "texture": "#0"}, "south": {"uv": [0.03125, 0.03125, 0.09375, 0.09375], "rotation": 270, "texture": "#0"}, "west": {"uv": [0.03125, 0.03125, 0.09375, 0.09375], "texture": "#0"}, "up": {"uv": [0.03125, 0.03125, 0.09375, 0.09375], "rotation": 270, "texture": "#0"}, "down": {"uv": [0.03125, 0.03125, 0.09375, 0.09375], "rotation": 270, "texture": "#0"} } }, { "name": "voxel", "from": [8.33818, 6.41871, 8.47786], "to": [8.46516, 6.5457, 8.85881], "faces": { "north": {"uv": [0.03125, 0.03125, 0.09375, 0.09375], "rotation": 90, "texture": "#0"}, "east": {"uv": [0.03125, 0.03125, 0.09375, 0.09375], "rotation": 180, "texture": "#0"}, "south": {"uv": [0.03125, 0.03125, 0.09375, 0.09375], "rotation": 270, "texture": "#0"}, "west": {"uv": [0.03125, 0.03125, 0.09375, 0.09375], "texture": "#0"}, "up": {"uv": [0.03125, 0.03125, 0.09375, 0.09375], "rotation": 270, "texture": "#0"}, "down": {"uv": [0.03125, 0.03125, 0.09375, 0.09375], "rotation": 270, "texture": "#0"} } }, { "name": "voxel", "from": [7.70326, 6.41871, -0.91896], "to": [8.33818, 6.5457, 8.35088], "faces": { "north": {"uv": [0.03125, 0.03125, 0.09375, 0.09375], "rotation": 90, "texture": "#0"}, "east": {"uv": [0.03125, 0.03125, 0.09375, 0.09375], "rotation": 180, "texture": "#0"}, "south": {"uv": [0.03125, 0.03125, 0.09375, 0.09375], "rotation": 270, "texture": "#0"}, "west": {"uv": [0.03125, 0.03125, 0.09375, 0.09375], "texture": "#0"}, "up": {"uv": [0.03125, 0.03125, 0.09375, 0.09375], "rotation": 270, "texture": "#0"}, "down": {"uv": [0.03125, 0.03125, 0.09375, 0.09375], "rotation": 270, "texture": "#0"} } }, { "name": "voxel", "from": [8.21119, 6.41871, 8.35088], "to": [8.33818, 6.79967, 8.47786], "faces": { "north": {"uv": [0.03125, 0.03125, 0.09375, 0.09375], "rotation": 90, "texture": "#0"}, "east": {"uv": [0.03125, 0.03125, 0.09375, 0.09375], "rotation": 180, "texture": "#0"}, "south": {"uv": [0.03125, 0.03125, 0.09375, 0.09375], "rotation": 270, "texture": "#0"}, "west": {"uv": [0.03125, 0.03125, 0.09375, 0.09375], "texture": "#0"}, "up": {"uv": [0.03125, 0.03125, 0.09375, 0.09375], "rotation": 270, "texture": "#0"}, "down": {"uv": [0.03125, 0.03125, 0.09375, 0.09375], "rotation": 270, "texture": "#0"} } }, { "name": "voxel", "from": [8.21119, 6.41871, 8.85881], "to": [8.33818, 6.67268, 9.11278], "faces": { "north": {"uv": [0.03125, 0.03125, 0.09375, 0.09375], "rotation": 90, "texture": "#0"}, "east": {"uv": [0.03125, 0.03125, 0.09375, 0.09375], "rotation": 180, "texture": "#0"}, "south": {"uv": [0.03125, 0.03125, 0.09375, 0.09375], "rotation": 270, "texture": "#0"}, "west": {"uv": [0.03125, 0.03125, 0.09375, 0.09375], "texture": "#0"}, "up": {"uv": [0.03125, 0.03125, 0.09375, 0.09375], "rotation": 270, "texture": "#0"}, "down": {"uv": [0.03125, 0.03125, 0.09375, 0.09375], "rotation": 270, "texture": "#0"} } }, { "name": "voxel", "from": [7.70326, 6.41871, 9.11278], "to": [8.33818, 6.5457, 12.28739], "faces": { "north": {"uv": [0.03125, 0.03125, 0.09375, 0.09375], "rotation": 90, "texture": "#0"}, "east": {"uv": [0.03125, 0.03125, 0.09375, 0.09375], "rotation": 180, "texture": "#0"}, "south": {"uv": [0.03125, 0.03125, 0.09375, 0.09375], "rotation": 270, "texture": "#0"}, "west": {"uv": [0.03125, 0.03125, 0.09375, 0.09375], "texture": "#0"}, "up": {"uv": [0.03125, 0.03125, 0.09375, 0.09375], "rotation": 270, "texture": "#0"}, "down": {"uv": [0.03125, 0.03125, 0.09375, 0.09375], "rotation": 270, "texture": "#0"} } }, { "name": "voxel", "from": [7.83024, 6.41871, 12.28739], "to": [8.33818, 6.5457, 12.41437], "faces": { "north": {"uv": [0.03125, 0.03125, 0.09375, 0.09375], "rotation": 90, "texture": "#0"}, "east": {"uv": [0.03125, 0.03125, 0.09375, 0.09375], "rotation": 180, "texture": "#0"}, "south": {"uv": [0.03125, 0.03125, 0.09375, 0.09375], "rotation": 270, "texture": "#0"}, "west": {"uv": [0.03125, 0.03125, 0.09375, 0.09375], "texture": "#0"}, "up": {"uv": [0.03125, 0.03125, 0.09375, 0.09375], "rotation": 270, "texture": "#0"}, "down": {"uv": [0.03125, 0.03125, 0.09375, 0.09375], "rotation": 270, "texture": "#0"} } }, { "name": "voxel", "from": [7.83024, 6.41871, -1.29992], "to": [8.21119, 6.5457, -0.91896], "faces": { "north": {"uv": [0.03125, 0.03125, 0.09375, 0.09375], "rotation": 90, "texture": "#0"}, "east": {"uv": [0.03125, 0.03125, 0.09375, 0.09375], "rotation": 180, "texture": "#0"}, "south": {"uv": [0.03125, 0.03125, 0.09375, 0.09375], "rotation": 270, "texture": "#0"}, "west": {"uv": [0.03125, 0.03125, 0.09375, 0.09375], "texture": "#0"}, "up": {"uv": [0.03125, 0.03125, 0.09375, 0.09375], "rotation": 270, "texture": "#0"}, "down": {"uv": [0.03125, 0.03125, 0.09375, 0.09375], "rotation": 270, "texture": "#0"} } }, { "name": "voxel", "from": [7.83024, 6.41871, 12.41437], "to": [8.21119, 6.5457, 12.54135], "faces": { "north": {"uv": [0.03125, 0.03125, 0.09375, 0.09375], "rotation": 90, "texture": "#0"}, "east": {"uv": [0.03125, 0.03125, 0.09375, 0.09375], "rotation": 180, "texture": "#0"}, "south": {"uv": [0.03125, 0.03125, 0.09375, 0.09375], "rotation": 270, "texture": "#0"}, "west": {"uv": [0.03125, 0.03125, 0.09375, 0.09375], "texture": "#0"}, "up": {"uv": [0.03125, 0.03125, 0.09375, 0.09375], "rotation": 270, "texture": "#0"}, "down": {"uv": [0.03125, 0.03125, 0.09375, 0.09375], "rotation": 270, "texture": "#0"} } }, { "name": "voxel", "from": [7.70326, 6.41871, 8.35088], "to": [7.83024, 6.79967, 8.47786], "faces": { "north": {"uv": [0.03125, 0.03125, 0.09375, 0.09375], "rotation": 90, "texture": "#0"}, "east": {"uv": [0.03125, 0.03125, 0.09375, 0.09375], "rotation": 180, "texture": "#0"}, "south": {"uv": [0.03125, 0.03125, 0.09375, 0.09375], "rotation": 270, "texture": "#0"}, "west": {"uv": [0.03125, 0.03125, 0.09375, 0.09375], "texture": "#0"}, "up": {"uv": [0.03125, 0.03125, 0.09375, 0.09375], "rotation": 270, "texture": "#0"}, "down": {"uv": [0.03125, 0.03125, 0.09375, 0.09375], "rotation": 270, "texture": "#0"} } }, { "name": "voxel", "from": [7.70326, 6.41871, 8.85881], "to": [7.83024, 6.67268, 9.11278], "faces": { "north": {"uv": [0.03125, 0.03125, 0.09375, 0.09375], "rotation": 90, "texture": "#0"}, "east": {"uv": [0.03125, 0.03125, 0.09375, 0.09375], "rotation": 180, "texture": "#0"}, "south": {"uv": [0.03125, 0.03125, 0.09375, 0.09375], "rotation": 270, "texture": "#0"}, "west": {"uv": [0.03125, 0.03125, 0.09375, 0.09375], "texture": "#0"}, "up": {"uv": [0.03125, 0.03125, 0.09375, 0.09375], "rotation": 270, "texture": "#0"}, "down": {"uv": [0.03125, 0.03125, 0.09375, 0.09375], "rotation": 270, "texture": "#0"} } }, { "name": "voxel", "from": [7.57627, 6.41871, 8.47786], "to": [7.70326, 6.5457, 8.85881], "faces": { "north": {"uv": [0.03125, 0.03125, 0.09375, 0.09375], "rotation": 90, "texture": "#0"}, "east": {"uv": [0.03125, 0.03125, 0.09375, 0.09375], "rotation": 180, "texture": "#0"}, "south": {"uv": [0.03125, 0.03125, 0.09375, 0.09375], "rotation": 270, "texture": "#0"}, "west": {"uv": [0.03125, 0.03125, 0.09375, 0.09375], "texture": "#0"}, "up": {"uv": [0.03125, 0.03125, 0.09375, 0.09375], "rotation": 270, "texture": "#0"}, "down": {"uv": [0.03125, 0.03125, 0.09375, 0.09375], "rotation": 270, "texture": "#0"} } }, { "name": "voxel", "from": [8.33818, 6.5457, 8.60485], "to": [8.46516, 6.67268, 8.85881], "faces": { "north": {"uv": [0.03125, 0.03125, 0.09375, 0.09375], "rotation": 90, "texture": "#0"}, "east": {"uv": [0.03125, 0.03125, 0.09375, 0.09375], "rotation": 180, "texture": "#0"}, "south": {"uv": [0.03125, 0.03125, 0.09375, 0.09375], "rotation": 270, "texture": "#0"}, "west": {"uv": [0.03125, 0.03125, 0.09375, 0.09375], "texture": "#0"}, "up": {"uv": [0.03125, 0.03125, 0.09375, 0.09375], "rotation": 270, "texture": "#0"}, "down": {"uv": [0.03125, 0.03125, 0.09375, 0.09375], "rotation": 270, "texture": "#0"} } }, { "name": "voxel", "from": [8.21119, 6.5457, 8.47786], "to": [8.33818, 7.68855, 8.60485], "faces": { "north": {"uv": [0.03125, 0.03125, 0.09375, 0.09375], "rotation": 90, "texture": "#0"}, "east": {"uv": [0.03125, 0.03125, 0.09375, 0.09375], "rotation": 180, "texture": "#0"}, "south": {"uv": [0.03125, 0.03125, 0.09375, 0.09375], "rotation": 270, "texture": "#0"}, "west": {"uv": [0.03125, 0.03125, 0.09375, 0.09375], "texture": "#0"}, "up": {"uv": [0.03125, 0.03125, 0.09375, 0.09375], "rotation": 270, "texture": "#0"}, "down": {"uv": [0.03125, 0.03125, 0.09375, 0.09375], "rotation": 270, "texture": "#0"} } }, { "name": "voxel", "from": [7.83024, 6.5457, 8.35088], "to": [8.21119, 9.21236, 8.47786], "faces": { "north": {"uv": [0.03125, 0.03125, 0.09375, 0.09375], "rotation": 90, "texture": "#0"}, "east": {"uv": [0.03125, 0.03125, 0.09375, 0.09375], "rotation": 180, "texture": "#0"}, "south": {"uv": [0.03125, 0.03125, 0.09375, 0.09375], "rotation": 270, "texture": "#0"}, "west": {"uv": [0.03125, 0.03125, 0.09375, 0.09375], "texture": "#0"}, "up": {"uv": [0.03125, 0.03125, 0.09375, 0.09375], "rotation": 270, "texture": "#0"}, "down": {"uv": [0.03125, 0.03125, 0.09375, 0.09375], "rotation": 270, "texture": "#0"} } }, { "name": "voxel", "from": [7.83024, 6.5457, 8.9858], "to": [8.21119, 9.21236, 9.11278], "faces": { "north": {"uv": [0.03125, 0.03125, 0.09375, 0.09375], "rotation": 90, "texture": "#0"}, "east": {"uv": [0.03125, 0.03125, 0.09375, 0.09375], "rotation": 180, "texture": "#0"}, "south": {"uv": [0.03125, 0.03125, 0.09375, 0.09375], "rotation": 270, "texture": "#0"}, "west": {"uv": [0.03125, 0.03125, 0.09375, 0.09375], "texture": "#0"}, "up": {"uv": [0.03125, 0.03125, 0.09375, 0.09375], "rotation": 270, "texture": "#0"}, "down": {"uv": [0.03125, 0.03125, 0.09375, 0.09375], "rotation": 270, "texture": "#0"} } }, { "name": "voxel", "from": [7.70326, 6.5457, 8.47786], "to": [7.83024, 7.68855, 8.60485], "faces": { "north": {"uv": [0.03125, 0.03125, 0.09375, 0.09375], "rotation": 90, "texture": "#0"}, "east": {"uv": [0.03125, 0.03125, 0.09375, 0.09375], "rotation": 180, "texture": "#0"}, "south": {"uv": [0.03125, 0.03125, 0.09375, 0.09375], "rotation": 270, "texture": "#0"}, "west": {"uv": [0.03125, 0.03125, 0.09375, 0.09375], "texture": "#0"}, "up": {"uv": [0.03125, 0.03125, 0.09375, 0.09375], "rotation": 270, "texture": "#0"}, "down": {"uv": [0.03125, 0.03125, 0.09375, 0.09375], "rotation": 270, "texture": "#0"} } }, { "name": "voxel", "from": [7.57627, 6.5457, 8.60485], "to": [7.70326, 6.67268, 8.85881], "faces": { "north": {"uv": [0.03125, 0.03125, 0.09375, 0.09375], "rotation": 90, "texture": "#0"}, "east": {"uv": [0.03125, 0.03125, 0.09375, 0.09375], "rotation": 180, "texture": "#0"}, "south": {"uv": [0.03125, 0.03125, 0.09375, 0.09375], "rotation": 270, "texture": "#0"}, "west": {"uv": [0.03125, 0.03125, 0.09375, 0.09375], "texture": "#0"}, "up": {"uv": [0.03125, 0.03125, 0.09375, 0.09375], "rotation": 270, "texture": "#0"}, "down": {"uv": [0.03125, 0.03125, 0.09375, 0.09375], "rotation": 270, "texture": "#0"} } }, { "name": "voxel", "from": [8.21119, 6.67268, 8.60485], "to": [8.33818, 7.3076, 8.9858], "faces": { "north": {"uv": [0.03125, 0.03125, 0.09375, 0.09375], "rotation": 90, "texture": "#0"}, "east": {"uv": [0.03125, 0.03125, 0.09375, 0.09375], "rotation": 180, "texture": "#0"}, "south": {"uv": [0.03125, 0.03125, 0.09375, 0.09375], "rotation": 270, "texture": "#0"}, "west": {"uv": [0.03125, 0.03125, 0.09375, 0.09375], "texture": "#0"}, "up": {"uv": [0.03125, 0.03125, 0.09375, 0.09375], "rotation": 270, "texture": "#0"}, "down": {"uv": [0.03125, 0.03125, 0.09375, 0.09375], "rotation": 270, "texture": "#0"} } }, { "name": "voxel", "from": [7.70326, 6.67268, 8.60485], "to": [7.83024, 7.3076, 8.9858], "faces": { "north": {"uv": [0.03125, 0.03125, 0.09375, 0.09375], "rotation": 90, "texture": "#0"}, "east": {"uv": [0.03125, 0.03125, 0.09375, 0.09375], "rotation": 180, "texture": "#0"}, "south": {"uv": [0.03125, 0.03125, 0.09375, 0.09375], "rotation": 270, "texture": "#0"}, "west": {"uv": [0.03125, 0.03125, 0.09375, 0.09375], "texture": "#0"}, "up": {"uv": [0.03125, 0.03125, 0.09375, 0.09375], "rotation": 270, "texture": "#0"}, "down": {"uv": [0.03125, 0.03125, 0.09375, 0.09375], "rotation": 270, "texture": "#0"} } }, { "name": "voxel", "from": [8.21119, 7.18062, 8.35088], "to": [8.33818, 8.9584, 8.47786], "faces": { "north": {"uv": [0.03125, 0.03125, 0.09375, 0.09375], "rotation": 90, "texture": "#0"}, "east": {"uv": [0.03125, 0.03125, 0.09375, 0.09375], "rotation": 180, "texture": "#0"}, "south": {"uv": [0.03125, 0.03125, 0.09375, 0.09375], "rotation": 270, "texture": "#0"}, "west": {"uv": [0.03125, 0.03125, 0.09375, 0.09375], "texture": "#0"}, "up": {"uv": [0.03125, 0.03125, 0.09375, 0.09375], "rotation": 270, "texture": "#0"}, "down": {"uv": [0.03125, 0.03125, 0.09375, 0.09375], "rotation": 270, "texture": "#0"} } }, { "name": "voxel", "from": [7.70326, 7.18062, 8.35088], "to": [7.83024, 8.9584, 8.47786], "faces": { "north": {"uv": [0.03125, 0.03125, 0.09375, 0.09375], "rotation": 90, "texture": "#0"}, "east": {"uv": [0.03125, 0.03125, 0.09375, 0.09375], "rotation": 180, "texture": "#0"}, "south": {"uv": [0.03125, 0.03125, 0.09375, 0.09375], "rotation": 270, "texture": "#0"}, "west": {"uv": [0.03125, 0.03125, 0.09375, 0.09375], "texture": "#0"}, "up": {"uv": [0.03125, 0.03125, 0.09375, 0.09375], "rotation": 270, "texture": "#0"}, "down": {"uv": [0.03125, 0.03125, 0.09375, 0.09375], "rotation": 270, "texture": "#0"} } }, { "name": "voxel", "from": [8.33818, 7.3076, 8.60485], "to": [8.46516, 8.83141, 8.85881], "faces": { "north": {"uv": [0.03125, 0.03125, 0.09375, 0.09375], "rotation": 90, "texture": "#0"}, "east": {"uv": [0.03125, 0.03125, 0.09375, 0.09375], "rotation": 180, "texture": "#0"}, "south": {"uv": [0.03125, 0.03125, 0.09375, 0.09375], "rotation": 270, "texture": "#0"}, "west": {"uv": [0.03125, 0.03125, 0.09375, 0.09375], "texture": "#0"}, "up": {"uv": [0.03125, 0.03125, 0.09375, 0.09375], "rotation": 270, "texture": "#0"}, "down": {"uv": [0.03125, 0.03125, 0.09375, 0.09375], "rotation": 270, "texture": "#0"} } }, { "name": "voxel", "from": [8.21119, 7.3076, 8.85881], "to": [8.33818, 7.94252, 8.9858], "faces": { "north": {"uv": [0.03125, 0.03125, 0.09375, 0.09375], "rotation": 90, "texture": "#0"}, "east": {"uv": [0.03125, 0.03125, 0.09375, 0.09375], "rotation": 180, "texture": "#0"}, "south": {"uv": [0.03125, 0.03125, 0.09375, 0.09375], "rotation": 270, "texture": "#0"}, "west": {"uv": [0.03125, 0.03125, 0.09375, 0.09375], "texture": "#0"}, "up": {"uv": [0.03125, 0.03125, 0.09375, 0.09375], "rotation": 270, "texture": "#0"}, "down": {"uv": [0.03125, 0.03125, 0.09375, 0.09375], "rotation": 270, "texture": "#0"} } }, { "name": "voxel", "from": [7.70326, 7.3076, 8.85881], "to": [7.83024, 7.94252, 8.9858], "faces": { "north": {"uv": [0.03125, 0.03125, 0.09375, 0.09375], "rotation": 90, "texture": "#0"}, "east": {"uv": [0.03125, 0.03125, 0.09375, 0.09375], "rotation": 180, "texture": "#0"}, "south": {"uv": [0.03125, 0.03125, 0.09375, 0.09375], "rotation": 270, "texture": "#0"}, "west": {"uv": [0.03125, 0.03125, 0.09375, 0.09375], "texture": "#0"}, "up": {"uv": [0.03125, 0.03125, 0.09375, 0.09375], "rotation": 270, "texture": "#0"}, "down": {"uv": [0.03125, 0.03125, 0.09375, 0.09375], "rotation": 270, "texture": "#0"} } }, { "name": "voxel", "from": [7.57627, 7.3076, 8.60485], "to": [7.70326, 8.83141, 8.85881], "faces": { "north": {"uv": [0.03125, 0.03125, 0.09375, 0.09375], "rotation": 90, "texture": "#0"}, "east": {"uv": [0.03125, 0.03125, 0.09375, 0.09375], "rotation": 180, "texture": "#0"}, "south": {"uv": [0.03125, 0.03125, 0.09375, 0.09375], "rotation": 270, "texture": "#0"}, "west": {"uv": [0.03125, 0.03125, 0.09375, 0.09375], "texture": "#0"}, "up": {"uv": [0.03125, 0.03125, 0.09375, 0.09375], "rotation": 270, "texture": "#0"}, "down": {"uv": [0.03125, 0.03125, 0.09375, 0.09375], "rotation": 270, "texture": "#0"} } }, { "name": "voxel", "from": [8.21119, 7.43459, 8.9858], "to": [8.33818, 8.70443, 9.11278], "faces": { "north": {"uv": [0.03125, 0.03125, 0.09375, 0.09375], "rotation": 90, "texture": "#0"}, "east": {"uv": [0.03125, 0.03125, 0.09375, 0.09375], "rotation": 180, "texture": "#0"}, "south": {"uv": [0.03125, 0.03125, 0.09375, 0.09375], "rotation": 270, "texture": "#0"}, "west": {"uv": [0.03125, 0.03125, 0.09375, 0.09375], "texture": "#0"}, "up": {"uv": [0.03125, 0.03125, 0.09375, 0.09375], "rotation": 270, "texture": "#0"}, "down": {"uv": [0.03125, 0.03125, 0.09375, 0.09375], "rotation": 270, "texture": "#0"} } }, { "name": "voxel", "from": [7.70326, 7.43459, 8.9858], "to": [7.83024, 8.70443, 9.11278], "faces": { "north": {"uv": [0.03125, 0.03125, 0.09375, 0.09375], "rotation": 90, "texture": "#0"}, "east": {"uv": [0.03125, 0.03125, 0.09375, 0.09375], "rotation": 180, "texture": "#0"}, "south": {"uv": [0.03125, 0.03125, 0.09375, 0.09375], "rotation": 270, "texture": "#0"}, "west": {"uv": [0.03125, 0.03125, 0.09375, 0.09375], "texture": "#0"}, "up": {"uv": [0.03125, 0.03125, 0.09375, 0.09375], "rotation": 270, "texture": "#0"}, "down": {"uv": [0.03125, 0.03125, 0.09375, 0.09375], "rotation": 270, "texture": "#0"} } }, { "name": "voxel", "from": [8.33818, 7.68855, 8.47786], "to": [8.46516, 8.57744, 8.60485], "faces": { "north": {"uv": [0.03125, 0.03125, 0.09375, 0.09375], "rotation": 90, "texture": "#0"}, "east": {"uv": [0.03125, 0.03125, 0.09375, 0.09375], "rotation": 180, "texture": "#0"}, "south": {"uv": [0.03125, 0.03125, 0.09375, 0.09375], "rotation": 270, "texture": "#0"}, "west": {"uv": [0.03125, 0.03125, 0.09375, 0.09375], "texture": "#0"}, "up": {"uv": [0.03125, 0.03125, 0.09375, 0.09375], "rotation": 270, "texture": "#0"}, "down": {"uv": [0.03125, 0.03125, 0.09375, 0.09375], "rotation": 270, "texture": "#0"} } }, { "name": "voxel", "from": [7.57627, 7.68855, 8.47786], "to": [7.70326, 8.57744, 8.60485], "faces": { "north": {"uv": [0.03125, 0.03125, 0.09375, 0.09375], "rotation": 90, "texture": "#0"}, "east": {"uv": [0.03125, 0.03125, 0.09375, 0.09375], "rotation": 180, "texture": "#0"}, "south": {"uv": [0.03125, 0.03125, 0.09375, 0.09375], "rotation": 270, "texture": "#0"}, "west": {"uv": [0.03125, 0.03125, 0.09375, 0.09375], "texture": "#0"}, "up": {"uv": [0.03125, 0.03125, 0.09375, 0.09375], "rotation": 270, "texture": "#0"}, "down": {"uv": [0.03125, 0.03125, 0.09375, 0.09375], "rotation": 270, "texture": "#0"} } }, { "name": "voxel", "from": [8.33818, 7.94252, 8.85881], "to": [8.46516, 8.32348, 8.9858], "faces": { "north": {"uv": [0.03125, 0.03125, 0.09375, 0.09375], "rotation": 90, "texture": "#0"}, "east": {"uv": [0.03125, 0.03125, 0.09375, 0.09375], "rotation": 180, "texture": "#0"}, "south": {"uv": [0.03125, 0.03125, 0.09375, 0.09375], "rotation": 270, "texture": "#0"}, "west": {"uv": [0.03125, 0.03125, 0.09375, 0.09375], "texture": "#0"}, "up": {"uv": [0.03125, 0.03125, 0.09375, 0.09375], "rotation": 270, "texture": "#0"}, "down": {"uv": [0.03125, 0.03125, 0.09375, 0.09375], "rotation": 270, "texture": "#0"} } }, { "name": "voxel", "from": [7.57627, 7.94252, 8.85881], "to": [7.70326, 8.32348, 8.9858], "faces": { "north": {"uv": [0.03125, 0.03125, 0.09375, 0.09375], "rotation": 90, "texture": "#0"}, "east": {"uv": [0.03125, 0.03125, 0.09375, 0.09375], "rotation": 180, "texture": "#0"}, "south": {"uv": [0.03125, 0.03125, 0.09375, 0.09375], "rotation": 270, "texture": "#0"}, "west": {"uv": [0.03125, 0.03125, 0.09375, 0.09375], "texture": "#0"}, "up": {"uv": [0.03125, 0.03125, 0.09375, 0.09375], "rotation": 270, "texture": "#0"}, "down": {"uv": [0.03125, 0.03125, 0.09375, 0.09375], "rotation": 270, "texture": "#0"} } }, { "name": "voxel", "from": [8.21119, 8.32348, 8.85881], "to": [8.33818, 9.21236, 8.9858], "faces": { "north": {"uv": [0.03125, 0.03125, 0.09375, 0.09375], "rotation": 90, "texture": "#0"}, "east": {"uv": [0.03125, 0.03125, 0.09375, 0.09375], "rotation": 180, "texture": "#0"}, "south": {"uv": [0.03125, 0.03125, 0.09375, 0.09375], "rotation": 270, "texture": "#0"}, "west": {"uv": [0.03125, 0.03125, 0.09375, 0.09375], "texture": "#0"}, "up": {"uv": [0.03125, 0.03125, 0.09375, 0.09375], "rotation": 270, "texture": "#0"}, "down": {"uv": [0.03125, 0.03125, 0.09375, 0.09375], "rotation": 270, "texture": "#0"} } }, { "name": "voxel", "from": [7.70326, 8.32348, 8.85881], "to": [7.83024, 9.21236, 8.9858], "faces": { "north": {"uv": [0.03125, 0.03125, 0.09375, 0.09375], "rotation": 90, "texture": "#0"}, "east": {"uv": [0.03125, 0.03125, 0.09375, 0.09375], "rotation": 180, "texture": "#0"}, "south": {"uv": [0.03125, 0.03125, 0.09375, 0.09375], "rotation": 270, "texture": "#0"}, "west": {"uv": [0.03125, 0.03125, 0.09375, 0.09375], "texture": "#0"}, "up": {"uv": [0.03125, 0.03125, 0.09375, 0.09375], "rotation": 270, "texture": "#0"}, "down": {"uv": [0.03125, 0.03125, 0.09375, 0.09375], "rotation": 270, "texture": "#0"} } }, { "name": "voxel", "from": [8.21119, 8.57744, 8.47786], "to": [8.33818, 9.21236, 8.60485], "faces": { "north": {"uv": [0.03125, 0.03125, 0.09375, 0.09375], "rotation": 90, "texture": "#0"}, "east": {"uv": [0.03125, 0.03125, 0.09375, 0.09375], "rotation": 180, "texture": "#0"}, "south": {"uv": [0.03125, 0.03125, 0.09375, 0.09375], "rotation": 270, "texture": "#0"}, "west": {"uv": [0.03125, 0.03125, 0.09375, 0.09375], "texture": "#0"}, "up": {"uv": [0.03125, 0.03125, 0.09375, 0.09375], "rotation": 270, "texture": "#0"}, "down": {"uv": [0.03125, 0.03125, 0.09375, 0.09375], "rotation": 270, "texture": "#0"} } }, { "name": "voxel", "from": [7.70326, 8.57744, 8.47786], "to": [7.83024, 9.21236, 8.60485], "faces": { "north": {"uv": [0.03125, 0.03125, 0.09375, 0.09375], "rotation": 90, "texture": "#0"}, "east": {"uv": [0.03125, 0.03125, 0.09375, 0.09375], "rotation": 180, "texture": "#0"}, "south": {"uv": [0.03125, 0.03125, 0.09375, 0.09375], "rotation": 270, "texture": "#0"}, "west": {"uv": [0.03125, 0.03125, 0.09375, 0.09375], "texture": "#0"}, "up": {"uv": [0.03125, 0.03125, 0.09375, 0.09375], "rotation": 270, "texture": "#0"}, "down": {"uv": [0.03125, 0.03125, 0.09375, 0.09375], "rotation": 270, "texture": "#0"} } }, { "name": "voxel", "from": [8.21119, 8.83141, 8.60485], "to": [8.33818, 9.21236, 8.85881], "faces": { "north": {"uv": [0.03125, 0.03125, 0.09375, 0.09375], "rotation": 90, "texture": "#0"}, "east": {"uv": [0.03125, 0.03125, 0.09375, 0.09375], "rotation": 180, "texture": "#0"}, "south": {"uv": [0.03125, 0.03125, 0.09375, 0.09375], "rotation": 270, "texture": "#0"}, "west": {"uv": [0.03125, 0.03125, 0.09375, 0.09375], "texture": "#0"}, "up": {"uv": [0.03125, 0.03125, 0.09375, 0.09375], "rotation": 270, "texture": "#0"}, "down": {"uv": [0.03125, 0.03125, 0.09375, 0.09375], "rotation": 270, "texture": "#0"} } }, { "name": "voxel", "from": [7.70326, 8.83141, 8.60485], "to": [7.83024, 9.21236, 8.85881], "faces": { "north": {"uv": [0.03125, 0.03125, 0.09375, 0.09375], "rotation": 90, "texture": "#0"}, "east": {"uv": [0.03125, 0.03125, 0.09375, 0.09375], "rotation": 180, "texture": "#0"}, "south": {"uv": [0.03125, 0.03125, 0.09375, 0.09375], "rotation": 270, "texture": "#0"}, "west": {"uv": [0.03125, 0.03125, 0.09375, 0.09375], "texture": "#0"}, "up": {"uv": [0.03125, 0.03125, 0.09375, 0.09375], "rotation": 270, "texture": "#0"}, "down": {"uv": [0.03125, 0.03125, 0.09375, 0.09375], "rotation": 270, "texture": "#0"} } }, { "name": "voxel", "from": [8.46516, 9.21236, 8.35088], "to": [8.59215, 9.59332, 8.9858], "faces": { "north": {"uv": [0.03125, 0.03125, 0.09375, 0.09375], "rotation": 90, "texture": "#0"}, "east": {"uv": [0.03125, 0.03125, 0.09375, 0.09375], "rotation": 180, "texture": "#0"}, "south": {"uv": [0.03125, 0.03125, 0.09375, 0.09375], "rotation": 270, "texture": "#0"}, "west": {"uv": [0.03125, 0.03125, 0.09375, 0.09375], "texture": "#0"}, "up": {"uv": [0.03125, 0.03125, 0.09375, 0.09375], "rotation": 270, "texture": "#0"}, "down": {"uv": [0.03125, 0.03125, 0.09375, 0.09375], "rotation": 270, "texture": "#0"} } }, { "name": "voxel", "from": [8.21119, 9.21236, 8.22389], "to": [8.46516, 9.33935, 8.47786], "faces": { "north": {"uv": [0.03125, 0.03125, 0.09375, 0.09375], "rotation": 90, "texture": "#0"}, "east": {"uv": [0.03125, 0.03125, 0.09375, 0.09375], "rotation": 180, "texture": "#0"}, "south": {"uv": [0.03125, 0.03125, 0.09375, 0.09375], "rotation": 270, "texture": "#0"}, "west": {"uv": [0.03125, 0.03125, 0.09375, 0.09375], "texture": "#0"}, "up": {"uv": [0.03125, 0.03125, 0.09375, 0.09375], "rotation": 270, "texture": "#0"}, "down": {"uv": [0.03125, 0.03125, 0.09375, 0.09375], "rotation": 270, "texture": "#0"} } }, { "name": "voxel", "from": [8.33818, 9.21236, 8.47786], "to": [8.46516, 9.33935, 9.23977], "faces": { "north": {"uv": [0.03125, 0.03125, 0.09375, 0.09375], "rotation": 90, "texture": "#0"}, "east": {"uv": [0.03125, 0.03125, 0.09375, 0.09375], "rotation": 180, "texture": "#0"}, "south": {"uv": [0.03125, 0.03125, 0.09375, 0.09375], "rotation": 270, "texture": "#0"}, "west": {"uv": [0.03125, 0.03125, 0.09375, 0.09375], "texture": "#0"}, "up": {"uv": [0.03125, 0.03125, 0.09375, 0.09375], "rotation": 270, "texture": "#0"}, "down": {"uv": [0.03125, 0.03125, 0.09375, 0.09375], "rotation": 270, "texture": "#0"} } }, { "name": "voxel", "from": [8.21119, 9.21236, 8.9858], "to": [8.33818, 9.33935, 9.23977], "faces": { "north": {"uv": [0.03125, 0.03125, 0.09375, 0.09375], "rotation": 90, "texture": "#0"}, "east": {"uv": [0.03125, 0.03125, 0.09375, 0.09375], "rotation": 180, "texture": "#0"}, "south": {"uv": [0.03125, 0.03125, 0.09375, 0.09375], "rotation": 270, "texture": "#0"}, "west": {"uv": [0.03125, 0.03125, 0.09375, 0.09375], "texture": "#0"}, "up": {"uv": [0.03125, 0.03125, 0.09375, 0.09375], "rotation": 270, "texture": "#0"}, "down": {"uv": [0.03125, 0.03125, 0.09375, 0.09375], "rotation": 270, "texture": "#0"} } }, { "name": "voxel", "from": [7.83024, 9.21236, 8.09691], "to": [8.21119, 9.33935, 8.35088], "faces": { "north": {"uv": [0.03125, 0.03125, 0.09375, 0.09375], "rotation": 90, "texture": "#0"}, "east": {"uv": [0.03125, 0.03125, 0.09375, 0.09375], "rotation": 180, "texture": "#0"}, "south": {"uv": [0.03125, 0.03125, 0.09375, 0.09375], "rotation": 270, "texture": "#0"}, "west": {"uv": [0.03125, 0.03125, 0.09375, 0.09375], "texture": "#0"}, "up": {"uv": [0.03125, 0.03125, 0.09375, 0.09375], "rotation": 270, "texture": "#0"}, "down": {"uv": [0.03125, 0.03125, 0.09375, 0.09375], "rotation": 270, "texture": "#0"} } }, { "name": "voxel", "from": [7.57627, 9.21236, 9.11278], "to": [8.21119, 9.33935, 9.23977], "faces": { "north": {"uv": [0.03125, 0.03125, 0.09375, 0.09375], "rotation": 90, "texture": "#0"}, "east": {"uv": [0.03125, 0.03125, 0.09375, 0.09375], "rotation": 180, "texture": "#0"}, "south": {"uv": [0.03125, 0.03125, 0.09375, 0.09375], "rotation": 270, "texture": "#0"}, "west": {"uv": [0.03125, 0.03125, 0.09375, 0.09375], "texture": "#0"}, "up": {"uv": [0.03125, 0.03125, 0.09375, 0.09375], "rotation": 270, "texture": "#0"}, "down": {"uv": [0.03125, 0.03125, 0.09375, 0.09375], "rotation": 270, "texture": "#0"} } }, { "name": "voxel", "from": [7.57627, 9.21236, 8.22389], "to": [7.83024, 9.33935, 8.47786], "faces": { "north": {"uv": [0.03125, 0.03125, 0.09375, 0.09375], "rotation": 90, "texture": "#0"}, "east": {"uv": [0.03125, 0.03125, 0.09375, 0.09375], "rotation": 180, "texture": "#0"}, "south": {"uv": [0.03125, 0.03125, 0.09375, 0.09375], "rotation": 270, "texture": "#0"}, "west": {"uv": [0.03125, 0.03125, 0.09375, 0.09375], "texture": "#0"}, "up": {"uv": [0.03125, 0.03125, 0.09375, 0.09375], "rotation": 270, "texture": "#0"}, "down": {"uv": [0.03125, 0.03125, 0.09375, 0.09375], "rotation": 270, "texture": "#0"} } }, { "name": "voxel", "from": [7.57627, 9.21236, 8.9858], "to": [7.83024, 9.33935, 9.11278], "faces": { "north": {"uv": [0.03125, 0.03125, 0.09375, 0.09375], "rotation": 90, "texture": "#0"}, "east": {"uv": [0.03125, 0.03125, 0.09375, 0.09375], "rotation": 180, "texture": "#0"}, "south": {"uv": [0.03125, 0.03125, 0.09375, 0.09375], "rotation": 270, "texture": "#0"}, "west": {"uv": [0.03125, 0.03125, 0.09375, 0.09375], "texture": "#0"}, "up": {"uv": [0.03125, 0.03125, 0.09375, 0.09375], "rotation": 270, "texture": "#0"}, "down": {"uv": [0.03125, 0.03125, 0.09375, 0.09375], "rotation": 270, "texture": "#0"} } }, { "name": "voxel", "from": [7.44929, 9.21236, 8.47786], "to": [7.70326, 9.33935, 8.9858], "faces": { "north": {"uv": [0.03125, 0.03125, 0.09375, 0.09375], "rotation": 90, "texture": "#0"}, "east": {"uv": [0.03125, 0.03125, 0.09375, 0.09375], "rotation": 180, "texture": "#0"}, "south": {"uv": [0.03125, 0.03125, 0.09375, 0.09375], "rotation": 270, "texture": "#0"}, "west": {"uv": [0.03125, 0.03125, 0.09375, 0.09375], "texture": "#0"}, "up": {"uv": [0.03125, 0.03125, 0.09375, 0.09375], "rotation": 270, "texture": "#0"}, "down": {"uv": [0.03125, 0.03125, 0.09375, 0.09375], "rotation": 270, "texture": "#0"} } }, { "name": "voxel", "from": [7.44929, 9.21236, 8.35088], "to": [7.57627, 9.59332, 8.47786], "faces": { "north": {"uv": [0.03125, 0.03125, 0.09375, 0.09375], "rotation": 90, "texture": "#0"}, "east": {"uv": [0.03125, 0.03125, 0.09375, 0.09375], "rotation": 180, "texture": "#0"}, "south": {"uv": [0.03125, 0.03125, 0.09375, 0.09375], "rotation": 270, "texture": "#0"}, "west": {"uv": [0.03125, 0.03125, 0.09375, 0.09375], "texture": "#0"}, "up": {"uv": [0.03125, 0.03125, 0.09375, 0.09375], "rotation": 270, "texture": "#0"}, "down": {"uv": [0.03125, 0.03125, 0.09375, 0.09375], "rotation": 270, "texture": "#0"} } }, { "name": "voxel", "from": [8.46516, 9.33935, 8.9858], "to": [8.59215, 9.46633, 9.11278], "faces": { "north": {"uv": [0.03125, 0.03125, 0.09375, 0.09375], "rotation": 90, "texture": "#0"}, "east": {"uv": [0.03125, 0.03125, 0.09375, 0.09375], "rotation": 180, "texture": "#0"}, "south": {"uv": [0.03125, 0.03125, 0.09375, 0.09375], "rotation": 270, "texture": "#0"}, "west": {"uv": [0.03125, 0.03125, 0.09375, 0.09375], "texture": "#0"}, "up": {"uv": [0.03125, 0.03125, 0.09375, 0.09375], "rotation": 270, "texture": "#0"}, "down": {"uv": [0.03125, 0.03125, 0.09375, 0.09375], "rotation": 270, "texture": "#0"} } }, { "name": "voxel", "from": [8.33818, 9.33935, 8.22389], "to": [8.46516, 9.59332, 8.35088], "faces": { "north": {"uv": [0.03125, 0.03125, 0.09375, 0.09375], "rotation": 90, "texture": "#0"}, "east": {"uv": [0.03125, 0.03125, 0.09375, 0.09375], "rotation": 180, "texture": "#0"}, "south": {"uv": [0.03125, 0.03125, 0.09375, 0.09375], "rotation": 270, "texture": "#0"}, "west": {"uv": [0.03125, 0.03125, 0.09375, 0.09375], "texture": "#0"}, "up": {"uv": [0.03125, 0.03125, 0.09375, 0.09375], "rotation": 270, "texture": "#0"}, "down": {"uv": [0.03125, 0.03125, 0.09375, 0.09375], "rotation": 270, "texture": "#0"} } }, { "name": "voxel", "from": [8.21119, 9.33935, 9.11278], "to": [8.46516, 9.59332, 9.23977], "faces": { "north": {"uv": [0.03125, 0.03125, 0.09375, 0.09375], "rotation": 90, "texture": "#0"}, "east": {"uv": [0.03125, 0.03125, 0.09375, 0.09375], "rotation": 180, "texture": "#0"}, "south": {"uv": [0.03125, 0.03125, 0.09375, 0.09375], "rotation": 270, "texture": "#0"}, "west": {"uv": [0.03125, 0.03125, 0.09375, 0.09375], "texture": "#0"}, "up": {"uv": [0.03125, 0.03125, 0.09375, 0.09375], "rotation": 270, "texture": "#0"}, "down": {"uv": [0.03125, 0.03125, 0.09375, 0.09375], "rotation": 270, "texture": "#0"} } }, { "name": "voxel", "from": [7.70326, 9.33935, 8.09691], "to": [8.33818, 9.46633, 8.22389], "faces": { "north": {"uv": [0.03125, 0.03125, 0.09375, 0.09375], "rotation": 90, "texture": "#0"}, "east": {"uv": [0.03125, 0.03125, 0.09375, 0.09375], "rotation": 180, "texture": "#0"}, "south": {"uv": [0.03125, 0.03125, 0.09375, 0.09375], "rotation": 270, "texture": "#0"}, "west": {"uv": [0.03125, 0.03125, 0.09375, 0.09375], "texture": "#0"}, "up": {"uv": [0.03125, 0.03125, 0.09375, 0.09375], "rotation": 270, "texture": "#0"}, "down": {"uv": [0.03125, 0.03125, 0.09375, 0.09375], "rotation": 270, "texture": "#0"} } }, { "name": "voxel", "from": [7.83024, 9.33935, 9.23977], "to": [8.21119, 9.46633, 9.36675], "faces": { "north": {"uv": [0.03125, 0.03125, 0.09375, 0.09375], "rotation": 90, "texture": "#0"}, "east": {"uv": [0.03125, 0.03125, 0.09375, 0.09375], "rotation": 180, "texture": "#0"}, "south": {"uv": [0.03125, 0.03125, 0.09375, 0.09375], "rotation": 270, "texture": "#0"}, "west": {"uv": [0.03125, 0.03125, 0.09375, 0.09375], "texture": "#0"}, "up": {"uv": [0.03125, 0.03125, 0.09375, 0.09375], "rotation": 270, "texture": "#0"}, "down": {"uv": [0.03125, 0.03125, 0.09375, 0.09375], "rotation": 270, "texture": "#0"} } }, { "name": "voxel", "from": [7.57627, 9.33935, 9.11278], "to": [7.83024, 9.59332, 9.23977], "faces": { "north": {"uv": [0.03125, 0.03125, 0.09375, 0.09375], "rotation": 90, "texture": "#0"}, "east": {"uv": [0.03125, 0.03125, 0.09375, 0.09375], "rotation": 180, "texture": "#0"}, "south": {"uv": [0.03125, 0.03125, 0.09375, 0.09375], "rotation": 270, "texture": "#0"}, "west": {"uv": [0.03125, 0.03125, 0.09375, 0.09375], "texture": "#0"}, "up": {"uv": [0.03125, 0.03125, 0.09375, 0.09375], "rotation": 270, "texture": "#0"}, "down": {"uv": [0.03125, 0.03125, 0.09375, 0.09375], "rotation": 270, "texture": "#0"} } }, { "name": "voxel", "from": [7.57627, 9.33935, 8.22389], "to": [7.70326, 9.59332, 8.35088], "faces": { "north": {"uv": [0.03125, 0.03125, 0.09375, 0.09375], "rotation": 90, "texture": "#0"}, "east": {"uv": [0.03125, 0.03125, 0.09375, 0.09375], "rotation": 180, "texture": "#0"}, "south": {"uv": [0.03125, 0.03125, 0.09375, 0.09375], "rotation": 270, "texture": "#0"}, "west": {"uv": [0.03125, 0.03125, 0.09375, 0.09375], "texture": "#0"}, "up": {"uv": [0.03125, 0.03125, 0.09375, 0.09375], "rotation": 270, "texture": "#0"}, "down": {"uv": [0.03125, 0.03125, 0.09375, 0.09375], "rotation": 270, "texture": "#0"} } }, { "name": "voxel", "from": [7.44929, 9.33935, 8.47786], "to": [7.57627, 9.7203, 8.9858], "faces": { "north": {"uv": [0.03125, 0.03125, 0.09375, 0.09375], "rotation": 90, "texture": "#0"}, "east": {"uv": [0.03125, 0.03125, 0.09375, 0.09375], "rotation": 180, "texture": "#0"}, "south": {"uv": [0.03125, 0.03125, 0.09375, 0.09375], "rotation": 270, "texture": "#0"}, "west": {"uv": [0.03125, 0.03125, 0.09375, 0.09375], "texture": "#0"}, "up": {"uv": [0.03125, 0.03125, 0.09375, 0.09375], "rotation": 270, "texture": "#0"}, "down": {"uv": [0.03125, 0.03125, 0.09375, 0.09375], "rotation": 270, "texture": "#0"} } }, { "name": "voxel", "from": [7.44929, 9.33935, 8.9858], "to": [7.57627, 9.46633, 9.11278], "faces": { "north": {"uv": [0.03125, 0.03125, 0.09375, 0.09375], "rotation": 90, "texture": "#0"}, "east": {"uv": [0.03125, 0.03125, 0.09375, 0.09375], "rotation": 180, "texture": "#0"}, "south": {"uv": [0.03125, 0.03125, 0.09375, 0.09375], "rotation": 270, "texture": "#0"}, "west": {"uv": [0.03125, 0.03125, 0.09375, 0.09375], "texture": "#0"}, "up": {"uv": [0.03125, 0.03125, 0.09375, 0.09375], "rotation": 270, "texture": "#0"}, "down": {"uv": [0.03125, 0.03125, 0.09375, 0.09375], "rotation": 270, "texture": "#0"} } }, { "name": "voxel", "from": [8.33818, 9.46633, 8.9858], "to": [8.46516, 9.7203, 9.11278], "faces": { "north": {"uv": [0.03125, 0.03125, 0.09375, 0.09375], "rotation": 90, "texture": "#0"}, "east": {"uv": [0.03125, 0.03125, 0.09375, 0.09375], "rotation": 180, "texture": "#0"}, "south": {"uv": [0.03125, 0.03125, 0.09375, 0.09375], "rotation": 270, "texture": "#0"}, "west": {"uv": [0.03125, 0.03125, 0.09375, 0.09375], "texture": "#0"}, "up": {"uv": [0.03125, 0.03125, 0.09375, 0.09375], "rotation": 270, "texture": "#0"}, "down": {"uv": [0.03125, 0.03125, 0.09375, 0.09375], "rotation": 270, "texture": "#0"} } }, { "name": "voxel", "from": [8.21119, 9.46633, 8.22389], "to": [8.33818, 9.7203, 8.35088], "faces": { "north": {"uv": [0.03125, 0.03125, 0.09375, 0.09375], "rotation": 90, "texture": "#0"}, "east": {"uv": [0.03125, 0.03125, 0.09375, 0.09375], "rotation": 180, "texture": "#0"}, "south": {"uv": [0.03125, 0.03125, 0.09375, 0.09375], "rotation": 270, "texture": "#0"}, "west": {"uv": [0.03125, 0.03125, 0.09375, 0.09375], "texture": "#0"}, "up": {"uv": [0.03125, 0.03125, 0.09375, 0.09375], "rotation": 270, "texture": "#0"}, "down": {"uv": [0.03125, 0.03125, 0.09375, 0.09375], "rotation": 270, "texture": "#0"} } }, { "name": "voxel", "from": [7.83024, 9.46633, 8.09691], "to": [8.21119, 9.59332, 8.22389], "faces": { "north": {"uv": [0.03125, 0.03125, 0.09375, 0.09375], "rotation": 90, "texture": "#0"}, "east": {"uv": [0.03125, 0.03125, 0.09375, 0.09375], "rotation": 180, "texture": "#0"}, "south": {"uv": [0.03125, 0.03125, 0.09375, 0.09375], "rotation": 270, "texture": "#0"}, "west": {"uv": [0.03125, 0.03125, 0.09375, 0.09375], "texture": "#0"}, "up": {"uv": [0.03125, 0.03125, 0.09375, 0.09375], "rotation": 270, "texture": "#0"}, "down": {"uv": [0.03125, 0.03125, 0.09375, 0.09375], "rotation": 270, "texture": "#0"} } }, { "name": "voxel", "from": [8.08421, 9.46633, 9.11278], "to": [8.21119, 9.7203, 9.23977], "faces": { "north": {"uv": [0.03125, 0.03125, 0.09375, 0.09375], "rotation": 90, "texture": "#0"}, "east": {"uv": [0.03125, 0.03125, 0.09375, 0.09375], "rotation": 180, "texture": "#0"}, "south": {"uv": [0.03125, 0.03125, 0.09375, 0.09375], "rotation": 270, "texture": "#0"}, "west": {"uv": [0.03125, 0.03125, 0.09375, 0.09375], "texture": "#0"}, "up": {"uv": [0.03125, 0.03125, 0.09375, 0.09375], "rotation": 270, "texture": "#0"}, "down": {"uv": [0.03125, 0.03125, 0.09375, 0.09375], "rotation": 270, "texture": "#0"} } }, { "name": "voxel", "from": [7.95723, 9.46633, 9.23977], "to": [8.08421, 9.59332, 9.36675], "faces": { "north": {"uv": [0.03125, 0.03125, 0.09375, 0.09375], "rotation": 90, "texture": "#0"}, "east": {"uv": [0.03125, 0.03125, 0.09375, 0.09375], "rotation": 180, "texture": "#0"}, "south": {"uv": [0.03125, 0.03125, 0.09375, 0.09375], "rotation": 270, "texture": "#0"}, "west": {"uv": [0.03125, 0.03125, 0.09375, 0.09375], "texture": "#0"}, "up": {"uv": [0.03125, 0.03125, 0.09375, 0.09375], "rotation": 270, "texture": "#0"}, "down": {"uv": [0.03125, 0.03125, 0.09375, 0.09375], "rotation": 270, "texture": "#0"} } }, { "name": "voxel", "from": [7.83024, 9.46633, 9.11278], "to": [7.95723, 9.7203, 9.23977], "faces": { "north": {"uv": [0.03125, 0.03125, 0.09375, 0.09375], "rotation": 90, "texture": "#0"}, "east": {"uv": [0.03125, 0.03125, 0.09375, 0.09375], "rotation": 180, "texture": "#0"}, "south": {"uv": [0.03125, 0.03125, 0.09375, 0.09375], "rotation": 270, "texture": "#0"}, "west": {"uv": [0.03125, 0.03125, 0.09375, 0.09375], "texture": "#0"}, "up": {"uv": [0.03125, 0.03125, 0.09375, 0.09375], "rotation": 270, "texture": "#0"}, "down": {"uv": [0.03125, 0.03125, 0.09375, 0.09375], "rotation": 270, "texture": "#0"} } }, { "name": "voxel", "from": [7.70326, 9.46633, 8.22389], "to": [7.83024, 9.7203, 8.35088], "faces": { "north": {"uv": [0.03125, 0.03125, 0.09375, 0.09375], "rotation": 90, "texture": "#0"}, "east": {"uv": [0.03125, 0.03125, 0.09375, 0.09375], "rotation": 180, "texture": "#0"}, "south": {"uv": [0.03125, 0.03125, 0.09375, 0.09375], "rotation": 270, "texture": "#0"}, "west": {"uv": [0.03125, 0.03125, 0.09375, 0.09375], "texture": "#0"}, "up": {"uv": [0.03125, 0.03125, 0.09375, 0.09375], "rotation": 270, "texture": "#0"}, "down": {"uv": [0.03125, 0.03125, 0.09375, 0.09375], "rotation": 270, "texture": "#0"} } }, { "name": "voxel", "from": [7.57627, 9.46633, 8.9858], "to": [7.70326, 9.7203, 9.11278], "faces": { "north": {"uv": [0.03125, 0.03125, 0.09375, 0.09375], "rotation": 90, "texture": "#0"}, "east": {"uv": [0.03125, 0.03125, 0.09375, 0.09375], "rotation": 180, "texture": "#0"}, "south": {"uv": [0.03125, 0.03125, 0.09375, 0.09375], "rotation": 270, "texture": "#0"}, "west": {"uv": [0.03125, 0.03125, 0.09375, 0.09375], "texture": "#0"}, "up": {"uv": [0.03125, 0.03125, 0.09375, 0.09375], "rotation": 270, "texture": "#0"}, "down": {"uv": [0.03125, 0.03125, 0.09375, 0.09375], "rotation": 270, "texture": "#0"} } }, { "name": "voxel", "from": [8.46516, 9.59332, 8.47786], "to": [8.59215, 9.7203, 8.9858], "faces": { "north": {"uv": [0.03125, 0.03125, 0.09375, 0.09375], "rotation": 90, "texture": "#0"}, "east": {"uv": [0.03125, 0.03125, 0.09375, 0.09375], "rotation": 180, "texture": "#0"}, "south": {"uv": [0.03125, 0.03125, 0.09375, 0.09375], "rotation": 270, "texture": "#0"}, "west": {"uv": [0.03125, 0.03125, 0.09375, 0.09375], "texture": "#0"}, "up": {"uv": [0.03125, 0.03125, 0.09375, 0.09375], "rotation": 270, "texture": "#0"}, "down": {"uv": [0.03125, 0.03125, 0.09375, 0.09375], "rotation": 270, "texture": "#0"} } }, { "name": "voxel", "from": [8.33818, 9.59332, 8.35088], "to": [8.46516, 9.7203, 8.47786], "faces": { "north": {"uv": [0.03125, 0.03125, 0.09375, 0.09375], "rotation": 90, "texture": "#0"}, "east": {"uv": [0.03125, 0.03125, 0.09375, 0.09375], "rotation": 180, "texture": "#0"}, "south": {"uv": [0.03125, 0.03125, 0.09375, 0.09375], "rotation": 270, "texture": "#0"}, "west": {"uv": [0.03125, 0.03125, 0.09375, 0.09375], "texture": "#0"}, "up": {"uv": [0.03125, 0.03125, 0.09375, 0.09375], "rotation": 270, "texture": "#0"}, "down": {"uv": [0.03125, 0.03125, 0.09375, 0.09375], "rotation": 270, "texture": "#0"} } }, { "name": "voxel", "from": [8.21119, 9.59332, 9.11278], "to": [8.33818, 9.7203, 9.23977], "faces": { "north": {"uv": [0.03125, 0.03125, 0.09375, 0.09375], "rotation": 90, "texture": "#0"}, "east": {"uv": [0.03125, 0.03125, 0.09375, 0.09375], "rotation": 180, "texture": "#0"}, "south": {"uv": [0.03125, 0.03125, 0.09375, 0.09375], "rotation": 270, "texture": "#0"}, "west": {"uv": [0.03125, 0.03125, 0.09375, 0.09375], "texture": "#0"}, "up": {"uv": [0.03125, 0.03125, 0.09375, 0.09375], "rotation": 270, "texture": "#0"}, "down": {"uv": [0.03125, 0.03125, 0.09375, 0.09375], "rotation": 270, "texture": "#0"} } }, { "name": "voxel", "from": [7.83024, 9.59332, 8.22389], "to": [8.21119, 9.7203, 8.35088], "faces": { "north": {"uv": [0.03125, 0.03125, 0.09375, 0.09375], "rotation": 90, "texture": "#0"}, "east": {"uv": [0.03125, 0.03125, 0.09375, 0.09375], "rotation": 180, "texture": "#0"}, "south": {"uv": [0.03125, 0.03125, 0.09375, 0.09375], "rotation": 270, "texture": "#0"}, "west": {"uv": [0.03125, 0.03125, 0.09375, 0.09375], "texture": "#0"}, "up": {"uv": [0.03125, 0.03125, 0.09375, 0.09375], "rotation": 270, "texture": "#0"}, "down": {"uv": [0.03125, 0.03125, 0.09375, 0.09375], "rotation": 270, "texture": "#0"} } }, { "name": "voxel", "from": [7.95723, 9.59332, 9.11278], "to": [8.08421, 9.7203, 9.23977], "faces": { "north": {"uv": [0.03125, 0.03125, 0.09375, 0.09375], "rotation": 90, "texture": "#0"}, "east": {"uv": [0.03125, 0.03125, 0.09375, 0.09375], "rotation": 180, "texture": "#0"}, "south": {"uv": [0.03125, 0.03125, 0.09375, 0.09375], "rotation": 270, "texture": "#0"}, "west": {"uv": [0.03125, 0.03125, 0.09375, 0.09375], "texture": "#0"}, "up": {"uv": [0.03125, 0.03125, 0.09375, 0.09375], "rotation": 270, "texture": "#0"}, "down": {"uv": [0.03125, 0.03125, 0.09375, 0.09375], "rotation": 270, "texture": "#0"} } }, { "name": "voxel", "from": [7.70326, 9.59332, 9.11278], "to": [7.83024, 9.7203, 9.23977], "faces": { "north": {"uv": [0.03125, 0.03125, 0.09375, 0.09375], "rotation": 90, "texture": "#0"}, "east": {"uv": [0.03125, 0.03125, 0.09375, 0.09375], "rotation": 180, "texture": "#0"}, "south": {"uv": [0.03125, 0.03125, 0.09375, 0.09375], "rotation": 270, "texture": "#0"}, "west": {"uv": [0.03125, 0.03125, 0.09375, 0.09375], "texture": "#0"}, "up": {"uv": [0.03125, 0.03125, 0.09375, 0.09375], "rotation": 270, "texture": "#0"}, "down": {"uv": [0.03125, 0.03125, 0.09375, 0.09375], "rotation": 270, "texture": "#0"} } }, { "name": "voxel", "from": [7.57627, 9.59332, 8.35088], "to": [7.70326, 9.7203, 8.47786], "faces": { "north": {"uv": [0.03125, 0.03125, 0.09375, 0.09375], "rotation": 90, "texture": "#0"}, "east": {"uv": [0.03125, 0.03125, 0.09375, 0.09375], "rotation": 180, "texture": "#0"}, "south": {"uv": [0.03125, 0.03125, 0.09375, 0.09375], "rotation": 270, "texture": "#0"}, "west": {"uv": [0.03125, 0.03125, 0.09375, 0.09375], "texture": "#0"}, "up": {"uv": [0.03125, 0.03125, 0.09375, 0.09375], "rotation": 270, "texture": "#0"}, "down": {"uv": [0.03125, 0.03125, 0.09375, 0.09375], "rotation": 270, "texture": "#0"} } }, { "name": "voxel", "from": [7.57627, 9.7203, 8.47786], "to": [8.46516, 9.84728, 8.9858], "faces": { "north": {"uv": [0.03125, 0.03125, 0.09375, 0.09375], "rotation": 90, "texture": "#0"}, "east": {"uv": [0.03125, 0.03125, 0.09375, 0.09375], "rotation": 180, "texture": "#0"}, "south": {"uv": [0.03125, 0.03125, 0.09375, 0.09375], "rotation": 270, "texture": "#0"}, "west": {"uv": [0.03125, 0.03125, 0.09375, 0.09375], "texture": "#0"}, "up": {"uv": [0.03125, 0.03125, 0.09375, 0.09375], "rotation": 270, "texture": "#0"}, "down": {"uv": [0.03125, 0.03125, 0.09375, 0.09375], "rotation": 270, "texture": "#0"} } }, { "name": "voxel", "from": [7.70326, 9.7203, 8.35088], "to": [8.33818, 9.84728, 8.47786], "faces": { "north": {"uv": [0.03125, 0.03125, 0.09375, 0.09375], "rotation": 90, "texture": "#0"}, "east": {"uv": [0.03125, 0.03125, 0.09375, 0.09375], "rotation": 180, "texture": "#0"}, "south": {"uv": [0.03125, 0.03125, 0.09375, 0.09375], "rotation": 270, "texture": "#0"}, "west": {"uv": [0.03125, 0.03125, 0.09375, 0.09375], "texture": "#0"}, "up": {"uv": [0.03125, 0.03125, 0.09375, 0.09375], "rotation": 270, "texture": "#0"}, "down": {"uv": [0.03125, 0.03125, 0.09375, 0.09375], "rotation": 270, "texture": "#0"} } }, { "name": "voxel", "from": [7.70326, 9.7203, 8.9858], "to": [8.33818, 9.84728, 9.11278], "faces": { "north": {"uv": [0.03125, 0.03125, 0.09375, 0.09375], "rotation": 90, "texture": "#0"}, "east": {"uv": [0.03125, 0.03125, 0.09375, 0.09375], "rotation": 180, "texture": "#0"}, "south": {"uv": [0.03125, 0.03125, 0.09375, 0.09375], "rotation": 270, "texture": "#0"}, "west": {"uv": [0.03125, 0.03125, 0.09375, 0.09375], "texture": "#0"}, "up": {"uv": [0.03125, 0.03125, 0.09375, 0.09375], "rotation": 270, "texture": "#0"}, "down": {"uv": [0.03125, 0.03125, 0.09375, 0.09375], "rotation": 270, "texture": "#0"} } } ], "display": { "thirdperson_righthand": { "rotation": [90, 0, 0], "translation": [0, 1.5, 3.25] }, "thirdperson_lefthand": { "rotation": [90, 0, 0], "translation": [0, 1.5, 3.25] }, "firstperson_righthand": { "rotation": [75, 0, 0], "translation": [-2.25, 3.25, 3.25] }, "firstperson_lefthand": { "rotation": [75, 0, 0], "translation": [-2.25, 3.25, 3.25] }, "ground": { "rotation": [69, 0, 0], "translation": [0, 1.5, 0] }, "gui": { "rotation": [0, 90, 0], "translation": [2, 0, -0.25] }, "head": { "rotation": [45, 0, 0], "translation": [0, 1.5, -7] }, "fixed": { "rotation": [0, 90, 0], "translation": [2.75, 0, -0.25] } }, "groups": [ { "name": "voxel_file", "origin": [8, 8, 8], "children": [0, 1, 2, 3, 4, 5, 6, 7, 8, 9, 10, 11, 12, 13, 14, 15, 16, 17, 18, 19, 20, 21, 22, 23, 24, 25, 26, 27, 28, 29, 30, 31, 32, 33, 34, 35, 36, 37, 38, 39, 40, 41, 42, 43, 44, 45, 46, 47, 48, 49, 50, 51, 52, 53, 54, 55, 56, 57, 58, 59, 60, 61, 62, 63, 64, 65, 66, 67, 68, 69, 70, 71, 72, 73, 74, 75, 76, 77, 78, 79, 80, 81, 82, 83, 84, 85, 86, 87, 88, 89, 90, 91, 92, 93, 94] } ] }