{ "credit": "Made with Blockbench", "textures": { "3": "block/wool_colored_black", "5": "block/wool_colored_white", "6": "block/wool_colored_gray", "7": "block/wool_colored_red", "particle": "block/wool_colored_black" }, "elements": [ { "from": [6, 0, 7], "to": [9, 0.2, 7.2], "faces": { "north": {"uv": [0, 0, 3, 0.2], "texture": "#6"}, "east": {"uv": [0, 0, 3, 0.2], "texture": "#6"}, "south": {"uv": [0, 0, 3, 0.2], "texture": "#6"}, "west": {"uv": [0, 0, 3, 0.2], "texture": "#6"}, "up": {"uv": [0, 0, 3, 0.2], "texture": "#6"}, "down": {"uv": [0, 0, 3, 0.2], "texture": "#6"} } }, { "from": [6.2, 4.2, 7.2], "to": [8.8, 4.4, 9.8], "faces": { "north": {"uv": [0, 0, 2.6, 2.6], "texture": "#5"}, "east": {"uv": [0, 0, 2.6, 2.6], "texture": "#5"}, "south": {"uv": [0, 0, 2.6, 2.6], "texture": "#5"}, "west": {"uv": [0, 0, 2.6, 2.6], "texture": "#5"}, "up": {"uv": [0, 0, 2.6, 2.6], "texture": "#5"}, "down": {"uv": [0, 0, 2.6, 2.6], "texture": "#5"} } }, { "from": [6.4, 4.4, 7.4], "to": [8.6, 4.6, 9.6], "faces": { "north": {"uv": [0, 0, 2.2, 2.2], "texture": "#5"}, "east": {"uv": [0, 0, 2.2, 2.2], "texture": "#5"}, "south": {"uv": [0, 0, 2.2, 2.2], "texture": "#5"}, "west": {"uv": [0, 0, 2.2, 2.2], "texture": "#5"}, "up": {"uv": [0, 0, 2.2, 2.2], "texture": "#5"}, "down": {"uv": [0, 0, 2.2, 2.2], "texture": "#5"} } }, { "from": [6.6, 4.6, 7.6], "to": [8.4, 4.8, 9.4], "faces": { "north": {"uv": [0, 0, 1.8, 1.8], "texture": "#5"}, "east": {"uv": [0, 0, 1.8, 1.8], "texture": "#5"}, "south": {"uv": [0, 0, 1.8, 1.8], "texture": "#5"}, "west": {"uv": [0, 0, 1.8, 1.8], "texture": "#5"}, "up": {"uv": [0, 0, 1.8, 1.8], "texture": "#5"}, "down": {"uv": [0, 0, 1.8, 1.8], "texture": "#5"} } }, { "from": [6.9, 4.8, 7.9], "to": [8.1, 5, 9.1], "faces": { "north": {"uv": [0, 0, 1.2, 1.2], "texture": "#6"}, "east": {"uv": [0, 0, 1.2, 1.2], "texture": "#6"}, "south": {"uv": [0, 0, 1.2, 1.2], "texture": "#6"}, "west": {"uv": [0, 0, 1.2, 1.2], "texture": "#6"}, "up": {"uv": [0, 0, 1.2, 1.2], "texture": "#6"}, "down": {"uv": [0, 0, 1.2, 1.2], "texture": "#6"} } }, { "from": [7.1, 5, 8.1], "to": [7.9, 5.6, 8.9], "faces": { "north": {"uv": [0, 0, 0.8, 0.8], "texture": "#5"}, "east": {"uv": [0, 0, 0.8, 0.8], "texture": "#5"}, "south": {"uv": [0, 0, 0.8, 0.8], "texture": "#5"}, "west": {"uv": [0, 0, 0.8, 0.8], "texture": "#5"}, "up": {"uv": [0, 0, 0.8, 0.8], "texture": "#5"}, "down": {"uv": [0, 0, 0.8, 0.8], "texture": "#5"} } }, { "from": [7, 5.2, 8.4], "to": [7.1, 5.4, 8.6], "faces": { "north": {"uv": [0, 0, 0.1, 0.2], "texture": "#3"}, "east": {"uv": [0, 0, 0.1, 0.2], "texture": "#3"}, "south": {"uv": [0, 0, 0.1, 0.2], "texture": "#3"}, "west": {"uv": [0, 0, 0.1, 0.2], "texture": "#3"}, "up": {"uv": [0, 0, 0.1, 0.2], "texture": "#3"}, "down": {"uv": [0, 0, 0.1, 0.2], "texture": "#3"} } }, { "from": [7.1, 5.6, 8.1], "to": [7.5, 5.8, 8.9], "faces": { "north": {"uv": [0, 0, 0.4, 0.8], "texture": "#5"}, "east": {"uv": [0, 0, 0.4, 0.8], "texture": "#5"}, "south": {"uv": [0, 0, 0.4, 0.8], "texture": "#5"}, "west": {"uv": [0, 0, 0.4, 0.8], "texture": "#5"}, "up": {"uv": [0, 0, 0.4, 0.8], "texture": "#5"}, "down": {"uv": [0, 0, 0.4, 0.8], "texture": "#5"} } }, { "from": [5.7283, 8.69577, 8.1], "to": [6.2283, 8.99577, 8.9], "rotation": {"angle": -22.5, "axis": "z", "origin": [-1.4717, 3.09577, 0]}, "faces": { "north": {"uv": [0, 0, 0.5, 0.8], "texture": "#5"}, "east": {"uv": [0, 0, 0.5, 0.8], "texture": "#5"}, "south": {"uv": [0, 0, 0.5, 0.8], "texture": "#5"}, "west": {"uv": [0, 0, 0.5, 0.8], "texture": "#5"}, "up": {"uv": [0, 0, 0.5, 0.8], "texture": "#5"}, "down": {"uv": [0, 0, 0.5, 0.8], "texture": "#5"} } }, { "from": [6, 0, 9.8], "to": [9, 0.2, 10], "faces": { "north": {"uv": [0, 0, 3, 0.2], "texture": "#6"}, "east": {"uv": [0, 0, 3, 0.2], "texture": "#6"}, "south": {"uv": [0, 0, 3, 0.2], "texture": "#6"}, "west": {"uv": [0, 0, 3, 0.2], "texture": "#6"}, "up": {"uv": [0, 0, 3, 0.2], "texture": "#6"}, "down": {"uv": [0, 0, 3, 0.2], "texture": "#6"} } }, { "from": [6.2, 0.1, 9], "to": [8.8, 0.2, 9.8], "faces": { "north": {"uv": [0, 0, 2.6, 0.8], "texture": "#6"}, "east": {"uv": [0, 0, 2.6, 0.8], "texture": "#6"}, "south": {"uv": [0, 0, 2.6, 0.8], "texture": "#6"}, "west": {"uv": [0, 0, 2.6, 0.8], "texture": "#6"}, "up": {"uv": [0, 0, 2.6, 0.8], "texture": "#6"}, "down": {"uv": [0, 0, 2.6, 0.8], "texture": "#6"} } }, { "from": [6.2, 0.1, 7.2], "to": [8.8, 0.2, 8], "faces": { "north": {"uv": [0, 0, 2.6, 0.8], "texture": "#6"}, "east": {"uv": [0, 0, 2.6, 0.8], "texture": "#6"}, "south": {"uv": [0, 0, 2.6, 0.8], "texture": "#6"}, "west": {"uv": [0, 0, 2.6, 0.8], "texture": "#6"}, "up": {"uv": [0, 0, 2.6, 0.8], "texture": "#6"}, "down": {"uv": [0, 0, 2.6, 0.8], "texture": "#6"} } }, { "from": [6.1, 2.2, 7.1], "to": [8.9, 3.2, 9.9], "faces": { "north": {"uv": [0, 0, 2.8, 1], "texture": "#7"}, "east": {"uv": [0, 0, 2.8, 1], "texture": "#7"}, "south": {"uv": [0, 0, 2.8, 1], "texture": "#7"}, "west": {"uv": [0, 0, 2.8, 1], "texture": "#7"}, "up": {"uv": [0, 0, 2.8, 1], "texture": "#7"}, "down": {"uv": [0, 0, 2.8, 1], "texture": "#7"} } }, { "from": [6.1, 3.2, 7.1], "to": [8.9, 4.2, 9.9], "faces": { "north": {"uv": [0, 0, 2.8, 1], "texture": "#5"}, "east": {"uv": [0, 0, 2.8, 1], "texture": "#5"}, "south": {"uv": [0, 0, 2.8, 1], "texture": "#5"}, "west": {"uv": [0, 0, 2.8, 1], "texture": "#5"}, "up": {"uv": [0, 0, 2.8, 1], "texture": "#5"}, "down": {"uv": [0, 0, 2.8, 1], "texture": "#5"} } }, { "from": [6.1, 0.2, 7.1], "to": [8.9, 1.2, 9.9], "faces": { "north": {"uv": [0, 0, 2.8, 1], "texture": "#5"}, "east": {"uv": [0, 0, 2.8, 1], "texture": "#5"}, "south": {"uv": [0, 0, 2.8, 1], "texture": "#5"}, "west": {"uv": [0, 0, 2.8, 1], "texture": "#5"}, "up": {"uv": [0, 0, 2.8, 1], "texture": "#5"}, "down": {"uv": [0, 0, 2.8, 1], "texture": "#5"} } }, { "from": [6.1, 1.2, 7.1], "to": [8.9, 2.2, 9.9], "faces": { "north": {"uv": [0, 0, 2.8, 1], "texture": "#3"}, "east": {"uv": [0, 0, 2.8, 1], "texture": "#3"}, "south": {"uv": [0, 0, 2.8, 1], "texture": "#3"}, "west": {"uv": [0, 0, 2.8, 1], "texture": "#3"}, "up": {"uv": [0, 0, 2.8, 1], "texture": "#3"}, "down": {"uv": [0, 0, 2.8, 1], "texture": "#3"} } }, { "from": [6, 1.7, 8.4], "to": [6.1, 2.7, 8.6], "faces": { "north": {"uv": [0, 5, 1, 6], "texture": "#7"}, "east": {"uv": [0, 5, 1, 6], "texture": "#7"}, "south": {"uv": [0, 5, 1, 6], "texture": "#7"}, "west": {"uv": [0, 5, 1, 6], "texture": "#7"}, "up": {"uv": [0, 5, 1, 6], "texture": "#7"}, "down": {"uv": [0, 5, 1, 6], "texture": "#7"} } }, { "from": [6, 2.1, 8], "to": [6.1, 2.3, 8.4], "faces": { "north": {"uv": [0, 5, 1, 6], "texture": "#7"}, "east": {"uv": [0, 5, 1, 6], "texture": "#7"}, "south": {"uv": [0, 5, 1, 6], "texture": "#7"}, "west": {"uv": [0, 5, 1, 6], "texture": "#7"}, "up": {"uv": [0, 5, 1, 6], "texture": "#7"}, "down": {"uv": [0, 5, 1, 6], "texture": "#7"} } }, { "from": [6, 2.1, 8.6], "to": [6.1, 2.3, 9], "faces": { "north": {"uv": [0, 5, 1, 6], "texture": "#7"}, "east": {"uv": [0, 5, 1, 6], "texture": "#7"}, "south": {"uv": [0, 5, 1, 6], "texture": "#7"}, "west": {"uv": [0, 5, 1, 6], "texture": "#7"}, "up": {"uv": [0, 5, 1, 6], "texture": "#7"}, "down": {"uv": [0, 5, 1, 6], "texture": "#7"} } }, { "from": [6, 1.9, 8.6], "to": [6.1, 2.1, 8.8], "faces": { "north": {"uv": [0, 5, 1, 6], "texture": "#7"}, "east": {"uv": [0, 5, 1, 6], "texture": "#7"}, "south": {"uv": [0, 5, 1, 6], "texture": "#7"}, "west": {"uv": [0, 5, 1, 6], "texture": "#7"}, "up": {"uv": [0, 5, 1, 6], "texture": "#7"}, "down": {"uv": [0, 5, 1, 6], "texture": "#7"} } }, { "from": [6, 2.3, 8.6], "to": [6.1, 2.5, 8.8], "faces": { "north": {"uv": [0, 5, 1, 6], "texture": "#7"}, "east": {"uv": [0, 5, 1, 6], "texture": "#7"}, "south": {"uv": [0, 5, 1, 6], "texture": "#7"}, "west": {"uv": [0, 5, 1, 6], "texture": "#7"}, "up": {"uv": [0, 5, 1, 6], "texture": "#7"}, "down": {"uv": [0, 5, 1, 6], "texture": "#7"} } }, { "from": [6, 1.9, 8.2], "to": [6.1, 2.1, 8.4], "faces": { "north": {"uv": [0, 5, 1, 6], "texture": "#7"}, "east": {"uv": [0, 5, 1, 6], "texture": "#7"}, "south": {"uv": [0, 5, 1, 6], "texture": "#7"}, "west": {"uv": [0, 5, 1, 6], "texture": "#7"}, "up": {"uv": [0, 5, 1, 6], "texture": "#7"}, "down": {"uv": [0, 5, 1, 6], "texture": "#7"} } }, { "from": [6, 2.3, 8.2], "to": [6.1, 2.5, 8.4], "faces": { "north": {"uv": [0, 5, 1, 6], "texture": "#7"}, "east": {"uv": [0, 5, 1, 6], "texture": "#7"}, "south": {"uv": [0, 5, 1, 6], "texture": "#7"}, "west": {"uv": [0, 5, 1, 6], "texture": "#7"}, "up": {"uv": [0, 5, 1, 6], "texture": "#7"}, "down": {"uv": [0, 5, 1, 6], "texture": "#7"} } }, { "from": [6.2, 0.1, 8], "to": [7, 0.2, 9], "faces": { "north": {"uv": [0, 0, 0.8, 1], "texture": "#6"}, "east": {"uv": [0, 0, 0.8, 1], "texture": "#6"}, "south": {"uv": [0, 0, 0.8, 1], "texture": "#6"}, "west": {"uv": [0, 0, 0.8, 1], "texture": "#6"}, "up": {"uv": [0, 0, 0.8, 1], "texture": "#6"}, "down": {"uv": [0, 0, 0.8, 1], "texture": "#6"} } }, { "from": [8, 0.1, 8], "to": [8.8, 0.2, 9], "faces": { "north": {"uv": [0, 0, 0.8, 1], "texture": "#6"}, "east": {"uv": [0, 0, 0.8, 1], "texture": "#6"}, "south": {"uv": [0, 0, 0.8, 1], "texture": "#6"}, "west": {"uv": [0, 0, 0.8, 1], "texture": "#6"}, "up": {"uv": [0, 0, 0.8, 1], "texture": "#6"}, "down": {"uv": [0, 0, 0.8, 1], "texture": "#6"} } }, { "from": [8.8, 0, 7.2], "to": [9, 0.2, 9.8], "faces": { "north": {"uv": [0, 0, 0.2, 2.6], "texture": "#6"}, "east": {"uv": [0, 0, 0.2, 2.6], "texture": "#6"}, "south": {"uv": [0, 0, 0.2, 2.6], "texture": "#6"}, "west": {"uv": [0, 0, 0.2, 2.6], "texture": "#6"}, "up": {"uv": [0, 0, 0.2, 2.6], "texture": "#6"}, "down": {"uv": [0, 0, 0.2, 2.6], "texture": "#6"} } }, { "from": [6, 0, 7.2], "to": [6.2, 0.2, 9.8], "faces": { "north": {"uv": [0, 0, 0.2, 2.6], "texture": "#6"}, "east": {"uv": [0, 0, 0.2, 2.6], "texture": "#6"}, "south": {"uv": [0, 0, 0.2, 2.6], "texture": "#6"}, "west": {"uv": [0, 0, 0.2, 2.6], "texture": "#6"}, "up": {"uv": [0, 0, 0.2, 2.6], "texture": "#6"}, "down": {"uv": [0, 0, 0.2, 2.6], "texture": "#6"} } } ], "display": { "thirdperson_righthand": { "rotation": [0, -78, 0], "translation": [0, 5, 1] }, "thirdperson_lefthand": { "rotation": [0, 108, 0], "translation": [0, 4.75, 0] }, "firstperson_righthand": { "rotation": [0, -78, 10], "translation": [-1.5, 9, 3.5] }, "firstperson_lefthand": { "rotation": [0, 108, -10], "translation": [-1.5, 9, 3.5] }, "ground": { "translation": [0, 6.75, 0] }, "gui": { "rotation": [0, 55, 0], "translation": [-0.25, 8.5, 0], "scale": [1.74, 1.74, 1.78] } } }