{ "credit": "Made with Blockbench", "texture_size": [64, 64], "textures": { "0": "block/taser", "particle": "block/taser" }, "elements": [ { "from": [6.5, 2.5, 6.5], "to": [9.5, 7.5, 9.5], "rotation": {"angle": 0, "axis": "y", "origin": [7.5, 7.5, 7.5]}, "faces": { "north": {"uv": [6, 0, 6.75, 1.25], "texture": "#0"}, "east": {"uv": [6, 1.25, 6.75, 2.5], "texture": "#0"}, "south": {"uv": [6, 2.5, 6.75, 3.75], "texture": "#0"}, "west": {"uv": [2.75, 6, 3.5, 7.25], "texture": "#0"}, "up": {"uv": [7.75, 4.75, 7, 4], "texture": "#0"}, "down": {"uv": [5, 7, 4.25, 7.75], "texture": "#0"} } }, { "from": [6.5, 5.5, 17.5], "to": [9.5, 7.5, 22.5], "rotation": {"angle": 0, "axis": "y", "origin": [7.5, 7.5, 7.5]}, "faces": { "north": {"uv": [7, 6.25, 7.75, 6.75], "texture": "#0"}, "east": {"uv": [6.75, 3, 8, 3.5], "texture": "#0"}, "south": {"uv": [7, 6.75, 7.75, 7.25], "texture": "#0"}, "west": {"uv": [7, 3.5, 8.25, 4], "texture": "#0"}, "up": {"uv": [2.25, 7.5, 1.5, 6.25], "texture": "#0"}, "down": {"uv": [7, 3.75, 6.25, 5], "texture": "#0"} } }, { "from": [6.5, 1.5, 17.5], "to": [9.5, 2.5, 22.5], "rotation": {"angle": 0, "axis": "y", "origin": [7.5, 7.5, 7.5]}, "faces": { "north": {"uv": [1.5, 7.5, 2.25, 7.75], "texture": "#0"}, "east": {"uv": [7.5, 0.5, 8.75, 0.75], "texture": "#0"}, "south": {"uv": [7.5, 1.5, 8.25, 1.75], "texture": "#0"}, "west": {"uv": [7.5, 0.75, 8.75, 1], "texture": "#0"}, "up": {"uv": [7, 6.25, 6.25, 5], "texture": "#0"}, "down": {"uv": [7, 6.25, 6.25, 7.5], "texture": "#0"} } }, { "from": [6.503, 1.50104, 21.49477], "to": [9.497, 6.50104, 23.49477], "rotation": {"angle": 22.5, "axis": "x", "origin": [8, 4.00104, 22.99477]}, "faces": { "north": {"uv": [0, 6.5, 0.75, 7.75], "texture": "#0"}, "east": {"uv": [3.5, 4.25, 4, 5.5], "texture": "#0"}, "south": {"uv": [0.75, 6.5, 1.5, 7.75], "texture": "#0"}, "west": {"uv": [1.5, 5, 2, 6.25], "texture": "#0"}, "up": {"uv": [7.75, 7.75, 7, 7.25], "texture": "#0"}, "down": {"uv": [8.25, 0, 7.5, 0.5], "texture": "#0"} } }, { "from": [7.5, 2.5, 20.5], "to": [8.5, 5.5, 22.5], "rotation": {"angle": 0, "axis": "y", "origin": [8, 5, 18.5]}, "faces": { "north": {"uv": [5, 7, 5.25, 7.75], "texture": "#0"}, "east": {"uv": [4.25, 5.75, 4.75, 6.5], "texture": "#0"}, "south": {"uv": [5.25, 7, 5.5, 7.75], "texture": "#0"}, "west": {"uv": [2.25, 6.25, 2.75, 7], "texture": "#0"}, "up": {"uv": [3.75, 3.5, 3.5, 3], "texture": "#0"}, "down": {"uv": [4, 3, 3.75, 3.5], "texture": "#0"} } }, { "from": [6.5, 0, 11.5], "to": [9.5, 2, 17.5], "rotation": {"angle": 0, "axis": "y", "origin": [7.5, 7.5, 7.5]}, "faces": { "north": {"uv": [2.25, 7.25, 3, 7.75], "texture": "#0"}, "east": {"uv": [4.5, 2, 6, 2.5], "texture": "#0"}, "south": {"uv": [3, 7.25, 3.75, 7.75], "texture": "#0"}, "west": {"uv": [4.5, 2.5, 6, 3], "texture": "#0"}, "up": {"uv": [0.75, 6.5, 0, 5], "texture": "#0"}, "down": {"uv": [1.5, 5, 0.75, 6.5], "texture": "#0"} } }, { "from": [6.5, 1.5, 7.5], "to": [9.5, 2.5, 11.5], "rotation": {"angle": 0, "axis": "y", "origin": [7.5, 7.5, 7.5]}, "faces": { "north": {"uv": [7.5, 1.75, 8.25, 2], "texture": "#0"}, "east": {"uv": [7.5, 1, 8.5, 1.25], "texture": "#0"}, "south": {"uv": [7.5, 2, 8.25, 2.25], "texture": "#0"}, "west": {"uv": [7.5, 1.25, 8.5, 1.5], "texture": "#0"}, "up": {"uv": [7.5, 3, 6.75, 2], "texture": "#0"}, "down": {"uv": [6.25, 6.75, 5.5, 7.75], "texture": "#0"} } }, { "from": [6.5, 5.5, 22.5], "to": [9.5, 8.5, 30.5], "rotation": {"angle": 0, "axis": "y", "origin": [7.5, 7.5, 7.5]}, "faces": { "north": {"uv": [7, 4.75, 7.75, 5.5], "texture": "#0"}, "east": {"uv": [2, 3.5, 4, 4.25], "texture": "#0"}, "south": {"uv": [7, 5.5, 7.75, 6.25], "texture": "#0"}, "west": {"uv": [4, 3, 6, 3.75], "texture": "#0"}, "up": {"uv": [4.75, 5.75, 4, 3.75], "texture": "#0"}, "down": {"uv": [2.75, 4.25, 2, 6.25], "texture": "#0"} } }, { "from": [6.5, 1.5, 22.5], "to": [9.5, 5.5, 28.5], "rotation": {"angle": 0, "axis": "y", "origin": [7.5, 7.5, 7.5]}, "faces": { "north": {"uv": [6.75, 0, 7.5, 1], "texture": "#0"}, "east": {"uv": [4.5, 0, 6, 1], "texture": "#0"}, "south": {"uv": [6.75, 1, 7.5, 2], "texture": "#0"}, "west": {"uv": [4.5, 1, 6, 2], "texture": "#0"}, "up": {"uv": [6.25, 5.25, 5.5, 3.75], "texture": "#0"}, "down": {"uv": [5.5, 5.5, 4.75, 7], "texture": "#0"} } }, { "from": [6.498, -12.30594, 18.28424], "to": [9.502, -5.30594, 24.28424], "rotation": {"angle": -22.5, "axis": "x", "origin": [7.5, 8.69406, 3.28424]}, "faces": { "north": {"uv": [2.75, 4.25, 3.5, 6], "texture": "#0"}, "east": {"uv": [2, 0, 3.5, 1.75], "texture": "#0"}, "south": {"uv": [4.75, 3.75, 5.5, 5.5], "texture": "#0"}, "west": {"uv": [2, 1.75, 3.5, 3.5], "texture": "#0"}, "up": {"uv": [6.25, 6.75, 5.5, 5.25], "texture": "#0"}, "down": {"uv": [4.25, 5.75, 3.5, 7.25], "texture": "#0"} } }, { "from": [6, 2, 9.5], "to": [10, 8, 17.5], "rotation": {"angle": 0, "axis": "y", "origin": [8, 10, 7.5]}, "faces": { "north": {"uv": [3.5, 0, 4.5, 1.5], "texture": "#0"}, "east": {"uv": [0, 0, 2, 1.5], "texture": "#0"}, "south": {"uv": [3.5, 1.5, 4.5, 3], "texture": "#0"}, "west": {"uv": [0, 1.5, 2, 3], "texture": "#0"}, "up": {"uv": [1, 5, 0, 3], "texture": "#0"}, "down": {"uv": [2, 3, 1, 5], "texture": "#0"} } } ], "display": { "thirdperson_righthand": { "translation": [-0.75, 1.25, -5.25], "scale": [0.4, 0.4, 0.4] }, "thirdperson_lefthand": { "translation": [-0.75, 1.25, -5.25], "scale": [0.4, 0.4, 0.4] }, "firstperson_righthand": { "translation": [1.5, 5.25, -5.25], "scale": [0.5, 0.5, 0.5] }, "firstperson_lefthand": { "translation": [1.5, 5.25, -5.75], "scale": [0.5, 0.5, 0.5] }, "ground": { "rotation": [14, -39, 46], "translation": [1.75, 3.25, -3.5], "scale": [0.4, 0.4, 0.4] }, "gui": { "rotation": [27, -139, 0], "translation": [4, -0.5, 0], "scale": [0.5, 0.5, 0.5] }, "head": { "rotation": [4, 49, 90], "translation": [-5.75, 7.5, -3.25], "scale": [0.5, 0.5, 0.5] }, "fixed": { "rotation": [0, 90, 0], "translation": [-11.75, 3.75, 0] } } }