{ "credit": "Made with Blockbench", "textures": { "2": "guns/awm/metal/two", "3": "guns/awm/metal/nine", "particle": "guns/awm/metal/nine" }, "elements": [ { "name": "Handle1", "from": [7.2, 7, 4], "to": [8.8, 8, 6.5], "faces": { "north": {"uv": [0, 0, 1, 1], "texture": "#2"}, "east": {"uv": [0, 0, 2.5, 1], "texture": "#2"}, "south": {"uv": [0, 0, 1.6, 1], "texture": "#2"}, "west": {"uv": [0, 0, 2.5, 1], "texture": "#2"}, "up": {"uv": [0, 0, 1.6, 2.5], "texture": "#2"}, "down": {"uv": [0, 0, 1.6, 2.5], "texture": "#2"} } }, { "name": "Handle2", "from": [7.2, 7, 7.8], "to": [8.8, 8, 9.3], "rotation": {"angle": -22.5, "axis": "x", "origin": [8, 0, 8]}, "faces": { "north": {"uv": [0, 0, 1, 1], "texture": "#2"}, "east": {"uv": [0, 0, 1.5, 1], "texture": "#2"}, "south": {"uv": [0, 0, 1.6, 1], "texture": "#2"}, "west": {"uv": [0, 0, 1.5, 1], "texture": "#2"}, "up": {"uv": [0, 0, 1.6, 1.5], "texture": "#2"}, "down": {"uv": [0, 0, 1.6, 1.5], "texture": "#2"} } }, { "name": "Handle3", "from": [7.2, 2, 0], "to": [8.8, 3, 1.5], "rotation": {"angle": 45, "axis": "x", "origin": [8, 0, 8]}, "faces": { "north": {"uv": [0, 0, 1, 1], "texture": "#2"}, "east": {"uv": [0, 0, 1.5, 1], "texture": "#2"}, "south": {"uv": [0, 0, 1.6, 1], "texture": "#2"}, "west": {"uv": [0, 0, 1.5, 1], "texture": "#2"}, "up": {"uv": [0, 0, 1.6, 1.5], "texture": "#2"}, "down": {"uv": [0, 0, 1.6, 1.5], "texture": "#2"} } }, { "name": "Handle4", "from": [7.2, 7, 3.8], "to": [8.8, 8, 4.3], "faces": { "north": {"uv": [0, 0, 1, 1], "texture": "#2"}, "east": {"uv": [0, 0, 0.5, 1], "texture": "#2"}, "south": {"uv": [0, 0, 1.6, 1], "texture": "#2"}, "west": {"uv": [0, 0, 0.5, 1], "texture": "#2"}, "up": {"uv": [0, 0, 1.6, 0.5], "texture": "#2"}, "down": {"uv": [0, 0, 1.6, 0.5], "texture": "#2"} } }, { "name": "Handle5", "from": [7.2, 4, 4.1], "to": [8.8, 7, 5.6], "faces": { "north": {"uv": [0, 0, 1, 1], "texture": "#2"}, "east": {"uv": [0, 0, 1.5, 3], "texture": "#2"}, "south": {"uv": [0, 0, 1.6, 3], "texture": "#2"}, "west": {"uv": [0, 0, 1.5, 3], "texture": "#2"}, "up": {"uv": [0, 0, 1.6, 1.5], "texture": "#2"}, "down": {"uv": [0, 0, 1.6, 1.5], "texture": "#2"} } }, { "name": "Handle6", "from": [7.2, 4, 5.6], "to": [8.8, 5, 6.1], "faces": { "north": {"uv": [0, 0, 1, 1], "texture": "#2"}, "east": {"uv": [0, 0, 0.5, 1], "texture": "#2"}, "south": {"uv": [0, 0, 1.6, 1], "texture": "#2"}, "west": {"uv": [0, 0, 0.5, 1], "texture": "#2"}, "up": {"uv": [0, 0, 1.6, 0.5], "texture": "#2"}, "down": {"uv": [0, 0, 1.6, 0.5], "texture": "#2"} } }, { "name": "Body1", "from": [7, 8, 3], "to": [9, 10, 13.5], "faces": { "north": {"uv": [0, 0, 1, 1], "texture": "#3"}, "east": {"uv": [0, 0, 10.5, 2], "texture": "#3"}, "south": {"uv": [0, 0, 2, 2], "texture": "#3"}, "west": {"uv": [0, 0, 10.5, 2], "texture": "#3"}, "up": {"uv": [0, 0, 2, 10.5], "texture": "#3"}, "down": {"uv": [0, 0, 2, 10.5], "texture": "#3"} } }, { "name": "Trigger1", "from": [7.7, 6.3, 6.7], "to": [8.3, 6.5, 8.8], "faces": { "north": {"uv": [0, 0, 1, 1], "texture": "#3"}, "east": {"uv": [0, 0, 2.1, 0.2], "texture": "#3"}, "south": {"uv": [0, 0, 0.6, 0.2], "texture": "#3"}, "west": {"uv": [0, 0, 2.1, 0.2], "texture": "#3"}, "up": {"uv": [0, 0, 0.6, 2.1], "texture": "#3"}, "down": {"uv": [0, 0, 0.6, 2.1], "texture": "#3"} } }, { "name": "Trigger2", "from": [7.7, 6.6, 6.3], "to": [8.3, 7, 6.5], "faces": { "north": {"uv": [0, 0, 1, 1], "texture": "#3"}, "east": {"uv": [0, 0, 0.2, 0.4], "texture": "#3"}, "south": {"uv": [0, 0, 0.6, 0.4], "texture": "#3"}, "west": {"uv": [0, 0, 0.2, 0.4], "texture": "#3"}, "up": {"uv": [0, 0, 0.6, 0.2], "texture": "#3"}, "down": {"uv": [0, 0, 0.6, 0.2], "texture": "#3"} } }, { "name": "Trigger3", "from": [7.7, 5.4, 11.5], "to": [8.3, 5.9, 11.7], "rotation": {"angle": -45, "axis": "x", "origin": [8, 0, 8]}, "faces": { "north": {"uv": [0, 0, 1, 1], "texture": "#3"}, "east": {"uv": [0, 0, 0.2, 0.5], "texture": "#3"}, "south": {"uv": [0, 0, 0.6, 0.5], "texture": "#3"}, "west": {"uv": [0, 0, 0.2, 0.5], "texture": "#3"}, "up": {"uv": [0, 0, 0.6, 0.2], "texture": "#3"}, "down": {"uv": [0, 0, 0.6, 0.2], "texture": "#3"} } }, { "name": "Trigger5", "from": [7.7, 6.7, 9], "to": [8.3, 8, 9.9], "faces": { "north": {"uv": [0, 0, 1, 1], "texture": "#3"}, "east": {"uv": [0, 0, 0.9, 1.3], "texture": "#3"}, "south": {"uv": [0, 0, 0.6, 1.3], "texture": "#3"}, "west": {"uv": [0, 0, 0.9, 1.3], "texture": "#3"}, "up": {"uv": [0, 0, 0.6, 0.9], "texture": "#3"}, "down": {"uv": [0, 0, 0.6, 0.9], "texture": "#3"} } }, { "name": "Trigger6", "from": [7.7, 5, 3.9], "to": [8.3, 5.6, 4.1], "rotation": {"angle": 45, "axis": "x", "origin": [8, 0, 8]}, "faces": { "north": {"uv": [0, 0, 1, 1], "texture": "#3"}, "east": {"uv": [0, 0, 0.2, 0.6], "texture": "#3"}, "south": {"uv": [0, 0, 0.6, 0.6], "texture": "#3"}, "west": {"uv": [0, 0, 0.2, 0.6], "texture": "#3"}, "up": {"uv": [0, 0, 0.6, 0.2], "texture": "#3"}, "down": {"uv": [0, 0, 0.6, 0.2], "texture": "#3"} } }, { "name": "Trigger7", "from": [7.7, 7, 7.4], "to": [8.3, 8, 7.6], "faces": { "north": {"uv": [0, 0, 1, 1], "texture": "#3"}, "east": {"uv": [0, 0, 0.2, 1], "texture": "#3"}, "south": {"uv": [0, 0, 0.6, 1], "texture": "#3"}, "west": {"uv": [0, 0, 0.2, 1], "texture": "#3"}, "up": {"uv": [0, 0, 0.6, 0.2], "texture": "#3"}, "down": {"uv": [0, 0, 0.6, 0.2], "texture": "#3"} } }, { "name": "Trigger8", "from": [7.7, 6.1, 9.6], "to": [8.3, 6.7, 9.9], "faces": { "north": {"uv": [0, 0, 1, 1], "texture": "#3"}, "east": {"uv": [0, 0, 0.3, 0.6], "texture": "#3"}, "south": {"uv": [0, 0, 0.6, 0.6], "texture": "#3"}, "west": {"uv": [0, 0, 0.3, 0.6], "texture": "#3"}, "up": {"uv": [0, 0, 0.6, 0.3], "texture": "#3"}, "down": {"uv": [0, 0, 0.6, 0.3], "texture": "#3"} } }, { "name": "Mag1", "from": [7.2, 6, 10], "to": [8.8, 8, 12.3], "faces": { "north": {"uv": [0, 0, 1, 1], "texture": "#3"}, "east": {"uv": [0, 0, 2.3, 2], "texture": "#3"}, "south": {"uv": [0, 0, 1.6, 2], "texture": "#3"}, "west": {"uv": [0, 0, 2.3, 2], "texture": "#3"}, "up": {"uv": [0, 0, 1.6, 2.3], "texture": "#3"}, "down": {"uv": [0, 0, 1.6, 2.3], "texture": "#3"} } }, { "name": "Mag2", "from": [7.2, 2, 12.2], "to": [8.8, 4.8, 14.5], "rotation": {"angle": -22.5, "axis": "x", "origin": [8, 0, 8]}, "faces": { "north": {"uv": [0, 0, 1, 1], "texture": "#3"}, "east": {"uv": [0, 0, 2.3, 2.8], "texture": "#3"}, "south": {"uv": [0, 0, 1.6, 2.8], "texture": "#3"}, "west": {"uv": [0, 0, 2.3, 2.8], "texture": "#3"}, "up": {"uv": [0, 0, 1.6, 2.3], "texture": "#3"}, "down": {"uv": [0, 0, 1.6, 2.3], "texture": "#3"} } }, { "name": "Mag3", "from": [7.2, -1.8, 12.6], "to": [8.8, 0.2, 14.9], "rotation": {"angle": -45, "axis": "x", "origin": [8, 0, 8]}, "faces": { "north": {"uv": [0, 0, 1, 1], "texture": "#3"}, "east": {"uv": [0, 0, 2.3, 2], "texture": "#3"}, "south": {"uv": [0, 0, 1.6, 2], "texture": "#3"}, "west": {"uv": [0, 0, 2.3, 2], "texture": "#3"}, "up": {"uv": [0, 0, 1.6, 2.3], "texture": "#3"}, "down": {"uv": [0, 0, 1.6, 2.3], "texture": "#3"} } }, { "name": "Body3", "from": [7, 10, 4.4], "to": [9, 11.2, 15.4], "faces": { "north": {"uv": [0, 0, 1, 1], "texture": "#3"}, "east": {"uv": [0, 0, 11, 1.2], "texture": "#3"}, "south": {"uv": [0, 0, 2, 1.2], "texture": "#3"}, "west": {"uv": [0, 0, 11, 1.2], "texture": "#3"}, "up": {"uv": [0, 0, 2, 11], "texture": "#3"}, "down": {"uv": [0, 0, 2, 11], "texture": "#3"} } }, { "name": "Body4", "from": [7, 3.5, -2.6], "to": [9, 5.3, -1.6], "rotation": {"angle": 45, "axis": "x", "origin": [8, 0, 8]}, "faces": { "north": {"uv": [0, 0, 1, 1], "texture": "#3"}, "east": {"uv": [0, 0, 1, 1.8], "texture": "#3"}, "south": {"uv": [0, 0, 2, 1.8], "texture": "#3"}, "west": {"uv": [0, 0, 1, 1.8], "texture": "#3"}, "up": {"uv": [0, 0, 2, 1], "texture": "#3"}, "down": {"uv": [0, 0, 2, 1], "texture": "#3"} } }, { "name": "WoodBody1", "from": [7, 9.2, -1], "to": [9, 11.2, 6.5], "rotation": {"angle": -22.5, "axis": "x", "origin": [8, 0, 8]}, "faces": { "north": {"uv": [0, 0, 1, 1], "texture": "#2"}, "east": {"uv": [0, 0, 7.5, 2], "texture": "#2"}, "south": {"uv": [0, 0, 2, 2], "texture": "#2"}, "west": {"uv": [0, 0, 7.5, 2], "texture": "#2"}, "up": {"uv": [0, 0, 2, 7.5], "texture": "#2"}, "down": {"uv": [0, 0, 2, 7.5], "texture": "#2"} } }, { "name": "WoodBody2", "from": [7, 8.2, -4.5], "to": [9, 9.2, 3], "faces": { "north": {"uv": [0, 0, 1, 1], "texture": "#missing"}, "east": {"uv": [0, 0, 7.5, 1], "texture": "#2"}, "south": {"uv": [0, 0, 2, 1], "texture": "#missing"}, "west": {"uv": [0, 0, 7.5, 1], "texture": "#2"}, "up": {"uv": [0, 0, 16, 16], "texture": "#2"}, "down": {"uv": [0, 0, 2, 7.5], "texture": "#missing"} } }, { "name": "WoodBody3", "from": [7, 9.2, 2.3], "to": [9, 9.8, 3], "faces": { "north": {"uv": [0, 0, 1, 1], "texture": "#2"}, "east": {"uv": [0, 0, 0.7, 0.6], "texture": "#2"}, "south": {"uv": [0, 0, 2, 0.6], "texture": "#2"}, "west": {"uv": [0, 0, 0.7, 0.6], "texture": "#2"}, "up": {"uv": [0, 0, 2, 0.7], "texture": "#2"}, "down": {"uv": [0, 0, 2, 0.7], "texture": "#2"} } }, { "name": "WoodBody4", "from": [7, 6.9, -4.6], "to": [9, 9.2, -1.5], "faces": { "north": {"uv": [0, 0, 1, 1], "texture": "#2"}, "east": {"uv": [0, 0, 3.1, 2.3], "texture": "#2"}, "south": {"uv": [0, 0, 2, 2.3], "texture": "#missing"}, "west": {"uv": [0, 0, 3.1, 2.3], "texture": "#2"}, "up": {"uv": [0, 0, 2, 3.1], "texture": "#2"}, "down": {"uv": [0, 0, 2, 3.1], "texture": "#missing"} } }, { "name": "FrontBody1", "from": [7, 8, 13.5], "to": [9, 10, 15.6], "faces": { "north": {"uv": [2, 3, 4, 4], "texture": "#3"}, "east": {"uv": [0, 0, 2.1, 2], "texture": "#3"}, "south": {"uv": [0, 0, 2, 2], "texture": "#3"}, "west": {"uv": [0, 0, 2.1, 2], "texture": "#3"}, "up": {"uv": [0, 0, 2, 2.1], "texture": "#3"}, "down": {"uv": [0, 0, 2, 2.1], "texture": "#3"} } }, { "name": "FrontBody2", "from": [7, 4.5, 18], "to": [9, 5.5, 19], "rotation": {"angle": -22.5, "axis": "x", "origin": [8, 0, 8]}, "faces": { "north": {"uv": [2, 3, 4, 4], "texture": "#2"}, "east": {"uv": [0, 0, 1, 1], "texture": "#2"}, "south": {"uv": [0, 0, 2, 1], "texture": "#2"}, "west": {"uv": [0, 0, 1, 1], "texture": "#2"}, "up": {"uv": [0, 0, 2, 1], "texture": "#2"}, "down": {"uv": [0, 0, 2, 1], "texture": "#2"} } }, { "name": "FrontBody3", "from": [7, 8.4, 15.4], "to": [9, 9.8, 19.5], "faces": { "north": {"uv": [2, 3, 4, 4], "texture": "#2"}, "east": {"uv": [0, 0, 4.1, 1.4], "texture": "#2"}, "south": {"uv": [0, 0, 2, 1.4], "texture": "#2"}, "west": {"uv": [0, 0, 4.1, 1.4], "texture": "#2"}, "up": {"uv": [0, 0, 2, 4.1], "texture": "#2"}, "down": {"uv": [0, 0, 2, 4.1], "texture": "#2"} } }, { "name": "Body", "from": [7, 10.4, 15.4], "to": [9, 11.2, 19.5], "faces": { "north": {"uv": [2, 3, 4, 4], "texture": "#2"}, "east": {"uv": [0, 0, 4.1, 0.8], "texture": "#2"}, "south": {"uv": [0, 0, 2, 0.8], "texture": "#2"}, "west": {"uv": [0, 0, 4.1, 0.8], "texture": "#2"}, "up": {"uv": [0, 0, 2, 4.1], "texture": "#2"}, "down": {"uv": [0, 0, 2, 4.1], "texture": "#2"} } }, { "name": "Body5", "from": [7.5, 11.2, 13], "to": [8.5, 11.6, 15.3], "faces": { "north": {"uv": [0, 0, 1, 1], "texture": "#3"}, "east": {"uv": [0, 0, 2.3, 0.4], "texture": "#3"}, "south": {"uv": [0, 0, 1, 0.4], "texture": "#3"}, "west": {"uv": [0, 0, 2.3, 0.4], "texture": "#3"}, "up": {"uv": [0, 0, 1, 2.3], "texture": "#3"}, "down": {"uv": [0, 0, 1, 2.3], "texture": "#3"} } }, { "name": "Body6", "from": [7.5, 11.6, 12], "to": [8.5, 11.8, 14.3], "faces": { "north": {"uv": [0, 0, 1, 1], "texture": "#3"}, "east": {"uv": [0, 0, 2.3, 0.2], "texture": "#3"}, "south": {"uv": [0, 0, 1, 0.2], "texture": "#3"}, "west": {"uv": [0, 0, 2.3, 0.2], "texture": "#3"}, "up": {"uv": [0, 0, 1, 2.3], "texture": "#3"}, "down": {"uv": [0, 0, 1, 2.3], "texture": "#3"} } }, { "name": "Barrel2", "from": [7.5, 8.5, 19.5], "to": [8.5, 9.7, 19.9], "faces": { "north": {"uv": [0, 0, 1, 1], "texture": "#2"}, "east": {"uv": [0, 0, 0.4, 1.2], "texture": "#2"}, "south": {"uv": [0, 0, 1, 1.2], "texture": "#2"}, "west": {"uv": [0, 0, 0.4, 1.2], "texture": "#2"}, "up": {"uv": [0, 0, 1, 0.4], "texture": "#2"}, "down": {"uv": [0, 0, 1, 0.4], "texture": "#2"} } }, { "name": "Barrel1", "from": [7.5, 10.1, 19.5], "to": [8.5, 11.1, 19.9], "faces": { "north": {"uv": [0, 0, 1, 1], "texture": "#2"}, "east": {"uv": [0, 0, 0.4, 1], "texture": "#2"}, "south": {"uv": [0, 0, 1, 1], "texture": "#2"}, "west": {"uv": [0, 0, 0.4, 1], "texture": "#2"}, "up": {"uv": [0, 0, 1, 0.4], "texture": "#2"}, "down": {"uv": [0, 0, 1, 0.4], "texture": "#2"} } }, { "name": "Body2", "from": [7, 9.8, 16.4], "to": [9, 10.4, 17.5], "faces": { "north": {"uv": [2, 3, 4, 4], "texture": "#2"}, "east": {"uv": [0, 0, 1.1, 0.6], "texture": "#2"}, "south": {"uv": [0, 0, 2, 0.6], "texture": "#2"}, "west": {"uv": [0, 0, 1.1, 0.6], "texture": "#2"}, "up": {"uv": [0, 0, 2, 1.1], "texture": "#2"}, "down": {"uv": [0, 0, 2, 1.1], "texture": "#2"} } }, { "name": "Cube", "from": [7, 9.8, 18.4], "to": [9, 10.4, 19.5], "faces": { "north": {"uv": [2, 3, 4, 4], "texture": "#2"}, "east": {"uv": [0, 0, 1.1, 0.6], "texture": "#2"}, "south": {"uv": [0, 0, 2, 0.6], "texture": "#2"}, "west": {"uv": [0, 0, 1.1, 0.6], "texture": "#2"}, "up": {"uv": [0, 0, 2, 1.1], "texture": "#2"}, "down": {"uv": [0, 0, 2, 1.1], "texture": "#2"} } }, { "name": "Barrel3", "from": [7.5, 10.1, 19.5], "to": [8.5, 10.9, 23.1], "faces": { "north": {"uv": [0, 0, 1, 1], "texture": "#3"}, "east": {"uv": [0, 0, 3.6, 0.8], "texture": "#3"}, "south": {"uv": [0, 0, 1, 0.8], "texture": "#3"}, "west": {"uv": [0, 0, 3.6, 0.8], "texture": "#3"}, "up": {"uv": [0, 0, 1, 3.6], "texture": "#3"}, "down": {"uv": [0, 0, 1, 3.6], "texture": "#3"} } }, { "name": "Barrel4", "from": [7.5, 8.8, 19.5], "to": [8.5, 9.4, 29.1], "faces": { "north": {"uv": [0, 0, 1, 1], "texture": "#3"}, "east": {"uv": [0, 0, 9.6, 0.6], "texture": "#3"}, "south": {"uv": [0, 0, 1, 0.6], "texture": "#3"}, "west": {"uv": [0, 0, 9.6, 0.6], "texture": "#3"}, "up": {"uv": [0, 0, 1, 9.6], "texture": "#3"}, "down": {"uv": [0, 0, 1, 9.6], "texture": "#3"} } }, { "name": "Barrel5", "from": [7.5, 17.4, 11.2], "to": [8.5, 18, 12.8], "rotation": {"angle": 45, "axis": "x", "origin": [8, 0, 8]}, "faces": { "north": {"uv": [0, 0, 1, 1], "texture": "#3"}, "east": {"uv": [0, 0, 1.6, 0.6], "texture": "#3"}, "south": {"uv": [0, 0, 1, 0.6], "texture": "#3"}, "west": {"uv": [0, 0, 1.6, 0.6], "texture": "#3"}, "up": {"uv": [0, 0, 1, 1.6], "texture": "#3"}, "down": {"uv": [0, 0, 1, 1.6], "texture": "#3"} } }, { "name": "Barrel6", "from": [7.5, 9.4, 22.6], "to": [8.5, 10.2, 23.2], "faces": { "north": {"uv": [0, 0, 1, 1], "texture": "#3"}, "east": {"uv": [0, 0, 0.6, 0.8], "texture": "#3"}, "south": {"uv": [0, 0, 1, 0.8], "texture": "#3"}, "west": {"uv": [0, 0, 0.6, 0.8], "texture": "#3"}, "up": {"uv": [0, 0, 1, 0.6], "texture": "#3"}, "down": {"uv": [0, 0, 1, 0.6], "texture": "#3"} } }, { "name": "Barrel7", "from": [7.5, 8.6, 28.6], "to": [8.5, 9.6, 31.2], "faces": { "north": {"uv": [0, 0, 1, 1], "texture": "#3"}, "east": {"uv": [0, 0, 2.6, 1], "texture": "#3"}, "south": {"uv": [0, 0, 1, 1], "texture": "#3"}, "west": {"uv": [0, 0, 2.6, 1], "texture": "#3"}, "up": {"uv": [0, 0, 1, 2.6], "texture": "#3"}, "down": {"uv": [0, 0, 1, 2.6], "texture": "#3"} } }, { "name": "Barrel8", "from": [7.5, 9.2, 27.9], "to": [8.5, 11.2, 28.5], "faces": { "north": {"uv": [0, 0, 1, 1], "texture": "#3"}, "east": {"uv": [0, 0, 0.6, 2], "texture": "#3"}, "south": {"uv": [0, 0, 1, 2], "texture": "#3"}, "west": {"uv": [0, 0, 0.6, 2], "texture": "#3"}, "up": {"uv": [0, 0, 1, 0.6], "texture": "#3"}, "down": {"uv": [0, 0, 1, 0.6], "texture": "#3"} } }, { "name": "Barrel9", "from": [7.5, 15.8, 22.1], "to": [8.5, 17.9, 22.7], "rotation": {"angle": 22.5, "axis": "x", "origin": [8, 0, 8]}, "faces": { "north": {"uv": [0, 0, 1, 1], "texture": "#3"}, "east": {"uv": [0, 0, 0.6, 2.1], "texture": "#3"}, "south": {"uv": [0, 0, 1, 2.1], "texture": "#3"}, "west": {"uv": [0, 0, 0.6, 2.1], "texture": "#3"}, "up": {"uv": [0, 0, 1, 0.6], "texture": "#3"}, "down": {"uv": [0, 0, 1, 0.6], "texture": "#3"} } } ], "display": { "thirdperson_righthand": { "rotation": [180, 0, 180], "translation": [0, 0.7, 0], "scale": [0.65, 0.65, 0.65] }, "firstperson_righthand": { "rotation": [180, 0, 180], "translation": [-9, 4.55, 0] }, "firstperson_lefthand": { "translation": [80, 0, 0] }, "ground": { "scale": [0.6, 0.6, 0.6] }, "gui": { "rotation": [113.75, 135.25, -109.25], "translation": [-1.5, -1.35, 0.4], "scale": [0.5, 0.5, 0.5] }, "fixed": { "rotation": [0, 90, 0] } } }