{ "credit": "Made with Blockbench", "textures": { "1": "guns/awm/metal/ten", "2": "guns/nulls_orange", "particle": "guns/nulls_orange" }, "elements": [ { "name": "Mag", "from": [7.3, 5, 7], "to": [8.7, 8, 10.2], "faces": { "north": {"uv": [0, 0, 1.4, 3], "texture": "#1"}, "east": {"uv": [0, 0, 3.2, 3], "texture": "#1"}, "south": {"uv": [0, 0, 1.4, 3], "texture": "#1"}, "west": {"uv": [0, 0, 3.2, 3], "texture": "#1"}, "up": {"uv": [0, 0, 1.4, 3.2], "texture": "#1"}, "down": {"uv": [0, 0, 1.4, 3.2], "texture": "#1"} } }, { "name": "Mag", "from": [7.3, 2, 6], "to": [8.7, 5.7, 9.2], "rotation": {"angle": -22.5, "axis": "x", "origin": [8, 8, 8]}, "faces": { "north": {"uv": [0, 0, 1.4, 3.7], "texture": "#1"}, "east": {"uv": [0, 0, 3.2, 3.7], "texture": "#1"}, "south": {"uv": [0, 0, 1.4, 3.7], "texture": "#1"}, "west": {"uv": [0, 0, 3.2, 3.7], "texture": "#1"}, "up": {"uv": [0, 0, 1.4, 3.2], "texture": "#1"}, "down": {"uv": [0, 0, 1.4, 3.2], "texture": "#1"} } }, { "name": "Base", "from": [7.2, 8, 7], "to": [8.8, 10, 10.5], "faces": { "north": {"uv": [0, 0, 1.6, 2], "texture": "#2"}, "east": {"uv": [0, 0, 3.5, 2], "texture": "#2"}, "south": {"uv": [0, 0, 1.6, 2], "texture": "#2"}, "west": {"uv": [0, 0, 3.5, 2], "texture": "#2"}, "up": {"uv": [0, 0, 1.6, 3.5], "texture": "#2"}, "down": {"uv": [0, 0, 1.6, 3.5], "texture": "#2"} } }, { "name": "Trigger", "from": [7.7, 7.9, 4], "to": [8.3, 8.2, 7], "faces": { "north": {"uv": [0, 0, 0.6, 0.3], "texture": "#2"}, "east": {"uv": [0, 0, 3, 0.3], "texture": "#2"}, "south": {"uv": [0, 0, 0.6, 0.3], "texture": "#2"}, "west": {"uv": [0, 0, 3, 0.3], "texture": "#2"}, "up": {"uv": [0, 0, 0.6, 3], "texture": "#2"}, "down": {"uv": [0, 0, 0.6, 3], "texture": "#2"} } }, { "name": "Trigger", "from": [7.7, 8.7, 7.2], "to": [8.3, 9.1, 7.8], "rotation": {"angle": -45, "axis": "x", "origin": [8, 8, 8]}, "faces": { "north": {"uv": [0, 0, 0.6, 0.4], "texture": "#2"}, "east": {"uv": [0, 0, 0.6, 0.4], "texture": "#2"}, "south": {"uv": [0, 0, 0.6, 0.4], "texture": "#2"}, "west": {"uv": [0, 0, 0.6, 0.4], "texture": "#2"}, "up": {"uv": [0, 0, 0.6, 0.6], "texture": "#2"}, "down": {"uv": [0, 0, 0.6, 0.6], "texture": "#2"} } }, { "name": "Trigger", "from": [7.7, 8.2, 5.4], "to": [8.3, 8.7, 6.4], "rotation": {"angle": 45, "axis": "x", "origin": [8, 8, 8]}, "faces": { "north": {"uv": [0, 0, 0.6, 0.5], "texture": "#2"}, "east": {"uv": [0, 0, 1, 0.5], "texture": "#2"}, "south": {"uv": [0, 0, 0.6, 0.5], "texture": "#2"}, "west": {"uv": [0, 0, 1, 0.5], "texture": "#2"}, "up": {"uv": [0, 0, 0.6, 1], "texture": "#2"}, "down": {"uv": [0, 0, 0.6, 1], "texture": "#2"} } }, { "name": "Base", "from": [7.2, 10, 3.7], "to": [8.8, 11.2, 10.5], "faces": { "north": {"uv": [0, 0, 1.6, 1.2], "texture": "#2"}, "east": {"uv": [0, 0, 6.8, 1.2], "texture": "#2"}, "south": {"uv": [0, 0, 1.6, 1.2], "texture": "#2"}, "west": {"uv": [0, 0, 6.8, 1.2], "texture": "#2"}, "up": {"uv": [0, 0, 1.6, 6.8], "texture": "#2"}, "down": {"uv": [0, 0, 1.6, 6.8], "texture": "#2"} } }, { "name": "Trigger", "from": [7.7, 9, 5], "to": [8.3, 10, 5.2], "faces": { "north": {"uv": [0, 0, 0.6, 1], "texture": "#2"}, "east": {"uv": [0, 0, 0.2, 1], "texture": "#2"}, "south": {"uv": [0, 0, 0.6, 1], "texture": "#2"}, "west": {"uv": [0, 0, 0.2, 1], "texture": "#2"}, "up": {"uv": [0, 0, 0.6, 0.2], "texture": "#2"}, "down": {"uv": [0, 0, 0.6, 0.2], "texture": "#2"} } }, { "name": "Trigger", "from": [7.7, 11.8, 6.4], "to": [8.3, 12.3, 7.4], "rotation": {"angle": -45, "axis": "x", "origin": [8, 8, 8]}, "faces": { "north": {"uv": [0, 0, 0.6, 0.5], "texture": "#2"}, "east": {"uv": [0, 0, 1, 0.5], "texture": "#2"}, "south": {"uv": [0, 0, 0.6, 0.5], "texture": "#2"}, "west": {"uv": [0, 0, 1, 0.5], "texture": "#2"}, "up": {"uv": [0, 0, 0.6, 1], "texture": "#2"}, "down": {"uv": [0, 0, 0.6, 1], "texture": "#2"} } }, { "name": "Trigger", "from": [7.7, 5.4, 4.9], "to": [8.3, 5.8, 5.5], "rotation": {"angle": 45, "axis": "x", "origin": [8, 8, 8]}, "faces": { "north": {"uv": [0, 0, 0.6, 0.4], "texture": "#2"}, "east": {"uv": [0, 0, 0.6, 0.4], "texture": "#2"}, "south": {"uv": [0, 0, 0.6, 0.4], "texture": "#2"}, "west": {"uv": [0, 0, 0.6, 0.4], "texture": "#2"}, "up": {"uv": [0, 0, 0.6, 0.6], "texture": "#2"}, "down": {"uv": [0, 0, 0.6, 0.6], "texture": "#2"} } }, { "name": "Trigger", "from": [7.7, 7.9, 3.7], "to": [8.3, 10.3, 4.3], "faces": { "north": {"uv": [0, 0, 0.6, 2.4], "texture": "#2"}, "east": {"uv": [0, 0, 0.6, 2.4], "texture": "#2"}, "south": {"uv": [0, 0, 0.6, 2.4], "texture": "#2"}, "west": {"uv": [0, 0, 0.6, 2.4], "texture": "#2"}, "up": {"uv": [0, 0, 0.6, 0.6], "texture": "#2"}, "down": {"uv": [0, 0, 0.6, 0.6], "texture": "#2"} } }, { "name": "Handle", "from": [7.2, 10.5, 3.8], "to": [8.8, 11, 4.8], "rotation": {"angle": -45, "axis": "x", "origin": [8, 8, 8]}, "faces": { "north": {"uv": [0, 0, 1.6, 0.5], "texture": "#1"}, "east": {"uv": [0, 0, 1, 0.5], "texture": "#1"}, "south": {"uv": [0, 0, 1.6, 0.5], "texture": "#1"}, "west": {"uv": [0, 0, 1, 0.5], "texture": "#1"}, "up": {"uv": [0, 0, 1.6, 1], "texture": "#1"}, "down": {"uv": [0, 0, 1.6, 1], "texture": "#1"} } }, { "name": "Handle", "from": [7.7, 9.1, 3.5], "to": [8.3, 9.4, 5], "rotation": {"angle": -22.5, "axis": "x", "origin": [8, 8, 8]}, "faces": { "north": {"uv": [0, 0, 0.6, 0.3], "texture": "#2"}, "east": {"uv": [0, 0, 1.5, 0.3], "texture": "#2"}, "south": {"uv": [0, 0, 0.6, 0.3], "texture": "#2"}, "west": {"uv": [0, 0, 1.5, 0.3], "texture": "#2"}, "up": {"uv": [0, 0, 0.6, 1.5], "texture": "#2"}, "down": {"uv": [0, 0, 0.6, 1.5], "texture": "#2"} } }, { "name": "Handle", "from": [7.2, 6.5, 2.3], "to": [8.8, 7.9, 3.3], "faces": { "north": {"uv": [0, 0, 1.6, 1.4], "texture": "#1"}, "east": {"uv": [0, 0, 1, 1.4], "texture": "#1"}, "south": {"uv": [0, 0, 1.6, 1.4], "texture": "#1"}, "west": {"uv": [0, 0, 1, 1.4], "texture": "#1"}, "up": {"uv": [0, 0, 1.6, 1], "texture": "#1"}, "down": {"uv": [0, 0, 1.6, 1], "texture": "#1"} } }, { "name": "Handle", "from": [7.2, 7.8, 2.3], "to": [8.8, 11.2, 4.3], "faces": { "north": {"uv": [0, 0, 1.6, 3.4], "texture": "#2"}, "east": {"uv": [0, 0, 2, 3.4], "texture": "#2"}, "south": {"uv": [0, 0, 1.6, 3.4], "texture": "#2"}, "west": {"uv": [0, 0, 2, 3.4], "texture": "#2"}, "up": {"uv": [0, 0, 1.6, 2], "texture": "#2"}, "down": {"uv": [0, 0, 1.6, 2], "texture": "#2"} } }, { "name": "Handle", "from": [7.2, 1.5, 2.2], "to": [8.8, 7.2, 4.2], "rotation": {"angle": 22.5, "axis": "x", "origin": [8, 8, 8]}, "faces": { "north": {"uv": [0, 0, 1.6, 5.7], "texture": "#1"}, "east": {"uv": [0, 0, 2, 5.7], "texture": "#1"}, "south": {"uv": [0, 0, 1.6, 5.7], "texture": "#1"}, "west": {"uv": [0, 0, 2, 5.7], "texture": "#1"}, "up": {"uv": [0, 0, 1.6, 2], "texture": "#1"}, "down": {"uv": [0, 0, 1.6, 2], "texture": "#1"} } }, { "name": "Handle", "from": [7.2, 1.5, 2.2], "to": [8.8, 2, 4.7], "rotation": {"angle": 22.5, "axis": "x", "origin": [8, 8, 8]}, "faces": { "north": {"uv": [0, 0, 1.6, 0.5], "texture": "#1"}, "east": {"uv": [0, 0, 2.5, 0.5], "texture": "#1"}, "south": {"uv": [0, 0, 1.6, 0.5], "texture": "#1"}, "west": {"uv": [0, 0, 2.5, 0.5], "texture": "#1"}, "up": {"uv": [0, 0, 1.6, 2.5], "texture": "#1"}, "down": {"uv": [0, 0, 1.6, 2.5], "texture": "#1"} } }, { "name": "Base", "from": [7.2, 11.2, 1], "to": [8.8, 13.8, 11.5], "faces": { "north": {"uv": [0, 0, 1.6, 2.6], "texture": "#2"}, "east": {"uv": [0, 0, 10.5, 2.6], "texture": "#2"}, "south": {"uv": [0, 0, 1.6, 2.6], "texture": "#2"}, "west": {"uv": [0, 0, 10.5, 2.6], "texture": "#2"}, "up": {"uv": [0, 0, 1.6, 10.5], "texture": "#2"}, "down": {"uv": [0, 0, 1.6, 10.5], "texture": "#2"} } }, { "name": "Base", "from": [7.2, 7.8, 11.4], "to": [8.8, 8.5, 12.7], "rotation": {"angle": -45, "axis": "x", "origin": [8, 8, 8]}, "faces": { "north": {"uv": [0, 0, 1.6, 0.7], "texture": "#2"}, "east": {"uv": [0, 0, 1.3, 0.7], "texture": "#2"}, "south": {"uv": [0, 0, 1.6, 0.7], "texture": "#2"}, "west": {"uv": [0, 0, 1.3, 0.7], "texture": "#2"}, "up": {"uv": [0, 0, 1.6, 1.3], "texture": "#2"}, "down": {"uv": [0, 0, 1.6, 1.3], "texture": "#2"} } }, { "name": "Base", "from": [7.2, 5.8, 1.2], "to": [8.8, 6.6, 2.2], "rotation": {"angle": 45, "axis": "x", "origin": [8, 8, 8]}, "faces": { "north": {"uv": [0, 0, 1.6, 0.8], "texture": "#2"}, "east": {"uv": [0, 0, 1, 0.8], "texture": "#2"}, "south": {"uv": [0, 0, 1.6, 0.8], "texture": "#2"}, "west": {"uv": [0, 0, 1, 0.8], "texture": "#2"}, "up": {"uv": [0, 0, 1.6, 1], "texture": "#2"}, "down": {"uv": [0, 0, 1.6, 1], "texture": "#2"} } }, { "name": "Back", "from": [7.2, 12.4, 0.5], "to": [8.8, 13.8, 1], "faces": { "north": {"uv": [0, 0, 1.6, 1.4], "texture": "#1"}, "east": {"uv": [0, 0, 0.5, 1.4], "texture": "#1"}, "south": {"uv": [0, 0, 1.6, 1.4], "texture": "#1"}, "west": {"uv": [0, 0, 0.5, 1.4], "texture": "#1"}, "up": {"uv": [0, 0, 1.6, 0.5], "texture": "#1"}, "down": {"uv": [0, 0, 1.6, 0.5], "texture": "#1"} } }, { "name": "Base", "from": [7.2, 13.8, 2], "to": [8.8, 15.8, 5], "faces": { "north": {"uv": [0, 0, 1.6, 2], "texture": "#2"}, "east": {"uv": [0, 0, 3, 2], "texture": "#2"}, "south": {"uv": [0, 0, 1.6, 2], "texture": "#2"}, "west": {"uv": [0, 0, 3, 2], "texture": "#2"}, "up": {"uv": [0, 0, 1.6, 3], "texture": "#2"}, "down": {"uv": [0, 0, 1.6, 3], "texture": "#2"} } }, { "name": "Base", "from": [7.2, 13.8, 5], "to": [8.8, 14.6, 11.5], "faces": { "north": {"uv": [0, 0, 1.6, 0.8], "texture": "#2"}, "east": {"uv": [0, 0, 6.5, 0.8], "texture": "#2"}, "south": {"uv": [0, 0, 1.6, 0.8], "texture": "#2"}, "west": {"uv": [0, 0, 6.5, 0.8], "texture": "#2"}, "up": {"uv": [0, 0, 1.6, 6.5], "texture": "#2"}, "down": {"uv": [0, 0, 1.6, 6.5], "texture": "#2"} } }, { "name": "IronSight", "from": [7.2, 15.8, 3], "to": [7.6, 16.4, 11], "faces": { "north": {"uv": [0, 0, 0.4, 0.6], "texture": "#2"}, "east": {"uv": [0, 0, 8, 0.6], "texture": "#2"}, "south": {"uv": [0, 0, 0.4, 0.6], "texture": "#2"}, "west": {"uv": [0, 0, 8, 0.6], "texture": "#2"}, "up": {"uv": [0, 0, 0.4, 8], "texture": "#2"}, "down": {"uv": [0, 0, 0.4, 8], "texture": "#2"} } }, { "name": "IronSight", "from": [7.2, 16.8, 9.6], "to": [7.6, 17.4, 10.3], "rotation": {"angle": -45, "axis": "x", "origin": [8, 8, 8]}, "faces": { "north": {"uv": [0, 0, 0.4, 0.6], "texture": "#2"}, "east": {"uv": [0, 0, 0.7, 0.6], "texture": "#2"}, "south": {"uv": [0, 0, 0.4, 0.6], "texture": "#2"}, "west": {"uv": [0, 0, 0.7, 0.6], "texture": "#2"}, "up": {"uv": [0, 0, 0.4, 0.7], "texture": "#2"}, "down": {"uv": [0, 0, 0.4, 0.7], "texture": "#2"} } }, { "name": "ironSight", "from": [7.2, 14.6, 11], "to": [7.6, 15.8, 11.5], "faces": { "north": {"uv": [0, 0, 0.4, 1.2], "texture": "#2"}, "east": {"uv": [0, 0, 0.5, 1.2], "texture": "#2"}, "south": {"uv": [0, 0, 0.4, 1.2], "texture": "#2"}, "west": {"uv": [0, 0, 0.5, 1.2], "texture": "#2"}, "up": {"uv": [0, 0, 0.4, 0.5], "texture": "#2"}, "down": {"uv": [0, 0, 0.4, 0.5], "texture": "#2"} } }, { "name": "IronSight", "from": [7.2, 11, 15.5], "to": [7.6, 11.8, 16], "rotation": {"angle": -45, "axis": "x", "origin": [8, 8, 8]}, "faces": { "north": {"uv": [0, 0, 0.4, 0.8], "texture": "#2"}, "east": {"uv": [0, 0, 0.5, 0.8], "texture": "#2"}, "south": {"uv": [0, 0, 0.4, 0.8], "texture": "#2"}, "west": {"uv": [0, 0, 0.5, 0.8], "texture": "#2"}, "up": {"uv": [0, 0, 0.4, 0.5], "texture": "#2"}, "down": {"uv": [0, 0, 0.4, 0.5], "texture": "#2"} } }, { "name": "Cube", "from": [8.4, 15.8, 3], "to": [8.8, 16.4, 11], "faces": { "north": {"uv": [0, 0, 0.4, 0.6], "texture": "#2"}, "east": {"uv": [0, 0, 8, 0.6], "texture": "#2"}, "south": {"uv": [0, 0, 0.4, 0.6], "texture": "#2"}, "west": {"uv": [0, 0, 8, 0.6], "texture": "#2"}, "up": {"uv": [0, 0, 0.4, 8], "texture": "#2"}, "down": {"uv": [0, 0, 0.4, 8], "texture": "#2"} } }, { "name": "Cube", "from": [8.4, 16.8, 9.6], "to": [8.8, 17.4, 10.3], "rotation": {"angle": -45, "axis": "x", "origin": [8, 8, 8]}, "faces": { "north": {"uv": [0, 0, 0.4, 0.6], "texture": "#2"}, "east": {"uv": [0, 0, 0.7, 0.6], "texture": "#2"}, "south": {"uv": [0, 0, 0.4, 0.6], "texture": "#2"}, "west": {"uv": [0, 0, 0.7, 0.6], "texture": "#2"}, "up": {"uv": [0, 0, 0.4, 0.7], "texture": "#2"}, "down": {"uv": [0, 0, 0.4, 0.7], "texture": "#2"} } }, { "name": "Cube", "from": [8.4, 14.6, 11], "to": [8.8, 15.8, 11.5], "faces": { "north": {"uv": [0, 0, 0.4, 1.2], "texture": "#2"}, "east": {"uv": [0, 0, 0.5, 1.2], "texture": "#2"}, "south": {"uv": [0, 0, 0.4, 1.2], "texture": "#2"}, "west": {"uv": [0, 0, 0.5, 1.2], "texture": "#2"}, "up": {"uv": [0, 0, 0.4, 0.5], "texture": "#2"}, "down": {"uv": [0, 0, 0.4, 0.5], "texture": "#2"} } }, { "name": "Cube", "from": [8.4, 11, 15.5], "to": [8.8, 11.8, 16], "rotation": {"angle": -45, "axis": "x", "origin": [8, 8, 8]}, "faces": { "north": {"uv": [0, 0, 0.4, 0.8], "texture": "#2"}, "east": {"uv": [0, 0, 0.5, 0.8], "texture": "#2"}, "south": {"uv": [0, 0, 0.4, 0.8], "texture": "#2"}, "west": {"uv": [0, 0, 0.5, 0.8], "texture": "#2"}, "up": {"uv": [0, 0, 0.4, 0.5], "texture": "#2"}, "down": {"uv": [0, 0, 0.4, 0.5], "texture": "#2"} } }, { "name": "Front", "from": [7, 12, 11.5], "to": [9, 14, 12], "faces": { "north": {"uv": [0, 0, 1.6, 1.4], "texture": "#2"}, "east": {"uv": [0, 0, 0.5, 1.4], "texture": "#2"}, "south": {"uv": [0, 0, 1.6, 1.4], "texture": "#2"}, "west": {"uv": [0, 0, 0.5, 1.4], "texture": "#2"}, "up": {"uv": [0, 0, 1.6, 0.5], "texture": "#2"}, "down": {"uv": [0, 0, 1.6, 0.5], "texture": "#2"} } }, { "name": "Front", "from": [6.9, 11.7, 12], "to": [9.1, 14.5, 22.4], "faces": { "north": {"uv": [0, 0, 2.2, 2.8], "texture": "#1"}, "east": {"uv": [0, 0, 9.5, 2.8], "texture": "#1"}, "south": {"uv": [0, 0, 2.2, 2.8], "texture": "#1"}, "west": {"uv": [0, 0, 9.5, 2.8], "texture": "#1"}, "up": {"uv": [0, 0, 2.2, 9.5], "texture": "#1"}, "down": {"uv": [0, 0, 2.2, 9.5], "texture": "#1"} } }, { "name": "Front", "from": [7.2, 11.4, 12.1], "to": [8.8, 11.7, 22.3], "faces": { "north": {"uv": [0, 0, 1.6, 0.3], "texture": "#1"}, "east": {"uv": [0, 0, 9.3, 0.3], "texture": "#1"}, "south": {"uv": [0, 0, 1.6, 0.3], "texture": "#1"}, "west": {"uv": [0, 0, 9.3, 0.3], "texture": "#1"}, "up": {"uv": [0, 0, 1.6, 9.3], "texture": "#1"}, "down": {"uv": [0, 0, 1.6, 9.3], "texture": "#1"} } }, { "name": "Front", "from": [7.2, 14.4, 12.1], "to": [8.8, 14.7, 22.3], "faces": { "north": {"uv": [0, 0, 1.6, 0.3], "texture": "#1"}, "east": {"uv": [0, 0, 9.3, 0.3], "texture": "#1"}, "south": {"uv": [0, 0, 1.6, 0.3], "texture": "#1"}, "west": {"uv": [0, 0, 9.3, 0.3], "texture": "#1"}, "up": {"uv": [0, 0, 1.6, 9.3], "texture": "#1"}, "down": {"uv": [0, 0, 1.6, 9.3], "texture": "#1"} } }, { "name": "Front", "from": [6.6, 11.8, 12.1], "to": [6.9, 14.3, 22.3], "faces": { "north": {"uv": [0, 0, 0.3, 2.5], "texture": "#1"}, "east": {"uv": [0, 0, 9.5, 2.5], "texture": "#1"}, "south": {"uv": [0, 0, 0.3, 2.5], "texture": "#1"}, "west": {"uv": [0, 0, 9.5, 2.5], "texture": "#1"}, "up": {"uv": [0, 0, 0.3, 9.5], "texture": "#1"}, "down": {"uv": [0, 0, 0.3, 9.5], "texture": "#1"} } }, { "name": "Front", "from": [9.1, 11.8, 12.1], "to": [9.4, 14.3, 22.3], "faces": { "north": {"uv": [0, 0, 0.3, 2.5], "texture": "#1"}, "east": {"uv": [0, 0, 9.5, 2.5], "texture": "#1"}, "south": {"uv": [0, 0, 0.3, 2.5], "texture": "#1"}, "west": {"uv": [0, 0, 9.5, 2.5], "texture": "#1"}, "up": {"uv": [0, 0, 0.3, 9.5], "texture": "#1"}, "down": {"uv": [0, 0, 0.3, 9.5], "texture": "#1"} } }, { "name": "Barrel", "from": [7.4, 12.5, 22.4], "to": [8.6, 13.7, 30.9], "faces": { "north": {"uv": [0, 0, 1.6, 2.4], "texture": "#2"}, "east": {"uv": [0, 0, 0.5, 2.4], "texture": "#2"}, "south": {"uv": [0, 0, 1.6, 2.4], "texture": "#2"}, "west": {"uv": [0, 0, 0.5, 2.4], "texture": "#2"}, "up": {"uv": [0, 0, 1.6, 0.5], "texture": "#2"}, "down": {"uv": [0, 0, 1.6, 0.5], "texture": "#2"} } }, { "name": "D", "from": [7.3, 12.4, 29.9], "to": [8.7, 13.8, 31.4], "faces": { "north": {"uv": [0, 0, 1.6, 2.4], "texture": "#1"}, "east": {"uv": [0, 0, 0.5, 2.4], "texture": "#1"}, "south": {"uv": [0, 0, 1.6, 2.4], "texture": "#1"}, "west": {"uv": [0, 0, 0.5, 2.4], "texture": "#1"}, "up": {"uv": [0, 0, 1.6, 0.5], "texture": "#1"}, "down": {"uv": [0, 0, 1.6, 0.5], "texture": "#1"} } }, { "name": "Barrel", "from": [7.7, 11.8, 25], "to": [8.3, 16.2, 25.5], "faces": { "north": {"uv": [0, 0, 1.6, 2.4], "texture": "#1"}, "east": {"uv": [0, 0, 0.5, 2.4], "texture": "#1"}, "south": {"uv": [0, 0, 1.6, 2.4], "texture": "#1"}, "west": {"uv": [0, 0, 0.5, 2.4], "texture": "#1"}, "up": {"uv": [0, 0, 1.6, 0.5], "texture": "#1"}, "down": {"uv": [0, 0, 1.6, 0.5], "texture": "#1"} } }, { "name": "D", "from": [7.4, 12, 22.4], "to": [8.6, 14.2, 22.7], "faces": { "north": {"uv": [0, 0, 1.6, 2.4], "texture": "#1"}, "east": {"uv": [0, 0, 0.5, 2.4], "texture": "#1"}, "south": {"uv": [0, 0, 1.6, 2.4], "texture": "#1"}, "west": {"uv": [0, 0, 0.5, 2.4], "texture": "#1"}, "up": {"uv": [0, 0, 1.6, 0.5], "texture": "#1"}, "down": {"uv": [0, 0, 1.6, 0.5], "texture": "#1"} } }, { "name": "Barrel", "from": [7.7, 11.8, 22.9], "to": [8.3, 15, 23.2], "faces": { "north": {"uv": [0, 0, 1.6, 2.4], "texture": "#1"}, "east": {"uv": [0, 0, 0.5, 2.4], "texture": "#1"}, "south": {"uv": [0, 0, 1.6, 2.4], "texture": "#1"}, "west": {"uv": [0, 0, 0.5, 2.4], "texture": "#1"}, "up": {"uv": [0, 0, 1.6, 0.5], "texture": "#1"}, "down": {"uv": [0, 0, 1.6, 0.5], "texture": "#1"} } }, { "name": "Barrel", "from": [7.7, 23.5, 13.6], "to": [8.3, 26.4, 13.9], "rotation": {"angle": 45, "axis": "x", "origin": [8, 8, 8]}, "faces": { "north": {"uv": [0, 0, 1.6, 2.4], "texture": "#1"}, "east": {"uv": [0, 0, 0.5, 2.4], "texture": "#1"}, "south": {"uv": [0, 0, 1.6, 2.4], "texture": "#1"}, "west": {"uv": [0, 0, 0.5, 2.4], "texture": "#1"}, "up": {"uv": [0, 0, 1.6, 0.5], "texture": "#1"}, "down": {"uv": [0, 0, 1.6, 0.5], "texture": "#1"} } }, { "name": "Barrel", "from": [7.7, 15.6, 24.6], "to": [8.3, 16.7, 25.2], "faces": { "north": {"uv": [0, 0, 1.6, 2.4], "texture": "#1"}, "east": {"uv": [0, 0, 0.5, 2.4], "texture": "#1"}, "south": {"uv": [0, 0, 1.6, 2.4], "texture": "#1"}, "west": {"uv": [0, 0, 0.5, 2.4], "texture": "#1"}, "up": {"uv": [0, 0, 1.6, 0.5], "texture": "#1"}, "down": {"uv": [0, 0, 1.6, 0.5], "texture": "#1"} } }, { "name": "Cube", "from": [7.7, 14, 22.9], "to": [8.3, 14.3, 25], "faces": { "north": {"uv": [0, 0, 1.6, 2.4], "texture": "#1"}, "east": {"uv": [0, 0, 0.5, 2.4], "texture": "#1"}, "south": {"uv": [0, 0, 1.6, 2.4], "texture": "#1"}, "west": {"uv": [0, 0, 0.5, 2.4], "texture": "#1"}, "up": {"uv": [0, 0, 1.6, 0.5], "texture": "#1"}, "down": {"uv": [0, 0, 1.6, 0.5], "texture": "#1"} } }, { "name": "Cube", "from": [7.7, 8.8, 27], "to": [8.3, 9.8, 27.3], "rotation": {"angle": -22.5, "axis": "x", "origin": [8, 8, 8]}, "faces": { "north": {"uv": [0, 0, 1.6, 2.4], "texture": "#1"}, "east": {"uv": [0, 0, 0.5, 2.4], "texture": "#1"}, "south": {"uv": [0, 0, 1.6, 2.4], "texture": "#1"}, "west": {"uv": [0, 0, 0.5, 2.4], "texture": "#1"}, "up": {"uv": [0, 0, 1.6, 0.5], "texture": "#1"}, "down": {"uv": [0, 0, 1.6, 0.5], "texture": "#1"} } }, { "name": "Back", "from": [7.2, 14.4, -8.5], "to": [8.8, 16.2, 3.5], "rotation": {"angle": -22.5, "axis": "x", "origin": [8, 8, 8]}, "faces": { "north": {"uv": [0, 0, 1.6, 1.4], "texture": "#1"}, "east": {"uv": [0, 0, 0.5, 1.4], "texture": "#1"}, "south": {"uv": [0, 0, 1.6, 1.4], "texture": "#1"}, "west": {"uv": [0, 0, 0.5, 1.4], "texture": "#1"}, "up": {"uv": [0, 0, 1.6, 0.5], "texture": "#1"}, "down": {"uv": [0, 0, 1.6, 0.5], "texture": "#1"} } }, { "name": "Back", "from": [7.2, 12.1, -11], "to": [8.8, 13.9, 1], "faces": { "north": {"uv": [0, 0, 1.6, 1.4], "texture": "#1"}, "east": {"uv": [0, 0, 0.5, 1.4], "texture": "#1"}, "south": {"uv": [0, 0, 1.6, 1.4], "texture": "#1"}, "west": {"uv": [0, 0, 0.5, 1.4], "texture": "#1"}, "up": {"uv": [0, 0, 1.6, 0.5], "texture": "#1"}, "down": {"uv": [0, 0, 1.6, 0.5], "texture": "#1"} } }, { "name": "Back", "from": [7.2, 11.1, -11], "to": [8.8, 12.9, -3], "faces": { "north": {"uv": [0, 0, 1.6, 1.4], "texture": "#1"}, "east": {"uv": [0, 0, 0.5, 1.4], "texture": "#1"}, "south": {"uv": [0, 0, 1.6, 1.4], "texture": "#1"}, "west": {"uv": [0, 0, 0.5, 1.4], "texture": "#1"}, "up": {"uv": [0, 0, 1.6, 0.5], "texture": "#1"}, "down": {"uv": [0, 0, 1.6, 0.5], "texture": "#1"} } }, { "name": "Back", "from": [7.2, 16.1, -8.5], "to": [8.8, 18.2, -3.5], "rotation": {"angle": -22.5, "axis": "x", "origin": [8, 8, 8]}, "faces": { "north": {"uv": [0, 0, 1.6, 1.4], "texture": "#1"}, "east": {"uv": [0, 0, 0.5, 1.4], "texture": "#1"}, "south": {"uv": [0, 0, 1.6, 1.4], "texture": "#1"}, "west": {"uv": [0, 0, 0.5, 1.4], "texture": "#1"}, "up": {"uv": [0, 0, 1.6, 0.5], "texture": "#1"}, "down": {"uv": [0, 0, 1.6, 0.5], "texture": "#1"} } } ], "display": { "thirdperson_righthand": { "rotation": [180, 0, 180], "translation": [0, 0.7, 0], "scale": [0.65, 0.65, 0.65] }, "firstperson_righthand": { "rotation": [180, 0, 180], "translation": [-9, -0.6, 4.5] }, "firstperson_lefthand": { "translation": [80, 0, 0] }, "ground": { "scale": [0.6, 0.6, 0.6] }, "gui": { "rotation": [-78, 47, 78], "translation": [0.8, -1.75, 0], "scale": [0.5, 0.5, 0.45] }, "fixed": { "rotation": [0, 90, 0] } } }