{ "credit": "Made with Blockbench", "textures": { "0": "guns/nulls_gray", "1": "guns/nulls_light_black", "particle": "guns/nulls_gray" }, "elements": [ { "name": "Back", "from": [7, 6, -10], "to": [9, 8.8, -9.3], "faces": { "north": {"uv": [0, 0, 2, 2.8], "texture": "#0"}, "east": {"uv": [0, 0, 0.7, 2.8], "texture": "#0"}, "south": {"uv": [0, 0, 2, 2.8], "texture": "#0"}, "west": {"uv": [0, 0, 0.7, 2.8], "texture": "#0"}, "up": {"uv": [0, 0, 2, 0.7], "texture": "#0"}, "down": {"uv": [0, 0, 2, 0.7], "texture": "#0"} } }, { "name": "Back", "from": [7, -2.6, -7.9], "to": [9, -0.6, -7.2], "rotation": {"angle": 22.5, "axis": "x", "origin": [8, 8, 8]}, "faces": { "north": {"uv": [0, 0, 2, 2], "texture": "#0"}, "east": {"uv": [0, 0, 0.7, 2], "texture": "#0"}, "south": {"uv": [0, 0, 2, 2], "texture": "#0"}, "west": {"uv": [0, 0, 0.7, 2], "texture": "#0"}, "up": {"uv": [0, 0, 2, 0.7], "texture": "#0"}, "down": {"uv": [0, 0, 2, 0.7], "texture": "#0"} } }, { "name": "Back", "from": [7, 1.3, -8.3], "to": [9, 2.1, -7.6], "rotation": {"angle": 22.5, "axis": "x", "origin": [8, 8, 8]}, "faces": { "north": {"uv": [0, 0, 2, 0.8], "texture": "#0"}, "east": {"uv": [0, 0, 0.7, 0.8], "texture": "#0"}, "south": {"uv": [0, 0, 2, 0.8], "texture": "#0"}, "west": {"uv": [0, 0, 0.7, 0.8], "texture": "#0"}, "up": {"uv": [0, 0, 2, 0.7], "texture": "#0"}, "down": {"uv": [0, 0, 2, 0.7], "texture": "#0"} } }, { "name": "Back", "from": [7, 7.1, -9.4], "to": [9, 8.5, -8.7], "faces": { "north": {"uv": [0, 0, 2, 1.4], "texture": "#0"}, "east": {"uv": [0, 0, 0.7, 1.4], "texture": "#0"}, "south": {"uv": [0, 0, 2, 1.4], "texture": "#0"}, "west": {"uv": [0, 0, 0.7, 1.4], "texture": "#0"}, "up": {"uv": [0, 0, 2, 0.7], "texture": "#0"}, "down": {"uv": [0, 0, 2, 0.7], "texture": "#0"} } }, { "name": "Back", "from": [7, -5.3, -4], "to": [9, -4.5, -3.2], "rotation": {"angle": 45, "axis": "x", "origin": [8, 8, 8]}, "faces": { "north": {"uv": [0, 0, 2, 0.8], "texture": "#0"}, "east": {"uv": [0, 0, 0.8, 0.8], "texture": "#0"}, "south": {"uv": [0, 0, 2, 0.8], "texture": "#0"}, "west": {"uv": [0, 0, 0.8, 0.8], "texture": "#0"}, "up": {"uv": [0, 0, 2, 0.8], "texture": "#0"}, "down": {"uv": [0, 0, 2, 0.8], "texture": "#0"} } }, { "name": "Back", "from": [7.5, 7.2, -8.7], "to": [8.5, 8, -1], "faces": { "north": {"uv": [0, 0, 1, 0.8], "texture": "#0"}, "east": {"uv": [0, 0, 7.7, 0.8], "texture": "#0"}, "south": {"uv": [0, 0, 1, 0.8], "texture": "#0"}, "west": {"uv": [0, 0, 7.7, 0.8], "texture": "#0"}, "up": {"uv": [0, 0, 1, 7.7], "texture": "#0"}, "down": {"uv": [0, 0, 1, 7.7], "texture": "#0"} } }, { "name": "Frame", "from": [7, 7.2, -1], "to": [9, 8.2, 10.7], "faces": { "north": {"uv": [0, 0, 2, 1], "texture": "#1"}, "east": {"uv": [0, 0, 11.7, 1], "texture": "#1"}, "south": {"uv": [0, 0, 2, 1], "texture": "#1"}, "west": {"uv": [0, 0, 11.7, 1], "texture": "#1"}, "up": {"uv": [0, 0, 2, 11.7], "texture": "#1"}, "down": {"uv": [0, 0, 2, 11.7], "texture": "#1"} } }, { "name": "Frame", "from": [7.5, 8, -2], "to": [8.5, 8.3, -1], "faces": { "north": {"uv": [0, 0, 1, 0.3], "texture": "#1"}, "east": {"uv": [0, 0, 1, 0.3], "texture": "#1"}, "south": {"uv": [0, 0, 1, 0.3], "texture": "#1"}, "west": {"uv": [0, 0, 1, 0.3], "texture": "#1"}, "up": {"uv": [0, 0, 1, 1], "texture": "#1"}, "down": {"uv": [0, 0, 1, 1], "texture": "#1"} } }, { "name": "Frame", "from": [7.2, 13.3, 1.6], "to": [8.8, 14.6, 3.3], "rotation": {"angle": -45, "axis": "x", "origin": [8, 8, 8]}, "faces": { "north": {"uv": [0, 0, 1.6, 1.3], "texture": "#1"}, "east": {"uv": [0, 0, 1.7, 1.3], "texture": "#1"}, "south": {"uv": [0, 0, 1.6, 1.3], "texture": "#1"}, "west": {"uv": [0, 0, 1.7, 1.3], "texture": "#1"}, "up": {"uv": [0, 0, 1.6, 1.7], "texture": "#1"}, "down": {"uv": [0, 0, 1.6, 1.7], "texture": "#1"} } }, { "name": "Frame", "from": [7.2, 7.3, 0], "to": [8.8, 9.4, 19.7], "faces": { "north": {"uv": [0, 0, 1.6, 2.1], "texture": "#1"}, "east": {"uv": [0, 0, 15.7, 2.1], "texture": "#1"}, "south": {"uv": [0, 0, 1.6, 2.1], "texture": "#1"}, "west": {"uv": [0, 0, 14.7, 2.1], "texture": "#1"}, "up": {"uv": [0, 0, 1.6, 14.7], "texture": "#1"}, "down": {"uv": [0, 0, 1.6, 14.7], "texture": "#1"} } }, { "name": "Frame", "from": [7.2, 6.3, -1.5], "to": [8.8, 7.2, 2.5], "faces": { "north": {"uv": [0, 0, 1.6, 0.9], "texture": "#1"}, "east": {"uv": [0, 0, 4, 0.9], "texture": "#1"}, "south": {"uv": [0, 0, 1.6, 0.9], "texture": "#1"}, "west": {"uv": [0, 0, 4, 0.9], "texture": "#1"}, "up": {"uv": [0, 0, 1.6, 4], "texture": "#1"}, "down": {"uv": [0, 0, 1.6, 4], "texture": "#1"} } }, { "name": "Frame", "from": [7.1, 5.9, -1.5], "to": [8.9, 7.8, -0.9], "faces": { "north": {"uv": [0, 0, 1.8, 1.9], "texture": "#1"}, "east": {"uv": [0, 0, 0.6, 1.9], "texture": "#1"}, "south": {"uv": [0, 0, 1.8, 1.9], "texture": "#1"}, "west": {"uv": [0, 0, 0.6, 1.9], "texture": "#1"}, "up": {"uv": [0, 0, 1.8, 0.6], "texture": "#1"}, "down": {"uv": [0, 0, 1.8, 0.6], "texture": "#1"} } }, { "name": "Frame", "from": [7.1, 5.9, 1], "to": [8.9, 6.3, 2.5], "faces": { "north": {"uv": [0, 0, 1.8, 0.4], "texture": "#1"}, "east": {"uv": [0, 0, 1.5, 0.4], "texture": "#1"}, "south": {"uv": [0, 0, 1.8, 0.4], "texture": "#1"}, "west": {"uv": [0, 0, 1.5, 0.4], "texture": "#1"}, "up": {"uv": [0, 0, 1.8, 1.5], "texture": "#1"}, "down": {"uv": [0, 0, 1.8, 1.5], "texture": "#1"} } }, { "name": "Handle", "from": [7.2, 1.6, 4.5], "to": [8.8, 2.5, 5.5], "rotation": {"angle": 45, "axis": "x", "origin": [8, 8, 8]}, "faces": { "north": {"uv": [0, 0, 1.6, 0.9], "texture": "#1"}, "east": {"uv": [0, 0, 1, 0.9], "texture": "#1"}, "south": {"uv": [0, 0, 1.6, 0.9], "texture": "#1"}, "west": {"uv": [0, 0, 1, 0.9], "texture": "#1"}, "up": {"uv": [0, 0, 1.6, 1], "texture": "#1"}, "down": {"uv": [0, 0, 1.6, 1], "texture": "#1"} } }, { "name": "Handle", "from": [7.2, 4.6, 1.5], "to": [8.8, 5.9, 2.5], "faces": { "north": {"uv": [0, 0, 1.6, 1.3], "texture": "#1"}, "east": {"uv": [0, 0, 1, 1.3], "texture": "#1"}, "south": {"uv": [0, 0, 1.6, 1.3], "texture": "#1"}, "west": {"uv": [0, 0, 1, 1.3], "texture": "#1"}, "up": {"uv": [0, 0, 1.6, 1], "texture": "#1"}, "down": {"uv": [0, 0, 1.6, 1], "texture": "#1"} } }, { "name": "Handle", "from": [7.2, -0.4, 3.3], "to": [8.8, 3.4, 5.2], "rotation": {"angle": 22.5, "axis": "x", "origin": [8, 8, 8]}, "faces": { "north": {"uv": [0, 0, 1.6, 3.8], "texture": "#1"}, "east": {"uv": [0, 0, 1.9, 3.8], "texture": "#1"}, "south": {"uv": [0, 0, 1.6, 3.8], "texture": "#1"}, "west": {"uv": [0, 0, 1.9, 3.8], "texture": "#1"}, "up": {"uv": [0, 0, 1.6, 1.9], "texture": "#1"}, "down": {"uv": [0, 0, 1.6, 1.9], "texture": "#1"} } }, { "name": "Handle", "from": [7, 4.8, 1.8], "to": [9, 8.4, 8.2], "faces": { "north": {"uv": [0, 0, 2, 3.6], "texture": "#1"}, "east": {"uv": [0, 0, 6.4, 3.6], "texture": "#1"}, "south": {"uv": [0, 0, 2, 3.6], "texture": "#1"}, "west": {"uv": [0, 0, 6.4, 3.6], "texture": "#1"}, "up": {"uv": [0, 0, 2, 6.4], "texture": "#1"}, "down": {"uv": [0, 0, 2, 6.4], "texture": "#1"} } }, { "name": "Handle", "from": [7.2, -0.4, 5.2], "to": [8.8, -0.1, 5.6], "rotation": {"angle": 22.5, "axis": "x", "origin": [8, 8, 8]}, "faces": { "north": {"uv": [0, 0, 1.6, 0.3], "texture": "#1"}, "east": {"uv": [0, 0, 0.4, 0.3], "texture": "#1"}, "south": {"uv": [0, 0, 1.6, 0.3], "texture": "#1"}, "west": {"uv": [0, 0, 0.4, 0.3], "texture": "#1"}, "up": {"uv": [0, 0, 1.6, 0.4], "texture": "#1"}, "down": {"uv": [0, 0, 1.6, 0.4], "texture": "#1"} } }, { "name": "Frame", "from": [7, 5, 6.9], "to": [9, 6.6, 8.7], "rotation": {"angle": -22.5, "axis": "x", "origin": [8, 8, 8]}, "faces": { "north": {"uv": [0, 0, 2, 1.6], "texture": "#0"}, "east": {"uv": [0, 0, 1.8, 1.6], "texture": "#0"}, "south": {"uv": [0, 0, 2, 1.6], "texture": "#0"}, "west": {"uv": [0, 0, 1.8, 1.6], "texture": "#0"}, "up": {"uv": [0, 0, 2, 1.8], "texture": "#0"}, "down": {"uv": [0, 0, 2, 1.8], "texture": "#0"} } }, { "name": "Frame", "from": [7, 5.5, 8], "to": [9, 7.2, 9.8], "faces": { "north": {"uv": [0, 0, 2, 1.7], "texture": "#0"}, "east": {"uv": [0, 0, 1.8, 1.7], "texture": "#0"}, "south": {"uv": [0, 0, 2, 1.7], "texture": "#0"}, "west": {"uv": [0, 0, 1.8, 1.7], "texture": "#0"}, "up": {"uv": [0, 0, 2, 1.8], "texture": "#0"}, "down": {"uv": [0, 0, 2, 1.8], "texture": "#0"} } }, { "name": "Frame", "from": [7, 5.8, 8.2], "to": [9, 6.2, 9], "rotation": {"angle": -45, "axis": "x", "origin": [8, 8, 8]}, "faces": { "north": {"uv": [0, 0, 2, 0.4], "texture": "#0"}, "east": {"uv": [0, 0, 0.8, 0.4], "texture": "#0"}, "south": {"uv": [0, 0, 2, 0.4], "texture": "#0"}, "west": {"uv": [0, 0, 0.8, 0.4], "texture": "#0"}, "up": {"uv": [0, 0, 2, 0.8], "texture": "#0"}, "down": {"uv": [0, 0, 2, 0.8], "texture": "#0"} } }, { "name": "Mag", "from": [7.3, 0.3, 7], "to": [8.7, 5, 8.6], "rotation": {"angle": -22.5, "axis": "x", "origin": [8, 8, 8]}, "faces": { "north": {"uv": [0, 0, 1.4, 4.7], "texture": "#0"}, "east": {"uv": [0, 0, 1.6, 4.7], "texture": "#0"}, "south": {"uv": [0, 0, 1.4, 4.7], "texture": "#0"}, "west": {"uv": [0, 0, 1.6, 4.7], "texture": "#0"}, "up": {"uv": [0, 0, 1.4, 1.6], "texture": "#0"}, "down": {"uv": [0, 0, 1.4, 1.6], "texture": "#0"} } }, { "name": "Mag", "from": [7.3, -0.6, 4.2], "to": [8.7, 1.2, 5.8], "rotation": {"angle": -45, "axis": "x", "origin": [8, 8, 8]}, "faces": { "north": {"uv": [0, 0, 1.4, 1.8], "texture": "#0"}, "east": {"uv": [0, 0, 1.6, 1.8], "texture": "#0"}, "south": {"uv": [0, 0, 1.4, 1.8], "texture": "#0"}, "west": {"uv": [0, 0, 1.6, 1.8], "texture": "#0"}, "up": {"uv": [0, 0, 1.4, 1.6], "texture": "#0"}, "down": {"uv": [0, 0, 1.4, 1.6], "texture": "#0"} } }, { "name": "Trigger", "from": [7.5, 1.9, 5.2], "to": [8.5, 2.2, 6.2], "rotation": {"angle": 22.5, "axis": "x", "origin": [8, 8, 8]}, "faces": { "north": {"uv": [0, 0, 1, 0.3], "texture": "#0"}, "east": {"uv": [0, 0, 1, 0.3], "texture": "#0"}, "south": {"uv": [0, 0, 1, 0.3], "texture": "#0"}, "west": {"uv": [0, 0, 1, 0.3], "texture": "#0"}, "up": {"uv": [0, 0, 1, 1], "texture": "#0"}, "down": {"uv": [0, 0, 1, 1], "texture": "#0"} } }, { "name": "Trigger", "from": [7.5, 3, 4], "to": [8.5, 3.3, 5.8], "faces": { "north": {"uv": [0, 0, 1, 0.3], "texture": "#0"}, "east": {"uv": [0, 0, 1.8, 0.3], "texture": "#0"}, "south": {"uv": [0, 0, 1, 0.3], "texture": "#0"}, "west": {"uv": [0, 0, 1.8, 0.3], "texture": "#0"}, "up": {"uv": [0, 0, 1, 1.8], "texture": "#0"}, "down": {"uv": [0, 0, 1, 1.8], "texture": "#0"} } }, { "name": "Trigger", "from": [7.5, 6, 2.9], "to": [8.5, 6.3, 3.7], "rotation": {"angle": -45, "axis": "x", "origin": [8, 8, 8]}, "faces": { "north": {"uv": [0, 0, 1, 0.3], "texture": "#0"}, "east": {"uv": [0, 0, 0.8, 0.3], "texture": "#0"}, "south": {"uv": [0, 0, 1, 0.3], "texture": "#0"}, "west": {"uv": [0, 0, 0.8, 0.3], "texture": "#0"}, "up": {"uv": [0, 0, 1, 0.8], "texture": "#0"}, "down": {"uv": [0, 0, 1, 0.8], "texture": "#0"} } }, { "name": "Trigger", "from": [7.5, 3.5, 6.1], "to": [8.5, 4.8, 6.4], "faces": { "north": {"uv": [0, 0, 1, 1.3], "texture": "#0"}, "east": {"uv": [0, 0, 0.3, 1.3], "texture": "#0"}, "south": {"uv": [0, 0, 1, 1.3], "texture": "#0"}, "west": {"uv": [0, 0, 0.3, 1.3], "texture": "#0"}, "up": {"uv": [0, 0, 1, 0.3], "texture": "#0"}, "down": {"uv": [0, 0, 1, 0.3], "texture": "#0"} } }, { "name": "Trigger", "from": [7.5, 3.9, 4.4], "to": [8.5, 4.8, 4.7], "faces": { "north": {"uv": [0, 0, 1, 0.9], "texture": "#0"}, "east": {"uv": [0, 0, 0.3, 0.9], "texture": "#0"}, "south": {"uv": [0, 0, 1, 0.9], "texture": "#0"}, "west": {"uv": [0, 0, 0.3, 0.9], "texture": "#0"}, "up": {"uv": [0, 0, 1, 0.3], "texture": "#0"}, "down": {"uv": [0, 0, 1, 0.3], "texture": "#0"} } }, { "name": "Trigger", "from": [7.5, 5.2, 3.1], "to": [8.5, 5.6, 3.4], "rotation": {"angle": -22.5, "axis": "x", "origin": [8, 8, 8]}, "faces": { "north": {"uv": [0, 0, 1, 0.4], "texture": "#0"}, "east": {"uv": [0, 0, 0.3, 0.4], "texture": "#0"}, "south": {"uv": [0, 0, 1, 0.4], "texture": "#0"}, "west": {"uv": [0, 0, 0.3, 0.4], "texture": "#0"}, "up": {"uv": [0, 0, 1, 0.3], "texture": "#0"}, "down": {"uv": [0, 0, 1, 0.3], "texture": "#0"} } }, { "name": "Front", "from": [7, 6.7, 10.7], "to": [9, 8.8, 13.7], "faces": { "north": {"uv": [0, 0, 2, 2.1], "texture": "#0"}, "east": {"uv": [0, 0, 3, 2.1], "texture": "#0"}, "south": {"uv": [0, 0, 2, 2.1], "texture": "#0"}, "west": {"uv": [0, 0, 3, 2.1], "texture": "#0"}, "up": {"uv": [0, 0, 2, 3], "texture": "#0"}, "down": {"uv": [0, 0, 2, 3], "texture": "#0"} } }, { "name": "Front", "from": [7, 6.9, 13.7], "to": [9, 8.8, 16.7], "faces": { "north": {"uv": [0, 0, 2, 1.9], "texture": "#0"}, "east": {"uv": [0, 0, 3, 1.9], "texture": "#0"}, "south": {"uv": [0, 0, 2, 1.9], "texture": "#0"}, "west": {"uv": [0, 0, 3, 1.9], "texture": "#0"}, "up": {"uv": [0, 0, 2, 3], "texture": "#0"}, "down": {"uv": [0, 0, 2, 3], "texture": "#0"} } }, { "name": "Front", "from": [7, 7.1, 16.7], "to": [9, 8.8, 19.7], "faces": { "north": {"uv": [0, 0, 2, 1.7], "texture": "#0"}, "east": {"uv": [0, 0, 3, 1.7], "texture": "#0"}, "south": {"uv": [0, 0, 2, 1.7], "texture": "#0"}, "west": {"uv": [0, 0, 3, 1.7], "texture": "#0"}, "up": {"uv": [0, 0, 2, 3], "texture": "#0"}, "down": {"uv": [0, 0, 2, 3], "texture": "#0"} } }, { "name": "Barrel", "from": [7.6, 7.3, 19.7], "to": [8.4, 8.1, 22.7], "faces": { "north": {"uv": [0, 0, 0.8, 0.8], "texture": "#0"}, "east": {"uv": [0, 0, 3, 0.8], "texture": "#0"}, "south": {"uv": [0, 0, 0.8, 0.8], "texture": "#0"}, "west": {"uv": [0, 0, 3, 0.8], "texture": "#0"}, "up": {"uv": [0, 0, 0.8, 3], "texture": "#0"}, "down": {"uv": [0, 0, 0.8, 3], "texture": "#0"} } }, { "name": "Barrel", "from": [7.5, 7.3, 19.9], "to": [8.5, 9.8, 20.6], "faces": { "north": {"uv": [0, 0, 1, 2.5], "texture": "#1"}, "east": {"uv": [0, 0, 0.7, 2.5], "texture": "#1"}, "south": {"uv": [0, 0, 1, 2.5], "texture": "#1"}, "west": {"uv": [0, 0, 0.7, 2.5], "texture": "#1"}, "up": {"uv": [0, 0, 1, 0.7], "texture": "#1"}, "down": {"uv": [0, 0, 1, 0.7], "texture": "#1"} } }, { "name": "Barrel", "from": [7.5, 4.8, 19.6], "to": [8.5, 5.4, 20.3], "rotation": {"angle": -22.5, "axis": "x", "origin": [8, 8, 8]}, "faces": { "north": {"uv": [0, 0, 1, 0.6], "texture": "#1"}, "east": {"uv": [0, 0, 0.7, 0.6], "texture": "#1"}, "south": {"uv": [0, 0, 1, 0.6], "texture": "#1"}, "west": {"uv": [0, 0, 0.7, 0.6], "texture": "#1"}, "up": {"uv": [0, 0, 1, 0.7], "texture": "#1"}, "down": {"uv": [0, 0, 1, 0.7], "texture": "#1"} } }, { "name": "Barrel", "from": [7.6, 9.1, 0.7], "to": [8.4, 9.6, 20.5], "faces": { "north": {"uv": [0, 0, 0.8, 0.5], "texture": "#1"}, "east": {"uv": [0, 0, 15.8, 0.5], "texture": "#1"}, "south": {"uv": [0, 0, 0.8, 0.5], "texture": "#1"}, "west": {"uv": [0, 0, 14.8, 0.5], "texture": "#1"}, "up": {"uv": [0, 0, 0.8, 14.8], "texture": "#1"}, "down": {"uv": [0, 0, 0.8, 14.8], "texture": "#1"} } }, { "name": "Barrel", "from": [7.6, 9.6, 2.7], "to": [8.4, 10.4, 4.5], "faces": { "north": {"uv": [0, 0, 0.8, 0.8], "texture": "#1"}, "east": {"uv": [0, 0, 1.8, 0.8], "texture": "#1"}, "south": {"uv": [0, 0, 0.8, 0.8], "texture": "#1"}, "west": {"uv": [0, 0, 1.8, 0.8], "texture": "#1"}, "up": {"uv": [0, 0, 0.8, 1.8], "texture": "#1"}, "down": {"uv": [0, 0, 0.8, 1.8], "texture": "#1"} } }, { "name": "Barrel", "from": [7.6, 8.1, 2.9], "to": [8.4, 8.9, 3.9], "rotation": {"angle": 22.5, "axis": "x", "origin": [8, 8, 8]}, "faces": { "north": {"uv": [0, 0, 0.8, 0.8], "texture": "#1"}, "east": {"uv": [0, 0, 1, 0.8], "texture": "#1"}, "south": {"uv": [0, 0, 0.8, 0.8], "texture": "#1"}, "west": {"uv": [0, 0, 1, 0.8], "texture": "#1"}, "up": {"uv": [0, 0, 0.8, 1], "texture": "#1"}, "down": {"uv": [0, 0, 0.8, 1], "texture": "#1"} } }, { "name": "Barrel", "from": [7.6, 9.6, 16.4], "to": [8.4, 9.9, 17.2], "faces": { "north": {"uv": [0, 0, 0.8, 0.3], "texture": "#0"}, "east": {"uv": [0, 0, 0.8, 0.3], "texture": "#0"}, "south": {"uv": [0, 0, 0.8, 0.3], "texture": "#0"}, "west": {"uv": [0, 0, 0.8, 0.3], "texture": "#0"}, "up": {"uv": [0, 0, 0.8, 0.8], "texture": "#0"}, "down": {"uv": [0, 0, 0.8, 0.8], "texture": "#0"} } } ], "display": { "thirdperson_righthand": { "rotation": [180, 0, 180], "translation": [0, 2, 0], "scale": [0.65, 0.65, 0.65] }, "firstperson_righthand": { "rotation": [-180, 0, -180], "translation": [-9, 5.5, 2] }, "firstperson_lefthand": { "translation": [-80, 0, 0] }, "ground": { "translation": [0, 3, 0], "scale": [0.6, 0.6, 0.6] }, "gui": { "rotation": [-73, 48, 89], "translation": [0.3, 1.25, 0], "scale": [0.6, 0.6, 0.55] }, "fixed": { "rotation": [0, 90, 0] } } }