{"textures":{"0":"timetoplay:roleplay/hud/diseases/cold","particle":"timetoplay:roleplay/hud/diseases/cold"},"elements":[{"from":[0,0,9],"to":[16,15,10],"faces":{"north":{"uv":[0,0,16,2],"texture":"#0"},"east":{"uv":[0,0,16,2],"texture":"#0"},"south":{"uv":[0,0,16,16],"texture":"#0"},"west":{"uv":[0,0,16,2],"texture":"#0"},"up":{"uv":[0,0,16,2],"texture":"#0"},"down":{"uv":[0,0,16,2],"texture":"#0"}}}],"gui_light":"front","display":{"gui":{"translation":[0,1,0],"scale":[0.99414,1.16992,1.10742]}}}