{ "credit": "Made with Blockbench", "textures": { "1": "timetoplay:roleplay/itmes/katanas/rosewellbladetexture" }, "elements": [ { "from": [7.57492, 9.12636, 7.6], "to": [8.42492, 10.87536, 8.6], "rotation": {"angle": 0, "axis": "y", "origin": [0.52492, 20.71836, 15.95]}, "faces": { "north": {"uv": [4, 1, 5, 2], "texture": "#1"}, "east": {"uv": [9, 0, 3, 3], "texture": "#1"}, "south": {"uv": [7, 1, 8, 2], "texture": "#1"}, "west": {"uv": [3, 0, 9, 3], "texture": "#1"}, "up": {"uv": [4, 1, 5, 2], "texture": "#1"}, "down": {"uv": [7, 1, 8, 2], "texture": "#1"} } }, { "from": [7.57492, 10.87536, 7.65], "to": [8.42492, 12.53691, 8.65], "rotation": {"angle": 0, "axis": "y", "origin": [0.52492, 22.46736, 16]}, "faces": { "north": {"uv": [4, 1, 5, 2], "texture": "#1"}, "east": {"uv": [9, 0, 3, 3], "texture": "#1"}, "south": {"uv": [7, 1, 8, 2], "texture": "#1"}, "west": {"uv": [3, 0, 9, 3], "texture": "#1"}, "up": {"uv": [4, 1, 5, 2], "texture": "#1"}, "down": {"uv": [7, 1, 8, 2], "texture": "#1"} } }, { "from": [7.57492, 14.11101, 7.775], "to": [8.42492, 15.59766, 8.775], "rotation": {"angle": 0, "axis": "y", "origin": [0.52492, 25.70301, 16.125]}, "faces": { "north": {"uv": [4, 1, 5, 2], "texture": "#1"}, "east": {"uv": [9, 0, 3, 3], "texture": "#1"}, "south": {"uv": [7, 1, 8, 2], "texture": "#1"}, "west": {"uv": [3, 0, 9, 3], "texture": "#1"}, "up": {"uv": [4, 1, 5, 2], "texture": "#1"}, "down": {"uv": [7, 1, 8, 2], "texture": "#1"} } }, { "from": [7.57492, 15.59766, 7.825], "to": [8.42492, 16.99686, 8.825], "rotation": {"angle": 0, "axis": "y", "origin": [0.52492, 27.18966, 16.2]}, "faces": { "north": {"uv": [4, 1, 5, 2], "texture": "#1"}, "east": {"uv": [9, 0, 3, 3], "texture": "#1"}, "south": {"uv": [7, 1, 8, 2], "texture": "#1"}, "west": {"uv": [3, 0, 9, 3], "texture": "#1"}, "up": {"uv": [4, 1, 5, 2], "texture": "#1"}, "down": {"uv": [7, 1, 8, 2], "texture": "#1"} } }, { "from": [7.57492, 16.99686, 7.9], "to": [8.42492, 18.30861, 8.9], "rotation": {"angle": 0, "axis": "y", "origin": [0.52492, 28.58886, 16.3]}, "faces": { "north": {"uv": [4, 1, 5, 2], "texture": "#1"}, "east": {"uv": [9, 0, 3, 3], "texture": "#1"}, "south": {"uv": [7, 1, 8, 2], "texture": "#1"}, "west": {"uv": [3, 0, 9, 3], "texture": "#1"}, "up": {"uv": [4, 1, 5, 2], "texture": "#1"}, "down": {"uv": [7, 1, 8, 2], "texture": "#1"} } }, { "from": [7.57492, 19.57663, 8.1], "to": [8.42492, 20.84466, 9.05], "rotation": {"angle": 0, "axis": "y", "origin": [0.52492, 31.16863, 16.525]}, "faces": { "north": {"uv": [4, 1, 5, 2], "texture": "#1"}, "east": {"uv": [9, 0, 3, 3], "texture": "#1"}, "south": {"uv": [7, 1, 8, 2], "texture": "#1"}, "west": {"uv": [3, 0, 9, 3], "texture": "#1"}, "up": {"uv": [4, 1, 5, 2], "texture": "#1"}, "down": {"uv": [7, 1, 8, 2], "texture": "#1"} } }, { "from": [7.57492, 20.84466, 8.2], "to": [8.42492, 22.06896, 9.15], "rotation": {"angle": 0, "axis": "y", "origin": [0.52492, 32.43666, 16.65]}, "faces": { "north": {"uv": [4, 1, 5, 2], "texture": "#1"}, "east": {"uv": [9, 0, 3, 3], "texture": "#1"}, "south": {"uv": [7, 1, 8, 2], "texture": "#1"}, "west": {"uv": [3, 0, 9, 3], "texture": "#1"}, "up": {"uv": [4, 1, 5, 2], "texture": "#1"}, "down": {"uv": [7, 1, 8, 2], "texture": "#1"} } }, { "from": [7.57492, 22.06896, 8.325], "to": [8.42492, 23.20581, 9.225], "rotation": {"angle": 0, "axis": "y", "origin": [0.52492, 33.66096, 16.8]}, "faces": { "north": {"uv": [4, 1, 5, 2], "texture": "#1"}, "east": {"uv": [9, 0, 3, 3], "texture": "#1"}, "south": {"uv": [7, 1, 8, 2], "texture": "#1"}, "west": {"uv": [3, 0, 9, 3], "texture": "#1"}, "up": {"uv": [4, 1, 5, 2], "texture": "#1"}, "down": {"uv": [7, 1, 8, 2], "texture": "#1"} } }, { "from": [7.57492, 23.20581, 8.45], "to": [8.42492, 24.25521, 9.35], "rotation": {"angle": 0, "axis": "y", "origin": [0.52492, 34.79781, 16.975]}, "faces": { "north": {"uv": [4, 1, 5, 2], "texture": "#1"}, "east": {"uv": [9, 0, 3, 3], "texture": "#1"}, "south": {"uv": [7, 1, 8, 2], "texture": "#1"}, "west": {"uv": [3, 0, 9, 3], "texture": "#1"}, "up": {"uv": [4, 1, 5, 2], "texture": "#1"}, "down": {"uv": [7, 1, 8, 2], "texture": "#1"} } }, { "from": [7.57492, 24.25521, 8.6], "to": [8.42492, 25.30461, 9.45], "rotation": {"angle": 0, "axis": "y", "origin": [0.52492, 35.84721, 17.175]}, "faces": { "north": {"uv": [4, 1, 5, 2], "texture": "#1"}, "east": {"uv": [9, 0, 3, 3], "texture": "#1"}, "south": {"uv": [7, 1, 8, 2], "texture": "#1"}, "west": {"uv": [3, 0, 9, 3], "texture": "#1"}, "up": {"uv": [4, 1, 5, 2], "texture": "#1"}, "down": {"uv": [7, 1, 8, 2], "texture": "#1"} } }, { "from": [7.57492, 25.30461, 8.75], "to": [8.42492, 26.17911, 9.55], "rotation": {"angle": 0, "axis": "y", "origin": [0.52492, 36.89661, 17.425]}, "faces": { "north": {"uv": [4, 1, 5, 2], "texture": "#1"}, "east": {"uv": [9, 0, 3, 3], "texture": "#1"}, "south": {"uv": [7, 1, 8, 2], "texture": "#1"}, "west": {"uv": [3, 0, 9, 3], "texture": "#1"}, "up": {"uv": [4, 1, 5, 2], "texture": "#1"}, "down": {"uv": [7, 1, 8, 2], "texture": "#1"} } }, { "from": [7.57492, 26.17911, 8.9], "to": [8.42492, 27.05361, 9.625], "rotation": {"angle": 0, "axis": "y", "origin": [0.52492, 37.77111, 17.65]}, "faces": { "north": {"uv": [4, 1, 5, 2], "texture": "#1"}, "east": {"uv": [9, 0, 3, 3], "texture": "#1"}, "south": {"uv": [7, 1, 8, 2], "texture": "#1"}, "west": {"uv": [3, 0, 9, 3], "texture": "#1"}, "up": {"uv": [4, 1, 5, 2], "texture": "#1"}, "down": {"uv": [7, 1, 8, 2], "texture": "#1"} } }, { "from": [7.57492, 27.05361, 9.05], "to": [8.42492, 27.84066, 9.725], "rotation": {"angle": 0, "axis": "y", "origin": [0.52492, 38.64561, 17.875]}, "faces": { "north": {"uv": [4, 1, 5, 2], "texture": "#1"}, "east": {"uv": [9, 0, 3, 3], "texture": "#1"}, "south": {"uv": [7, 1, 8, 2], "texture": "#1"}, "west": {"uv": [3, 0, 9, 3], "texture": "#1"}, "up": {"uv": [4, 1, 5, 2], "texture": "#1"}, "down": {"uv": [7, 1, 8, 2], "texture": "#1"} } }, { "from": [7.57492, 27.84066, 9.275], "to": [8.42492, 28.54026, 9.825], "rotation": {"angle": 0, "axis": "y", "origin": [0.52492, 39.43266, 18.175]}, "faces": { "north": {"uv": [4, 1, 5, 2], "texture": "#1"}, "east": {"uv": [8, 0, 3, 3], "texture": "#1"}, "south": {"uv": [7, 1, 8, 2], "texture": "#1"}, "west": {"uv": [3, 0, 8, 3], "texture": "#1"}, "up": {"uv": [4, 1, 5, 2], "texture": "#1"}, "down": {"uv": [7, 1, 8, 2], "texture": "#1"} } }, { "from": [7.57492, 28.54026, 9.55], "to": [8.42492, 29.10868, 9.925], "rotation": {"angle": 0, "axis": "y", "origin": [0.52492, 40.13226, 18.475]}, "faces": { "north": {"uv": [4, 1, 5, 2], "texture": "#1"}, "east": {"uv": [7, 0, 3, 3], "texture": "#1"}, "south": {"uv": [7, 1, 8, 2], "texture": "#1"}, "west": {"uv": [3, 0, 7, 3], "texture": "#1"}, "up": {"uv": [4, 1, 5, 2], "texture": "#1"}, "down": {"uv": [7, 1, 8, 2], "texture": "#1"} } }, { "from": [7.57492, 7.37736, 7.55], "to": [8.42492, 9.12636, 8.55], "rotation": {"angle": 0, "axis": "y", "origin": [0.52492, 18.96936, 15.9]}, "faces": { "north": {"uv": [4, 1, 5, 2], "texture": "#1"}, "east": {"uv": [9, 0, 3, 3], "texture": "#1"}, "south": {"uv": [7, 1, 8, 2], "texture": "#1"}, "west": {"uv": [3, 0, 9, 3], "texture": "#1"}, "up": {"uv": [4, 1, 5, 2], "texture": "#1"}, "down": {"uv": [7, 1, 8, 2], "texture": "#1"} } }, { "from": [7.57492, -2.24214, 7.5], "to": [8.42492, 5.62836, 8.5], "rotation": {"angle": 0, "axis": "y", "origin": [0.52492, 15.47136, 15.85]}, "faces": { "north": {"uv": [4, 1, 5, 2], "texture": "#1"}, "east": {"uv": [9, 0, 3, 3], "texture": "#1"}, "south": {"uv": [7, 1, 8, 2], "texture": "#1"}, "west": {"uv": [3, 0, 9, 3], "texture": "#1"}, "up": {"uv": [4, 1, 5, 2], "texture": "#1"}, "down": {"uv": [15, 2, 16, 3], "texture": "#1"} } }, { "from": [7.57492, 5.62836, 7.525], "to": [8.42492, 7.37736, 8.525], "rotation": {"angle": 0, "axis": "y", "origin": [0.52492, 17.22036, 15.875]}, "faces": { "north": {"uv": [4, 1, 5, 2], "texture": "#1"}, "east": {"uv": [9, 0, 3, 3], "texture": "#1"}, "south": {"uv": [7, 1, 8, 2], "texture": "#1"}, "west": {"uv": [3, 0, 9, 3], "texture": "#1"}, "up": {"uv": [4, 1, 5, 2], "texture": "#1"}, "down": {"uv": [7, 1, 8, 2], "texture": "#1"} } }, { "from": [7.57492, 12.53691, 7.7], "to": [8.42492, 14.11101, 8.7], "rotation": {"angle": 0, "axis": "y", "origin": [0.52492, 24.12891, 16.05]}, "faces": { "north": {"uv": [4, 1, 5, 2], "texture": "#1"}, "east": {"uv": [9, 0, 3, 3], "texture": "#1"}, "south": {"uv": [7, 1, 8, 2], "texture": "#1"}, "west": {"uv": [3, 0, 9, 3], "texture": "#1"}, "up": {"uv": [4, 1, 5, 2], "texture": "#1"}, "down": {"uv": [7, 1, 8, 2], "texture": "#1"} } }, { "from": [7.57492, 18.30861, 8], "to": [8.42492, 19.57663, 8.95], "rotation": {"angle": 0, "axis": "y", "origin": [0.52492, 29.90061, 16.4]}, "faces": { "north": {"uv": [4, 1, 5, 2], "texture": "#1"}, "east": {"uv": [9, 0, 3, 3], "texture": "#1"}, "south": {"uv": [7, 1, 8, 2], "texture": "#1"}, "west": {"uv": [3, 0, 9, 3], "texture": "#1"}, "up": {"uv": [4, 1, 5, 2], "texture": "#1"}, "down": {"uv": [7, 1, 8, 2], "texture": "#1"} } }, { "from": [7.77492, 9.12636, 7.6], "to": [8.22492, 10.87536, 8.85], "rotation": {"angle": 0, "axis": "y", "origin": [0.52492, 20.71836, 15.95]}, "faces": { "north": {"uv": [10, 1, 11, 2], "texture": "#1"}, "east": {"uv": [10, 1, 11, 2], "texture": "#1"}, "south": {"uv": [10, 1, 11, 2], "texture": "#1"}, "west": {"uv": [10, 1, 11, 2], "texture": "#1"}, "up": {"uv": [10, 1, 11, 2], "texture": "#1"}, "down": {"uv": [10, 1, 11, 2], "texture": "#1"} } }, { "from": [7.77492, 10.87536, 7.65], "to": [8.22492, 12.53691, 8.9], "rotation": {"angle": 0, "axis": "y", "origin": [0.52492, 22.46736, 16]}, "faces": { "north": {"uv": [10, 1, 11, 2], "texture": "#1"}, "east": {"uv": [10, 1, 11, 2], "texture": "#1"}, "south": {"uv": [10, 1, 11, 2], "texture": "#1"}, "west": {"uv": [10, 1, 11, 2], "texture": "#1"}, "up": {"uv": [10, 1, 11, 2], "texture": "#1"}, "down": {"uv": [10, 1, 11, 2], "texture": "#1"} } }, { "from": [7.77492, 12.53691, 7.7], "to": [8.22492, 14.11101, 8.95], "rotation": {"angle": 0, "axis": "y", "origin": [0.52492, 24.12891, 16.05]}, "faces": { "north": {"uv": [10, 1, 11, 2], "texture": "#1"}, "east": {"uv": [10, 1, 11, 2], "texture": "#1"}, "south": {"uv": [10, 1, 11, 2], "texture": "#1"}, "west": {"uv": [10, 1, 11, 2], "texture": "#1"}, "up": {"uv": [10, 1, 11, 2], "texture": "#1"}, "down": {"uv": [10, 1, 11, 2], "texture": "#1"} } }, { "from": [7.77492, 14.11101, 7.775], "to": [8.22492, 15.59766, 9.025], "rotation": {"angle": 0, "axis": "y", "origin": [0.52492, 25.70301, 16.125]}, "faces": { "north": {"uv": [10, 1, 11, 2], "texture": "#1"}, "east": {"uv": [10, 1, 11, 2], "texture": "#1"}, "south": {"uv": [10, 1, 11, 2], "texture": "#1"}, "west": {"uv": [10, 1, 11, 2], "texture": "#1"}, "up": {"uv": [10, 1, 11, 2], "texture": "#1"}, "down": {"uv": [10, 1, 11, 2], "texture": "#1"} } }, { "from": [7.77492, 15.59766, 7.825], "to": [8.22492, 16.99686, 9.075], "rotation": {"angle": 0, "axis": "y", "origin": [0.52492, 27.18966, 16.2]}, "faces": { "north": {"uv": [10, 1, 11, 2], "texture": "#1"}, "east": {"uv": [10, 1, 11, 2], "texture": "#1"}, "south": {"uv": [10, 1, 11, 2], "texture": "#1"}, "west": {"uv": [10, 1, 11, 2], "texture": "#1"}, "up": {"uv": [10, 1, 11, 2], "texture": "#1"}, "down": {"uv": [10, 1, 11, 2], "texture": "#1"} } }, { "from": [7.77492, 16.99686, 7.9], "to": [8.22492, 18.30861, 9.15], "rotation": {"angle": 0, "axis": "y", "origin": [0.52492, 28.58886, 16.3]}, "faces": { "north": {"uv": [10, 1, 11, 2], "texture": "#1"}, "east": {"uv": [10, 1, 11, 2], "texture": "#1"}, "south": {"uv": [10, 1, 11, 2], "texture": "#1"}, "west": {"uv": [10, 1, 11, 2], "texture": "#1"}, "up": {"uv": [10, 1, 11, 2], "texture": "#1"}, "down": {"uv": [10, 1, 11, 2], "texture": "#1"} } }, { "from": [7.77492, 18.30861, 8], "to": [8.22492, 19.57663, 9.2], "rotation": {"angle": 0, "axis": "y", "origin": [0.52492, 29.90061, 16.4]}, "faces": { "north": {"uv": [10, 1, 11, 2], "texture": "#1"}, "east": {"uv": [10, 1, 11, 2], "texture": "#1"}, "south": {"uv": [10, 1, 11, 2], "texture": "#1"}, "west": {"uv": [10, 1, 11, 2], "texture": "#1"}, "up": {"uv": [10, 1, 11, 2], "texture": "#1"}, "down": {"uv": [10, 1, 11, 2], "texture": "#1"} } }, { "from": [7.77492, 19.57663, 8.1], "to": [8.22492, 20.84466, 9.3], "rotation": {"angle": 0, "axis": "y", "origin": [0.52492, 31.16863, 16.525]}, "faces": { "north": {"uv": [10, 1, 11, 2], "texture": "#1"}, "east": {"uv": [10, 1, 11, 2], "texture": "#1"}, "south": {"uv": [10, 1, 11, 2], "texture": "#1"}, "west": {"uv": [10, 1, 11, 2], "texture": "#1"}, "up": {"uv": [10, 1, 11, 2], "texture": "#1"}, "down": {"uv": [10, 1, 11, 2], "texture": "#1"} } }, { "from": [7.77492, 20.84466, 8.2], "to": [8.22492, 22.06896, 9.4], "rotation": {"angle": 0, "axis": "y", "origin": [0.52492, 32.43666, 16.65]}, "faces": { "north": {"uv": [10, 1, 11, 2], "texture": "#1"}, "east": {"uv": [10, 1, 11, 2], "texture": "#1"}, "south": {"uv": [10, 1, 11, 2], "texture": "#1"}, "west": {"uv": [10, 1, 11, 2], "texture": "#1"}, "up": {"uv": [10, 1, 11, 2], "texture": "#1"}, "down": {"uv": [10, 1, 11, 2], "texture": "#1"} } }, { "from": [7.77492, 22.06896, 8.325], "to": [8.22492, 23.20581, 9.475], "rotation": {"angle": 0, "axis": "y", "origin": [0.52492, 33.66096, 16.8]}, "faces": { "north": {"uv": [10, 1, 11, 2], "texture": "#1"}, "east": {"uv": [10, 1, 11, 2], "texture": "#1"}, "south": {"uv": [10, 1, 11, 2], "texture": "#1"}, "west": {"uv": [10, 1, 11, 2], "texture": "#1"}, "up": {"uv": [10, 1, 11, 2], "texture": "#1"}, "down": {"uv": [10, 1, 11, 2], "texture": "#1"} } }, { "from": [7.77492, 23.20581, 8.45], "to": [8.22492, 24.25521, 9.6], "rotation": {"angle": 0, "axis": "y", "origin": [0.52492, 34.79781, 16.975]}, "faces": { "north": {"uv": [10, 1, 11, 2], "texture": "#1"}, "east": {"uv": [10, 1, 11, 2], "texture": "#1"}, "south": {"uv": [10, 1, 11, 2], "texture": "#1"}, "west": {"uv": [10, 1, 11, 2], "texture": "#1"}, "up": {"uv": [10, 1, 11, 2], "texture": "#1"}, "down": {"uv": [10, 1, 11, 2], "texture": "#1"} } }, { "from": [7.77492, 24.25521, 8.6], "to": [8.22492, 25.30461, 9.7], "rotation": {"angle": 0, "axis": "y", "origin": [0.52492, 35.84721, 17.175]}, "faces": { "north": {"uv": [10, 1, 11, 2], "texture": "#1"}, "east": {"uv": [10, 1, 11, 2], "texture": "#1"}, "south": {"uv": [10, 1, 11, 2], "texture": "#1"}, "west": {"uv": [10, 1, 11, 2], "texture": "#1"}, "up": {"uv": [10, 1, 11, 2], "texture": "#1"}, "down": {"uv": [10, 1, 11, 2], "texture": "#1"} } }, { "from": [7.77492, 25.30461, 8.75], "to": [8.22492, 26.17911, 9.8], "rotation": {"angle": 0, "axis": "y", "origin": [0.52492, 36.89661, 17.425]}, "faces": { "north": {"uv": [10, 1, 11, 2], "texture": "#1"}, "east": {"uv": [10, 1, 11, 2], "texture": "#1"}, "south": {"uv": [10, 1, 11, 2], "texture": "#1"}, "west": {"uv": [10, 1, 11, 2], "texture": "#1"}, "up": {"uv": [10, 1, 11, 2], "texture": "#1"}, "down": {"uv": [10, 1, 11, 2], "texture": "#1"} } }, { "from": [7.77492, 26.17911, 8.9], "to": [8.22492, 27.05361, 9.875], "rotation": {"angle": 0, "axis": "y", "origin": [0.52492, 37.77111, 17.65]}, "faces": { "north": {"uv": [10, 1, 11, 2], "texture": "#1"}, "east": {"uv": [10, 1, 11, 2], "texture": "#1"}, "south": {"uv": [10, 1, 11, 2], "texture": "#1"}, "west": {"uv": [10, 1, 11, 2], "texture": "#1"}, "up": {"uv": [10, 1, 11, 2], "texture": "#1"}, "down": {"uv": [10, 1, 11, 2], "texture": "#1"} } }, { "from": [7.77492, 27.05361, 9.05], "to": [8.22492, 27.84066, 9.975], "rotation": {"angle": 0, "axis": "y", "origin": [0.52492, 38.64561, 17.875]}, "faces": { "north": {"uv": [10, 1, 11, 2], "texture": "#1"}, "east": {"uv": [10, 1, 11, 2], "texture": "#1"}, "south": {"uv": [10, 1, 11, 2], "texture": "#1"}, "west": {"uv": [10, 1, 11, 2], "texture": "#1"}, "up": {"uv": [10, 1, 11, 2], "texture": "#1"}, "down": {"uv": [10, 1, 11, 2], "texture": "#1"} } }, { "from": [7.77492, 27.84066, 9.825], "to": [8.22492, 28.54026, 10.075], "rotation": {"angle": 0, "axis": "y", "origin": [0.52492, 39.43266, 18.175]}, "faces": { "north": {"uv": [7, 1, 12, 2], "texture": "#1"}, "east": {"uv": [7, 1, 12, 2], "texture": "#1"}, "south": {"uv": [10, 1, 11, 2], "texture": "#1"}, "west": {"uv": [8, 1, 12, 2], "texture": "#1"}, "up": {"uv": [7, 1, 12, 2], "texture": "#1"}, "down": {"uv": [7, 1, 12, 2], "texture": "#1"} } }, { "from": [7.77492, 28.54026, 9.925], "to": [8.22492, 29.10868, 10.175], "rotation": {"angle": 0, "axis": "y", "origin": [0.52492, 40.13226, 18.475]}, "faces": { "north": {"uv": [15, 2, 16, 3], "texture": "#1"}, "east": {"uv": [12, 1, 8, 2], "texture": "#1"}, "south": {"uv": [10, 1, 11, 2], "texture": "#1"}, "west": {"uv": [8, 1, 12, 2], "texture": "#1"}, "up": {"uv": [15, 2, 16, 3], "texture": "#1"}, "down": {"uv": [10, 1, 11, 2], "texture": "#1"} } }, { "from": [7.77492, 29.10868, 9.95], "to": [8.22492, 29.67711, 10.3], "rotation": {"angle": 0, "axis": "y", "origin": [0.52492, 40.70068, 18.775]}, "faces": { "north": {"uv": [15, 2, 16, 3], "texture": "#1"}, "east": {"uv": [12, 1, 7, 2], "texture": "#1"}, "south": {"uv": [10, 1, 11, 2], "texture": "#1"}, "west": {"uv": [7, 1, 12, 2], "texture": "#1"}, "up": {"uv": [15, 2, 16, 3], "texture": "#1"}, "down": {"uv": [10, 1, 11, 2], "texture": "#1"} } }, { "from": [7.77492, 29.67711, 10.1], "to": [8.22492, 30.15808, 10.425], "rotation": {"angle": 0, "axis": "y", "origin": [0.52492, 41.26911, 19.075]}, "faces": { "north": {"uv": [15, 2, 16, 3], "texture": "#1"}, "east": {"uv": [12, 1, 7, 2], "texture": "#1"}, "south": {"uv": [10, 1, 11, 2], "texture": "#1"}, "west": {"uv": [7, 1, 12, 2], "texture": "#1"}, "up": {"uv": [15, 2, 16, 3], "texture": "#1"}, "down": {"uv": [10, 1, 11, 2], "texture": "#1"} } }, { "from": [7.77492, 30.15808, 10.325], "to": [8.22492, 30.55161, 10.55], "rotation": {"angle": 0, "axis": "y", "origin": [0.52492, 41.75008, 19.375]}, "faces": { "north": {"uv": [15, 2, 16, 3], "texture": "#1"}, "east": {"uv": [12, 1, 8, 2], "texture": "#1"}, "south": {"uv": [10, 1, 11, 2], "texture": "#1"}, "west": {"uv": [8, 1, 12, 2], "texture": "#1"}, "up": {"uv": [15, 2, 16, 3], "texture": "#1"}, "down": {"uv": [10, 1, 11, 2], "texture": "#1"} } }, { "from": [7.77492, 30.55161, 10.525], "to": [8.22492, 30.85768, 10.675], "rotation": {"angle": 0, "axis": "y", "origin": [0.52492, 42.14361, 19.675]}, "faces": { "north": {"uv": [15, 2, 16, 3], "texture": "#1"}, "east": {"uv": [12, 1, 9, 2], "texture": "#1"}, "south": {"uv": [10, 1, 11, 2], "texture": "#1"}, "west": {"uv": [9, 1, 12, 2], "texture": "#1"}, "up": {"uv": [15, 2, 16, 3], "texture": "#1"}, "down": {"uv": [10, 1, 11, 2], "texture": "#1"} } }, { "from": [7.77492, 7.37736, 7.55], "to": [8.22492, 9.12636, 8.8], "rotation": {"angle": 0, "axis": "y", "origin": [0.52492, 18.96936, 15.9]}, "faces": { "north": {"uv": [10, 1, 11, 2], "texture": "#1"}, "east": {"uv": [10, 1, 11, 2], "texture": "#1"}, "south": {"uv": [10, 1, 11, 2], "texture": "#1"}, "west": {"uv": [10, 1, 11, 2], "texture": "#1"}, "up": {"uv": [10, 1, 11, 2], "texture": "#1"}, "down": {"uv": [10, 1, 11, 2], "texture": "#1"} } }, { "from": [7.77492, -2.24214, 7.5], "to": [8.22492, 5.62836, 8.75], "rotation": {"angle": 0, "axis": "y", "origin": [0.52492, 15.47136, 15.85]}, "faces": { "north": {"uv": [10, 1, 11, 2], "texture": "#1"}, "east": {"uv": [10, 1, 11, 2], "texture": "#1"}, "south": {"uv": [10, 1, 11, 2], "texture": "#1"}, "west": {"uv": [10, 1, 11, 2], "texture": "#1"}, "up": {"uv": [10, 1, 11, 2], "texture": "#1"}, "down": {"uv": [10, 1, 11, 2], "texture": "#1"} } }, { "from": [7.77492, 5.62836, 7.525], "to": [8.22492, 7.37736, 8.775], "rotation": {"angle": 0, "axis": "y", "origin": [0.52492, 17.22036, 15.875]}, "faces": { "north": {"uv": [10, 1, 11, 2], "texture": "#1"}, "east": {"uv": [10, 1, 11, 2], "texture": "#1"}, "south": {"uv": [10, 1, 11, 2], "texture": "#1"}, "west": {"uv": [10, 1, 11, 2], "texture": "#1"}, "up": {"uv": [10, 1, 11, 2], "texture": "#1"}, "down": {"uv": [10, 1, 11, 2], "texture": "#1"} } }, { "from": [7.77492, 31.42213, 10.65], "to": [8.22492, 31.55463, 10.9], "rotation": {"angle": 0, "axis": "y", "origin": [0.52492, 42.14361, 19.425]}, "faces": { "north": {"uv": [1, 1, 2, 2], "texture": "#1"}, "east": {"uv": [1, 1, 2, 2], "texture": "#1"}, "south": {"uv": [1, 1, 2, 2], "texture": "#1"}, "west": {"uv": [1, 1, 2, 2], "texture": "#1"}, "up": {"uv": [1, 1, 2, 2], "texture": "#1"}, "down": {"uv": [1, 1, 2, 2], "texture": "#1"} } }, { "from": [7.77492, 31.23663, 10.45], "to": [8.22492, 31.42213, 10.85], "rotation": {"angle": 0, "axis": "y", "origin": [0.52492, 42.14361, 19.425]}, "faces": { "north": {"uv": [1, 1, 2, 2], "texture": "#1"}, "east": {"uv": [6, 1, 0, 2], "texture": "#1"}, "south": {"uv": [7, 1, 8, 2], "texture": "#1"}, "west": {"uv": [0, 1, 6, 2], "texture": "#1"}, "up": {"uv": [1, 1, 2, 2], "texture": "#1"}, "down": {"uv": [7, 1, 8, 2], "texture": "#1"} } }, { "from": [7.77492, 31.04716, 10.25], "to": [8.22492, 31.23663, 10.8], "rotation": {"angle": 0, "axis": "y", "origin": [7.99992, 31.1419, 10.525]}, "faces": { "north": {"uv": [1, 1, 2, 2], "texture": "#1"}, "east": {"uv": [9, 1, 0, 2], "texture": "#1"}, "south": {"uv": [10, 1, 11, 2], "texture": "#1"}, "west": {"uv": [0, 1, 9, 2], "texture": "#1"}, "up": {"uv": [1, 1, 2, 2], "texture": "#1"}, "down": {"uv": [10, 1, 11, 2], "texture": "#1"} } }, { "from": [7.77492, 30.85768, 10.1], "to": [8.22492, 31.04716, 10.75], "rotation": {"angle": 0, "axis": "y", "origin": [0.52492, 42.12903, 19.425]}, "faces": { "north": {"uv": [1, 1, 2, 2], "texture": "#1"}, "east": {"uv": [11, 1, 0, 2], "texture": "#1"}, "south": {"uv": [10, 1, 11, 2], "texture": "#1"}, "west": {"uv": [0, 1, 11, 2], "texture": "#1"}, "up": {"uv": [1, 1, 2, 2], "texture": "#1"}, "down": {"uv": [10, 1, 11, 2], "texture": "#1"} } }, { "from": [7.77492, 30.15808, 9.75], "to": [8.22492, 30.55161, 10.325], "rotation": {"angle": 0, "axis": "y", "origin": [0.52492, 41.75008, 19.375]}, "faces": { "north": {"uv": [1, 1, 2, 2], "texture": "#1"}, "east": {"uv": [8, 1, 0, 2], "texture": "#1"}, "south": {"uv": [2, 2, 3, 3], "texture": "#1"}, "west": {"uv": [0, 1, 8, 2], "texture": "#1"}, "up": {"uv": [1, 1, 2, 2], "texture": "#1"}, "down": {"uv": [2, 2, 3, 3], "texture": "#1"} } }, { "from": [7.77492, 30.55161, 9.95], "to": [8.22492, 30.85768, 10.525], "rotation": {"angle": 0, "axis": "y", "origin": [0.52492, 42.14361, 19.675]}, "faces": { "north": {"uv": [1, 1, 2, 2], "texture": "#1"}, "east": {"uv": [9, 1, 0, 2], "texture": "#1"}, "south": {"uv": [2, 2, 3, 3], "texture": "#1"}, "west": {"uv": [0, 1, 9, 2], "texture": "#1"}, "up": {"uv": [1, 1, 2, 2], "texture": "#1"}, "down": {"uv": [2, 2, 3, 3], "texture": "#1"} } }, { "from": [7.77492, 29.67711, 9.6], "to": [8.22492, 30.15808, 10.1], "rotation": {"angle": 0, "axis": "y", "origin": [0.52492, 41.26911, 19.075]}, "faces": { "north": {"uv": [1, 1, 2, 2], "texture": "#1"}, "east": {"uv": [7, 1, 0, 2], "texture": "#1"}, "south": {"uv": [2, 2, 3, 3], "texture": "#1"}, "west": {"uv": [0, 1, 7, 2], "texture": "#1"}, "up": {"uv": [1, 1, 2, 2], "texture": "#1"}, "down": {"uv": [2, 2, 3, 3], "texture": "#1"} } }, { "from": [7.77492, 28.54026, 9.225], "to": [8.22492, 29.10868, 9.55], "rotation": {"angle": 0, "axis": "y", "origin": [0.52492, 40.13226, 18.475]}, "faces": { "north": {"uv": [1, 1, 2, 2], "texture": "#1"}, "east": {"uv": [4, 1, 0, 2], "texture": "#1"}, "south": {"uv": [2, 2, 3, 3], "texture": "#1"}, "west": {"uv": [0, 1, 4, 2], "texture": "#1"}, "up": {"uv": [1, 1, 2, 2], "texture": "#1"}, "down": {"uv": [2, 2, 3, 3], "texture": "#1"} } }, { "from": [7.77492, 29.10868, 9.4], "to": [8.22492, 29.67711, 9.75], "rotation": {"angle": 0, "axis": "y", "origin": [0.52492, 40.70068, 18.775]}, "faces": { "north": {"uv": [1, 1, 2, 2], "texture": "#1"}, "east": {"uv": [5, 1, 0, 2], "texture": "#1"}, "south": {"uv": [2, 2, 3, 3], "texture": "#1"}, "west": {"uv": [0, 1, 5, 2], "texture": "#1"}, "up": {"uv": [1, 1, 2, 2], "texture": "#1"}, "down": {"uv": [2, 2, 3, 3], "texture": "#1"} } }, { "from": [7.77492, 27.84066, 9.025], "to": [8.22492, 28.54026, 9.275], "rotation": {"angle": 0, "axis": "y", "origin": [0.52492, 39.43266, 18.175]}, "faces": { "north": {"uv": [1, 1, 2, 2], "texture": "#1"}, "east": {"uv": [4, 1, 0, 2], "texture": "#1"}, "south": {"uv": [2, 2, 3, 3], "texture": "#1"}, "west": {"uv": [0, 1, 4, 2], "texture": "#1"}, "up": {"uv": [1, 1, 2, 2], "texture": "#1"}, "down": {"uv": [2, 2, 3, 3], "texture": "#1"} } }, { "from": [7.77492, 27.05361, 8.8], "to": [8.22492, 27.84066, 9.05], "rotation": {"angle": 0, "axis": "y", "origin": [0.52492, 38.64561, 17.875]}, "faces": { "north": {"uv": [1, 1, 2, 2], "texture": "#1"}, "east": {"uv": [1, 1, 2, 2], "texture": "#1"}, "south": {"uv": [1, 1, 2, 2], "texture": "#1"}, "west": {"uv": [1, 1, 2, 2], "texture": "#1"}, "up": {"uv": [1, 1, 2, 2], "texture": "#1"}, "down": {"uv": [1, 1, 2, 2], "texture": "#1"} } }, { "from": [7.77492, 26.17911, 8.65], "to": [8.22492, 27.05361, 8.9], "rotation": {"angle": 0, "axis": "y", "origin": [0.52492, 37.77111, 17.65]}, "faces": { "north": {"uv": [1, 1, 2, 2], "texture": "#1"}, "east": {"uv": [1, 1, 2, 2], "texture": "#1"}, "south": {"uv": [1, 1, 2, 2], "texture": "#1"}, "west": {"uv": [1, 1, 2, 2], "texture": "#1"}, "up": {"uv": [1, 1, 2, 2], "texture": "#1"}, "down": {"uv": [1, 1, 2, 2], "texture": "#1"} } }, { "from": [7.77492, 25.30461, 8.5], "to": [8.22492, 26.17911, 8.75], "rotation": {"angle": 0, "axis": "y", "origin": [0.52492, 36.89661, 17.425]}, "faces": { "north": {"uv": [1, 1, 2, 2], "texture": "#1"}, "east": {"uv": [1, 1, 2, 2], "texture": "#1"}, "south": {"uv": [1, 1, 2, 2], "texture": "#1"}, "west": {"uv": [1, 1, 2, 2], "texture": "#1"}, "up": {"uv": [1, 1, 2, 2], "texture": "#1"}, "down": {"uv": [1, 1, 2, 2], "texture": "#1"} } }, { "from": [7.77492, 24.25521, 8.35], "to": [8.22492, 25.30461, 8.6], "rotation": {"angle": 0, "axis": "y", "origin": [0.52492, 35.84721, 17.175]}, "faces": { "north": {"uv": [1, 1, 2, 2], "texture": "#1"}, "east": {"uv": [1, 1, 2, 2], "texture": "#1"}, "south": {"uv": [1, 1, 2, 2], "texture": "#1"}, "west": {"uv": [1, 1, 2, 2], "texture": "#1"}, "up": {"uv": [1, 1, 2, 2], "texture": "#1"}, "down": {"uv": [1, 1, 2, 2], "texture": "#1"} } }, { "from": [7.77492, 23.20581, 8.2], "to": [8.22492, 24.25521, 8.45], "rotation": {"angle": 0, "axis": "y", "origin": [0.52492, 34.79781, 16.975]}, "faces": { "north": {"uv": [1, 1, 2, 2], "texture": "#1"}, "east": {"uv": [1, 1, 2, 2], "texture": "#1"}, "south": {"uv": [1, 1, 2, 2], "texture": "#1"}, "west": {"uv": [1, 1, 2, 2], "texture": "#1"}, "up": {"uv": [1, 1, 2, 2], "texture": "#1"}, "down": {"uv": [1, 1, 2, 2], "texture": "#1"} } }, { "from": [7.77492, 22.06896, 8.075], "to": [8.22492, 23.20581, 8.325], "rotation": {"angle": 0, "axis": "y", "origin": [0.52492, 33.66096, 16.8]}, "faces": { "north": {"uv": [1, 1, 2, 2], "texture": "#1"}, "east": {"uv": [1, 1, 2, 2], "texture": "#1"}, "south": {"uv": [1, 1, 2, 2], "texture": "#1"}, "west": {"uv": [1, 1, 2, 2], "texture": "#1"}, "up": {"uv": [1, 1, 2, 2], "texture": "#1"}, "down": {"uv": [1, 1, 2, 2], "texture": "#1"} } }, { "from": [7.77492, 20.84466, 7.95], "to": [8.22492, 22.06896, 8.2], "rotation": {"angle": 0, "axis": "y", "origin": [0.52492, 32.43666, 16.65]}, "faces": { "north": {"uv": [1, 1, 2, 2], "texture": "#1"}, "east": {"uv": [1, 1, 2, 2], "texture": "#1"}, "south": {"uv": [1, 1, 2, 2], "texture": "#1"}, "west": {"uv": [1, 1, 2, 2], "texture": "#1"}, "up": {"uv": [1, 1, 2, 2], "texture": "#1"}, "down": {"uv": [1, 1, 2, 2], "texture": "#1"} } }, { "from": [7.77492, 19.57663, 7.85], "to": [8.22492, 20.84466, 8.1], "rotation": {"angle": 0, "axis": "y", "origin": [7.99992, 20.21065, 7.975]}, "faces": { "north": {"uv": [1, 1, 2, 2], "texture": "#1"}, "east": {"uv": [1, 1, 2, 2], "texture": "#1"}, "south": {"uv": [1, 1, 2, 2], "texture": "#1"}, "west": {"uv": [1, 1, 2, 2], "texture": "#1"}, "up": {"uv": [1, 1, 2, 2], "texture": "#1"}, "down": {"uv": [1, 1, 2, 2], "texture": "#1"} } }, { "from": [7.77492, 18.30861, 7.75], "to": [8.22492, 19.57663, 8], "rotation": {"angle": 0, "axis": "y", "origin": [0.52492, 29.90061, 16.4]}, "faces": { "north": {"uv": [1, 1, 2, 2], "texture": "#1"}, "east": {"uv": [1, 1, 2, 2], "texture": "#1"}, "south": {"uv": [1, 1, 2, 2], "texture": "#1"}, "west": {"uv": [1, 1, 2, 2], "texture": "#1"}, "up": {"uv": [1, 1, 2, 2], "texture": "#1"}, "down": {"uv": [1, 1, 2, 2], "texture": "#1"} } }, { "from": [7.77492, 16.99686, 7.65], "to": [8.22492, 18.30861, 7.9], "rotation": {"angle": 0, "axis": "y", "origin": [0.52492, 28.58886, 16.3]}, "faces": { "north": {"uv": [1, 1, 2, 2], "texture": "#1"}, "east": {"uv": [1, 1, 2, 2], "texture": "#1"}, "south": {"uv": [1, 1, 2, 2], "texture": "#1"}, "west": {"uv": [1, 1, 2, 2], "texture": "#1"}, "up": {"uv": [1, 1, 2, 2], "texture": "#1"}, "down": {"uv": [1, 1, 2, 2], "texture": "#1"} } }, { "from": [7.77492, 15.59766, 7.575], "to": [8.22492, 16.99686, 7.825], "rotation": {"angle": 0, "axis": "y", "origin": [0.52492, 27.18966, 16.2]}, "faces": { "north": {"uv": [1, 1, 2, 2], "texture": "#1"}, "east": {"uv": [1, 1, 2, 2], "texture": "#1"}, "south": {"uv": [1, 1, 2, 2], "texture": "#1"}, "west": {"uv": [1, 1, 2, 2], "texture": "#1"}, "up": {"uv": [1, 1, 2, 2], "texture": "#1"}, "down": {"uv": [1, 1, 2, 2], "texture": "#1"} } }, { "from": [7.77492, 14.11101, 7.525], "to": [8.22492, 15.59766, 7.775], "rotation": {"angle": 0, "axis": "y", "origin": [0.52492, 25.70301, 16.125]}, "faces": { "north": {"uv": [1, 1, 2, 2], "texture": "#1"}, "east": {"uv": [1, 1, 2, 2], "texture": "#1"}, "south": {"uv": [1, 1, 2, 2], "texture": "#1"}, "west": {"uv": [1, 1, 2, 2], "texture": "#1"}, "up": {"uv": [1, 1, 2, 2], "texture": "#1"}, "down": {"uv": [1, 1, 2, 2], "texture": "#1"} } }, { "from": [7.77492, 12.53691, 7.45], "to": [8.22492, 14.11101, 7.7], "rotation": {"angle": 0, "axis": "y", "origin": [0.52492, 24.12891, 16.05]}, "faces": { "north": {"uv": [1, 1, 2, 2], "texture": "#1"}, "east": {"uv": [1, 1, 2, 2], "texture": "#1"}, "south": {"uv": [1, 1, 2, 2], "texture": "#1"}, "west": {"uv": [1, 1, 2, 2], "texture": "#1"}, "up": {"uv": [1, 1, 2, 2], "texture": "#1"}, "down": {"uv": [1, 1, 2, 2], "texture": "#1"} } }, { "from": [7.77492, 10.87536, 7.4], "to": [8.22492, 12.53691, 7.65], "rotation": {"angle": 0, "axis": "y", "origin": [0.52492, 22.46736, 16]}, "faces": { "north": {"uv": [1, 1, 2, 2], "texture": "#1"}, "east": {"uv": [1, 1, 2, 2], "texture": "#1"}, "south": {"uv": [1, 1, 2, 2], "texture": "#1"}, "west": {"uv": [1, 1, 2, 2], "texture": "#1"}, "up": {"uv": [1, 1, 2, 2], "texture": "#1"}, "down": {"uv": [1, 1, 2, 2], "texture": "#1"} } }, { "from": [7.77492, 9.12636, 7.35], "to": [8.22492, 10.87536, 7.6], "rotation": {"angle": 0, "axis": "y", "origin": [0.52492, 20.71836, 15.95]}, "faces": { "north": {"uv": [1, 1, 2, 2], "texture": "#1"}, "east": {"uv": [1, 1, 2, 2], "texture": "#1"}, "south": {"uv": [1, 1, 2, 2], "texture": "#1"}, "west": {"uv": [1, 1, 2, 2], "texture": "#1"}, "up": {"uv": [1, 1, 2, 2], "texture": "#1"}, "down": {"uv": [1, 1, 2, 2], "texture": "#1"} } }, { "from": [7.77492, 7.37736, 7.3], "to": [8.22492, 9.12636, 7.55], "rotation": {"angle": 0, "axis": "y", "origin": [0.52492, 18.96936, 15.9]}, "faces": { "north": {"uv": [1, 1, 2, 2], "texture": "#1"}, "east": {"uv": [1, 1, 2, 2], "texture": "#1"}, "south": {"uv": [1, 1, 2, 2], "texture": "#1"}, "west": {"uv": [1, 1, 2, 2], "texture": "#1"}, "up": {"uv": [1, 1, 2, 2], "texture": "#1"}, "down": {"uv": [1, 1, 2, 2], "texture": "#1"} } }, { "from": [7.77492, 5.62836, 7.275], "to": [8.22492, 7.37736, 7.525], "rotation": {"angle": 0, "axis": "y", "origin": [0.52492, 17.22036, 15.875]}, "faces": { "north": {"uv": [1, 1, 2, 2], "texture": "#1"}, "east": {"uv": [1, 1, 2, 2], "texture": "#1"}, "south": {"uv": [1, 1, 2, 2], "texture": "#1"}, "west": {"uv": [1, 1, 2, 2], "texture": "#1"}, "up": {"uv": [1, 1, 2, 2], "texture": "#1"}, "down": {"uv": [1, 1, 2, 2], "texture": "#1"} } }, { "from": [7.77492, -2.24214, 7.25], "to": [8.22492, 5.62836, 7.5], "rotation": {"angle": 0, "axis": "y", "origin": [0.52492, 15.47136, 15.85]}, "faces": { "north": {"uv": [1, 1, 2, 2], "texture": "#1"}, "east": {"uv": [1, 1, 2, 2], "texture": "#1"}, "south": {"uv": [1, 1, 2, 2], "texture": "#1"}, "west": {"uv": [1, 1, 2, 2], "texture": "#1"}, "up": {"uv": [1, 1, 2, 2], "texture": "#1"}, "down": {"uv": [1, 1, 2, 2], "texture": "#1"} } }, { "from": [7.57492, 29.10868, 9.75], "to": [8.42492, 29.67711, 9.95], "rotation": {"angle": 0, "axis": "y", "origin": [0.52492, 40.70068, 18.775]}, "faces": { "north": {"uv": [7, 1, 8, 2], "texture": "#1"}, "east": {"uv": [9, 1, 5, 2], "texture": "#1"}, "south": {"uv": [7, 1, 8, 2], "texture": "#1"}, "west": {"uv": [5, 1, 9, 2], "texture": "#1"}, "up": {"uv": [7, 1, 8, 2], "texture": "#1"}, "down": {"uv": [7, 1, 8, 2], "texture": "#1"} } }, { "name": "Holder", "from": [7.48228, -2.5, 7.15], "to": [8.52492, -1.9, 8.85], "rotation": {"angle": 0, "axis": "y", "origin": [8.0536, -3.5, 8]}, "faces": { "north": {"uv": [10, 1, 11, 2], "texture": "#1"}, "east": {"uv": [10, 1, 11, 2], "texture": "#1"}, "south": {"uv": [10, 1, 11, 2], "texture": "#1"}, "west": {"uv": [10, 1, 11, 2], "texture": "#1"}, "up": {"uv": [10, 1, 11, 2], "texture": "#1"}, "down": {"uv": [10, 1, 11, 2], "texture": "#1"} } }, { "name": "Holder", "from": [7.48228, -4.5, 7.4], "to": [8.52492, -2.75, 8.6], "rotation": {"angle": 0, "axis": "y", "origin": [8.0536, -3.5, 8]}, "faces": { "north": {"uv": [1, 5, 2, 6], "texture": "#1"}, "east": {"uv": [1, 5, 2, 6], "texture": "#1"}, "south": {"uv": [1, 5, 2, 6], "texture": "#1"}, "west": {"uv": [1, 5, 2, 6], "texture": "#1"}, "up": {"uv": [1, 5, 2, 6], "texture": "#1"}, "down": {"uv": [1, 5, 2, 6], "texture": "#1"} } }, { "name": "Holder", "from": [7.23228, -4.25, 7.4], "to": [8.77492, -3, 8.6], "rotation": {"angle": 0, "axis": "y", "origin": [8.0536, -3.5, 8]}, "faces": { "north": {"uv": [1, 5, 2, 6], "texture": "#1"}, "east": {"uv": [1, 5, 2, 6], "texture": "#1"}, "south": {"uv": [1, 5, 2, 6], "texture": "#1"}, "west": {"uv": [1, 5, 2, 6], "texture": "#1"}, "up": {"uv": [1, 5, 2, 6], "texture": "#1"}, "down": {"uv": [1, 5, 2, 6], "texture": "#1"} } }, { "name": "Holder", "from": [7.4036, -4.25, 7.22868], "to": [8.6036, -3, 8.77132], "rotation": {"angle": 0, "axis": "y", "origin": [8.0036, -3.125, 8]}, "faces": { "north": {"uv": [1, 5, 2, 6], "texture": "#1"}, "east": {"uv": [1, 5, 2, 6], "texture": "#1"}, "south": {"uv": [1, 5, 2, 6], "texture": "#1"}, "west": {"uv": [1, 5, 2, 6], "texture": "#1"}, "up": {"uv": [1, 5, 2, 6], "texture": "#1"}, "down": {"uv": [1, 5, 2, 6], "texture": "#1"} } }, { "name": "Holder", "from": [7.48228, -6.25, 7.4], "to": [8.52492, -4.5, 8.6], "rotation": {"angle": 0, "axis": "y", "origin": [8.0536, -3.5, 8]}, "faces": { "north": {"uv": [2, 14, 1, 15], "texture": "#1"}, "east": {"uv": [2, 14, 1, 15], "texture": "#1"}, "south": {"uv": [2, 14, 1, 15], "texture": "#1"}, "west": {"uv": [2, 14, 1, 15], "texture": "#1"}, "up": {"uv": [2, 14, 1, 15], "texture": "#1"}, "down": {"uv": [2, 14, 1, 15], "texture": "#1"} } }, { "name": "Holder", "from": [7.4036, -6, 7.22868], "to": [8.6036, -4.75, 8.77132], "rotation": {"angle": 0, "axis": "y", "origin": [8.0036, -3.125, 8]}, "faces": { "north": {"uv": [2, 14, 1, 15], "texture": "#1"}, "east": {"uv": [2, 14, 1, 15], "texture": "#1"}, "south": {"uv": [2, 14, 1, 15], "texture": "#1"}, "west": {"uv": [2, 14, 1, 15], "texture": "#1"}, "up": {"uv": [2, 14, 1, 15], "texture": "#1"}, "down": {"uv": [2, 14, 1, 15], "texture": "#1"} } }, { "name": "Holder", "from": [7.23228, -6, 7.4], "to": [8.77492, -4.75, 8.6], "rotation": {"angle": 0, "axis": "y", "origin": [8.0536, -3.5, 8]}, "faces": { "north": {"uv": [2, 14, 1, 15], "texture": "#1"}, "east": {"uv": [2, 14, 1, 15], "texture": "#1"}, "south": {"uv": [2, 14, 1, 15], "texture": "#1"}, "west": {"uv": [2, 14, 1, 15], "texture": "#1"}, "up": {"uv": [2, 14, 1, 15], "texture": "#1"}, "down": {"uv": [2, 14, 1, 15], "texture": "#1"} } }, { "name": "Holder", "from": [7.48228, -8, 7.4], "to": [8.52492, -6.25, 8.6], "rotation": {"angle": 0, "axis": "y", "origin": [8.0536, -3.5, 8]}, "faces": { "north": {"uv": [15, 5, 14, 6], "texture": "#1"}, "east": {"uv": [15, 5, 14, 6], "texture": "#1"}, "south": {"uv": [15, 5, 14, 6], "texture": "#1"}, "west": {"uv": [15, 5, 14, 6], "texture": "#1"}, "up": {"uv": [15, 5, 14, 6], "texture": "#1"}, "down": {"uv": [15, 5, 14, 6], "texture": "#1"} } }, { "name": "Holder", "from": [7.4036, -7.75, 7.22868], "to": [8.6036, -6.5, 8.77132], "rotation": {"angle": 0, "axis": "y", "origin": [8.0036, -3.125, 8]}, "faces": { "north": {"uv": [15, 5, 14, 6], "texture": "#1"}, "east": {"uv": [15, 5, 14, 6], "texture": "#1"}, "south": {"uv": [15, 5, 14, 6], "texture": "#1"}, "west": {"uv": [15, 5, 14, 6], "texture": "#1"}, "up": {"uv": [15, 5, 14, 6], "texture": "#1"}, "down": {"uv": [15, 5, 14, 6], "texture": "#1"} } }, { "name": "Holder", "from": [7.23228, -7.75, 7.4], "to": [8.77492, -6.5, 8.6], "rotation": {"angle": 0, "axis": "y", "origin": [8.0536, -3.5, 8]}, "faces": { "north": {"uv": [15, 5, 14, 6], "texture": "#1"}, "east": {"uv": [15, 5, 14, 6], "texture": "#1"}, "south": {"uv": [15, 5, 14, 6], "texture": "#1"}, "west": {"uv": [15, 5, 14, 6], "texture": "#1"}, "up": {"uv": [15, 5, 14, 6], "texture": "#1"}, "down": {"uv": [15, 5, 14, 6], "texture": "#1"} } }, { "name": "Holder", "from": [7.48228, -9.75, 7.4], "to": [8.52492, -8, 8.6], "rotation": {"angle": 0, "axis": "y", "origin": [8.0536, -3.5, 8]}, "faces": { "north": {"uv": [15, 8, 14, 9], "texture": "#1"}, "east": {"uv": [15, 8, 14, 9], "texture": "#1"}, "south": {"uv": [15, 8, 14, 9], "texture": "#1"}, "west": {"uv": [15, 8, 14, 9], "texture": "#1"}, "up": {"uv": [15, 8, 14, 9], "texture": "#1"}, "down": {"uv": [15, 8, 14, 9], "texture": "#1"} } }, { "name": "Holder", "from": [7.4036, -9.5, 7.22868], "to": [8.6036, -8.25, 8.77132], "rotation": {"angle": 0, "axis": "y", "origin": [8.0036, -3.125, 8]}, "faces": { "north": {"uv": [15, 8, 14, 9], "texture": "#1"}, "east": {"uv": [15, 8, 14, 9], "texture": "#1"}, "south": {"uv": [15, 8, 14, 9], "texture": "#1"}, "west": {"uv": [15, 8, 14, 9], "texture": "#1"}, "up": {"uv": [15, 8, 14, 9], "texture": "#1"}, "down": {"uv": [15, 8, 14, 9], "texture": "#1"} } }, { "name": "Holder", "from": [7.23228, -9.5, 7.4], "to": [8.77492, -8.25, 8.6], "rotation": {"angle": 0, "axis": "y", "origin": [8.0536, -3.5, 8]}, "faces": { "north": {"uv": [15, 8, 14, 9], "texture": "#1"}, "east": {"uv": [15, 8, 14, 9], "texture": "#1"}, "south": {"uv": [15, 8, 14, 9], "texture": "#1"}, "west": {"uv": [15, 8, 14, 9], "texture": "#1"}, "up": {"uv": [15, 8, 14, 9], "texture": "#1"}, "down": {"uv": [15, 8, 14, 9], "texture": "#1"} } }, { "name": "Holder", "from": [7.48228, -11.5, 7.4], "to": [8.52492, -9.75, 8.6], "rotation": {"angle": 0, "axis": "y", "origin": [8.0536, -3.5, 8]}, "faces": { "north": {"uv": [15, 11, 14, 12], "texture": "#1"}, "east": {"uv": [15, 11, 14, 12], "texture": "#1"}, "south": {"uv": [15, 11, 14, 12], "texture": "#1"}, "west": {"uv": [15, 11, 14, 12], "texture": "#1"}, "up": {"uv": [15, 11, 14, 12], "texture": "#1"}, "down": {"uv": [15, 11, 14, 12], "texture": "#1"} } }, { "name": "Holder", "from": [7.4036, -11.25, 7.22868], "to": [8.6036, -10, 8.77132], "rotation": {"angle": 0, "axis": "y", "origin": [8.0036, -3.125, 8]}, "faces": { "north": {"uv": [15, 11, 14, 12], "texture": "#1"}, "east": {"uv": [15, 11, 14, 12], "texture": "#1"}, "south": {"uv": [15, 11, 14, 12], "texture": "#1"}, "west": {"uv": [15, 11, 14, 12], "texture": "#1"}, "up": {"uv": [15, 11, 14, 12], "texture": "#1"}, "down": {"uv": [15, 11, 14, 12], "texture": "#1"} } }, { "name": "Holder", "from": [7.23228, -11.25, 7.4], "to": [8.77492, -10, 8.6], "rotation": {"angle": 0, "axis": "y", "origin": [8.0536, -3.5, 8]}, "faces": { "north": {"uv": [15, 11, 14, 12], "texture": "#1"}, "east": {"uv": [15, 11, 14, 12], "texture": "#1"}, "south": {"uv": [15, 11, 14, 12], "texture": "#1"}, "west": {"uv": [15, 11, 14, 12], "texture": "#1"}, "up": {"uv": [15, 11, 14, 12], "texture": "#1"}, "down": {"uv": [15, 11, 14, 12], "texture": "#1"} } }, { "name": "Holder", "from": [7.48228, -13.25, 7.4], "to": [8.52492, -11.5, 8.6], "rotation": {"angle": 0, "axis": "y", "origin": [8.0536, -3.5, 8]}, "faces": { "north": {"uv": [15, 14, 14, 15], "texture": "#1"}, "east": {"uv": [15, 14, 14, 15], "texture": "#1"}, "south": {"uv": [15, 14, 14, 15], "texture": "#1"}, "west": {"uv": [15, 14, 14, 15], "texture": "#1"}, "up": {"uv": [15, 14, 14, 15], "texture": "#1"}, "down": {"uv": [15, 14, 14, 15], "texture": "#1"} } }, { "name": "Holder", "from": [7.4036, -13, 7.22868], "to": [8.6036, -11.75, 8.77132], "rotation": {"angle": 0, "axis": "y", "origin": [8.0036, -3.125, 8]}, "faces": { "north": {"uv": [15, 14, 14, 15], "texture": "#1"}, "east": {"uv": [15, 14, 14, 15], "texture": "#1"}, "south": {"uv": [15, 14, 14, 15], "texture": "#1"}, "west": {"uv": [15, 14, 14, 15], "texture": "#1"}, "up": {"uv": [15, 14, 14, 15], "texture": "#1"}, "down": {"uv": [15, 14, 14, 15], "texture": "#1"} } }, { "name": "Holder", "from": [7.23228, -13, 7.4], "to": [8.77492, -11.75, 8.6], "rotation": {"angle": 0, "axis": "y", "origin": [8.0536, -3.5, 8]}, "faces": { "north": {"uv": [15, 14, 14, 15], "texture": "#1"}, "east": {"uv": [15, 14, 14, 15], "texture": "#1"}, "south": {"uv": [15, 14, 14, 15], "texture": "#1"}, "west": {"uv": [15, 14, 14, 15], "texture": "#1"}, "up": {"uv": [15, 14, 14, 15], "texture": "#1"}, "down": {"uv": [15, 14, 14, 15], "texture": "#1"} } }, { "from": [7.5, -2.75, 5.75], "to": [8.5, -2.5, 10.25], "rotation": {"angle": 0, "axis": "y", "origin": [8, -0.375, 8]}, "faces": { "north": {"uv": [7, 11, 8, 12], "rotation": 270, "texture": "#1"}, "east": {"uv": [7, 11, 8, 12], "rotation": 270, "texture": "#1"}, "south": {"uv": [7, 11, 8, 12], "rotation": 270, "texture": "#1"}, "west": {"uv": [7, 11, 8, 12], "rotation": 270, "texture": "#1"}, "up": {"uv": [7, 11, 8, 12], "rotation": 270, "texture": "#1"}, "down": {"uv": [7, 11, 8, 12], "rotation": 270, "texture": "#1"} } }, { "from": [6.5, -2.75, 7.5], "to": [9.5, -2.5, 8.5], "rotation": {"angle": 0, "axis": "y", "origin": [8, -2.625, 8]}, "faces": { "north": {"uv": [7, 11, 8, 12], "rotation": 180, "texture": "#1"}, "east": {"uv": [7, 11, 8, 12], "rotation": 180, "texture": "#1"}, "south": {"uv": [7, 11, 8, 12], "rotation": 180, "texture": "#1"}, "west": {"uv": [7, 11, 8, 12], "rotation": 180, "texture": "#1"}, "up": {"uv": [7, 11, 8, 12], "rotation": 180, "texture": "#1"}, "down": {"uv": [7, 11, 8, 12], "rotation": 180, "texture": "#1"} } }, { "from": [6.75, -2.75, 6.5], "to": [9.25, -2.5, 9.5], "rotation": {"angle": 0, "axis": "y", "origin": [8, -2.625, 8]}, "faces": { "north": {"uv": [7, 11, 8, 12], "rotation": 180, "texture": "#1"}, "east": {"uv": [7, 11, 8, 12], "rotation": 180, "texture": "#1"}, "south": {"uv": [7, 11, 8, 12], "rotation": 180, "texture": "#1"}, "west": {"uv": [7, 11, 8, 12], "rotation": 180, "texture": "#1"}, "up": {"uv": [7, 11, 8, 12], "rotation": 180, "texture": "#1"}, "down": {"uv": [7, 11, 8, 12], "rotation": 180, "texture": "#1"} } }, { "from": [7, -2.75, 6], "to": [9, -2.5, 10], "rotation": {"angle": 0, "axis": "y", "origin": [8, -2.625, 8]}, "faces": { "north": {"uv": [7, 11, 8, 12], "rotation": 90, "texture": "#1"}, "east": {"uv": [7, 11, 8, 12], "rotation": 90, "texture": "#1"}, "south": {"uv": [7, 11, 8, 12], "rotation": 90, "texture": "#1"}, "west": {"uv": [7, 11, 8, 12], "rotation": 90, "texture": "#1"}, "up": {"uv": [7, 11, 8, 12], "rotation": 90, "texture": "#1"}, "down": {"uv": [7, 11, 8, 12], "rotation": 90, "texture": "#1"} } }, { "name": "Holder", "from": [7.8674, -13.83594, 6.6125], "to": [8.08688, -13.46094, 7.3625], "rotation": {"angle": 0, "axis": "y", "origin": [7.90684, -13.34541, 7.99962]}, "faces": { "north": {"uv": [1, 6, 2, 5], "texture": "#1"}, "east": {"uv": [1, 6, 2, 5], "texture": "#1"}, "south": {"uv": [1, 6, 2, 5], "texture": "#1"}, "west": {"uv": [1, 6, 2, 5], "texture": "#1"}, "up": {"uv": [1, 6, 2, 5], "texture": "#1"}, "down": {"uv": [1, 6, 2, 5], "texture": "#1"} } }, { "name": "Holder", "from": [7.64792, -13.83594, 7.175], "to": [7.8674, -13.46094, 7.925], "rotation": {"angle": 0, "axis": "y", "origin": [7.90684, -13.34541, 7.99962]}, "faces": { "north": {"uv": [1, 6, 2, 5], "texture": "#1"}, "east": {"uv": [1, 6, 2, 5], "texture": "#1"}, "south": {"uv": [1, 6, 2, 5], "texture": "#1"}, "west": {"uv": [1, 6, 2, 5], "texture": "#1"}, "up": {"uv": [1, 6, 2, 5], "texture": "#1"}, "down": {"uv": [1, 6, 2, 5], "texture": "#1"} } }, { "name": "Holder", "from": [7.64792, -14.02344, 6.8], "to": [7.8674, -13.64844, 7.55], "rotation": {"angle": 0, "axis": "y", "origin": [7.90684, -13.34541, 7.99962]}, "faces": { "north": {"uv": [1, 6, 2, 5], "texture": "#1"}, "east": {"uv": [1, 6, 2, 5], "texture": "#1"}, "south": {"uv": [1, 6, 2, 5], "texture": "#1"}, "west": {"uv": [1, 6, 2, 5], "texture": "#1"}, "up": {"uv": [1, 6, 2, 5], "texture": "#1"}, "down": {"uv": [1, 6, 2, 5], "texture": "#1"} } }, { "name": "Holder", "from": [7.64792, -14.21094, 5.8625], "to": [7.8674, -13.83594, 6.9875], "rotation": {"angle": 0, "axis": "y", "origin": [7.90684, -13.34541, 7.99962]}, "faces": { "north": {"uv": [1, 6, 2, 5], "texture": "#1"}, "east": {"uv": [1, 6, 2, 5], "texture": "#1"}, "south": {"uv": [1, 6, 2, 5], "texture": "#1"}, "west": {"uv": [1, 6, 2, 5], "texture": "#1"}, "up": {"uv": [1, 6, 2, 5], "texture": "#1"}, "down": {"uv": [1, 6, 2, 5], "texture": "#1"} } }, { "name": "Holder", "from": [7.64792, -14.77344, 5.675], "to": [7.8674, -14.21094, 6.05], "rotation": {"angle": 0, "axis": "y", "origin": [7.90684, -13.34541, 7.99962]}, "faces": { "north": {"uv": [1, 6, 2, 5], "texture": "#1"}, "east": {"uv": [1, 6, 2, 5], "texture": "#1"}, "south": {"uv": [1, 6, 2, 5], "texture": "#1"}, "west": {"uv": [1, 6, 2, 5], "texture": "#1"}, "up": {"uv": [1, 6, 2, 5], "texture": "#1"}, "down": {"uv": [1, 6, 2, 5], "texture": "#1"} } }, { "name": "Holder", "from": [7.64792, -15.14844, 5.4875], "to": [7.8674, -14.58594, 5.8625], "rotation": {"angle": 0, "axis": "y", "origin": [7.90684, -13.34541, 7.99962]}, "faces": { "north": {"uv": [1, 6, 2, 5], "texture": "#1"}, "east": {"uv": [1, 6, 2, 5], "texture": "#1"}, "south": {"uv": [1, 6, 2, 5], "texture": "#1"}, "west": {"uv": [1, 6, 2, 5], "texture": "#1"}, "up": {"uv": [1, 6, 2, 5], "texture": "#1"}, "down": {"uv": [1, 6, 2, 5], "texture": "#1"} } }, { "name": "Holder", "from": [7.8674, -14.02344, 5.4875], "to": [8.08688, -13.64844, 6.8], "rotation": {"angle": 0, "axis": "y", "origin": [7.90684, -13.34541, 7.99962]}, "faces": { "north": {"uv": [1, 6, 2, 5], "texture": "#1"}, "east": {"uv": [1, 6, 2, 5], "texture": "#1"}, "south": {"uv": [1, 6, 2, 5], "texture": "#1"}, "west": {"uv": [1, 6, 2, 5], "texture": "#1"}, "up": {"uv": [1, 6, 2, 5], "texture": "#1"}, "down": {"uv": [1, 6, 2, 5], "texture": "#1"} } }, { "name": "Holder", "from": [7.8674, -13.83594, 5.3], "to": [8.08688, -13.46094, 5.675], "rotation": {"angle": 0, "axis": "y", "origin": [7.90684, -13.34541, 7.99962]}, "faces": { "north": {"uv": [1, 6, 2, 5], "texture": "#1"}, "east": {"uv": [1, 6, 2, 5], "texture": "#1"}, "south": {"uv": [1, 6, 2, 5], "texture": "#1"}, "west": {"uv": [1, 6, 2, 5], "texture": "#1"}, "up": {"uv": [1, 6, 2, 5], "texture": "#1"}, "down": {"uv": [1, 6, 2, 5], "texture": "#1"} } }, { "name": "Holder", "from": [7.8674, -13.64844, 5.1125], "to": [8.08688, -13.08594, 5.4875], "rotation": {"angle": 0, "axis": "y", "origin": [7.90684, -13.34541, 7.99962]}, "faces": { "north": {"uv": [1, 6, 2, 5], "texture": "#1"}, "east": {"uv": [1, 6, 2, 5], "texture": "#1"}, "south": {"uv": [1, 6, 2, 5], "texture": "#1"}, "west": {"uv": [1, 6, 2, 5], "texture": "#1"}, "up": {"uv": [1, 6, 2, 5], "texture": "#1"}, "down": {"uv": [1, 6, 2, 5], "texture": "#1"} } }, { "name": "Holder", "from": [7.8674, -13.27344, 4.925], "to": [8.08688, -12.33594, 5.3], "rotation": {"angle": 0, "axis": "y", "origin": [7.90684, -13.34541, 7.99962]}, "faces": { "north": {"uv": [1, 6, 2, 5], "texture": "#1"}, "east": {"uv": [1, 6, 2, 5], "texture": "#1"}, "south": {"uv": [1, 6, 2, 5], "texture": "#1"}, "west": {"uv": [1, 6, 2, 5], "texture": "#1"}, "up": {"uv": [1, 6, 2, 5], "texture": "#1"}, "down": {"uv": [1, 6, 2, 5], "texture": "#1"} } }, { "name": "Holder", "from": [7.8674, -12.71094, 5.1125], "to": [8.08688, -12.14844, 5.4875], "rotation": {"angle": 0, "axis": "y", "origin": [7.90684, -13.34541, 7.99962]}, "faces": { "north": {"uv": [1, 6, 2, 5], "texture": "#1"}, "east": {"uv": [1, 6, 2, 5], "texture": "#1"}, "south": {"uv": [1, 6, 2, 5], "texture": "#1"}, "west": {"uv": [1, 6, 2, 5], "texture": "#1"}, "up": {"uv": [1, 6, 2, 5], "texture": "#1"}, "down": {"uv": [1, 6, 2, 5], "texture": "#1"} } }, { "name": "Holder", "from": [7.8674, -12.33594, 5.4875], "to": [8.08688, -11.96094, 6.425], "rotation": {"angle": 0, "axis": "y", "origin": [7.90684, -13.34541, 7.99962]}, "faces": { "north": {"uv": [1, 6, 2, 5], "texture": "#1"}, "east": {"uv": [1, 6, 2, 5], "texture": "#1"}, "south": {"uv": [1, 6, 2, 5], "texture": "#1"}, "west": {"uv": [1, 6, 2, 5], "texture": "#1"}, "up": {"uv": [1, 6, 2, 5], "texture": "#1"}, "down": {"uv": [1, 6, 2, 5], "texture": "#1"} } }, { "name": "Holder", "from": [7.8674, -12.52344, 6.2375], "to": [8.08688, -12.14844, 6.8], "rotation": {"angle": 0, "axis": "y", "origin": [7.90684, -13.34541, 7.99962]}, "faces": { "north": {"uv": [1, 6, 2, 5], "texture": "#1"}, "east": {"uv": [1, 6, 2, 5], "texture": "#1"}, "south": {"uv": [1, 6, 2, 5], "texture": "#1"}, "west": {"uv": [1, 6, 2, 5], "texture": "#1"}, "up": {"uv": [1, 6, 2, 5], "texture": "#1"}, "down": {"uv": [1, 6, 2, 5], "texture": "#1"} } }, { "name": "Holder", "from": [7.8674, -13.08594, 6.8], "to": [8.08688, -12.52344, 7.175], "rotation": {"angle": 0, "axis": "y", "origin": [7.90684, -13.34541, 7.99962]}, "faces": { "north": {"uv": [1, 6, 2, 5], "texture": "#1"}, "east": {"uv": [1, 6, 2, 5], "texture": "#1"}, "south": {"uv": [1, 6, 2, 5], "texture": "#1"}, "west": {"uv": [1, 6, 2, 5], "texture": "#1"}, "up": {"uv": [1, 6, 2, 5], "texture": "#1"}, "down": {"uv": [1, 6, 2, 5], "texture": "#1"} } }, { "name": "Holder", "from": [7.8674, -12.71094, 6.6125], "to": [8.08688, -12.33594, 6.9875], "rotation": {"angle": 0, "axis": "y", "origin": [7.90684, -13.34541, 7.99962]}, "faces": { "north": {"uv": [1, 6, 2, 5], "texture": "#1"}, "east": {"uv": [1, 6, 2, 5], "texture": "#1"}, "south": {"uv": [1, 6, 2, 5], "texture": "#1"}, "west": {"uv": [1, 6, 2, 5], "texture": "#1"}, "up": {"uv": [1, 6, 2, 5], "texture": "#1"}, "down": {"uv": [1, 6, 2, 5], "texture": "#1"} } }, { "name": "Holder", "from": [7.8674, -13.27344, 6.9875], "to": [8.08688, -12.89844, 7.3625], "rotation": {"angle": 0, "axis": "y", "origin": [7.90684, -13.34541, 7.99962]}, "faces": { "north": {"uv": [1, 6, 2, 5], "texture": "#1"}, "east": {"uv": [1, 6, 2, 5], "texture": "#1"}, "south": {"uv": [1, 6, 2, 5], "texture": "#1"}, "west": {"uv": [1, 6, 2, 5], "texture": "#1"}, "up": {"uv": [1, 6, 2, 5], "texture": "#1"}, "down": {"uv": [1, 6, 2, 5], "texture": "#1"} } }, { "name": "Holder", "from": [7.8674, -13.83594, 8.6375], "to": [8.08688, -13.46094, 9.3875], "rotation": {"angle": 0, "axis": "y", "origin": [7.90855, -13.34375, 9.72148]}, "faces": { "north": {"uv": [1, 4, 2, 5], "texture": "#1"}, "east": {"uv": [1, 4, 2, 5], "texture": "#1"}, "south": {"uv": [1, 4, 2, 5], "texture": "#1"}, "west": {"uv": [1, 4, 2, 5], "texture": "#1"}, "up": {"uv": [1, 4, 2, 5], "texture": "#1"}, "down": {"uv": [1, 4, 2, 5], "texture": "#1"} } }, { "name": "Holder", "from": [7.6174, -13.58594, 7.2375], "to": [8.08688, -13.21094, 8.7375], "rotation": {"angle": 0, "axis": "y", "origin": [7.90684, -13.34541, 7.99962]}, "faces": { "north": {"uv": [1, 4, 2, 5], "texture": "#1"}, "east": {"uv": [1, 4, 2, 5], "texture": "#1"}, "south": {"uv": [1, 4, 2, 5], "texture": "#1"}, "west": {"uv": [1, 4, 2, 5], "texture": "#1"}, "up": {"uv": [1, 4, 2, 5], "texture": "#1"}, "down": {"uv": [1, 4, 2, 5], "texture": "#1"} } }, { "name": "Holder", "from": [7.64792, -13.83594, 8.075], "to": [7.8674, -13.46094, 8.825], "rotation": {"angle": 0, "axis": "y", "origin": [7.90855, -13.34375, 9.72148]}, "faces": { "north": {"uv": [1, 4, 2, 5], "texture": "#1"}, "east": {"uv": [1, 4, 2, 5], "texture": "#1"}, "south": {"uv": [1, 4, 2, 5], "texture": "#1"}, "west": {"uv": [1, 4, 2, 5], "texture": "#1"}, "up": {"uv": [1, 4, 2, 5], "texture": "#1"}, "down": {"uv": [1, 4, 2, 5], "texture": "#1"} } }, { "name": "Holder", "from": [7.64792, -14.02344, 8.45], "to": [7.8674, -13.64844, 9.2], "rotation": {"angle": 0, "axis": "y", "origin": [7.90855, -13.34375, 9.72148]}, "faces": { "north": {"uv": [1, 4, 2, 5], "texture": "#1"}, "east": {"uv": [1, 4, 2, 5], "texture": "#1"}, "south": {"uv": [1, 4, 2, 5], "texture": "#1"}, "west": {"uv": [1, 4, 2, 5], "texture": "#1"}, "up": {"uv": [1, 4, 2, 5], "texture": "#1"}, "down": {"uv": [1, 4, 2, 5], "texture": "#1"} } }, { "name": "Holder", "from": [7.64792, -14.21094, 9.0125], "to": [7.8674, -13.83594, 10.1375], "rotation": {"angle": 0, "axis": "y", "origin": [7.90855, -13.34375, 9.72148]}, "faces": { "north": {"uv": [1, 4, 2, 5], "texture": "#1"}, "east": {"uv": [1, 4, 2, 5], "texture": "#1"}, "south": {"uv": [1, 4, 2, 5], "texture": "#1"}, "west": {"uv": [1, 4, 2, 5], "texture": "#1"}, "up": {"uv": [1, 4, 2, 5], "texture": "#1"}, "down": {"uv": [1, 4, 2, 5], "texture": "#1"} } }, { "name": "Holder", "from": [7.64792, -14.77344, 9.95], "to": [7.8674, -14.21094, 10.325], "rotation": {"angle": 0, "axis": "y", "origin": [7.90855, -13.34375, 9.72148]}, "faces": { "north": {"uv": [1, 4, 2, 5], "texture": "#1"}, "east": {"uv": [1, 4, 2, 5], "texture": "#1"}, "south": {"uv": [1, 4, 2, 5], "texture": "#1"}, "west": {"uv": [1, 4, 2, 5], "texture": "#1"}, "up": {"uv": [1, 4, 2, 5], "texture": "#1"}, "down": {"uv": [1, 4, 2, 5], "texture": "#1"} } }, { "name": "Holder", "from": [7.64792, -15.14844, 10.1375], "to": [7.8674, -14.58594, 10.5125], "rotation": {"angle": 0, "axis": "y", "origin": [7.90855, -13.34375, 9.72148]}, "faces": { "north": {"uv": [1, 4, 2, 5], "texture": "#1"}, "east": {"uv": [1, 4, 2, 5], "texture": "#1"}, "south": {"uv": [1, 4, 2, 5], "texture": "#1"}, "west": {"uv": [1, 4, 2, 5], "texture": "#1"}, "up": {"uv": [1, 4, 2, 5], "texture": "#1"}, "down": {"uv": [1, 4, 2, 5], "texture": "#1"} } }, { "name": "Holder", "from": [7.8674, -14.02344, 9.2], "to": [8.08688, -13.64844, 10.5125], "rotation": {"angle": 0, "axis": "y", "origin": [7.90855, -13.34375, 9.72148]}, "faces": { "north": {"uv": [1, 4, 2, 5], "texture": "#1"}, "east": {"uv": [1, 4, 2, 5], "texture": "#1"}, "south": {"uv": [1, 4, 2, 5], "texture": "#1"}, "west": {"uv": [1, 4, 2, 5], "texture": "#1"}, "up": {"uv": [1, 4, 2, 5], "texture": "#1"}, "down": {"uv": [1, 4, 2, 5], "texture": "#1"} } }, { "name": "Holder", "from": [7.8674, -13.83594, 10.325], "to": [8.08688, -13.46094, 10.7], "rotation": {"angle": 0, "axis": "y", "origin": [7.90855, -13.34375, 9.72148]}, "faces": { "north": {"uv": [1, 4, 2, 5], "texture": "#1"}, "east": {"uv": [1, 4, 2, 5], "texture": "#1"}, "south": {"uv": [1, 4, 2, 5], "texture": "#1"}, "west": {"uv": [1, 4, 2, 5], "texture": "#1"}, "up": {"uv": [1, 4, 2, 5], "texture": "#1"}, "down": {"uv": [1, 4, 2, 5], "texture": "#1"} } }, { "name": "Holder", "from": [7.8674, -13.64844, 10.5125], "to": [8.08688, -13.08594, 10.8875], "rotation": {"angle": 0, "axis": "y", "origin": [7.90855, -13.34375, 9.72148]}, "faces": { "north": {"uv": [1, 4, 2, 5], "texture": "#1"}, "east": {"uv": [1, 4, 2, 5], "texture": "#1"}, "south": {"uv": [1, 4, 2, 5], "texture": "#1"}, "west": {"uv": [1, 4, 2, 5], "texture": "#1"}, "up": {"uv": [1, 4, 2, 5], "texture": "#1"}, "down": {"uv": [1, 4, 2, 5], "texture": "#1"} } }, { "name": "Holder", "from": [7.8674, -13.27344, 10.7], "to": [8.08688, -12.33594, 11.075], "rotation": {"angle": 0, "axis": "y", "origin": [7.90855, -13.34375, 9.72148]}, "faces": { "north": {"uv": [1, 4, 2, 5], "texture": "#1"}, "east": {"uv": [1, 4, 2, 5], "texture": "#1"}, "south": {"uv": [1, 4, 2, 5], "texture": "#1"}, "west": {"uv": [1, 4, 2, 5], "texture": "#1"}, "up": {"uv": [1, 4, 2, 5], "texture": "#1"}, "down": {"uv": [1, 4, 2, 5], "texture": "#1"} } }, { "name": "Holder", "from": [7.8674, -12.71094, 10.5125], "to": [8.08688, -12.14844, 10.8875], "rotation": {"angle": 0, "axis": "y", "origin": [7.90855, -13.34375, 9.72148]}, "faces": { "north": {"uv": [1, 4, 2, 5], "texture": "#1"}, "east": {"uv": [1, 4, 2, 5], "texture": "#1"}, "south": {"uv": [1, 4, 2, 5], "texture": "#1"}, "west": {"uv": [1, 4, 2, 5], "texture": "#1"}, "up": {"uv": [1, 4, 2, 5], "texture": "#1"}, "down": {"uv": [1, 4, 2, 5], "texture": "#1"} } }, { "name": "Holder", "from": [7.8674, -12.33594, 9.575], "to": [8.08688, -11.96094, 10.5125], "rotation": {"angle": 0, "axis": "y", "origin": [7.90855, -13.34375, 9.72148]}, "faces": { "north": {"uv": [1, 4, 2, 5], "texture": "#1"}, "east": {"uv": [1, 4, 2, 5], "texture": "#1"}, "south": {"uv": [1, 4, 2, 5], "texture": "#1"}, "west": {"uv": [1, 4, 2, 5], "texture": "#1"}, "up": {"uv": [1, 4, 2, 5], "texture": "#1"}, "down": {"uv": [1, 4, 2, 5], "texture": "#1"} } }, { "name": "Holder", "from": [7.8674, -12.52344, 9.2], "to": [8.08688, -12.14844, 9.7625], "rotation": {"angle": 0, "axis": "y", "origin": [7.90855, -13.34375, 9.72148]}, "faces": { "north": {"uv": [1, 4, 2, 5], "texture": "#1"}, "east": {"uv": [1, 4, 2, 5], "texture": "#1"}, "south": {"uv": [1, 4, 2, 5], "texture": "#1"}, "west": {"uv": [1, 4, 2, 5], "texture": "#1"}, "up": {"uv": [1, 4, 2, 5], "texture": "#1"}, "down": {"uv": [1, 4, 2, 5], "texture": "#1"} } }, { "name": "Holder", "from": [7.8674, -13.08594, 8.825], "to": [8.08688, -12.52344, 9.2], "rotation": {"angle": 0, "axis": "y", "origin": [7.90855, -13.34375, 9.72148]}, "faces": { "north": {"uv": [1, 4, 2, 5], "texture": "#1"}, "east": {"uv": [1, 4, 2, 5], "texture": "#1"}, "south": {"uv": [1, 4, 2, 5], "texture": "#1"}, "west": {"uv": [1, 4, 2, 5], "texture": "#1"}, "up": {"uv": [1, 4, 2, 5], "texture": "#1"}, "down": {"uv": [1, 4, 2, 5], "texture": "#1"} } }, { "name": "Holder", "from": [7.8674, -12.71094, 9.0125], "to": [8.08688, -12.33594, 9.3875], "rotation": {"angle": 0, "axis": "y", "origin": [7.90855, -13.34375, 9.72148]}, "faces": { "north": {"uv": [1, 4, 2, 5], "texture": "#1"}, "east": {"uv": [1, 4, 2, 5], "texture": "#1"}, "south": {"uv": [1, 4, 2, 5], "texture": "#1"}, "west": {"uv": [1, 4, 2, 5], "texture": "#1"}, "up": {"uv": [1, 4, 2, 5], "texture": "#1"}, "down": {"uv": [1, 4, 2, 5], "texture": "#1"} } }, { "name": "Holder", "from": [7.8674, -13.27344, 8.6375], "to": [8.08688, -12.89844, 9.0125], "rotation": {"angle": 0, "axis": "y", "origin": [7.90855, -13.34375, 9.72148]}, "faces": { "north": {"uv": [1, 4, 2, 5], "texture": "#1"}, "east": {"uv": [1, 4, 2, 5], "texture": "#1"}, "south": {"uv": [1, 4, 2, 5], "texture": "#1"}, "west": {"uv": [1, 4, 2, 5], "texture": "#1"}, "up": {"uv": [1, 4, 2, 5], "texture": "#1"}, "down": {"uv": [1, 4, 2, 5], "texture": "#1"} } }, { "from": [7.54992, -1.39214, 7.5], "to": [8.44992, -0.37164, 8.5], "rotation": {"angle": 0, "axis": "y", "origin": [0.52492, 15.47136, 15.85]}, "faces": { "north": {"uv": [16, 0, 15, 1], "texture": "#1"}, "east": {"uv": [12, 7, 3, 16], "texture": "#1"}, "south": {"uv": [16, 0, 15, 1], "texture": "#1"}, "west": {"uv": [12, 7, 3, 16], "texture": "#1"}, "up": {"uv": [16, 0, 15, 1], "texture": "#1"}, "down": {"uv": [16, 0, 15, 1], "texture": "#1"} } } ], "display": { "thirdperson_righthand": { "translation": [0, 7.75, 0.5], "scale": [0.7, 0.7, 0.7] }, "thirdperson_lefthand": { "rotation": [6, 47, 72], "translation": [-7, -6, 7.75], "scale": [0.7, 0.7, 0.7] }, "firstperson_righthand": { "rotation": [-24, -3, 0], "translation": [6, 6.75, -4], "scale": [0.69141, 0.69141, 0.5625] }, "firstperson_lefthand": { "rotation": [133, -180, 0], "translation": [0.75, -2, 8.25], "scale": [0.69141, 0.69141, 0.5625] }, "ground": { "rotation": [90, 90, 0], "translation": [0, -3.25, 0.25], "scale": [0.55, 0.55, 0.55] }, "gui": { "rotation": [57, 23, -36], "translation": [-0.5, 0.25, -0.25], "scale": [0.4, 0.4, 0.4] }, "head": { "rotation": [65, 0, 0], "translation": [0, -16, -4.25] }, "fixed": { "rotation": [0, 90, 0], "translation": [0, 7, 0], "scale": [2, 2, 2] } }, "groups": [ { "name": "Handle", "origin": [8, 8, 8], "color": 0, "children": [ { "name": "Handle1", "origin": [8, 8, 8], "color": 0, "children": [] }, { "name": "Handle2", "origin": [8, -9.5, 8], "color": 0, "children": [] }, { "name": "Handle3", "origin": [8, 8, 8], "color": 0, "children": [] } ] }, { "name": "Blade", "origin": [8, -3, 8], "color": 0, "children": [ { "name": "Blade1", "origin": [8, 8, 8], "color": 0, "children": [0, 1, 2, 3, 4, 5, 6, 7, 8, 9, 10, 11, 12, 13, 14, 15, 16, 17, 18, 19] }, { "name": "Blade2", "origin": [0.52492, 17.22036, 15.875], "color": 0, "children": [20, 21, 22, 23, 24, 25, 26, 27, 28, 29, 30, 31, 32, 33, 34, 35, 36, 37, 38, 39, 40, 41, 42, 43] }, { "name": "Blade3", "origin": [0.52492, 18.96936, 15.9], "color": 0, "children": [44, 45, 46, 47, 48, 49, 50, 51, 52, 53, 54, 55, 56, 57, 58, 59, 60, 61, 62, 63, 64, 65, 66, 67, 68, 69, 70, 71, 72] } ] }, 73, 74, 75, 76, 77, 78, 79, 80, 81, 82, 83, 84, 85, 86, 87, 88, 89, 90, 91, 92, 93, 94, 95, { "name": "group", "origin": [7.925, -3.5, 8], "color": 0, "children": [ { "name": "group", "origin": [7.925, -3.5, 8], "color": 0, "children": [96, 97, 98, 99, 100, 101, 102, 103, 104, 105, 106, 107, 108, 109, 110, 111] }, { "name": "group", "origin": [7.925, -3.5, 8], "color": 0, "children": [112, 113, 114, 115, 116, 117, 118, 119, 120, 121, 122, 123, 124, 125, 126, 127, 128] } ] }, 129 ] }