{ "credit": "Made with Blockbench", "textures": { "0": "block/black_concrete_powder", "1": "block/yellow_concrete_powder", "2": "block/gray_concrete", "3": "block/red_concrete_powder" }, "elements": [ { "name": "octagon", "from": [7.68059, -4.325, 7.22888], "to": [8.31941, 2.675, 8.77112], "rotation": {"angle": 45, "axis": "y", "origin": [8, -6.075, 8]}, "faces": { "north": {"uv": [2, 0, 3, 16], "texture": "#0"}, "east": {"uv": [2, 0, 3, 16], "texture": "#0"}, "south": {"uv": [2, 0, 3, 16], "texture": "#0"}, "west": {"uv": [2, 0, 3, 16], "texture": "#0"}, "up": {"uv": [2, 0, 3, 16], "texture": "#0"}, "down": {"uv": [2, 0, 3, 16], "texture": "#0"} } }, { "name": "octagon", "from": [7.68059, -4.325, 7.22888], "to": [8.31941, 2.675, 8.77112], "rotation": {"angle": 0, "axis": "y", "origin": [8, -6.075, 8]}, "faces": { "north": {"uv": [2, 0, 3, 16], "texture": "#0"}, "east": {"uv": [2, 0, 3, 16], "texture": "#0"}, "south": {"uv": [2, 0, 3, 16], "texture": "#0"}, "west": {"uv": [2, 0, 3, 16], "texture": "#0"}, "up": {"uv": [2, 0, 3, 16], "texture": "#0"}, "down": {"uv": [2, 0, 3, 16], "texture": "#0"} } }, { "name": "octagon", "from": [7.22888, -4.325, 7.68059], "to": [8.77112, 2.675, 8.31941], "rotation": {"angle": 45, "axis": "y", "origin": [8, -6.075, 8]}, "faces": { "north": {"uv": [2, 0, 3, 16], "texture": "#0"}, "east": {"uv": [2, 0, 3, 16], "texture": "#0"}, "south": {"uv": [2, 0, 3, 16], "texture": "#0"}, "west": {"uv": [2, 0, 3, 16], "texture": "#0"}, "up": {"uv": [2, 0, 3, 16], "texture": "#0"}, "down": {"uv": [2, 0, 3, 16], "texture": "#0"} } }, { "name": "octagon", "from": [7.22888, -4.325, 7.68059], "to": [8.77112, 2.675, 8.31941], "rotation": {"angle": 0, "axis": "y", "origin": [8, -6.075, 8]}, "faces": { "north": {"uv": [2, 0, 3, 16], "texture": "#0"}, "east": {"uv": [2, 0, 3, 16], "texture": "#0"}, "south": {"uv": [2, 0, 3, 16], "texture": "#0"}, "west": {"uv": [2, 0, 3, 16], "texture": "#0"}, "up": {"uv": [2, 0, 3, 16], "texture": "#0"}, "down": {"uv": [2, 0, 3, 16], "texture": "#0"} } }, { "name": "octagon", "from": [7.68059, -5.825, 7.22888], "to": [8.31941, -4.575, 8.77112], "rotation": {"angle": 45, "axis": "y", "origin": [8, -6.075, 8]}, "faces": { "north": {"uv": [2, 0, 3, 3], "texture": "#0"}, "east": {"uv": [2, 0, 3, 3], "texture": "#0"}, "south": {"uv": [2, 0, 3, 3], "texture": "#0"}, "west": {"uv": [2, 0, 3, 3], "texture": "#0"}, "up": {"uv": [2, 0, 3, 3], "texture": "#0"}, "down": {"uv": [2, 0, 3, 3], "texture": "#0"} } }, { "name": "octagon", "from": [7.68059, -5.825, 7.22888], "to": [8.31941, -4.575, 8.77112], "rotation": {"angle": 0, "axis": "y", "origin": [8, -6.075, 8]}, "faces": { "north": {"uv": [2, 0, 3, 3], "texture": "#0"}, "east": {"uv": [2, 0, 3, 3], "texture": "#0"}, "south": {"uv": [2, 0, 3, 3], "texture": "#0"}, "west": {"uv": [2, 0, 3, 3], "texture": "#0"}, "up": {"uv": [2, 0, 3, 3], "texture": "#0"}, "down": {"uv": [2, 0, 3, 3], "texture": "#0"} } }, { "name": "octagon", "from": [7.22888, -5.825, 7.68059], "to": [8.77112, -4.575, 8.31941], "rotation": {"angle": 45, "axis": "y", "origin": [8, -6.075, 8]}, "faces": { "north": {"uv": [2, 0, 3, 3], "texture": "#0"}, "east": {"uv": [2, 0, 3, 3], "texture": "#0"}, "south": {"uv": [2, 0, 3, 3], "texture": "#0"}, "west": {"uv": [2, 0, 3, 3], "texture": "#0"}, "up": {"uv": [2, 0, 3, 3], "texture": "#0"}, "down": {"uv": [2, 0, 3, 3], "texture": "#0"} } }, { "name": "octagon", "from": [7.22888, -5.825, 7.68059], "to": [8.77112, -4.575, 8.31941], "rotation": {"angle": 0, "axis": "y", "origin": [8, -9.075, 8]}, "faces": { "north": {"uv": [2, 0, 3, 3], "texture": "#0"}, "east": {"uv": [2, 0, 3, 3], "texture": "#0"}, "south": {"uv": [2, 0, 3, 3], "texture": "#0"}, "west": {"uv": [2, 0, 3, 3], "texture": "#0"}, "up": {"uv": [2, 0, 3, 3], "texture": "#0"}, "down": {"uv": [2, 0, 3, 3], "texture": "#0"} } }, { "name": "octagon", "from": [7.69976, -6.325, 7.27515], "to": [8.30024, 3.675, 8.72485], "rotation": {"angle": 45, "axis": "y", "origin": [8, -6.075, 8]}, "faces": { "north": {"uv": [6, 0, 7, 16], "texture": "#1"}, "east": {"uv": [6, 0, 7, 16], "texture": "#1"}, "south": {"uv": [6, 0, 7, 16], "texture": "#1"}, "west": {"uv": [6, 0, 7, 16], "texture": "#1"}, "up": {"uv": [6, 0, 7, 1], "texture": "#1"}, "down": {"uv": [6, 0, 7, 1], "texture": "#1"} } }, { "name": "octagon", "from": [7.69976, -6.325, 7.27515], "to": [8.30024, 3.675, 8.72485], "rotation": {"angle": 0, "axis": "y", "origin": [8, -6.075, 8]}, "faces": { "north": {"uv": [6, 0, 7, 16], "texture": "#1"}, "east": {"uv": [6, 0, 7, 16], "texture": "#1"}, "south": {"uv": [6, 0, 7, 16], "texture": "#1"}, "west": {"uv": [6, 0, 7, 16], "texture": "#1"}, "up": {"uv": [6, 0, 7, 1], "texture": "#1"}, "down": {"uv": [6, 0, 7, 1], "texture": "#1"} } }, { "name": "octagon", "from": [7.27515, -6.325, 7.69976], "to": [8.72485, 3.675, 8.30024], "rotation": {"angle": 45, "axis": "y", "origin": [8, -6.075, 8]}, "faces": { "north": {"uv": [6, 0, 7, 16], "texture": "#1"}, "east": {"uv": [6, 0, 7, 16], "texture": "#1"}, "south": {"uv": [6, 0, 7, 16], "texture": "#1"}, "west": {"uv": [6, 0, 7, 16], "texture": "#1"}, "up": {"uv": [6, 0, 7, 1], "texture": "#1"}, "down": {"uv": [6, 0, 7, 1], "texture": "#1"} } }, { "name": "octagon", "from": [7.27515, -6.325, 7.69976], "to": [8.72485, 3.675, 8.30024], "rotation": {"angle": 0, "axis": "y", "origin": [8, -6.075, 8]}, "faces": { "north": {"uv": [6, 0, 7, 16], "texture": "#1"}, "east": {"uv": [6, 0, 7, 16], "texture": "#1"}, "south": {"uv": [6, 0, 7, 16], "texture": "#1"}, "west": {"uv": [6, 0, 7, 16], "texture": "#1"}, "up": {"uv": [6, 0, 7, 1], "texture": "#1"}, "down": {"uv": [6, 0, 7, 1], "texture": "#1"} } }, { "name": "octagon", "from": [4.875, 3.175, 8.44976], "to": [11.125, 3.375, 8.70024], "rotation": {"angle": 0, "axis": "y", "origin": [8.09985, -6.125, 8]}, "faces": { "north": {"uv": [10, 8, 11, 9], "texture": "#1"}, "east": {"uv": [10, 8, 11, 9], "texture": "#1"}, "south": {"uv": [10, 8, 11, 9], "texture": "#1"}, "west": {"uv": [10, 8, 11, 9], "texture": "#1"}, "up": {"uv": [10, 8, 11, 9], "texture": "#1"}, "down": {"uv": [10, 8, 11, 9], "texture": "#1"} } }, { "name": "octagon", "from": [4.90164, 3.175, 8.2207], "to": [5.40164, 3.375, 8.47119], "rotation": {"angle": 45, "axis": "y", "origin": [4.02664, 3.275, 8.39594]}, "faces": { "north": {"uv": [10, 8, 11, 9], "texture": "#1"}, "east": {"uv": [10, 8, 11, 9], "texture": "#1"}, "south": {"uv": [10, 8, 11, 9], "texture": "#1"}, "west": {"uv": [10, 8, 11, 9], "texture": "#1"}, "up": {"uv": [10, 8, 11, 9], "texture": "#1"}, "down": {"uv": [10, 8, 11, 9], "texture": "#1"} } }, { "name": "octagon", "from": [4.52145, 3.175, 7.65], "to": [4.77193, 3.375, 8.35], "rotation": {"angle": 0, "axis": "y", "origin": [4.69669, 3.275, 7.9]}, "faces": { "north": {"uv": [10, 8, 11, 9], "texture": "#1"}, "east": {"uv": [10, 8, 11, 9], "texture": "#1"}, "south": {"uv": [10, 8, 11, 9], "texture": "#1"}, "west": {"uv": [10, 8, 11, 9], "texture": "#1"}, "up": {"uv": [10, 8, 11, 9], "texture": "#1"}, "down": {"uv": [10, 8, 11, 9], "texture": "#1"} } }, { "name": "octagon", "from": [10.59836, 3.175, 8.2207], "to": [11.09836, 3.375, 8.47119], "rotation": {"angle": -45, "axis": "y", "origin": [11.97336, 3.275, 8.39594]}, "faces": { "north": {"uv": [10, 8, 11, 9], "texture": "#1"}, "east": {"uv": [10, 8, 11, 9], "texture": "#1"}, "south": {"uv": [10, 8, 11, 9], "texture": "#1"}, "west": {"uv": [10, 8, 11, 9], "texture": "#1"}, "up": {"uv": [10, 8, 11, 9], "texture": "#1"}, "down": {"uv": [10, 8, 11, 9], "texture": "#1"} } }, { "name": "octagon", "from": [10.59836, 3.175, 7.52881], "to": [11.09836, 3.375, 7.7793], "rotation": {"angle": 45, "axis": "y", "origin": [11.97336, 3.275, 7.60406]}, "faces": { "north": {"uv": [10, 8, 11, 9], "texture": "#1"}, "east": {"uv": [10, 8, 11, 9], "texture": "#1"}, "south": {"uv": [10, 8, 11, 9], "texture": "#1"}, "west": {"uv": [10, 8, 11, 9], "texture": "#1"}, "up": {"uv": [10, 8, 11, 9], "texture": "#1"}, "down": {"uv": [10, 8, 11, 9], "texture": "#1"} } }, { "name": "octagon", "from": [11.22807, 3.175, 7.65], "to": [11.47855, 3.375, 8.35], "rotation": {"angle": 0, "axis": "y", "origin": [11.30331, 3.275, 7.9]}, "faces": { "north": {"uv": [10, 8, 11, 9], "texture": "#1"}, "east": {"uv": [10, 8, 11, 9], "texture": "#1"}, "south": {"uv": [10, 8, 11, 9], "texture": "#1"}, "west": {"uv": [10, 8, 11, 9], "texture": "#1"}, "up": {"uv": [10, 8, 11, 9], "texture": "#1"}, "down": {"uv": [10, 8, 11, 9], "texture": "#1"} } }, { "name": "octagon", "from": [4.875, 3.175, 7.29976], "to": [11.125, 3.375, 7.55024], "rotation": {"angle": 0, "axis": "y", "origin": [8.09985, -6.125, 8]}, "faces": { "north": {"uv": [10, 8, 11, 9], "texture": "#1"}, "east": {"uv": [10, 8, 11, 9], "texture": "#1"}, "south": {"uv": [10, 8, 11, 9], "texture": "#1"}, "west": {"uv": [10, 8, 11, 9], "texture": "#1"}, "up": {"uv": [10, 8, 11, 9], "texture": "#1"}, "down": {"uv": [10, 8, 11, 9], "texture": "#1"} } }, { "name": "octagon", "from": [4.90164, 3.175, 7.52881], "to": [5.40164, 3.375, 7.7793], "rotation": {"angle": -45, "axis": "y", "origin": [4.02664, 3.275, 7.60406]}, "faces": { "north": {"uv": [10, 8, 11, 9], "texture": "#1"}, "east": {"uv": [10, 8, 11, 9], "texture": "#1"}, "south": {"uv": [10, 8, 11, 9], "texture": "#1"}, "west": {"uv": [10, 8, 11, 9], "texture": "#1"}, "up": {"uv": [10, 8, 11, 9], "texture": "#1"}, "down": {"uv": [10, 8, 11, 9], "texture": "#1"} } }, { "name": "octagon", "from": [4.77193, 3.2, 7.55], "to": [11.22193, 3.35, 8.45], "rotation": {"angle": 0, "axis": "y", "origin": [4.69669, 3.275, 7.9]}, "faces": { "north": {"uv": [1, 4, 2, 3], "rotation": 270, "texture": "#0"}, "east": {"uv": [1, 4, 2, 3], "rotation": 270, "texture": "#0"}, "south": {"uv": [1, 4, 2, 3], "rotation": 270, "texture": "#0"}, "west": {"uv": [1, 4, 2, 3], "rotation": 270, "texture": "#0"}, "up": {"uv": [1, 4, 2, 3], "rotation": 270, "texture": "#0"}, "down": {"uv": [1, 4, 2, 3], "rotation": 270, "texture": "#0"} } }, { "name": "octagon", "from": [7.44982, 3.675, 7.6514], "to": [8.55018, 3.925, 8.3486], "rotation": {"angle": 0, "axis": "y", "origin": [8, -6.075, 8]}, "faces": { "north": {"uv": [6, 0, 7, 1], "texture": "#1"}, "east": {"uv": [6, 0, 7, 1], "texture": "#1"}, "south": {"uv": [6, 0, 7, 1], "texture": "#1"}, "west": {"uv": [6, 0, 7, 1], "texture": "#1"}, "up": {"uv": [6, 0, 7, 1], "texture": "#1"}, "down": {"uv": [6, 0, 7, 1], "texture": "#1"} } }, { "name": "octagon", "from": [7.34982, 3.675, 7.7514], "to": [8.65018, 3.925, 8.2486], "rotation": {"angle": 0, "axis": "y", "origin": [8, -6.075, 8]}, "faces": { "north": {"uv": [6, 0, 7, 1], "texture": "#1"}, "east": {"uv": [6, 0, 7, 1], "texture": "#1"}, "south": {"uv": [6, 0, 7, 1], "texture": "#1"}, "west": {"uv": [6, 0, 7, 1], "texture": "#1"}, "up": {"uv": [6, 0, 7, 1], "texture": "#1"}, "down": {"uv": [6, 0, 7, 1], "texture": "#1"} } }, { "from": [7.3702, 12.2976, 7.8559], "to": [8.4502, 13.5936, 8.1219], "rotation": {"angle": 0, "axis": "y", "origin": [2.2208, 14.7756, 15.1335]}, "faces": { "north": {"uv": [0, 0, 1.25, 1], "texture": "#2"}, "east": {"uv": [0, 0, 0.55, 1], "texture": "#2"}, "south": {"uv": [0, 0, 1.25, 1], "texture": "#2"}, "west": {"uv": [0, 0, 0.55, 1], "texture": "#2"}, "up": {"uv": [0, 0, 1.25, 0.55], "rotation": 180, "texture": "#2"}, "down": {"uv": [0, 0, 1.25, 0.55], "rotation": 180, "texture": "#2"} } }, { "from": [7.327, 13.5936, 7.8559], "to": [8.407, 14.8248, 8.1219], "rotation": {"angle": 0, "axis": "y", "origin": [2.1776, 16.0716, 15.1335]}, "faces": { "north": {"uv": [0, 0, 1.25, 0.95], "texture": "#2"}, "east": {"uv": [0, 0, 0.55, 0.95], "texture": "#2"}, "south": {"uv": [0, 0, 1.25, 0.95], "texture": "#2"}, "west": {"uv": [0, 0, 0.55, 0.95], "texture": "#2"}, "up": {"uv": [0, 0, 1.25, 0.55], "rotation": 180, "texture": "#2"}, "down": {"uv": [0, 0, 1.25, 0.55], "rotation": 180, "texture": "#2"} } }, { "from": [7.2838, 14.8248, 7.8559], "to": [8.3638, 15.9912, 8.1219], "rotation": {"angle": 0, "axis": "y", "origin": [2.1344, 17.3028, 15.1335]}, "faces": { "north": {"uv": [0, 0, 1.25, 0.9], "texture": "#2"}, "east": {"uv": [0, 0, 0.55, 0.9], "texture": "#2"}, "south": {"uv": [0, 0, 1.25, 0.9], "texture": "#2"}, "west": {"uv": [0, 0, 0.55, 0.9], "texture": "#2"}, "up": {"uv": [0, 0, 1.25, 0.55], "rotation": 180, "texture": "#2"}, "down": {"uv": [0, 0, 1.25, 0.55], "rotation": 180, "texture": "#2"} } }, { "from": [7.219, 15.9912, 7.8559], "to": [8.299, 17.0928, 8.1219], "rotation": {"angle": 0, "axis": "y", "origin": [2.0696, 18.4692, 15.1335]}, "faces": { "north": {"uv": [0, 0, 1.25, 0.85], "texture": "#2"}, "east": {"uv": [0, 0, 0.55, 0.85], "texture": "#2"}, "south": {"uv": [0, 0, 1.25, 0.85], "texture": "#2"}, "west": {"uv": [0, 0, 0.55, 0.85], "texture": "#2"}, "up": {"uv": [0, 0, 1.25, 0.55], "rotation": 180, "texture": "#2"}, "down": {"uv": [0, 0, 1.25, 0.55], "rotation": 180, "texture": "#2"} } }, { "from": [7.1542, 17.0928, 7.8559], "to": [8.2342, 18.1296, 8.1219], "rotation": {"angle": 0, "axis": "y", "origin": [2.0048, 19.5708, 15.1335]}, "faces": { "north": {"uv": [0, 0, 1.25, 0.8], "texture": "#2"}, "east": {"uv": [0, 0, 0.55, 0.8], "texture": "#2"}, "south": {"uv": [0, 0, 1.25, 0.8], "texture": "#2"}, "west": {"uv": [0, 0, 0.55, 0.8], "texture": "#2"}, "up": {"uv": [0, 0, 1.25, 0.55], "rotation": 180, "texture": "#2"}, "down": {"uv": [0, 0, 1.25, 0.55], "rotation": 180, "texture": "#2"} } }, { "from": [7.0678, 18.1296, 7.8559], "to": [8.1478, 19.1016, 8.1219], "rotation": {"angle": 0, "axis": "y", "origin": [1.9184, 20.6076, 15.1335]}, "faces": { "north": {"uv": [0, 0, 1.25, 0.75], "texture": "#2"}, "east": {"uv": [0, 0, 0.55, 0.75], "texture": "#2"}, "south": {"uv": [0, 0, 1.25, 0.75], "texture": "#2"}, "west": {"uv": [0, 0, 0.55, 0.75], "texture": "#2"}, "up": {"uv": [0, 0, 1.25, 0.55], "rotation": 180, "texture": "#2"}, "down": {"uv": [0, 0, 1.25, 0.55], "rotation": 180, "texture": "#2"} } }, { "from": [7.0246, 19.1016, 7.8559], "to": [8.0614, 20.0412, 8.1219], "rotation": {"angle": 0, "axis": "y", "origin": [1.832, 21.5796, 15.1335]}, "faces": { "north": {"uv": [0, 0, 1.2, 0.725], "texture": "#2"}, "east": {"uv": [0, 0, 0.55, 0.725], "texture": "#2"}, "south": {"uv": [0, 0, 1.2, 0.725], "texture": "#2"}, "west": {"uv": [0, 0, 0.55, 0.725], "texture": "#2"}, "up": {"uv": [0, 0, 1.2, 0.55], "rotation": 180, "texture": "#2"}, "down": {"uv": [0, 0, 1.2, 0.55], "rotation": 180, "texture": "#2"} } }, { "from": [6.9166, 20.0412, 7.8559], "to": [7.9534, 20.9808, 8.1219], "rotation": {"angle": 0, "axis": "y", "origin": [1.724, 22.5192, 15.1335]}, "faces": { "north": {"uv": [0, 0, 1.2, 0.725], "texture": "#2"}, "east": {"uv": [0, 0, 0.55, 0.725], "texture": "#2"}, "south": {"uv": [0, 0, 1.2, 0.725], "texture": "#2"}, "west": {"uv": [0, 0, 0.55, 0.725], "texture": "#2"}, "up": {"uv": [0, 0, 1.2, 0.55], "rotation": 180, "texture": "#2"}, "down": {"uv": [0, 0, 1.2, 0.55], "rotation": 180, "texture": "#2"} } }, { "from": [6.8086, 20.9808, 7.8559], "to": [7.8454, 21.888, 8.1219], "rotation": {"angle": 0, "axis": "y", "origin": [1.616, 23.4588, 15.1335]}, "faces": { "north": {"uv": [0, 0, 1.2, 0.7], "texture": "#2"}, "east": {"uv": [0, 0, 0.55, 0.7], "texture": "#2"}, "south": {"uv": [0, 0, 1.2, 0.7], "texture": "#2"}, "west": {"uv": [0, 0, 0.55, 0.7], "texture": "#2"}, "up": {"uv": [0, 0, 1.2, 0.55], "rotation": 180, "texture": "#2"}, "down": {"uv": [0, 0, 1.2, 0.55], "rotation": 180, "texture": "#2"} } }, { "from": [6.7222, 21.888, 7.8559], "to": [7.7158, 22.7304, 8.1219], "rotation": {"angle": 0, "axis": "y", "origin": [1.4864, 24.366, 15.1335]}, "faces": { "north": {"uv": [0, 0, 1.15, 0.65], "texture": "#2"}, "east": {"uv": [0, 0, 0.55, 0.65], "texture": "#2"}, "south": {"uv": [0, 0, 1.15, 0.65], "texture": "#2"}, "west": {"uv": [0, 0, 0.55, 0.65], "texture": "#2"}, "up": {"uv": [0, 0, 1.15, 0.55], "rotation": 180, "texture": "#2"}, "down": {"uv": [0, 0, 1.15, 0.55], "rotation": 180, "texture": "#2"} } }, { "from": [6.596, 22.7304, 7.8559], "to": [7.5896, 23.508, 8.1219], "rotation": {"angle": 0, "axis": "y", "origin": [1.3352, 25.2084, 15.1335]}, "faces": { "north": {"uv": [0, 0, 1.15, 0.6], "texture": "#2"}, "east": {"uv": [0, 0, 0.55, 0.6], "texture": "#2"}, "south": {"uv": [0, 0, 1.15, 0.6], "texture": "#2"}, "west": {"uv": [0, 0, 0.55, 0.6], "texture": "#2"}, "up": {"uv": [0, 0, 1.15, 0.55], "rotation": 180, "texture": "#2"}, "down": {"uv": [0, 0, 1.15, 0.55], "rotation": 180, "texture": "#2"} } }, { "from": [6.4664, 23.508, 7.8559], "to": [7.4168, 24.2856, 8.1219], "rotation": {"angle": 0, "axis": "y", "origin": [1.1624, 25.986, 15.1335]}, "faces": { "north": {"uv": [0, 0, 1.1, 0.6], "texture": "#2"}, "east": {"uv": [0, 0, 0.55, 0.6], "texture": "#2"}, "south": {"uv": [0, 0, 1.1, 0.6], "texture": "#2"}, "west": {"uv": [0, 0, 0.55, 0.6], "texture": "#2"}, "up": {"uv": [0, 0, 1.1, 0.55], "rotation": 180, "texture": "#2"}, "down": {"uv": [0, 0, 1.1, 0.55], "rotation": 180, "texture": "#2"} } }, { "from": [6.2936, 24.2856, 7.8559], "to": [7.2008, 24.9336, 8.1219], "rotation": {"angle": 0, "axis": "y", "origin": [0.9464, 26.7636, 15.1335]}, "faces": { "north": {"uv": [0, 0, 1.05, 0.5], "texture": "#2"}, "east": {"uv": [0, 0, 0.55, 0.5], "texture": "#2"}, "south": {"uv": [0, 0, 1.05, 0.5], "texture": "#2"}, "west": {"uv": [0, 0, 0.55, 0.5], "texture": "#2"}, "up": {"uv": [0, 0, 1.05, 0.55], "rotation": 180, "texture": "#2"}, "down": {"uv": [0, 0, 1.05, 0.55], "rotation": 180, "texture": "#2"} } }, { "from": [6.164, 24.9336, 7.8559], "to": [7.0064, 25.5816, 8.1219], "rotation": {"angle": 0, "axis": "y", "origin": [0.752, 27.4116, 15.1335]}, "faces": { "north": {"uv": [0, 0, 0.975, 0.5], "texture": "#2"}, "east": {"uv": [0, 0, 0.55, 0.5], "texture": "#2"}, "south": {"uv": [0, 0, 0.975, 0.5], "texture": "#2"}, "west": {"uv": [0, 0, 0.55, 0.5], "texture": "#2"}, "up": {"uv": [0, 0, 0.975, 0.55], "rotation": 180, "texture": "#2"}, "down": {"uv": [0, 0, 0.975, 0.55], "rotation": 180, "texture": "#2"} } }, { "from": [6.0128, 25.5816, 7.8559], "to": [6.812, 26.1648, 8.1219], "rotation": {"angle": 0, "axis": "y", "origin": [0.5576, 28.0596, 15.1335]}, "faces": { "north": {"uv": [0, 0, 0.925, 0.45], "texture": "#2"}, "east": {"uv": [0, 0, 0.55, 0.45], "texture": "#2"}, "south": {"uv": [0, 0, 0.925, 0.45], "texture": "#2"}, "west": {"uv": [0, 0, 0.55, 0.45], "texture": "#2"}, "up": {"uv": [0, 0, 0.925, 0.55], "rotation": 180, "texture": "#2"}, "down": {"uv": [0, 0, 0.925, 0.55], "rotation": 180, "texture": "#2"} } }, { "from": [5.8616, 26.1648, 7.8559], "to": [6.5528, 26.6832, 8.1219], "rotation": {"angle": 0, "axis": "y", "origin": [0.2984, 28.6428, 15.1335]}, "faces": { "north": {"uv": [0, 0, 0.8, 0.4], "texture": "#2"}, "east": {"uv": [0, 0, 0.55, 0.4], "texture": "#2"}, "south": {"uv": [0, 0, 0.8, 0.4], "texture": "#2"}, "west": {"uv": [0, 0, 0.55, 0.4], "texture": "#2"}, "up": {"uv": [0, 0, 0.8, 0.55], "rotation": 180, "texture": "#2"}, "down": {"uv": [0, 0, 0.8, 0.55], "rotation": 180, "texture": "#2"} } }, { "from": [5.6888, 26.6832, 7.8559], "to": [6.2936, 27.1044, 8.1219], "rotation": {"angle": 0, "axis": "y", "origin": [0.0392, 29.1612, 15.1335]}, "faces": { "north": {"uv": [0, 0, 0.7, 0.325], "texture": "#2"}, "east": {"uv": [0, 0, 0.55, 0.325], "texture": "#2"}, "south": {"uv": [0, 0, 0.7, 0.325], "texture": "#2"}, "west": {"uv": [0, 0, 0.55, 0.325], "texture": "#2"}, "up": {"uv": [0, 0, 0.7, 0.55], "rotation": 180, "texture": "#2"}, "down": {"uv": [0, 0, 0.7, 0.55], "rotation": 180, "texture": "#2"} } }, { "from": [5.4728, 27.1044, 7.8559], "to": [6.0344, 27.5256, 8.1219], "rotation": {"angle": 0, "axis": "y", "origin": [-0.22, 29.5824, 15.1335]}, "faces": { "north": {"uv": [0, 0, 0.65, 0.325], "texture": "#2"}, "east": {"uv": [0, 0, 0.55, 0.325], "texture": "#2"}, "south": {"uv": [0, 0, 0.65, 0.325], "texture": "#2"}, "west": {"uv": [0, 0, 0.55, 0.325], "texture": "#2"}, "up": {"uv": [0, 0, 0.65, 0.55], "rotation": 180, "texture": "#2"}, "down": {"uv": [0, 0, 0.65, 0.55], "rotation": 180, "texture": "#2"} } }, { "from": [5.2784, 27.5256, 7.8559], "to": [5.7752, 27.882, 8.1219], "rotation": {"angle": 0, "axis": "y", "origin": [-0.4792, 30.0036, 15.1335]}, "faces": { "north": {"uv": [0, 0, 0.575, 0.275], "texture": "#2"}, "east": {"uv": [0, 0, 0.55, 0.275], "texture": "#2"}, "south": {"uv": [0, 0, 0.575, 0.275], "texture": "#2"}, "west": {"uv": [0, 0, 0.55, 0.275], "texture": "#2"}, "up": {"uv": [0, 0, 0.575, 0.55], "rotation": 180, "texture": "#2"}, "down": {"uv": [0, 0, 0.575, 0.55], "rotation": 180, "texture": "#2"} } }, { "from": [5.0192, 27.882, 7.8559], "to": [5.516, 28.1736, 8.1219], "rotation": {"angle": 0, "axis": "y", "origin": [-0.7384, 30.36, 15.1335]}, "faces": { "north": {"uv": [0, 0, 0.575, 0.225], "texture": "#2"}, "east": {"uv": [0, 0, 0.55, 0.225], "texture": "#2"}, "south": {"uv": [0, 0, 0.575, 0.225], "texture": "#2"}, "west": {"uv": [0, 0, 0.55, 0.225], "texture": "#2"}, "up": {"uv": [0, 0, 0.575, 0.55], "rotation": 180, "texture": "#2"}, "down": {"uv": [0, 0, 0.575, 0.55], "rotation": 180, "texture": "#2"} } }, { "from": [4.71, 28.1736, 7.8559], "to": [5.2068, 28.4004, 8.1219], "rotation": {"angle": 0, "axis": "y", "origin": [-0.9976, 30.6516, 15.1335]}, "faces": { "north": {"uv": [0, 0, 0.575, 0.175], "texture": "#2"}, "east": {"uv": [0, 0, 0.55, 0.175], "texture": "#2"}, "south": {"uv": [0, 0, 0.575, 0.175], "texture": "#2"}, "west": {"uv": [0, 0, 0.55, 0.175], "texture": "#2"}, "up": {"uv": [0, 0, 0.575, 0.55], "rotation": 180, "texture": "#2"}, "down": {"uv": [0, 0, 0.575, 0.55], "rotation": 180, "texture": "#2"} } }, { "from": [7.4134, 11.0016, 7.8559], "to": [8.4934, 12.2976, 8.1219], "rotation": {"angle": 0, "axis": "y", "origin": [2.264, 13.4796, 15.1335]}, "faces": { "north": {"uv": [0, 0, 1.25, 1], "texture": "#2"}, "east": {"uv": [0, 0, 0.55, 1], "texture": "#2"}, "south": {"uv": [0, 0, 1.25, 1], "texture": "#2"}, "west": {"uv": [0, 0, 0.55, 1], "texture": "#2"}, "up": {"uv": [0, 0, 1.25, 0.55], "rotation": 180, "texture": "#2"}, "down": {"uv": [0, 0, 1.25, 0.55], "rotation": 180, "texture": "#2"} } }, { "from": [7.435, 9.7056, 7.8559], "to": [8.515, 11.0016, 8.1219], "rotation": {"angle": 0, "axis": "y", "origin": [2.2856, 12.1836, 15.1335]}, "faces": { "north": {"uv": [0, 0, 1.25, 1], "texture": "#2"}, "east": {"uv": [0, 0, 0.55, 1], "texture": "#2"}, "south": {"uv": [0, 0, 1.25, 1], "texture": "#2"}, "west": {"uv": [0, 0, 0.55, 1], "texture": "#2"}, "up": {"uv": [0, 0, 1.25, 0.55], "rotation": 180, "texture": "#2"}, "down": {"uv": [0, 0, 1.25, 0.55], "rotation": 180, "texture": "#2"} } }, { "from": [7.46, 3.8736, 7.8559], "to": [8.54, 9.7056, 8.1219], "rotation": {"angle": 0, "axis": "y", "origin": [2.2856, 10.8876, 15.1335]}, "faces": { "north": {"uv": [0, 0, 1.25, 4.5], "texture": "#2"}, "east": {"uv": [0, 0, 0.55, 4.5], "texture": "#2"}, "south": {"uv": [0, 0, 1.25, 4.5], "texture": "#2"}, "west": {"uv": [0, 0, 0.55, 4.5], "texture": "#2"}, "up": {"uv": [0, 0, 1.25, 0.55], "rotation": 180, "texture": "#2"}, "down": {"uv": [0, 0, 1.25, 0.55], "rotation": 180, "texture": "#2"} } }, { "from": [7.4702, 12.2976, 7.7559], "to": [8.3502, 13.5936, 8.2219], "rotation": {"angle": 0, "axis": "y", "origin": [2.2208, 14.7756, 15.1335]}, "faces": { "north": {"uv": [0, 0, 1.25, 1], "texture": "#2"}, "east": {"uv": [0, 0, 0.55, 1], "texture": "#2"}, "south": {"uv": [0, 0, 1.25, 1], "texture": "#2"}, "west": {"uv": [0, 0, 0.55, 1], "texture": "#2"}, "up": {"uv": [0, 0, 1.25, 0.55], "rotation": 180, "texture": "#2"}, "down": {"uv": [0, 0, 1.25, 0.55], "rotation": 180, "texture": "#2"} } }, { "from": [7.427, 13.5936, 7.7559], "to": [8.307, 14.8248, 8.2219], "rotation": {"angle": 0, "axis": "y", "origin": [2.1776, 16.0716, 15.1335]}, "faces": { "north": {"uv": [0, 0, 1.25, 0.95], "texture": "#2"}, "east": {"uv": [0, 0, 0.55, 0.95], "texture": "#2"}, "south": {"uv": [0, 0, 1.25, 0.95], "texture": "#2"}, "west": {"uv": [0, 0, 0.55, 0.95], "texture": "#2"}, "up": {"uv": [0, 0, 1.25, 0.55], "rotation": 180, "texture": "#2"}, "down": {"uv": [0, 0, 1.25, 0.55], "rotation": 180, "texture": "#2"} } }, { "from": [7.3838, 14.8248, 7.7559], "to": [8.2638, 15.9912, 8.2219], "rotation": {"angle": 0, "axis": "y", "origin": [2.1344, 17.3028, 15.1335]}, "faces": { "north": {"uv": [0, 0, 1.25, 0.9], "texture": "#2"}, "east": {"uv": [0, 0, 0.55, 0.9], "texture": "#2"}, "south": {"uv": [0, 0, 1.25, 0.9], "texture": "#2"}, "west": {"uv": [0, 0, 0.55, 0.9], "texture": "#2"}, "up": {"uv": [0, 0, 1.25, 0.55], "rotation": 180, "texture": "#2"}, "down": {"uv": [0, 0, 1.25, 0.55], "rotation": 180, "texture": "#2"} } }, { "from": [7.319, 15.9912, 7.7559], "to": [8.199, 17.0928, 8.2219], "rotation": {"angle": 0, "axis": "y", "origin": [2.0696, 18.4692, 15.1335]}, "faces": { "north": {"uv": [0, 0, 1.25, 0.85], "texture": "#2"}, "east": {"uv": [0, 0, 0.55, 0.85], "texture": "#2"}, "south": {"uv": [0, 0, 1.25, 0.85], "texture": "#2"}, "west": {"uv": [0, 0, 0.55, 0.85], "texture": "#2"}, "up": {"uv": [0, 0, 1.25, 0.55], "rotation": 180, "texture": "#2"}, "down": {"uv": [0, 0, 1.25, 0.55], "rotation": 180, "texture": "#2"} } }, { "from": [7.2542, 17.0928, 7.7559], "to": [8.1342, 18.1296, 8.2219], "rotation": {"angle": 0, "axis": "y", "origin": [2.0048, 19.5708, 15.1335]}, "faces": { "north": {"uv": [0, 0, 1.25, 0.8], "texture": "#2"}, "east": {"uv": [0, 0, 0.55, 0.8], "texture": "#2"}, "south": {"uv": [0, 0, 1.25, 0.8], "texture": "#2"}, "west": {"uv": [0, 0, 0.55, 0.8], "texture": "#2"}, "up": {"uv": [0, 0, 1.25, 0.55], "rotation": 180, "texture": "#2"}, "down": {"uv": [0, 0, 1.25, 0.55], "rotation": 180, "texture": "#2"} } }, { "from": [7.1678, 18.1296, 7.7559], "to": [8.0478, 19.1016, 8.2219], "rotation": {"angle": 0, "axis": "y", "origin": [1.9184, 20.6076, 15.1335]}, "faces": { "north": {"uv": [0, 0, 1.25, 0.75], "texture": "#2"}, "east": {"uv": [0, 0, 0.55, 0.75], "texture": "#2"}, "south": {"uv": [0, 0, 1.25, 0.75], "texture": "#2"}, "west": {"uv": [0, 0, 0.55, 0.75], "texture": "#2"}, "up": {"uv": [0, 0, 1.25, 0.55], "rotation": 180, "texture": "#2"}, "down": {"uv": [0, 0, 1.25, 0.55], "rotation": 180, "texture": "#2"} } }, { "from": [7.1246, 19.1016, 7.7559], "to": [7.9614, 20.0412, 8.2219], "rotation": {"angle": 0, "axis": "y", "origin": [1.832, 21.5796, 15.1335]}, "faces": { "north": {"uv": [0, 0, 1.2, 0.725], "texture": "#2"}, "east": {"uv": [0, 0, 0.55, 0.725], "texture": "#2"}, "south": {"uv": [0, 0, 1.2, 0.725], "texture": "#2"}, "west": {"uv": [0, 0, 0.55, 0.725], "texture": "#2"}, "up": {"uv": [0, 0, 1.2, 0.55], "rotation": 180, "texture": "#2"}, "down": {"uv": [0, 0, 1.2, 0.55], "rotation": 180, "texture": "#2"} } }, { "from": [7.0166, 20.0412, 7.7559], "to": [7.8534, 20.9808, 8.2219], "rotation": {"angle": 0, "axis": "y", "origin": [1.724, 22.5192, 15.1335]}, "faces": { "north": {"uv": [0, 0, 1.2, 0.725], "texture": "#2"}, "east": {"uv": [0, 0, 0.55, 0.725], "texture": "#2"}, "south": {"uv": [0, 0, 1.2, 0.725], "texture": "#2"}, "west": {"uv": [0, 0, 0.55, 0.725], "texture": "#2"}, "up": {"uv": [0, 0, 1.2, 0.55], "rotation": 180, "texture": "#2"}, "down": {"uv": [0, 0, 1.2, 0.55], "rotation": 180, "texture": "#2"} } }, { "from": [6.9086, 20.9808, 7.7559], "to": [7.7454, 21.888, 8.2219], "rotation": {"angle": 0, "axis": "y", "origin": [1.616, 23.4588, 15.1335]}, "faces": { "north": {"uv": [0, 0, 1.2, 0.7], "texture": "#2"}, "east": {"uv": [0, 0, 0.55, 0.7], "texture": "#2"}, "south": {"uv": [0, 0, 1.2, 0.7], "texture": "#2"}, "west": {"uv": [0, 0, 0.55, 0.7], "texture": "#2"}, "up": {"uv": [0, 0, 1.2, 0.55], "rotation": 180, "texture": "#2"}, "down": {"uv": [0, 0, 1.2, 0.55], "rotation": 180, "texture": "#2"} } }, { "from": [6.8222, 21.888, 7.7559], "to": [7.6158, 22.7304, 8.2219], "rotation": {"angle": 0, "axis": "y", "origin": [1.4864, 24.366, 15.1335]}, "faces": { "north": {"uv": [0, 0, 1.15, 0.65], "texture": "#2"}, "east": {"uv": [0, 0, 0.55, 0.65], "texture": "#2"}, "south": {"uv": [0, 0, 1.15, 0.65], "texture": "#2"}, "west": {"uv": [0, 0, 0.55, 0.65], "texture": "#2"}, "up": {"uv": [0, 0, 1.15, 0.55], "rotation": 180, "texture": "#2"}, "down": {"uv": [0, 0, 1.15, 0.55], "rotation": 180, "texture": "#2"} } }, { "from": [6.696, 22.7304, 7.7559], "to": [7.4896, 23.508, 8.2219], "rotation": {"angle": 0, "axis": "y", "origin": [1.3352, 25.2084, 15.1335]}, "faces": { "north": {"uv": [0, 0, 1.15, 0.6], "texture": "#2"}, "east": {"uv": [0, 0, 0.55, 0.6], "texture": "#2"}, "south": {"uv": [0, 0, 1.15, 0.6], "texture": "#2"}, "west": {"uv": [0, 0, 0.55, 0.6], "texture": "#2"}, "up": {"uv": [0, 0, 1.15, 0.55], "rotation": 180, "texture": "#2"}, "down": {"uv": [0, 0, 1.15, 0.55], "rotation": 180, "texture": "#2"} } }, { "from": [6.5664, 23.508, 7.7559], "to": [7.3168, 24.2856, 8.2219], "rotation": {"angle": 0, "axis": "y", "origin": [1.1624, 25.986, 15.1335]}, "faces": { "north": {"uv": [0, 0, 1.1, 0.6], "texture": "#2"}, "east": {"uv": [0, 0, 0.55, 0.6], "texture": "#2"}, "south": {"uv": [0, 0, 1.1, 0.6], "texture": "#2"}, "west": {"uv": [0, 0, 0.55, 0.6], "texture": "#2"}, "up": {"uv": [0, 0, 1.1, 0.55], "rotation": 180, "texture": "#2"}, "down": {"uv": [0, 0, 1.1, 0.55], "rotation": 180, "texture": "#2"} } }, { "from": [6.3936, 24.2856, 7.7559], "to": [7.1008, 24.9336, 8.2219], "rotation": {"angle": 0, "axis": "y", "origin": [0.9464, 26.7636, 15.1335]}, "faces": { "north": {"uv": [0, 0, 1.05, 0.5], "texture": "#2"}, "east": {"uv": [0, 0, 0.55, 0.5], "texture": "#2"}, "south": {"uv": [0, 0, 1.05, 0.5], "texture": "#2"}, "west": {"uv": [0, 0, 0.55, 0.5], "texture": "#2"}, "up": {"uv": [0, 0, 1.05, 0.55], "rotation": 180, "texture": "#2"}, "down": {"uv": [0, 0, 1.05, 0.55], "rotation": 180, "texture": "#2"} } }, { "from": [6.264, 24.9336, 7.7559], "to": [6.9064, 25.5816, 8.2219], "rotation": {"angle": 0, "axis": "y", "origin": [0.752, 27.4116, 15.1335]}, "faces": { "north": {"uv": [0, 0, 0.975, 0.5], "texture": "#2"}, "east": {"uv": [0, 0, 0.55, 0.5], "texture": "#2"}, "south": {"uv": [0, 0, 0.975, 0.5], "texture": "#2"}, "west": {"uv": [0, 0, 0.55, 0.5], "texture": "#2"}, "up": {"uv": [0, 0, 0.975, 0.55], "rotation": 180, "texture": "#2"}, "down": {"uv": [0, 0, 0.975, 0.55], "rotation": 180, "texture": "#2"} } }, { "from": [6.1128, 25.5816, 7.7559], "to": [6.712, 26.1648, 8.2219], "rotation": {"angle": 0, "axis": "y", "origin": [0.5576, 28.0596, 15.1335]}, "faces": { "north": {"uv": [0, 0, 0.925, 0.45], "texture": "#2"}, "east": {"uv": [0, 0, 0.55, 0.45], "texture": "#2"}, "south": {"uv": [0, 0, 0.925, 0.45], "texture": "#2"}, "west": {"uv": [0, 0, 0.55, 0.45], "texture": "#2"}, "up": {"uv": [0, 0, 0.925, 0.55], "rotation": 180, "texture": "#2"}, "down": {"uv": [0, 0, 0.925, 0.55], "rotation": 180, "texture": "#2"} } }, { "from": [5.9616, 26.1648, 7.7559], "to": [6.4528, 26.6832, 8.2219], "rotation": {"angle": 0, "axis": "y", "origin": [0.2984, 28.6428, 15.1335]}, "faces": { "north": {"uv": [0, 0, 0.8, 0.4], "texture": "#2"}, "east": {"uv": [0, 0, 0.55, 0.4], "texture": "#2"}, "south": {"uv": [0, 0, 0.8, 0.4], "texture": "#2"}, "west": {"uv": [0, 0, 0.55, 0.4], "texture": "#2"}, "up": {"uv": [0, 0, 0.8, 0.55], "rotation": 180, "texture": "#2"}, "down": {"uv": [0, 0, 0.8, 0.55], "rotation": 180, "texture": "#2"} } }, { "from": [5.7888, 26.6832, 7.7559], "to": [6.1936, 27.1044, 8.2219], "rotation": {"angle": 0, "axis": "y", "origin": [0.0392, 29.1612, 15.1335]}, "faces": { "north": {"uv": [0, 0, 0.7, 0.325], "texture": "#2"}, "east": {"uv": [0, 0, 0.55, 0.325], "texture": "#2"}, "south": {"uv": [0, 0, 0.7, 0.325], "texture": "#2"}, "west": {"uv": [0, 0, 0.55, 0.325], "texture": "#2"}, "up": {"uv": [0, 0, 0.7, 0.55], "rotation": 180, "texture": "#2"}, "down": {"uv": [0, 0, 0.7, 0.55], "rotation": 180, "texture": "#2"} } }, { "from": [5.5728, 27.1044, 7.7559], "to": [5.9344, 27.5256, 8.2219], "rotation": {"angle": 0, "axis": "y", "origin": [-0.22, 29.5824, 15.1335]}, "faces": { "north": {"uv": [0, 0, 0.65, 0.325], "texture": "#2"}, "east": {"uv": [0, 0, 0.55, 0.325], "texture": "#2"}, "south": {"uv": [0, 0, 0.65, 0.325], "texture": "#2"}, "west": {"uv": [0, 0, 0.55, 0.325], "texture": "#2"}, "up": {"uv": [0, 0, 0.65, 0.55], "rotation": 180, "texture": "#2"}, "down": {"uv": [0, 0, 0.65, 0.55], "rotation": 180, "texture": "#2"} } }, { "from": [5.3784, 27.5256, 7.7559], "to": [5.6752, 27.882, 8.2219], "rotation": {"angle": 0, "axis": "y", "origin": [-0.4792, 30.0036, 15.1335]}, "faces": { "north": {"uv": [0, 0, 0.575, 0.275], "texture": "#2"}, "east": {"uv": [0, 0, 0.55, 0.275], "texture": "#2"}, "south": {"uv": [0, 0, 0.575, 0.275], "texture": "#2"}, "west": {"uv": [0, 0, 0.55, 0.275], "texture": "#2"}, "up": {"uv": [0, 0, 0.575, 0.55], "rotation": 180, "texture": "#2"}, "down": {"uv": [0, 0, 0.575, 0.55], "rotation": 180, "texture": "#2"} } }, { "from": [5.1192, 27.882, 7.7559], "to": [5.416, 28.1736, 8.2219], "rotation": {"angle": 0, "axis": "y", "origin": [-0.7384, 30.36, 15.1335]}, "faces": { "north": {"uv": [0, 0, 0.575, 0.225], "texture": "#2"}, "east": {"uv": [0, 0, 0.55, 0.225], "texture": "#2"}, "south": {"uv": [0, 0, 0.575, 0.225], "texture": "#2"}, "west": {"uv": [0, 0, 0.55, 0.225], "texture": "#2"}, "up": {"uv": [0, 0, 0.575, 0.55], "rotation": 180, "texture": "#2"}, "down": {"uv": [0, 0, 0.575, 0.55], "rotation": 180, "texture": "#2"} } }, { "from": [4.81, 28.1736, 7.7559], "to": [5.1068, 28.4004, 8.2219], "rotation": {"angle": 0, "axis": "y", "origin": [-0.9976, 30.6516, 15.1335]}, "faces": { "north": {"uv": [0, 0, 0.575, 0.175], "texture": "#2"}, "east": {"uv": [0, 0, 0.55, 0.175], "texture": "#2"}, "south": {"uv": [0, 0, 0.575, 0.175], "texture": "#2"}, "west": {"uv": [0, 0, 0.55, 0.175], "texture": "#2"}, "up": {"uv": [0, 0, 0.575, 0.55], "rotation": 180, "texture": "#2"}, "down": {"uv": [0, 0, 0.575, 0.55], "rotation": 180, "texture": "#2"} } }, { "from": [7.5134, 11.0016, 7.7559], "to": [8.3934, 12.2976, 8.2219], "rotation": {"angle": 0, "axis": "y", "origin": [2.264, 13.4796, 15.1335]}, "faces": { "north": {"uv": [0, 0, 1.25, 1], "texture": "#2"}, "east": {"uv": [0, 0, 0.55, 1], "texture": "#2"}, "south": {"uv": [0, 0, 1.25, 1], "texture": "#2"}, "west": {"uv": [0, 0, 0.55, 1], "texture": "#2"}, "up": {"uv": [0, 0, 1.25, 0.55], "rotation": 180, "texture": "#2"}, "down": {"uv": [0, 0, 1.25, 0.55], "rotation": 180, "texture": "#2"} } }, { "from": [7.535, 9.7056, 7.7559], "to": [8.415, 11.0016, 8.2219], "rotation": {"angle": 0, "axis": "y", "origin": [2.2856, 12.1836, 15.1335]}, "faces": { "north": {"uv": [0, 0, 1.25, 1], "texture": "#2"}, "east": {"uv": [0, 0, 0.55, 1], "texture": "#2"}, "south": {"uv": [0, 0, 1.25, 1], "texture": "#2"}, "west": {"uv": [0, 0, 0.55, 1], "texture": "#2"}, "up": {"uv": [0, 0, 1.25, 0.55], "rotation": 180, "texture": "#2"}, "down": {"uv": [0, 0, 1.25, 0.55], "rotation": 180, "texture": "#2"} } }, { "from": [7.56, 3.8736, 7.7559], "to": [8.44, 9.7056, 8.2219], "rotation": {"angle": 0, "axis": "y", "origin": [2.2856, 10.8876, 15.1335]}, "faces": { "north": {"uv": [0, 0, 1.25, 4.5], "texture": "#2"}, "east": {"uv": [0, 0, 0.55, 4.5], "texture": "#2"}, "south": {"uv": [0, 0, 1.25, 4.5], "texture": "#2"}, "west": {"uv": [0, 0, 0.55, 4.5], "texture": "#2"}, "up": {"uv": [0, 0, 1.25, 0.55], "rotation": 180, "texture": "#2"}, "down": {"uv": [0, 0, 1.25, 0.55], "rotation": 180, "texture": "#2"} } }, { "from": [7.9202, 12.2976, 7.7309], "to": [8.0502, 13.5936, 8.2469], "rotation": {"angle": 0, "axis": "y", "origin": [2.2208, 14.7756, 15.1335]}, "faces": { "north": {"uv": [8, 3, 9, 4], "texture": "#3"}, "east": {"uv": [8, 3, 9, 4], "texture": "#3"}, "south": {"uv": [8, 3, 9, 4], "texture": "#3"}, "west": {"uv": [8, 3, 9, 4], "texture": "#3"}, "up": {"uv": [8, 3, 9, 4], "texture": "#3"}, "down": {"uv": [8, 3, 9, 4], "texture": "#3"} } }, { "from": [7.877, 13.5936, 7.7309], "to": [8.007, 14.8248, 8.2469], "rotation": {"angle": 0, "axis": "y", "origin": [2.1776, 16.0716, 15.1335]}, "faces": { "north": {"uv": [8, 3, 9, 4], "texture": "#3"}, "east": {"uv": [8, 3, 9, 4], "texture": "#3"}, "south": {"uv": [8, 3, 9, 4], "texture": "#3"}, "west": {"uv": [8, 3, 9, 4], "texture": "#3"}, "up": {"uv": [8, 3, 9, 4], "texture": "#3"}, "down": {"uv": [8, 3, 9, 4], "texture": "#3"} } }, { "from": [7.8338, 14.8248, 7.7309], "to": [7.9638, 15.9912, 8.2469], "rotation": {"angle": 0, "axis": "y", "origin": [2.1344, 17.3028, 15.1335]}, "faces": { "north": {"uv": [8, 3, 9, 4], "texture": "#3"}, "east": {"uv": [8, 3, 9, 4], "texture": "#3"}, "south": {"uv": [8, 3, 9, 4], "texture": "#3"}, "west": {"uv": [8, 3, 9, 4], "texture": "#3"}, "up": {"uv": [8, 3, 9, 4], "texture": "#3"}, "down": {"uv": [8, 3, 9, 4], "texture": "#3"} } }, { "from": [7.769, 15.9912, 7.7309], "to": [7.899, 17.0928, 8.2469], "rotation": {"angle": 0, "axis": "y", "origin": [2.0696, 18.4692, 15.1335]}, "faces": { "north": {"uv": [8, 3, 9, 4], "texture": "#3"}, "east": {"uv": [8, 3, 9, 4], "texture": "#3"}, "south": {"uv": [8, 3, 9, 4], "texture": "#3"}, "west": {"uv": [8, 3, 9, 4], "texture": "#3"}, "up": {"uv": [8, 3, 9, 4], "texture": "#3"}, "down": {"uv": [8, 3, 9, 4], "texture": "#3"} } }, { "from": [7.7042, 17.0928, 7.7309], "to": [7.8342, 18.1296, 8.2469], "rotation": {"angle": 0, "axis": "y", "origin": [2.0048, 19.5708, 15.1335]}, "faces": { "north": {"uv": [8, 3, 9, 4], "texture": "#3"}, "east": {"uv": [8, 3, 9, 4], "texture": "#3"}, "south": {"uv": [8, 3, 9, 4], "texture": "#3"}, "west": {"uv": [8, 3, 9, 4], "texture": "#3"}, "up": {"uv": [8, 3, 9, 4], "texture": "#3"}, "down": {"uv": [8, 3, 9, 4], "texture": "#3"} } }, { "from": [7.6178, 18.1296, 7.7309], "to": [7.7478, 19.1016, 8.2469], "rotation": {"angle": 0, "axis": "y", "origin": [1.9184, 20.6076, 15.1335]}, "faces": { "north": {"uv": [8, 3, 9, 4], "texture": "#3"}, "east": {"uv": [8, 3, 9, 4], "texture": "#3"}, "south": {"uv": [8, 3, 9, 4], "texture": "#3"}, "west": {"uv": [8, 3, 9, 4], "texture": "#3"}, "up": {"uv": [8, 3, 9, 4], "texture": "#3"}, "down": {"uv": [8, 3, 9, 4], "texture": "#3"} } }, { "from": [7.5746, 19.1016, 7.7309], "to": [7.6614, 20.0412, 8.2469], "rotation": {"angle": 0, "axis": "y", "origin": [1.832, 21.5796, 15.1335]}, "faces": { "north": {"uv": [8, 3, 9, 4], "texture": "#3"}, "east": {"uv": [8, 3, 9, 4], "texture": "#3"}, "south": {"uv": [8, 3, 9, 4], "texture": "#3"}, "west": {"uv": [8, 3, 9, 4], "texture": "#3"}, "up": {"uv": [8, 3, 9, 4], "texture": "#3"}, "down": {"uv": [8, 3, 9, 4], "texture": "#3"} } }, { "from": [7.4878, 20.0412, 7.7309], "to": [7.5746, 20.9808, 8.2469], "rotation": {"angle": 0, "axis": "y", "origin": [1.7452, 22.5192, 15.1335]}, "faces": { "north": {"uv": [8, 3, 9, 4], "texture": "#3"}, "east": {"uv": [8, 3, 9, 4], "texture": "#3"}, "south": {"uv": [8, 3, 9, 4], "texture": "#3"}, "west": {"uv": [8, 3, 9, 4], "texture": "#3"}, "up": {"uv": [8, 3, 9, 4], "texture": "#3"}, "down": {"uv": [8, 3, 9, 4], "texture": "#3"} } }, { "from": [7.401, 20.9808, 7.7309], "to": [7.4878, 21.888, 8.2469], "rotation": {"angle": 0, "axis": "y", "origin": [1.6584, 23.4588, 15.1335]}, "faces": { "north": {"uv": [8, 3, 9, 4], "texture": "#3"}, "east": {"uv": [8, 3, 9, 4], "texture": "#3"}, "south": {"uv": [8, 3, 9, 4], "texture": "#3"}, "west": {"uv": [8, 3, 9, 4], "texture": "#3"}, "up": {"uv": [8, 3, 9, 4], "texture": "#3"}, "down": {"uv": [8, 3, 9, 4], "texture": "#3"} } }, { "from": [7.301, 21.888, 7.7309], "to": [7.401, 22.7304, 8.2469], "rotation": {"angle": 0, "axis": "y", "origin": [1.5716, 24.366, 15.1335]}, "faces": { "north": {"uv": [8, 3, 9, 4], "texture": "#3"}, "east": {"uv": [8, 3, 9, 4], "texture": "#3"}, "south": {"uv": [8, 3, 9, 4], "texture": "#3"}, "west": {"uv": [8, 3, 9, 4], "texture": "#3"}, "up": {"uv": [8, 3, 9, 4], "texture": "#3"}, "down": {"uv": [8, 3, 9, 4], "texture": "#3"} } }, { "from": [7.9634, 11.0016, 7.7309], "to": [8.0934, 12.2976, 8.2469], "rotation": {"angle": 0, "axis": "y", "origin": [2.264, 13.4796, 15.1335]}, "faces": { "north": {"uv": [8, 3, 9, 4], "texture": "#3"}, "east": {"uv": [8, 3, 9, 4], "texture": "#3"}, "south": {"uv": [8, 3, 9, 4], "texture": "#3"}, "west": {"uv": [8, 3, 9, 4], "texture": "#3"}, "up": {"uv": [8, 3, 9, 4], "texture": "#3"}, "down": {"uv": [8, 3, 9, 4], "texture": "#3"} } }, { "from": [7.985, 9.7056, 7.7309], "to": [8.115, 11.0016, 8.2469], "rotation": {"angle": 0, "axis": "y", "origin": [2.2856, 12.1836, 15.1335]}, "faces": { "north": {"uv": [8, 3, 9, 4], "texture": "#3"}, "east": {"uv": [8, 3, 9, 4], "texture": "#3"}, "south": {"uv": [8, 3, 9, 4], "texture": "#3"}, "west": {"uv": [8, 3, 9, 4], "texture": "#3"}, "up": {"uv": [8, 3, 9, 4], "texture": "#3"}, "down": {"uv": [8, 3, 9, 4], "texture": "#3"} } }, { "from": [8.01, 3.8736, 7.7309], "to": [8.14, 9.7056, 8.2469], "rotation": {"angle": 0, "axis": "y", "origin": [2.2856, 10.8876, 15.1335]}, "faces": { "north": {"uv": [8, 3, 9, 4], "texture": "#3"}, "east": {"uv": [8, 3, 9, 4], "texture": "#3"}, "south": {"uv": [8, 3, 9, 4], "texture": "#3"}, "west": {"uv": [8, 3, 9, 4], "texture": "#3"}, "up": {"uv": [8, 3, 9, 4], "texture": "#3"}, "down": {"uv": [8, 3, 9, 4], "texture": "#3"} } }, { "name": "octagon", "from": [7.91334, -7.75702, 7.90445], "to": [8.04296, -6.00202, 8.03508], "rotation": {"angle": 45, "axis": "z", "origin": [7.78315, -6.29452, 7.77477]}, "faces": { "north": {"uv": [6, 0, 7, 16], "texture": "#3"}, "east": {"uv": [6, 0, 7, 16], "texture": "#3"}, "south": {"uv": [6, 0, 7, 16], "texture": "#3"}, "west": {"uv": [6, 0, 7, 16], "texture": "#3"}, "up": {"uv": [6, 0, 7, 16], "texture": "#3"}, "down": {"uv": [6, 0, 7, 16], "texture": "#3"} } }, { "name": "octagon", "from": [7.94488, -7.12279, 7.77445], "to": [8.0745, -5.69279, 7.90508], "rotation": {"angle": 22.5, "axis": "z", "origin": [8.33469, -6.57029, 7.96977]}, "faces": { "north": {"uv": [6, 0, 7, 16], "texture": "#3"}, "east": {"uv": [6, 0, 7, 16], "texture": "#3"}, "south": {"uv": [6, 0, 7, 16], "texture": "#3"}, "west": {"uv": [6, 0, 7, 16], "texture": "#3"}, "up": {"uv": [6, 0, 7, 16], "texture": "#3"}, "down": {"uv": [6, 0, 7, 16], "texture": "#3"} } }, { "name": "octagon", "from": [7.94488, -6.79779, 8.09945], "to": [8.0745, -5.69279, 8.23008], "rotation": {"angle": 22.5, "axis": "z", "origin": [8.33469, -6.57029, 7.96977]}, "faces": { "north": {"uv": [6, 0, 7, 16], "texture": "#3"}, "east": {"uv": [6, 0, 7, 16], "texture": "#3"}, "south": {"uv": [6, 0, 7, 16], "texture": "#3"}, "west": {"uv": [6, 0, 7, 16], "texture": "#3"}, "up": {"uv": [6, 0, 7, 16], "texture": "#3"}, "down": {"uv": [6, 0, 7, 16], "texture": "#3"} } }, { "name": "octagon", "from": [8.69554, -7.84667, 8.09945], "to": [10.12554, -7.71705, 8.23008], "rotation": {"angle": -22.5, "axis": "z", "origin": [9.57304, -7.45686, 7.96977]}, "faces": { "north": {"uv": [6, 0, 7, 16], "rotation": 90, "texture": "#3"}, "east": {"uv": [6, 0, 7, 16], "rotation": 270, "texture": "#3"}, "south": {"uv": [6, 0, 7, 16], "rotation": 270, "texture": "#3"}, "west": {"uv": [6, 0, 7, 16], "rotation": 270, "texture": "#3"}, "up": {"uv": [6, 0, 7, 16], "rotation": 270, "texture": "#3"}, "down": {"uv": [6, 0, 7, 16], "rotation": 270, "texture": "#3"} } }, { "name": "octagon", "from": [8.56793, -7.177, 8.09945], "to": [8.69755, -6.397, 8.23008], "rotation": {"angle": 45, "axis": "z", "origin": [8.95774, -7.2745, 7.96977]}, "faces": { "north": {"uv": [6, 0, 7, 16], "texture": "#3"}, "east": {"uv": [6, 0, 7, 16], "texture": "#3"}, "south": {"uv": [6, 0, 7, 16], "texture": "#3"}, "west": {"uv": [6, 0, 7, 16], "texture": "#3"}, "up": {"uv": [6, 0, 7, 16], "texture": "#3"}, "down": {"uv": [6, 0, 7, 16], "texture": "#3"} } }, { "name": "octagon", "from": [8.6923, -8.12726, 7.77445], "to": [8.82192, -6.69726, 7.90508], "rotation": {"angle": 45, "axis": "z", "origin": [9.08211, -7.57476, 7.96977]}, "faces": { "north": {"uv": [6, 0, 7, 16], "texture": "#3"}, "east": {"uv": [6, 0, 7, 16], "texture": "#3"}, "south": {"uv": [6, 0, 7, 16], "texture": "#3"}, "west": {"uv": [6, 0, 7, 16], "texture": "#3"}, "up": {"uv": [6, 0, 7, 16], "texture": "#3"}, "down": {"uv": [6, 0, 7, 16], "texture": "#3"} } }, { "name": "octagon", "from": [9.27953, -8.60655, 7.77445], "to": [10.70953, -8.47693, 7.90508], "rotation": {"angle": -22.5, "axis": "z", "origin": [10.15703, -8.21674, 7.96977]}, "faces": { "north": {"uv": [6, 0, 7, 16], "rotation": 90, "texture": "#3"}, "east": {"uv": [6, 0, 7, 16], "rotation": 270, "texture": "#3"}, "south": {"uv": [6, 0, 7, 16], "rotation": 270, "texture": "#3"}, "west": {"uv": [6, 0, 7, 16], "rotation": 270, "texture": "#3"}, "up": {"uv": [6, 0, 7, 16], "rotation": 270, "texture": "#3"}, "down": {"uv": [6, 0, 7, 16], "rotation": 270, "texture": "#3"} } }, { "name": "octagon", "from": [8.84716, -7.28888, 7.90445], "to": [11.77216, -7.15926, 8.03508], "rotation": {"angle": -22.5, "axis": "z", "origin": [9.00966, -7.41907, 7.77477]}, "faces": { "north": {"uv": [6, 0, 7, 16], "rotation": 90, "texture": "#3"}, "east": {"uv": [6, 0, 7, 16], "rotation": 90, "texture": "#3"}, "south": {"uv": [6, 0, 7, 16], "rotation": 90, "texture": "#3"}, "west": {"uv": [6, 0, 7, 16], "rotation": 90, "texture": "#3"}, "up": {"uv": [6, 0, 7, 16], "rotation": 90, "texture": "#3"}, "down": {"uv": [6, 0, 7, 16], "rotation": 90, "texture": "#3"} } } ], "display": { "thirdperson_righthand": { "rotation": [0, 90, 0], "translation": [0, 5.5, 0.75], "scale": [0.86133, 1.03516, 0.86133] }, "thirdperson_lefthand": { "rotation": [-180, 90, 0], "translation": [0, -9.5, 0.75], "scale": [0.86133, 1.03516, 0.86133] }, "firstperson_righthand": { "rotation": [-25, 90, 0], "translation": [4.25, 5.75, -4], "scale": [0.86133, 1.03516, 0.86133] }, "firstperson_lefthand": { "rotation": [118, 90, 0], "translation": [4.25, 0.5, 2.25], "scale": [0.86133, 1.03516, 0.86133] }, "ground": { "rotation": [90, 0, 0], "translation": [0, -3.25, -2], "scale": [0.32422, 0.32422, 0.32422] }, "gui": { "rotation": [0, 0, 38], "translation": [0.75, -0.75, 0], "scale": [0.5, 0.5, 0.5] }, "fixed": { "translation": [-0.25, 0, -0.5], "scale": [2, 2, 2] } }, "groups": [ { "name": "octagon3", "origin": [0, -9, 0], "color": 0, "children": [0, 1, 2, 3] }, { "name": "octagon3", "origin": [0, -9, 0], "color": 0, "children": [4, 5, 6, 7] }, { "name": "group", "origin": [8, 8, 8], "color": 0, "children": [ { "name": "octagon3", "origin": [0, -9, 0], "color": 0, "children": [8, 9, 10, 11] } ] }, { "name": "group", "origin": [8, 8, 8], "color": 0, "children": [12, 13, 14, 15, 16, 17, 18, 19] }, { "name": "group", "origin": [8, 8, 8], "color": 0, "children": [20] }, { "name": "group", "origin": [8, 8, 8], "color": 0, "children": [ { "name": "octagon3", "origin": [0, -9, 0], "color": 0, "children": [21, 22] } ] }, { "name": "group", "origin": [8, -4.625, 8], "color": 0, "children": [] }, { "name": "group", "origin": [8, -4.625, 8], "color": 0, "children": [ { "name": "group", "origin": [8, -4.625, 8], "color": 0, "children": [ { "name": "group", "origin": [8, -4.625, 8], "color": 0, "children": [ { "name": "group", "origin": [8, -4.625, 8], "color": 0, "children": [ { "name": "group", "origin": [8, -4.625, 8], "color": 0, "children": [ { "name": "group", "origin": [8, -4.625, 8], "color": 0, "children": [ { "name": "group", "origin": [8, -4.625, 8], "color": 0, "children": [ { "name": "group", "origin": [8, -4.625, 8], "color": 0, "children": [ { "name": "group", "origin": [8, -4.625, 8], "color": 0, "children": [ { "name": "group", "origin": [8, -4.625, 8], "color": 0, "children": [ { "name": "group", "origin": [8, -4.625, 8], "color": 0, "children": [ { "name": "group", "origin": [8, -4.625, 8], "color": 0, "children": [ { "name": "group", "origin": [8, -4.625, 8], "color": 0, "children": [] } ] } ] } ] } ] } ] } ] } ] } ] } ] } ] } ] } ] }, { "name": "group", "origin": [8, -4.625, 8], "color": 0, "children": [] }, { "name": "group", "origin": [8, 8, 8], "color": 0, "children": [ { "name": "group", "origin": [-1.13784, 30.6516, 15.1335], "color": 0, "children": [23, 24, 25, 26, 27, 28, 29, 30, 31, 32, 33, 34, 35, 36, 37, 38, 39, 40, 41, 42, 43, 44, 45, 46] } ] }, { "name": "group", "origin": [8, 8, 8], "color": 0, "children": [ { "name": "group", "origin": [-1.13784, 30.6516, 15.1335], "color": 0, "children": [47, 48, 49, 50, 51, 52, 53, 54, 55, 56, 57, 58, 59, 60, 61, 62, 63, 64, 65, 66, 67, 68, 69, 70] } ] }, { "name": "group", "origin": [8, 8, 8], "color": 0, "children": [ { "name": "group", "origin": [-1.13784, 30.6516, 15.1335], "color": 0, "children": [71, 72, 73, 74, 75, 76, 77, 78, 79, 80, 81, 82] } ] }, 83, { "name": "group", "origin": [8, 8, 8], "color": 0, "children": [84, 85, 86, 87, 88, 89, 90, 91] } ] }