{ "credit": "Made with Blockbench", "textures": { "4": "block/brown_terracotta", "5": "block/black_concrete", "6": "block/pink_concrete", "7": "block/white_concrete", "8": "block/pink_concrete_powder" }, "elements": [ { "name": "octagon", "from": [9.59912, -7.25, 8.55659], "to": [10.41309, -7.15, 8.80259], "rotation": {"angle": -22.5, "axis": "y", "origin": [10.0061, -7.2, 7.98259]}, "faces": { "north": {"uv": [2, 1, 3, 2], "texture": "#4"}, "east": {"uv": [2, 1, 3, 2], "texture": "#4"}, "south": {"uv": [2, 1, 3, 2], "texture": "#4"}, "west": {"uv": [2, 1, 3, 2], "texture": "#4"}, "up": {"uv": [2, 11, 3, 10], "rotation": 90, "texture": "#8"}, "down": {"uv": [2, 11, 3, 10], "texture": "#8"} } }, { "name": "octagon", "from": [9.34848, -7.25, 8.42264], "to": [10.16245, -7.15, 8.66864], "rotation": {"angle": 0, "axis": "y", "origin": [9.75546, -7.2, 8.54564]}, "faces": { "north": {"uv": [2, 1, 3, 2], "texture": "#4"}, "east": {"uv": [2, 1, 3, 2], "texture": "#4"}, "south": {"uv": [2, 1, 3, 2], "texture": "#4"}, "west": {"uv": [2, 1, 3, 2], "texture": "#4"}, "up": {"uv": [2, 11, 3, 10], "rotation": 90, "texture": "#8"}, "down": {"uv": [2, 11, 3, 10], "texture": "#8"} } }, { "name": "octagon", "from": [9.33239, -7.25, 8.38275], "to": [10.14635, -7.15, 8.58775], "rotation": {"angle": 22.5, "axis": "y", "origin": [9.73937, -7.2, 8.46475]}, "faces": { "north": {"uv": [2, 1, 3, 2], "texture": "#4"}, "east": {"uv": [2, 1, 3, 2], "texture": "#4"}, "south": {"uv": [2, 1, 3, 2], "texture": "#4"}, "west": {"uv": [2, 1, 3, 2], "texture": "#4"}, "up": {"uv": [2, 11, 3, 10], "rotation": 90, "texture": "#8"}, "down": {"uv": [2, 11, 3, 10], "texture": "#8"} } }, { "name": "octagon", "from": [9.30226, -7.25, 8.08555], "to": [10.11622, -7.15, 8.55705], "rotation": {"angle": 45, "axis": "y", "origin": [9.70924, -7.2, 8.43405]}, "faces": { "north": {"uv": [2, 1, 3, 2], "texture": "#4"}, "east": {"uv": [2, 1, 3, 2], "texture": "#4"}, "south": {"uv": [2, 1, 3, 2], "texture": "#4"}, "west": {"uv": [2, 1, 3, 2], "texture": "#4"}, "up": {"uv": [2, 11, 3, 10], "rotation": 90, "texture": "#8"}, "down": {"uv": [2, 11, 3, 10], "texture": "#8"} } }, { "name": "octagon", "from": [9.30842, -7.25, 7.85326], "to": [9.63642, -7.15, 8.66722], "rotation": {"angle": 45, "axis": "y", "origin": [10.12842, -7.2, 8.26024]}, "faces": { "north": {"uv": [2, 1, 3, 2], "texture": "#4"}, "east": {"uv": [2, 1, 3, 2], "texture": "#4"}, "south": {"uv": [2, 1, 3, 2], "texture": "#4"}, "west": {"uv": [2, 1, 3, 2], "texture": "#4"}, "up": {"uv": [2, 11, 3, 10], "texture": "#8"}, "down": {"uv": [2, 11, 3, 10], "texture": "#8"} } }, { "name": "octagon", "from": [9.31518, -7.25, 8.15658], "to": [9.64318, -7.15, 8.97055], "rotation": {"angle": 22.5, "axis": "y", "origin": [10.13518, -7.2, 8.56357]}, "faces": { "north": {"uv": [2, 1, 3, 2], "texture": "#4"}, "east": {"uv": [2, 1, 3, 2], "texture": "#4"}, "south": {"uv": [2, 1, 3, 2], "texture": "#4"}, "west": {"uv": [2, 1, 3, 2], "texture": "#4"}, "up": {"uv": [2, 11, 3, 10], "texture": "#8"}, "down": {"uv": [2, 11, 3, 10], "texture": "#8"} } }, { "name": "octagon", "from": [9.12334, -7.25, 8.4394], "to": [9.53334, -7.15, 9.25337], "rotation": {"angle": 0, "axis": "y", "origin": [9.94334, -7.2, 8.84639]}, "faces": { "north": {"uv": [2, 1, 3, 2], "texture": "#4"}, "east": {"uv": [2, 1, 3, 2], "texture": "#4"}, "south": {"uv": [2, 1, 3, 2], "texture": "#4"}, "west": {"uv": [2, 1, 3, 2], "texture": "#4"}, "up": {"uv": [2, 11, 3, 10], "texture": "#8"}, "down": {"uv": [2, 11, 3, 10], "texture": "#8"} } }, { "name": "octagon", "from": [8.91742, -7.25, 7.98252], "to": [9.28642, -7.15, 8.79648], "rotation": {"angle": -22.5, "axis": "y", "origin": [8.05642, -7.2, 8.615]}, "faces": { "north": {"uv": [2, 1, 3, 2], "texture": "#4"}, "east": {"uv": [2, 1, 3, 2], "texture": "#4"}, "south": {"uv": [2, 1, 3, 2], "texture": "#4"}, "west": {"uv": [2, 1, 3, 2], "texture": "#4"}, "up": {"uv": [2, 11, 3, 10], "texture": "#8"}, "down": {"uv": [2, 11, 3, 10], "texture": "#8"} } }, { "name": "octagon", "from": [8.49202, -7.25, 7.48161], "to": [9.27102, -7.15, 8.29557], "rotation": {"angle": -45, "axis": "y", "origin": [8.04102, -7.2, 8.11409]}, "faces": { "north": {"uv": [2, 1, 3, 2], "texture": "#4"}, "east": {"uv": [2, 1, 3, 2], "texture": "#4"}, "south": {"uv": [2, 1, 3, 2], "texture": "#4"}, "west": {"uv": [2, 1, 3, 2], "texture": "#4"}, "up": {"uv": [2, 11, 3, 10], "texture": "#8"}, "down": {"uv": [2, 11, 3, 10], "texture": "#8"} } }, { "name": "octagon", "from": [8.23159, -7.25, 7.41877], "to": [9.76909, -7.15, 8.58123], "rotation": {"angle": 0, "axis": "y", "origin": [8.62109, -7.2, 8.17425]}, "faces": { "north": {"uv": [2, 1, 3, 2], "texture": "#4"}, "east": {"uv": [2, 1, 3, 2], "texture": "#4"}, "south": {"uv": [2, 1, 3, 2], "texture": "#4"}, "west": {"uv": [2, 1, 3, 2], "texture": "#4"}, "up": {"uv": [2, 11, 3, 10], "texture": "#8"}, "down": {"uv": [2, 11, 3, 10], "texture": "#8"} } }, { "name": "octagon", "from": [9.34848, -7.25, 7.33136], "to": [10.16245, -7.15, 7.57736], "rotation": {"angle": 0, "axis": "y", "origin": [9.75546, -7.2, 7.45436]}, "faces": { "north": {"uv": [2, 1, 3, 2], "texture": "#4"}, "east": {"uv": [2, 1, 3, 2], "texture": "#4"}, "south": {"uv": [2, 1, 3, 2], "texture": "#4"}, "west": {"uv": [2, 1, 3, 2], "texture": "#4"}, "up": {"uv": [2, 11, 3, 10], "rotation": 90, "texture": "#8"}, "down": {"uv": [2, 11, 3, 10], "texture": "#8"} } }, { "name": "octagon", "from": [9.59912, -7.25, 7.19741], "to": [10.41309, -7.15, 7.44341], "rotation": {"angle": 22.5, "axis": "y", "origin": [10.0061, -7.2, 8.01741]}, "faces": { "north": {"uv": [2, 1, 3, 2], "texture": "#4"}, "east": {"uv": [2, 1, 3, 2], "texture": "#4"}, "south": {"uv": [2, 1, 3, 2], "texture": "#4"}, "west": {"uv": [2, 1, 3, 2], "texture": "#4"}, "up": {"uv": [2, 11, 3, 10], "rotation": 90, "texture": "#8"}, "down": {"uv": [2, 11, 3, 10], "texture": "#8"} } }, { "name": "octagon", "from": [9.30226, -7.25, 7.44295], "to": [10.11622, -7.15, 7.91445], "rotation": {"angle": -45, "axis": "y", "origin": [9.70924, -7.2, 7.56595]}, "faces": { "north": {"uv": [2, 1, 3, 2], "texture": "#4"}, "east": {"uv": [2, 1, 3, 2], "texture": "#4"}, "south": {"uv": [2, 1, 3, 2], "texture": "#4"}, "west": {"uv": [2, 1, 3, 2], "texture": "#4"}, "up": {"uv": [2, 11, 3, 10], "rotation": 90, "texture": "#8"}, "down": {"uv": [2, 11, 3, 10], "texture": "#8"} } }, { "name": "octagon", "from": [9.33239, -7.25, 7.41225], "to": [10.14635, -7.15, 7.61725], "rotation": {"angle": -22.5, "axis": "y", "origin": [9.73937, -7.2, 7.53525]}, "faces": { "north": {"uv": [2, 1, 3, 2], "texture": "#4"}, "east": {"uv": [2, 1, 3, 2], "texture": "#4"}, "south": {"uv": [2, 1, 3, 2], "texture": "#4"}, "west": {"uv": [2, 1, 3, 2], "texture": "#4"}, "up": {"uv": [2, 11, 3, 10], "rotation": 90, "texture": "#8"}, "down": {"uv": [2, 11, 3, 10], "texture": "#8"} } }, { "name": "octagon", "from": [9.30842, -7.25, 7.33278], "to": [9.63642, -7.15, 8.14674], "rotation": {"angle": -45, "axis": "y", "origin": [10.12842, -7.2, 7.73976]}, "faces": { "north": {"uv": [2, 1, 3, 2], "texture": "#4"}, "east": {"uv": [2, 1, 3, 2], "texture": "#4"}, "south": {"uv": [2, 1, 3, 2], "texture": "#4"}, "west": {"uv": [2, 1, 3, 2], "texture": "#4"}, "up": {"uv": [2, 11, 3, 10], "texture": "#8"}, "down": {"uv": [2, 11, 3, 10], "texture": "#8"} } }, { "name": "octagon", "from": [9.31518, -7.25, 7.02945], "to": [9.64318, -7.15, 7.84342], "rotation": {"angle": -22.5, "axis": "y", "origin": [10.13518, -7.2, 7.43643]}, "faces": { "north": {"uv": [2, 1, 3, 2], "texture": "#4"}, "east": {"uv": [2, 1, 3, 2], "texture": "#4"}, "south": {"uv": [2, 1, 3, 2], "texture": "#4"}, "west": {"uv": [2, 1, 3, 2], "texture": "#4"}, "up": {"uv": [2, 11, 3, 10], "texture": "#8"}, "down": {"uv": [2, 11, 3, 10], "texture": "#8"} } }, { "name": "octagon", "from": [8.91742, -7.25, 7.20352], "to": [9.28642, -7.15, 8.01748], "rotation": {"angle": 22.5, "axis": "y", "origin": [8.05642, -7.2, 7.385]}, "faces": { "north": {"uv": [2, 1, 3, 2], "texture": "#4"}, "east": {"uv": [2, 1, 3, 2], "texture": "#4"}, "south": {"uv": [2, 1, 3, 2], "texture": "#4"}, "west": {"uv": [2, 1, 3, 2], "texture": "#4"}, "up": {"uv": [2, 11, 3, 10], "texture": "#8"}, "down": {"uv": [2, 11, 3, 10], "texture": "#8"} } }, { "name": "octagon", "from": [9.12334, -7.25, 6.74663], "to": [9.53334, -7.15, 7.5606], "rotation": {"angle": 0, "axis": "y", "origin": [9.94334, -7.2, 7.15361]}, "faces": { "north": {"uv": [2, 1, 3, 2], "texture": "#4"}, "east": {"uv": [2, 1, 3, 2], "texture": "#4"}, "south": {"uv": [2, 1, 3, 2], "texture": "#4"}, "west": {"uv": [2, 1, 3, 2], "texture": "#4"}, "up": {"uv": [2, 11, 3, 10], "texture": "#8"}, "down": {"uv": [2, 11, 3, 10], "texture": "#8"} } }, { "name": "octagon", "from": [8.49202, -7.25, 7.70443], "to": [9.27102, -7.15, 8.51839], "rotation": {"angle": 45, "axis": "y", "origin": [8.04102, -7.2, 7.88591]}, "faces": { "north": {"uv": [2, 1, 3, 2], "texture": "#4"}, "east": {"uv": [2, 1, 3, 2], "texture": "#4"}, "south": {"uv": [2, 1, 3, 2], "texture": "#4"}, "west": {"uv": [2, 1, 3, 2], "texture": "#4"}, "up": {"uv": [2, 11, 3, 10], "texture": "#8"}, "down": {"uv": [2, 11, 3, 10], "texture": "#8"} } }, { "name": "octagon", "from": [5.58691, -7.25, 8.55659], "to": [6.40088, -7.15, 8.80259], "rotation": {"angle": 22.5, "axis": "y", "origin": [5.9939, -7.2, 7.98259]}, "faces": { "north": {"uv": [2, 1, 3, 2], "texture": "#4"}, "east": {"uv": [2, 1, 3, 2], "texture": "#4"}, "south": {"uv": [2, 1, 3, 2], "texture": "#4"}, "west": {"uv": [2, 1, 3, 2], "texture": "#4"}, "up": {"uv": [2, 11, 3, 10], "rotation": 90, "texture": "#8"}, "down": {"uv": [2, 11, 3, 10], "texture": "#8"} } }, { "name": "octagon", "from": [5.83755, -7.25, 8.42264], "to": [6.65152, -7.15, 8.66864], "rotation": {"angle": 0, "axis": "y", "origin": [6.24454, -7.2, 8.54564]}, "faces": { "north": {"uv": [2, 1, 3, 2], "texture": "#4"}, "east": {"uv": [2, 1, 3, 2], "texture": "#4"}, "south": {"uv": [2, 1, 3, 2], "texture": "#4"}, "west": {"uv": [2, 1, 3, 2], "texture": "#4"}, "up": {"uv": [2, 11, 3, 10], "rotation": 90, "texture": "#8"}, "down": {"uv": [2, 11, 3, 10], "texture": "#8"} } }, { "name": "octagon", "from": [5.85365, -7.25, 8.38275], "to": [6.66761, -7.15, 8.58775], "rotation": {"angle": -22.5, "axis": "y", "origin": [6.26063, -7.2, 8.46475]}, "faces": { "north": {"uv": [2, 1, 3, 2], "texture": "#4"}, "east": {"uv": [2, 1, 3, 2], "texture": "#4"}, "south": {"uv": [2, 1, 3, 2], "texture": "#4"}, "west": {"uv": [2, 1, 3, 2], "texture": "#4"}, "up": {"uv": [2, 11, 3, 10], "rotation": 90, "texture": "#8"}, "down": {"uv": [2, 11, 3, 10], "texture": "#8"} } }, { "name": "octagon", "from": [5.88378, -7.25, 8.08555], "to": [6.69774, -7.15, 8.55705], "rotation": {"angle": -45, "axis": "y", "origin": [6.29076, -7.2, 8.43405]}, "faces": { "north": {"uv": [2, 1, 3, 2], "texture": "#4"}, "east": {"uv": [2, 1, 3, 2], "texture": "#4"}, "south": {"uv": [2, 1, 3, 2], "texture": "#4"}, "west": {"uv": [2, 1, 3, 2], "texture": "#4"}, "up": {"uv": [2, 11, 3, 10], "rotation": 90, "texture": "#8"}, "down": {"uv": [2, 11, 3, 10], "texture": "#8"} } }, { "name": "octagon", "from": [6.36358, -7.25, 7.85326], "to": [6.69158, -7.15, 8.66722], "rotation": {"angle": -45, "axis": "y", "origin": [5.87158, -7.2, 8.26024]}, "faces": { "north": {"uv": [2, 1, 3, 2], "texture": "#4"}, "east": {"uv": [2, 1, 3, 2], "texture": "#4"}, "south": {"uv": [2, 1, 3, 2], "texture": "#4"}, "west": {"uv": [2, 1, 3, 2], "texture": "#4"}, "up": {"uv": [2, 11, 3, 10], "texture": "#8"}, "down": {"uv": [2, 11, 3, 10], "texture": "#8"} } }, { "name": "octagon", "from": [6.35682, -7.25, 8.15658], "to": [6.68482, -7.15, 8.97055], "rotation": {"angle": -22.5, "axis": "y", "origin": [5.86482, -7.2, 8.56357]}, "faces": { "north": {"uv": [2, 1, 3, 2], "texture": "#4"}, "east": {"uv": [2, 1, 3, 2], "texture": "#4"}, "south": {"uv": [2, 1, 3, 2], "texture": "#4"}, "west": {"uv": [2, 1, 3, 2], "texture": "#4"}, "up": {"uv": [2, 11, 3, 10], "texture": "#8"}, "down": {"uv": [2, 11, 3, 10], "texture": "#8"} } }, { "name": "octagon", "from": [6.46666, -7.25, 8.4394], "to": [6.87666, -7.15, 9.25337], "rotation": {"angle": 0, "axis": "y", "origin": [6.05666, -7.2, 8.84639]}, "faces": { "north": {"uv": [2, 1, 3, 2], "texture": "#4"}, "east": {"uv": [2, 1, 3, 2], "texture": "#4"}, "south": {"uv": [2, 1, 3, 2], "texture": "#4"}, "west": {"uv": [2, 1, 3, 2], "texture": "#4"}, "up": {"uv": [2, 11, 3, 10], "texture": "#8"}, "down": {"uv": [2, 11, 3, 10], "texture": "#8"} } }, { "name": "octagon", "from": [6.71358, -7.25, 7.98252], "to": [7.08258, -7.15, 8.79648], "rotation": {"angle": 22.5, "axis": "y", "origin": [7.94358, -7.2, 8.615]}, "faces": { "north": {"uv": [2, 1, 3, 2], "texture": "#4"}, "east": {"uv": [2, 1, 3, 2], "texture": "#4"}, "south": {"uv": [2, 1, 3, 2], "texture": "#4"}, "west": {"uv": [2, 1, 3, 2], "texture": "#4"}, "up": {"uv": [2, 11, 3, 10], "texture": "#8"}, "down": {"uv": [2, 11, 3, 10], "texture": "#8"} } }, { "name": "octagon", "from": [6.72898, -7.25, 7.48161], "to": [7.50798, -7.15, 8.29557], "rotation": {"angle": 45, "axis": "y", "origin": [7.95898, -7.2, 8.11409]}, "faces": { "north": {"uv": [2, 1, 3, 2], "texture": "#4"}, "east": {"uv": [2, 1, 3, 2], "texture": "#4"}, "south": {"uv": [2, 1, 3, 2], "texture": "#4"}, "west": {"uv": [2, 1, 3, 2], "texture": "#4"}, "up": {"uv": [2, 11, 3, 10], "texture": "#8"}, "down": {"uv": [2, 11, 3, 10], "texture": "#8"} } }, { "name": "octagon", "from": [6.23091, -7.25, 7.41877], "to": [7.76841, -7.15, 8.58123], "rotation": {"angle": 0, "axis": "y", "origin": [7.37891, -7.2, 8.17425]}, "faces": { "north": {"uv": [2, 1, 3, 2], "texture": "#4"}, "east": {"uv": [2, 1, 3, 2], "texture": "#4"}, "south": {"uv": [2, 1, 3, 2], "texture": "#4"}, "west": {"uv": [2, 1, 3, 2], "texture": "#4"}, "up": {"uv": [2, 11, 3, 10], "texture": "#8"}, "down": {"uv": [2, 11, 3, 10], "texture": "#8"} } }, { "name": "octagon", "from": [5.83755, -7.25, 7.33136], "to": [6.65152, -7.15, 7.57736], "rotation": {"angle": 0, "axis": "y", "origin": [6.24454, -7.2, 7.45436]}, "faces": { "north": {"uv": [2, 1, 3, 2], "texture": "#4"}, "east": {"uv": [2, 1, 3, 2], "texture": "#4"}, "south": {"uv": [2, 1, 3, 2], "texture": "#4"}, "west": {"uv": [2, 1, 3, 2], "texture": "#4"}, "up": {"uv": [2, 11, 3, 10], "rotation": 90, "texture": "#8"}, "down": {"uv": [2, 11, 3, 10], "texture": "#8"} } }, { "name": "octagon", "from": [5.58691, -7.25, 7.19741], "to": [6.40088, -7.15, 7.44341], "rotation": {"angle": -22.5, "axis": "y", "origin": [5.9939, -7.2, 8.01741]}, "faces": { "north": {"uv": [2, 1, 3, 2], "texture": "#4"}, "east": {"uv": [2, 1, 3, 2], "texture": "#4"}, "south": {"uv": [2, 1, 3, 2], "texture": "#4"}, "west": {"uv": [2, 1, 3, 2], "texture": "#4"}, "up": {"uv": [2, 11, 3, 10], "rotation": 90, "texture": "#8"}, "down": {"uv": [2, 11, 3, 10], "texture": "#8"} } }, { "name": "octagon", "from": [5.88378, -7.25, 7.44295], "to": [6.69774, -7.15, 7.91445], "rotation": {"angle": 45, "axis": "y", "origin": [6.29076, -7.2, 7.56595]}, "faces": { "north": {"uv": [2, 1, 3, 2], "texture": "#4"}, "east": {"uv": [2, 1, 3, 2], "texture": "#4"}, "south": {"uv": [2, 1, 3, 2], "texture": "#4"}, "west": {"uv": [2, 1, 3, 2], "texture": "#4"}, "up": {"uv": [2, 11, 3, 10], "rotation": 90, "texture": "#8"}, "down": {"uv": [2, 11, 3, 10], "texture": "#8"} } }, { "name": "octagon", "from": [5.85365, -7.25, 7.41225], "to": [6.66761, -7.15, 7.61725], "rotation": {"angle": 22.5, "axis": "y", "origin": [6.26063, -7.2, 7.53525]}, "faces": { "north": {"uv": [2, 1, 3, 2], "texture": "#4"}, "east": {"uv": [2, 1, 3, 2], "texture": "#4"}, "south": {"uv": [2, 1, 3, 2], "texture": "#4"}, "west": {"uv": [2, 1, 3, 2], "texture": "#4"}, "up": {"uv": [2, 11, 3, 10], "rotation": 90, "texture": "#8"}, "down": {"uv": [2, 11, 3, 10], "texture": "#8"} } }, { "name": "octagon", "from": [6.36358, -7.25, 7.33278], "to": [6.69158, -7.15, 8.14674], "rotation": {"angle": 45, "axis": "y", "origin": [5.87158, -7.2, 7.73976]}, "faces": { "north": {"uv": [2, 1, 3, 2], "texture": "#4"}, "east": {"uv": [2, 1, 3, 2], "texture": "#4"}, "south": {"uv": [2, 1, 3, 2], "texture": "#4"}, "west": {"uv": [2, 1, 3, 2], "texture": "#4"}, "up": {"uv": [2, 11, 3, 10], "texture": "#8"}, "down": {"uv": [2, 11, 3, 10], "texture": "#8"} } }, { "name": "octagon", "from": [6.35682, -7.25, 7.02945], "to": [6.68482, -7.15, 7.84342], "rotation": {"angle": 22.5, "axis": "y", "origin": [5.86482, -7.2, 7.43643]}, "faces": { "north": {"uv": [2, 1, 3, 2], "texture": "#4"}, "east": {"uv": [2, 1, 3, 2], "texture": "#4"}, "south": {"uv": [2, 1, 3, 2], "texture": "#4"}, "west": {"uv": [2, 1, 3, 2], "texture": "#4"}, "up": {"uv": [2, 11, 3, 10], "texture": "#8"}, "down": {"uv": [2, 11, 3, 10], "texture": "#8"} } }, { "name": "octagon", "from": [6.71358, -7.25, 7.20352], "to": [7.08258, -7.15, 8.01748], "rotation": {"angle": -22.5, "axis": "y", "origin": [7.94358, -7.2, 7.385]}, "faces": { "north": {"uv": [2, 1, 3, 2], "texture": "#4"}, "east": {"uv": [2, 1, 3, 2], "texture": "#4"}, "south": {"uv": [2, 1, 3, 2], "texture": "#4"}, "west": {"uv": [2, 1, 3, 2], "texture": "#4"}, "up": {"uv": [2, 11, 3, 10], "texture": "#8"}, "down": {"uv": [2, 11, 3, 10], "texture": "#8"} } }, { "name": "octagon", "from": [6.46666, -7.25, 6.74663], "to": [6.87666, -7.15, 7.5606], "rotation": {"angle": 0, "axis": "y", "origin": [6.05666, -7.2, 7.15361]}, "faces": { "north": {"uv": [2, 1, 3, 2], "texture": "#4"}, "east": {"uv": [2, 1, 3, 2], "texture": "#4"}, "south": {"uv": [2, 1, 3, 2], "texture": "#4"}, "west": {"uv": [2, 1, 3, 2], "texture": "#4"}, "up": {"uv": [2, 11, 3, 10], "texture": "#8"}, "down": {"uv": [2, 11, 3, 10], "texture": "#8"} } }, { "name": "octagon", "from": [6.72898, -7.25, 7.70443], "to": [7.50798, -7.15, 8.51839], "rotation": {"angle": -45, "axis": "y", "origin": [7.95898, -7.2, 7.88591]}, "faces": { "north": {"uv": [2, 1, 3, 2], "texture": "#4"}, "east": {"uv": [2, 1, 3, 2], "texture": "#4"}, "south": {"uv": [2, 1, 3, 2], "texture": "#4"}, "west": {"uv": [2, 1, 3, 2], "texture": "#4"}, "up": {"uv": [2, 11, 3, 10], "texture": "#8"}, "down": {"uv": [2, 11, 3, 10], "texture": "#8"} } }, { "name": "octagon", "from": [7.19741, -7.3, 9.59912], "to": [7.44341, -7.2, 10.41309], "rotation": {"angle": -22.5, "axis": "y", "origin": [8.01741, -7.25, 10.0061]}, "faces": { "north": {"uv": [2, 1, 3, 2], "texture": "#4"}, "east": {"uv": [2, 1, 3, 2], "texture": "#4"}, "south": {"uv": [2, 1, 3, 2], "texture": "#4"}, "west": {"uv": [2, 1, 3, 2], "texture": "#4"}, "up": {"uv": [2, 11, 3, 10], "rotation": 180, "texture": "#8"}, "down": {"uv": [2, 11, 3, 10], "texture": "#8"} } }, { "name": "octagon", "from": [7.33136, -7.3, 9.34848], "to": [7.57736, -7.2, 10.16245], "rotation": {"angle": 0, "axis": "y", "origin": [7.45436, -7.25, 9.75546]}, "faces": { "north": {"uv": [2, 1, 3, 2], "texture": "#4"}, "east": {"uv": [2, 1, 3, 2], "texture": "#4"}, "south": {"uv": [2, 1, 3, 2], "texture": "#4"}, "west": {"uv": [2, 1, 3, 2], "texture": "#4"}, "up": {"uv": [2, 11, 3, 10], "rotation": 180, "texture": "#8"}, "down": {"uv": [2, 11, 3, 10], "texture": "#8"} } }, { "name": "octagon", "from": [7.41225, -7.3, 9.33239], "to": [7.61725, -7.2, 10.14635], "rotation": {"angle": 22.5, "axis": "y", "origin": [7.53525, -7.25, 9.73937]}, "faces": { "north": {"uv": [2, 1, 3, 2], "texture": "#4"}, "east": {"uv": [2, 1, 3, 2], "texture": "#4"}, "south": {"uv": [2, 1, 3, 2], "texture": "#4"}, "west": {"uv": [2, 1, 3, 2], "texture": "#4"}, "up": {"uv": [2, 11, 3, 10], "rotation": 180, "texture": "#8"}, "down": {"uv": [2, 11, 3, 10], "texture": "#8"} } }, { "name": "octagon", "from": [7.44295, -7.3, 9.30226], "to": [7.91445, -7.2, 10.11622], "rotation": {"angle": 45, "axis": "y", "origin": [7.56595, -7.25, 9.70924]}, "faces": { "north": {"uv": [2, 1, 3, 2], "texture": "#4"}, "east": {"uv": [2, 1, 3, 2], "texture": "#4"}, "south": {"uv": [2, 1, 3, 2], "texture": "#4"}, "west": {"uv": [2, 1, 3, 2], "texture": "#4"}, "up": {"uv": [2, 11, 3, 10], "rotation": 180, "texture": "#8"}, "down": {"uv": [2, 11, 3, 10], "texture": "#8"} } }, { "name": "octagon", "from": [7.33278, -7.3, 9.30842], "to": [8.14674, -7.2, 9.63642], "rotation": {"angle": 45, "axis": "y", "origin": [7.73976, -7.25, 10.12842]}, "faces": { "north": {"uv": [2, 1, 3, 2], "texture": "#4"}, "east": {"uv": [2, 1, 3, 2], "texture": "#4"}, "south": {"uv": [2, 1, 3, 2], "texture": "#4"}, "west": {"uv": [2, 1, 3, 2], "texture": "#4"}, "up": {"uv": [2, 11, 3, 10], "rotation": 90, "texture": "#8"}, "down": {"uv": [2, 11, 3, 10], "texture": "#8"} } }, { "name": "octagon", "from": [7.02945, -7.3, 9.31518], "to": [7.84342, -7.2, 9.64318], "rotation": {"angle": 22.5, "axis": "y", "origin": [7.43643, -7.25, 10.13518]}, "faces": { "north": {"uv": [2, 1, 3, 2], "texture": "#4"}, "east": {"uv": [2, 1, 3, 2], "texture": "#4"}, "south": {"uv": [2, 1, 3, 2], "texture": "#4"}, "west": {"uv": [2, 1, 3, 2], "texture": "#4"}, "up": {"uv": [2, 11, 3, 10], "rotation": 90, "texture": "#8"}, "down": {"uv": [2, 11, 3, 10], "texture": "#8"} } }, { "name": "octagon", "from": [6.74663, -7.3, 9.12334], "to": [7.5606, -7.2, 9.53334], "rotation": {"angle": 0, "axis": "y", "origin": [7.15361, -7.25, 9.94334]}, "faces": { "north": {"uv": [2, 1, 3, 2], "texture": "#4"}, "east": {"uv": [2, 1, 3, 2], "texture": "#4"}, "south": {"uv": [2, 1, 3, 2], "texture": "#4"}, "west": {"uv": [2, 1, 3, 2], "texture": "#4"}, "up": {"uv": [2, 11, 3, 10], "rotation": 90, "texture": "#8"}, "down": {"uv": [2, 11, 3, 10], "texture": "#8"} } }, { "name": "octagon", "from": [7.20352, -7.3, 8.91742], "to": [8.01748, -7.2, 9.28642], "rotation": {"angle": -22.5, "axis": "y", "origin": [7.385, -7.25, 8.05642]}, "faces": { "north": {"uv": [2, 1, 3, 2], "texture": "#4"}, "east": {"uv": [2, 1, 3, 2], "texture": "#4"}, "south": {"uv": [2, 1, 3, 2], "texture": "#4"}, "west": {"uv": [2, 1, 3, 2], "texture": "#4"}, "up": {"uv": [2, 11, 3, 10], "rotation": 90, "texture": "#8"}, "down": {"uv": [2, 11, 3, 10], "texture": "#8"} } }, { "name": "octagon", "from": [7.70443, -7.3, 8.49202], "to": [8.51839, -7.2, 9.27102], "rotation": {"angle": -45, "axis": "y", "origin": [7.88591, -7.25, 8.04102]}, "faces": { "north": {"uv": [2, 1, 3, 2], "texture": "#4"}, "east": {"uv": [2, 1, 3, 2], "texture": "#4"}, "south": {"uv": [2, 1, 3, 2], "texture": "#4"}, "west": {"uv": [2, 1, 3, 2], "texture": "#4"}, "up": {"uv": [2, 11, 3, 10], "rotation": 90, "texture": "#8"}, "down": {"uv": [2, 11, 3, 10], "texture": "#8"} } }, { "name": "octagon", "from": [7.41877, -7.3, 8.23159], "to": [8.58123, -7.2, 9.76909], "rotation": {"angle": 0, "axis": "y", "origin": [7.82575, -7.25, 8.62109]}, "faces": { "north": {"uv": [2, 1, 3, 2], "texture": "#4"}, "east": {"uv": [2, 1, 3, 2], "texture": "#4"}, "south": {"uv": [2, 1, 3, 2], "texture": "#4"}, "west": {"uv": [2, 1, 3, 2], "texture": "#4"}, "up": {"uv": [2, 11, 3, 10], "rotation": 90, "texture": "#8"}, "down": {"uv": [2, 11, 3, 10], "texture": "#8"} } }, { "name": "octagon", "from": [8.42264, -7.3, 9.34848], "to": [8.66864, -7.2, 10.16245], "rotation": {"angle": 0, "axis": "y", "origin": [8.54564, -7.25, 9.75546]}, "faces": { "north": {"uv": [2, 1, 3, 2], "texture": "#4"}, "east": {"uv": [2, 1, 3, 2], "texture": "#4"}, "south": {"uv": [2, 1, 3, 2], "texture": "#4"}, "west": {"uv": [2, 1, 3, 2], "texture": "#4"}, "up": {"uv": [2, 11, 3, 10], "rotation": 180, "texture": "#8"}, "down": {"uv": [2, 11, 3, 10], "texture": "#8"} } }, { "name": "octagon", "from": [8.55659, -7.3, 9.59912], "to": [8.80259, -7.2, 10.41309], "rotation": {"angle": 22.5, "axis": "y", "origin": [7.98259, -7.25, 10.0061]}, "faces": { "north": {"uv": [2, 1, 3, 2], "texture": "#4"}, "east": {"uv": [2, 1, 3, 2], "texture": "#4"}, "south": {"uv": [2, 1, 3, 2], "texture": "#4"}, "west": {"uv": [2, 1, 3, 2], "texture": "#4"}, "up": {"uv": [2, 11, 3, 10], "rotation": 180, "texture": "#8"}, "down": {"uv": [2, 11, 3, 10], "texture": "#8"} } }, { "name": "octagon", "from": [8.08555, -7.3, 9.30226], "to": [8.55705, -7.2, 10.11622], "rotation": {"angle": -45, "axis": "y", "origin": [8.43405, -7.25, 9.70924]}, "faces": { "north": {"uv": [2, 1, 3, 2], "texture": "#4"}, "east": {"uv": [2, 1, 3, 2], "texture": "#4"}, "south": {"uv": [2, 1, 3, 2], "texture": "#4"}, "west": {"uv": [2, 1, 3, 2], "texture": "#4"}, "up": {"uv": [2, 11, 3, 10], "rotation": 180, "texture": "#8"}, "down": {"uv": [2, 11, 3, 10], "texture": "#8"} } }, { "name": "octagon", "from": [8.38275, -7.3, 9.33239], "to": [8.58775, -7.2, 10.14635], "rotation": {"angle": -22.5, "axis": "y", "origin": [8.46475, -7.25, 9.73937]}, "faces": { "north": {"uv": [2, 1, 3, 2], "texture": "#4"}, "east": {"uv": [2, 1, 3, 2], "texture": "#4"}, "south": {"uv": [2, 1, 3, 2], "texture": "#4"}, "west": {"uv": [2, 1, 3, 2], "texture": "#4"}, "up": {"uv": [2, 11, 3, 10], "rotation": 180, "texture": "#8"}, "down": {"uv": [2, 11, 3, 10], "texture": "#8"} } }, { "name": "octagon", "from": [7.85326, -7.3, 9.30842], "to": [8.66722, -7.2, 9.63642], "rotation": {"angle": -45, "axis": "y", "origin": [8.26024, -7.25, 10.12842]}, "faces": { "north": {"uv": [2, 1, 3, 2], "texture": "#4"}, "east": {"uv": [2, 1, 3, 2], "texture": "#4"}, "south": {"uv": [2, 1, 3, 2], "texture": "#4"}, "west": {"uv": [2, 1, 3, 2], "texture": "#4"}, "up": {"uv": [2, 11, 3, 10], "rotation": 90, "texture": "#8"}, "down": {"uv": [2, 11, 3, 10], "texture": "#8"} } }, { "name": "octagon", "from": [8.15658, -7.3, 9.31518], "to": [8.97055, -7.2, 9.64318], "rotation": {"angle": -22.5, "axis": "y", "origin": [8.56357, -7.25, 10.13518]}, "faces": { "north": {"uv": [2, 1, 3, 2], "texture": "#4"}, "east": {"uv": [2, 1, 3, 2], "texture": "#4"}, "south": {"uv": [2, 1, 3, 2], "texture": "#4"}, "west": {"uv": [2, 1, 3, 2], "texture": "#4"}, "up": {"uv": [2, 11, 3, 10], "rotation": 90, "texture": "#8"}, "down": {"uv": [2, 11, 3, 10], "texture": "#8"} } }, { "name": "octagon", "from": [7.98252, -7.3, 8.91742], "to": [8.79648, -7.2, 9.28642], "rotation": {"angle": 22.5, "axis": "y", "origin": [8.615, -7.25, 8.05642]}, "faces": { "north": {"uv": [2, 1, 3, 2], "texture": "#4"}, "east": {"uv": [2, 1, 3, 2], "texture": "#4"}, "south": {"uv": [2, 1, 3, 2], "texture": "#4"}, "west": {"uv": [2, 1, 3, 2], "texture": "#4"}, "up": {"uv": [2, 11, 3, 10], "rotation": 90, "texture": "#8"}, "down": {"uv": [2, 11, 3, 10], "texture": "#8"} } }, { "name": "octagon", "from": [8.4394, -7.3, 9.12334], "to": [9.25337, -7.2, 9.53334], "rotation": {"angle": 0, "axis": "y", "origin": [8.84639, -7.25, 9.94334]}, "faces": { "north": {"uv": [2, 1, 3, 2], "texture": "#4"}, "east": {"uv": [2, 1, 3, 2], "texture": "#4"}, "south": {"uv": [2, 1, 3, 2], "texture": "#4"}, "west": {"uv": [2, 1, 3, 2], "texture": "#4"}, "up": {"uv": [2, 11, 3, 10], "rotation": 90, "texture": "#8"}, "down": {"uv": [2, 11, 3, 10], "texture": "#8"} } }, { "name": "octagon", "from": [7.48161, -7.3, 8.49202], "to": [8.29557, -7.2, 9.27102], "rotation": {"angle": 45, "axis": "y", "origin": [8.11409, -7.25, 8.04102]}, "faces": { "north": {"uv": [2, 1, 3, 2], "texture": "#4"}, "east": {"uv": [2, 1, 3, 2], "texture": "#4"}, "south": {"uv": [2, 1, 3, 2], "texture": "#4"}, "west": {"uv": [2, 1, 3, 2], "texture": "#4"}, "up": {"uv": [2, 11, 3, 10], "rotation": 90, "texture": "#8"}, "down": {"uv": [2, 11, 3, 10], "texture": "#8"} } }, { "name": "octagon", "from": [7.19741, -7.3, 5.58691], "to": [7.44341, -7.2, 6.40088], "rotation": {"angle": 22.5, "axis": "y", "origin": [8.01741, -7.25, 5.9939]}, "faces": { "north": {"uv": [2, 1, 3, 2], "texture": "#4"}, "east": {"uv": [2, 1, 3, 2], "texture": "#4"}, "south": {"uv": [2, 1, 3, 2], "texture": "#4"}, "west": {"uv": [2, 1, 3, 2], "texture": "#4"}, "up": {"uv": [2, 11, 3, 10], "rotation": 180, "texture": "#8"}, "down": {"uv": [2, 11, 3, 10], "texture": "#8"} } }, { "name": "octagon", "from": [7.33136, -7.3, 5.83755], "to": [7.57736, -7.2, 6.65152], "rotation": {"angle": 0, "axis": "y", "origin": [7.45436, -7.25, 6.24454]}, "faces": { "north": {"uv": [2, 1, 3, 2], "texture": "#4"}, "east": {"uv": [2, 1, 3, 2], "texture": "#4"}, "south": {"uv": [2, 1, 3, 2], "texture": "#4"}, "west": {"uv": [2, 1, 3, 2], "texture": "#4"}, "up": {"uv": [2, 11, 3, 10], "rotation": 180, "texture": "#8"}, "down": {"uv": [2, 11, 3, 10], "texture": "#8"} } }, { "name": "octagon", "from": [7.41225, -7.3, 5.85365], "to": [7.61725, -7.2, 6.66761], "rotation": {"angle": -22.5, "axis": "y", "origin": [7.53525, -7.25, 6.26063]}, "faces": { "north": {"uv": [2, 1, 3, 2], "texture": "#4"}, "east": {"uv": [2, 1, 3, 2], "texture": "#4"}, "south": {"uv": [2, 1, 3, 2], "texture": "#4"}, "west": {"uv": [2, 1, 3, 2], "texture": "#4"}, "up": {"uv": [2, 11, 3, 10], "rotation": 180, "texture": "#8"}, "down": {"uv": [2, 11, 3, 10], "texture": "#8"} } }, { "name": "octagon", "from": [7.44295, -7.3, 5.88378], "to": [7.91445, -7.2, 6.69774], "rotation": {"angle": -45, "axis": "y", "origin": [7.56595, -7.25, 6.29076]}, "faces": { "north": {"uv": [2, 1, 3, 2], "texture": "#4"}, "east": {"uv": [2, 1, 3, 2], "texture": "#4"}, "south": {"uv": [2, 1, 3, 2], "texture": "#4"}, "west": {"uv": [2, 1, 3, 2], "texture": "#4"}, "up": {"uv": [2, 11, 3, 10], "rotation": 180, "texture": "#8"}, "down": {"uv": [2, 11, 3, 10], "texture": "#8"} } }, { "name": "octagon", "from": [7.33278, -7.3, 6.36358], "to": [8.14674, -7.2, 6.69158], "rotation": {"angle": -45, "axis": "y", "origin": [7.73976, -7.25, 5.87158]}, "faces": { "north": {"uv": [2, 1, 3, 2], "texture": "#4"}, "east": {"uv": [2, 1, 3, 2], "texture": "#4"}, "south": {"uv": [2, 1, 3, 2], "texture": "#4"}, "west": {"uv": [2, 1, 3, 2], "texture": "#4"}, "up": {"uv": [2, 11, 3, 10], "rotation": 90, "texture": "#8"}, "down": {"uv": [2, 11, 3, 10], "texture": "#8"} } }, { "name": "octagon", "from": [7.02945, -7.3, 6.35682], "to": [7.84342, -7.2, 6.68482], "rotation": {"angle": -22.5, "axis": "y", "origin": [7.43643, -7.25, 5.86482]}, "faces": { "north": {"uv": [2, 1, 3, 2], "texture": "#4"}, "east": {"uv": [2, 1, 3, 2], "texture": "#4"}, "south": {"uv": [2, 1, 3, 2], "texture": "#4"}, "west": {"uv": [2, 1, 3, 2], "texture": "#4"}, "up": {"uv": [2, 11, 3, 10], "rotation": 90, "texture": "#8"}, "down": {"uv": [2, 11, 3, 10], "texture": "#8"} } }, { "name": "octagon", "from": [6.74663, -7.3, 6.46666], "to": [7.5606, -7.2, 6.87666], "rotation": {"angle": 0, "axis": "y", "origin": [7.15361, -7.25, 6.05666]}, "faces": { "north": {"uv": [2, 1, 3, 2], "texture": "#4"}, "east": {"uv": [2, 1, 3, 2], "texture": "#4"}, "south": {"uv": [2, 1, 3, 2], "texture": "#4"}, "west": {"uv": [2, 1, 3, 2], "texture": "#4"}, "up": {"uv": [2, 11, 3, 10], "rotation": 90, "texture": "#8"}, "down": {"uv": [2, 11, 3, 10], "texture": "#8"} } }, { "name": "octagon", "from": [7.20352, -7.3, 6.71358], "to": [8.01748, -7.2, 7.08258], "rotation": {"angle": 22.5, "axis": "y", "origin": [7.385, -7.25, 7.94358]}, "faces": { "north": {"uv": [2, 1, 3, 2], "texture": "#4"}, "east": {"uv": [2, 1, 3, 2], "texture": "#4"}, "south": {"uv": [2, 1, 3, 2], "texture": "#4"}, "west": {"uv": [2, 1, 3, 2], "texture": "#4"}, "up": {"uv": [2, 11, 3, 10], "rotation": 90, "texture": "#8"}, "down": {"uv": [2, 11, 3, 10], "texture": "#8"} } }, { "name": "octagon", "from": [7.70443, -7.3, 6.72898], "to": [8.51839, -7.2, 7.50798], "rotation": {"angle": 45, "axis": "y", "origin": [7.88591, -7.25, 7.95898]}, "faces": { "north": {"uv": [2, 1, 3, 2], "texture": "#4"}, "east": {"uv": [2, 1, 3, 2], "texture": "#4"}, "south": {"uv": [2, 1, 3, 2], "texture": "#4"}, "west": {"uv": [2, 1, 3, 2], "texture": "#4"}, "up": {"uv": [2, 11, 3, 10], "rotation": 90, "texture": "#8"}, "down": {"uv": [2, 11, 3, 10], "texture": "#8"} } }, { "name": "octagon", "from": [7.41877, -7.3, 6.23091], "to": [8.58123, -7.2, 7.76841], "rotation": {"angle": 0, "axis": "y", "origin": [7.82575, -7.25, 7.37891]}, "faces": { "north": {"uv": [2, 1, 3, 2], "texture": "#4"}, "east": {"uv": [2, 1, 3, 2], "texture": "#4"}, "south": {"uv": [2, 1, 3, 2], "texture": "#4"}, "west": {"uv": [2, 1, 3, 2], "texture": "#4"}, "up": {"uv": [2, 11, 3, 10], "rotation": 90, "texture": "#8"}, "down": {"uv": [2, 11, 3, 10], "texture": "#8"} } }, { "name": "octagon", "from": [8.42264, -7.3, 5.83755], "to": [8.66864, -7.2, 6.65152], "rotation": {"angle": 0, "axis": "y", "origin": [8.54564, -7.25, 6.24454]}, "faces": { "north": {"uv": [2, 1, 3, 2], "texture": "#4"}, "east": {"uv": [2, 1, 3, 2], "texture": "#4"}, "south": {"uv": [2, 1, 3, 2], "texture": "#4"}, "west": {"uv": [2, 1, 3, 2], "texture": "#4"}, "up": {"uv": [2, 11, 3, 10], "rotation": 180, "texture": "#8"}, "down": {"uv": [2, 11, 3, 10], "texture": "#8"} } }, { "name": "octagon", "from": [8.55659, -7.3, 5.58691], "to": [8.80259, -7.2, 6.40088], "rotation": {"angle": -22.5, "axis": "y", "origin": [7.98259, -7.25, 5.9939]}, "faces": { "north": {"uv": [2, 1, 3, 2], "texture": "#4"}, "east": {"uv": [2, 1, 3, 2], "texture": "#4"}, "south": {"uv": [2, 1, 3, 2], "texture": "#4"}, "west": {"uv": [2, 1, 3, 2], "texture": "#4"}, "up": {"uv": [2, 11, 3, 10], "rotation": 180, "texture": "#8"}, "down": {"uv": [2, 11, 3, 10], "texture": "#8"} } }, { "name": "octagon", "from": [8.08555, -7.3, 5.88378], "to": [8.55705, -7.2, 6.69774], "rotation": {"angle": 45, "axis": "y", "origin": [8.43405, -7.25, 6.29076]}, "faces": { "north": {"uv": [2, 1, 3, 2], "texture": "#4"}, "east": {"uv": [2, 1, 3, 2], "texture": "#4"}, "south": {"uv": [2, 1, 3, 2], "texture": "#4"}, "west": {"uv": [2, 1, 3, 2], "texture": "#4"}, "up": {"uv": [2, 11, 3, 10], "rotation": 180, "texture": "#8"}, "down": {"uv": [2, 11, 3, 10], "texture": "#8"} } }, { "name": "octagon", "from": [8.38275, -7.3, 5.85365], "to": [8.58775, -7.2, 6.66761], "rotation": {"angle": 22.5, "axis": "y", "origin": [8.46475, -7.25, 6.26063]}, "faces": { "north": {"uv": [2, 1, 3, 2], "texture": "#4"}, "east": {"uv": [2, 1, 3, 2], "texture": "#4"}, "south": {"uv": [2, 1, 3, 2], "texture": "#4"}, "west": {"uv": [2, 1, 3, 2], "texture": "#4"}, "up": {"uv": [2, 11, 3, 10], "rotation": 180, "texture": "#8"}, "down": {"uv": [2, 11, 3, 10], "texture": "#8"} } }, { "name": "octagon", "from": [7.85326, -7.3, 6.36358], "to": [8.66722, -7.2, 6.69158], "rotation": {"angle": 45, "axis": "y", "origin": [8.26024, -7.25, 5.87158]}, "faces": { "north": {"uv": [2, 1, 3, 2], "texture": "#4"}, "east": {"uv": [2, 1, 3, 2], "texture": "#4"}, "south": {"uv": [2, 1, 3, 2], "texture": "#4"}, "west": {"uv": [2, 1, 3, 2], "texture": "#4"}, "up": {"uv": [2, 11, 3, 10], "rotation": 90, "texture": "#8"}, "down": {"uv": [2, 11, 3, 10], "texture": "#8"} } }, { "name": "octagon", "from": [8.15658, -7.3, 6.35682], "to": [8.97055, -7.2, 6.68482], "rotation": {"angle": 22.5, "axis": "y", "origin": [8.56357, -7.25, 5.86482]}, "faces": { "north": {"uv": [2, 1, 3, 2], "texture": "#4"}, "east": {"uv": [2, 1, 3, 2], "texture": "#4"}, "south": {"uv": [2, 1, 3, 2], "texture": "#4"}, "west": {"uv": [2, 1, 3, 2], "texture": "#4"}, "up": {"uv": [2, 11, 3, 10], "rotation": 90, "texture": "#8"}, "down": {"uv": [2, 11, 3, 10], "texture": "#8"} } }, { "name": "octagon", "from": [7.98252, -7.3, 6.71358], "to": [8.79648, -7.2, 7.08258], "rotation": {"angle": -22.5, "axis": "y", "origin": [8.615, -7.25, 7.94358]}, "faces": { "north": {"uv": [2, 1, 3, 2], "texture": "#4"}, "east": {"uv": [2, 1, 3, 2], "texture": "#4"}, "south": {"uv": [2, 1, 3, 2], "texture": "#4"}, "west": {"uv": [2, 1, 3, 2], "texture": "#4"}, "up": {"uv": [2, 11, 3, 10], "rotation": 90, "texture": "#8"}, "down": {"uv": [2, 11, 3, 10], "texture": "#8"} } }, { "name": "octagon", "from": [8.4394, -7.3, 6.46666], "to": [9.25337, -7.2, 6.87666], "rotation": {"angle": 0, "axis": "y", "origin": [8.84639, -7.25, 6.05666]}, "faces": { "north": {"uv": [2, 1, 3, 2], "texture": "#4"}, "east": {"uv": [2, 1, 3, 2], "texture": "#4"}, "south": {"uv": [2, 1, 3, 2], "texture": "#4"}, "west": {"uv": [2, 1, 3, 2], "texture": "#4"}, "up": {"uv": [2, 11, 3, 10], "rotation": 90, "texture": "#8"}, "down": {"uv": [2, 11, 3, 10], "texture": "#8"} } }, { "name": "octagon", "from": [7.48161, -7.3, 6.72898], "to": [8.29557, -7.2, 7.50798], "rotation": {"angle": -45, "axis": "y", "origin": [8.11409, -7.25, 7.95898]}, "faces": { "north": {"uv": [2, 1, 3, 2], "texture": "#4"}, "east": {"uv": [2, 1, 3, 2], "texture": "#4"}, "south": {"uv": [2, 1, 3, 2], "texture": "#4"}, "west": {"uv": [2, 1, 3, 2], "texture": "#4"}, "up": {"uv": [2, 11, 3, 10], "rotation": 90, "texture": "#8"}, "down": {"uv": [2, 11, 3, 10], "texture": "#8"} } }, { "name": "octagon", "from": [7.68228, -7.2, 7.15], "to": [8.32492, -6.7, 8.85], "rotation": {"angle": 0, "axis": "y", "origin": [8.0536, -8, 8]}, "faces": { "north": {"uv": [12, 1, 13, 4], "texture": "#8"}, "east": {"uv": [12, 1, 13, 4], "texture": "#8"}, "south": {"uv": [12, 1, 13, 4], "texture": "#8"}, "west": {"uv": [12, 1, 13, 4], "texture": "#8"}, "up": {"uv": [12, 1, 13, 4], "texture": "#8"}, "down": {"uv": [12, 1, 13, 4], "texture": "#8"} } }, { "name": "octagon", "from": [7.68228, -6.7, 7.15], "to": [8.32492, -6.15, 8.85], "rotation": {"angle": 0, "axis": "y", "origin": [8.0536, -8, 8]}, "faces": { "north": {"uv": [9, 8, 10, 9], "texture": "#8"}, "east": {"uv": [9, 8, 10, 9], "texture": "#8"}, "south": {"uv": [9, 8, 10, 9], "texture": "#8"}, "west": {"uv": [9, 8, 10, 9], "texture": "#8"}, "up": {"uv": [9, 8, 10, 9], "texture": "#8"}, "down": {"uv": [9, 8, 10, 9], "texture": "#8"} } }, { "from": [7.74652, 2.88151, 8.1], "to": [8.24652, 4.38151, 8.85], "rotation": {"angle": 0, "axis": "y", "origin": [0.52152, 14.88151, 15.95]}, "faces": { "north": {"uv": [0, 0, 0.55, 1], "texture": "#5"}, "east": {"uv": [0, 0, 1.25, 1], "texture": "#5"}, "south": {"uv": [0, 0, 0.55, 1], "texture": "#5"}, "west": {"uv": [0, 0, 1.25, 1], "texture": "#5"}, "up": {"uv": [0, 0, 1.25, 0.55], "rotation": 90, "texture": "#5"}, "down": {"uv": [0, 0, 1.25, 0.55], "rotation": 270, "texture": "#5"} } }, { "from": [7.74652, 4.38151, 8.15], "to": [8.24652, 5.80651, 8.9], "rotation": {"angle": 0, "axis": "y", "origin": [0.52152, 16.38151, 16]}, "faces": { "north": {"uv": [0, 0, 0.55, 0.95], "texture": "#5"}, "east": {"uv": [0, 0, 1.25, 0.95], "texture": "#5"}, "south": {"uv": [0, 0, 0.55, 0.95], "texture": "#5"}, "west": {"uv": [0, 0, 1.25, 0.95], "texture": "#5"}, "up": {"uv": [0, 0, 1.25, 0.55], "rotation": 90, "texture": "#5"}, "down": {"uv": [0, 0, 1.25, 0.55], "rotation": 270, "texture": "#5"} } }, { "from": [7.74652, 5.80651, 8.2], "to": [8.24652, 7.15651, 8.95], "rotation": {"angle": 0, "axis": "y", "origin": [0.52152, 17.80651, 16.05]}, "faces": { "north": {"uv": [0, 0, 0.55, 0.9], "texture": "#5"}, "east": {"uv": [0, 0, 1.25, 0.9], "texture": "#5"}, "south": {"uv": [0, 0, 0.55, 0.9], "texture": "#5"}, "west": {"uv": [0, 0, 1.25, 0.9], "texture": "#5"}, "up": {"uv": [0, 0, 1.25, 0.55], "rotation": 90, "texture": "#5"}, "down": {"uv": [0, 0, 1.25, 0.55], "rotation": 270, "texture": "#5"} } }, { "from": [7.74652, 7.15651, 8.275], "to": [8.24652, 8.43151, 9.025], "rotation": {"angle": 0, "axis": "y", "origin": [0.52152, 19.15651, 16.125]}, "faces": { "north": {"uv": [0, 0, 0.55, 0.85], "texture": "#5"}, "east": {"uv": [0, 0, 1.25, 0.85], "texture": "#5"}, "south": {"uv": [0, 0, 0.55, 0.85], "texture": "#5"}, "west": {"uv": [0, 0, 1.25, 0.85], "texture": "#5"}, "up": {"uv": [0, 0, 1.25, 0.55], "rotation": 90, "texture": "#5"}, "down": {"uv": [0, 0, 1.25, 0.55], "rotation": 270, "texture": "#5"} } }, { "from": [7.74652, 8.43151, 8.35], "to": [8.24652, 9.63151, 9.1], "rotation": {"angle": 0, "axis": "y", "origin": [0.52152, 20.43151, 16.2]}, "faces": { "north": {"uv": [0, 0, 0.55, 0.8], "texture": "#5"}, "east": {"uv": [0, 0, 1.25, 0.8], "texture": "#5"}, "south": {"uv": [0, 0, 0.55, 0.8], "texture": "#5"}, "west": {"uv": [0, 0, 1.25, 0.8], "texture": "#5"}, "up": {"uv": [0, 0, 1.25, 0.55], "rotation": 90, "texture": "#5"}, "down": {"uv": [0, 0, 1.25, 0.55], "rotation": 270, "texture": "#5"} } }, { "from": [7.74652, 9.63151, 8.45], "to": [8.24652, 10.75651, 9.2], "rotation": {"angle": 0, "axis": "y", "origin": [0.52152, 21.63151, 16.3]}, "faces": { "north": {"uv": [0, 0, 0.55, 0.75], "texture": "#5"}, "east": {"uv": [0, 0, 1.25, 0.75], "texture": "#5"}, "south": {"uv": [0, 0, 0.55, 0.75], "texture": "#5"}, "west": {"uv": [0, 0, 1.25, 0.75], "texture": "#5"}, "up": {"uv": [0, 0, 1.25, 0.55], "rotation": 90, "texture": "#5"}, "down": {"uv": [0, 0, 1.25, 0.55], "rotation": 270, "texture": "#5"} } }, { "from": [7.74652, 10.75651, 8.55], "to": [8.24652, 11.84401, 9.25], "rotation": {"angle": 0, "axis": "y", "origin": [0.52152, 22.75651, 16.4]}, "faces": { "north": {"uv": [0, 0, 0.55, 0.725], "texture": "#5"}, "east": {"uv": [0, 0, 1.2, 0.725], "texture": "#5"}, "south": {"uv": [0, 0, 0.55, 0.725], "texture": "#5"}, "west": {"uv": [0, 0, 1.2, 0.725], "texture": "#5"}, "up": {"uv": [0, 0, 1.2, 0.55], "rotation": 90, "texture": "#5"}, "down": {"uv": [0, 0, 1.2, 0.55], "rotation": 270, "texture": "#5"} } }, { "from": [7.74652, 11.84401, 8.675], "to": [8.24652, 12.93151, 9.375], "rotation": {"angle": 0, "axis": "y", "origin": [0.52152, 23.84401, 16.525]}, "faces": { "north": {"uv": [0, 0, 0.55, 0.725], "texture": "#5"}, "east": {"uv": [0, 0, 1.2, 0.725], "texture": "#5"}, "south": {"uv": [0, 0, 0.55, 0.725], "texture": "#5"}, "west": {"uv": [0, 0, 1.2, 0.725], "texture": "#5"}, "up": {"uv": [0, 0, 1.2, 0.55], "rotation": 90, "texture": "#5"}, "down": {"uv": [0, 0, 1.2, 0.55], "rotation": 270, "texture": "#5"} } }, { "from": [7.74652, 12.93151, 8.8], "to": [8.24652, 13.98151, 9.5], "rotation": {"angle": 0, "axis": "y", "origin": [0.52152, 24.93151, 16.65]}, "faces": { "north": {"uv": [0, 0, 0.55, 0.7], "texture": "#5"}, "east": {"uv": [0, 0, 1.2, 0.7], "texture": "#5"}, "south": {"uv": [0, 0, 0.55, 0.7], "texture": "#5"}, "west": {"uv": [0, 0, 1.2, 0.7], "texture": "#5"}, "up": {"uv": [0, 0, 1.2, 0.55], "rotation": 90, "texture": "#5"}, "down": {"uv": [0, 0, 1.2, 0.55], "rotation": 270, "texture": "#5"} } }, { "from": [7.74652, 13.98151, 8.95], "to": [8.24652, 14.95651, 9.6], "rotation": {"angle": 0, "axis": "y", "origin": [0.52152, 25.98151, 16.8]}, "faces": { "north": {"uv": [0, 0, 0.55, 0.65], "texture": "#5"}, "east": {"uv": [0, 0, 1.15, 0.65], "texture": "#5"}, "south": {"uv": [0, 0, 0.55, 0.65], "texture": "#5"}, "west": {"uv": [0, 0, 1.15, 0.65], "texture": "#5"}, "up": {"uv": [0, 0, 1.15, 0.55], "rotation": 90, "texture": "#5"}, "down": {"uv": [0, 0, 1.15, 0.55], "rotation": 270, "texture": "#5"} } }, { "from": [7.74652, 14.95651, 9.125], "to": [8.24652, 15.85651, 9.775], "rotation": {"angle": 0, "axis": "y", "origin": [0.52152, 26.95651, 16.975]}, "faces": { "north": {"uv": [0, 0, 0.55, 0.6], "texture": "#5"}, "east": {"uv": [0, 0, 1.15, 0.6], "texture": "#5"}, "south": {"uv": [0, 0, 0.55, 0.6], "texture": "#5"}, "west": {"uv": [0, 0, 1.15, 0.6], "texture": "#5"}, "up": {"uv": [0, 0, 1.15, 0.55], "rotation": 90, "texture": "#5"}, "down": {"uv": [0, 0, 1.15, 0.55], "rotation": 270, "texture": "#5"} } }, { "from": [7.74652, 15.85651, 9.325], "to": [8.24652, 16.75651, 9.925], "rotation": {"angle": 0, "axis": "y", "origin": [0.52152, 27.85651, 17.175]}, "faces": { "north": {"uv": [0, 0, 0.55, 0.6], "texture": "#5"}, "east": {"uv": [0, 0, 1.1, 0.6], "texture": "#5"}, "south": {"uv": [0, 0, 0.55, 0.6], "texture": "#5"}, "west": {"uv": [0, 0, 1.1, 0.6], "texture": "#5"}, "up": {"uv": [0, 0, 1.1, 0.55], "rotation": 90, "texture": "#5"}, "down": {"uv": [0, 0, 1.1, 0.55], "rotation": 270, "texture": "#5"} } }, { "from": [7.74652, 16.75651, 9.575], "to": [8.24652, 17.50651, 10.125], "rotation": {"angle": 0, "axis": "y", "origin": [0.52152, 28.75651, 17.425]}, "faces": { "north": {"uv": [0, 0, 0.55, 0.5], "texture": "#5"}, "east": {"uv": [0, 0, 1.05, 0.5], "texture": "#5"}, "south": {"uv": [0, 0, 0.55, 0.5], "texture": "#5"}, "west": {"uv": [0, 0, 1.05, 0.5], "texture": "#5"}, "up": {"uv": [0, 0, 1.05, 0.55], "rotation": 90, "texture": "#5"}, "down": {"uv": [0, 0, 1.05, 0.55], "rotation": 270, "texture": "#5"} } }, { "from": [7.74652, 17.50651, 9.725], "to": [8.24652, 18.25651, 10.275], "rotation": {"angle": 0, "axis": "y", "origin": [0.52152, 29.50651, 17.65]}, "faces": { "north": {"uv": [0, 0, 0.55, 0.5], "texture": "#5"}, "east": {"uv": [0, 0, 0.975, 0.5], "texture": "#5"}, "south": {"uv": [0, 0, 0.55, 0.5], "texture": "#5"}, "west": {"uv": [0, 0, 0.975, 0.5], "texture": "#5"}, "up": {"uv": [0, 0, 0.975, 0.55], "rotation": 90, "texture": "#5"}, "down": {"uv": [0, 0, 0.975, 0.55], "rotation": 270, "texture": "#5"} } }, { "from": [7.74652, 18.25651, 10.025], "to": [8.24652, 19.15651, 10.45], "rotation": {"angle": 0, "axis": "y", "origin": [0.52152, 30.25651, 17.875]}, "faces": { "north": {"uv": [0, 0, 0.55, 0.45], "texture": "#5"}, "east": {"uv": [0, 0, 0.925, 0.45], "texture": "#5"}, "south": {"uv": [0, 0, 0.55, 0.45], "texture": "#5"}, "west": {"uv": [0, 0, 0.925, 0.45], "texture": "#5"}, "up": {"uv": [0, 0, 0.925, 0.55], "rotation": 90, "texture": "#5"}, "down": {"uv": [0, 0, 0.925, 0.55], "rotation": 270, "texture": "#5"} } }, { "from": [7.74652, 18.93151, 10.325], "to": [8.24652, 19.53151, 10.625], "rotation": {"angle": 0, "axis": "y", "origin": [0.52152, 30.93151, 18.175]}, "faces": { "north": {"uv": [0, 0, 0.55, 0.4], "texture": "#5"}, "east": {"uv": [0, 0, 0.8, 0.4], "texture": "#5"}, "south": {"uv": [0, 0, 0.55, 0.4], "texture": "#5"}, "west": {"uv": [0, 0, 0.8, 0.4], "texture": "#5"}, "up": {"uv": [0, 0, 0.8, 0.55], "rotation": 90, "texture": "#5"}, "down": {"uv": [0, 0, 0.8, 0.55], "rotation": 270, "texture": "#5"} } }, { "from": [7.74652, 19.53151, 10.525], "to": [8.24652, 20.01901, 10.825], "rotation": {"angle": 0, "axis": "y", "origin": [0.52152, 31.53151, 18.475]}, "faces": { "north": {"uv": [0, 0, 0.55, 0.325], "texture": "#5"}, "east": {"uv": [0, 0, 0.7, 0.325], "texture": "#5"}, "south": {"uv": [0, 0, 0.55, 0.325], "texture": "#5"}, "west": {"uv": [0, 0, 0.7, 0.325], "texture": "#5"}, "up": {"uv": [0, 0, 0.7, 0.55], "rotation": 90, "texture": "#5"}, "down": {"uv": [0, 0, 0.7, 0.55], "rotation": 270, "texture": "#5"} } }, { "from": [7.74652, 1.38151, 8.05], "to": [8.24652, 2.88151, 8.8], "rotation": {"angle": 0, "axis": "y", "origin": [0.52152, 13.38151, 15.9]}, "faces": { "north": {"uv": [0, 0, 0.55, 1], "texture": "#5"}, "east": {"uv": [0, 0, 1.25, 1], "texture": "#5"}, "south": {"uv": [0, 0, 0.55, 1], "texture": "#5"}, "west": {"uv": [0, 0, 1.25, 1], "texture": "#5"}, "up": {"uv": [0, 0, 1.25, 0.55], "rotation": 90, "texture": "#5"}, "down": {"uv": [0, 0, 1.25, 0.55], "rotation": 270, "texture": "#5"} } }, { "from": [7.74652, -6.86849, 8], "to": [8.24652, -0.11849, 8.75], "rotation": {"angle": 0, "axis": "y", "origin": [0.52152, 10.38151, 15.85]}, "faces": { "north": {"uv": [0, 0, 0.55, 4.5], "texture": "#5"}, "east": {"uv": [0, 0, 1.25, 4.5], "texture": "#5"}, "south": {"uv": [0, 0, 0.55, 4.5], "texture": "#5"}, "west": {"uv": [0, 0, 1.25, 4.5], "texture": "#5"}, "up": {"uv": [0, 0, 1.25, 0.55], "rotation": 90, "texture": "#5"}, "down": {"uv": [0, 0, 1.25, 0.55], "rotation": 270, "texture": "#5"} } }, { "from": [7.74652, -0.11849, 8.025], "to": [8.24652, 1.38151, 8.775], "rotation": {"angle": 0, "axis": "y", "origin": [0.52152, 11.88151, 15.875]}, "faces": { "north": {"uv": [0, 0, 0.55, 1], "texture": "#5"}, "east": {"uv": [0, 0, 1.25, 1], "texture": "#5"}, "south": {"uv": [0, 0, 0.55, 1], "texture": "#5"}, "west": {"uv": [0, 0, 1.25, 1], "texture": "#5"}, "up": {"uv": [0, 0, 1.25, 0.55], "rotation": 90, "texture": "#5"}, "down": {"uv": [0, 0, 1.25, 0.55], "rotation": 270, "texture": "#5"} } }, { "from": [7.77152, 2.88151, 7.35], "to": [8.22152, 4.38151, 8.1], "rotation": {"angle": 0, "axis": "y", "origin": [0.52152, 14.88151, 15.95]}, "faces": { "north": {"uv": [4, 6, 5, 7], "texture": "#6"}, "east": {"uv": [4, 6, 5, 7], "texture": "#6"}, "south": {"uv": [4, 6, 5, 7], "texture": "#6"}, "west": {"uv": [4, 6, 5, 7], "texture": "#6"}, "up": {"uv": [4, 6, 5, 7], "texture": "#6"}, "down": {"uv": [4, 6, 5, 7], "texture": "#6"} } }, { "from": [7.77152, 4.38151, 7.4], "to": [8.22152, 5.80651, 8.15], "rotation": {"angle": 0, "axis": "y", "origin": [0.52152, 16.38151, 16]}, "faces": { "north": {"uv": [4, 6, 5, 7], "texture": "#6"}, "east": {"uv": [4, 6, 5, 7], "texture": "#6"}, "south": {"uv": [4, 6, 5, 7], "texture": "#6"}, "west": {"uv": [4, 6, 5, 7], "texture": "#6"}, "up": {"uv": [4, 6, 5, 7], "texture": "#6"}, "down": {"uv": [4, 6, 5, 7], "texture": "#6"} } }, { "from": [7.77152, 5.80651, 7.45], "to": [8.22152, 7.15651, 8.2], "rotation": {"angle": 0, "axis": "y", "origin": [0.52152, 17.80651, 16.05]}, "faces": { "north": {"uv": [4, 6, 5, 7], "texture": "#6"}, "east": {"uv": [4, 6, 5, 7], "texture": "#6"}, "south": {"uv": [4, 6, 5, 7], "texture": "#6"}, "west": {"uv": [4, 6, 5, 7], "texture": "#6"}, "up": {"uv": [4, 6, 5, 7], "texture": "#6"}, "down": {"uv": [4, 6, 5, 7], "texture": "#6"} } }, { "from": [7.77152, 7.15651, 7.525], "to": [8.22152, 8.43151, 8.275], "rotation": {"angle": 0, "axis": "y", "origin": [0.52152, 19.15651, 16.125]}, "faces": { "north": {"uv": [4, 6, 5, 7], "texture": "#6"}, "east": {"uv": [4, 6, 5, 7], "texture": "#6"}, "south": {"uv": [4, 6, 5, 7], "texture": "#6"}, "west": {"uv": [4, 6, 5, 7], "texture": "#6"}, "up": {"uv": [4, 6, 5, 7], "texture": "#6"}, "down": {"uv": [4, 6, 5, 7], "texture": "#6"} } }, { "from": [7.77152, 8.43151, 7.6], "to": [8.22152, 9.63151, 8.35], "rotation": {"angle": 0, "axis": "y", "origin": [0.52152, 20.43151, 16.2]}, "faces": { "north": {"uv": [4, 6, 5, 7], "texture": "#6"}, "east": {"uv": [4, 6, 5, 7], "texture": "#6"}, "south": {"uv": [4, 6, 5, 7], "texture": "#6"}, "west": {"uv": [4, 6, 5, 7], "texture": "#6"}, "up": {"uv": [4, 6, 5, 7], "texture": "#6"}, "down": {"uv": [4, 6, 5, 7], "texture": "#6"} } }, { "from": [7.77152, 9.63151, 7.7], "to": [8.22152, 10.75651, 8.45], "rotation": {"angle": 0, "axis": "y", "origin": [0.52152, 21.63151, 16.3]}, "faces": { "north": {"uv": [4, 6, 5, 7], "texture": "#6"}, "east": {"uv": [4, 6, 5, 7], "texture": "#6"}, "south": {"uv": [4, 6, 5, 7], "texture": "#6"}, "west": {"uv": [4, 6, 5, 7], "texture": "#6"}, "up": {"uv": [4, 6, 5, 7], "texture": "#6"}, "down": {"uv": [4, 6, 5, 7], "texture": "#6"} } }, { "from": [7.77152, 10.75651, 7.8], "to": [8.22152, 11.84401, 8.55], "rotation": {"angle": 0, "axis": "y", "origin": [0.52152, 22.75651, 16.4]}, "faces": { "north": {"uv": [4, 6, 5, 7], "texture": "#6"}, "east": {"uv": [4, 6, 5, 7], "texture": "#6"}, "south": {"uv": [4, 6, 5, 7], "texture": "#6"}, "west": {"uv": [4, 6, 5, 7], "texture": "#6"}, "up": {"uv": [4, 6, 5, 7], "texture": "#6"}, "down": {"uv": [4, 6, 5, 7], "texture": "#6"} } }, { "from": [7.77152, 11.84401, 7.925], "to": [8.22152, 12.93151, 8.675], "rotation": {"angle": 0, "axis": "y", "origin": [0.52152, 23.84401, 16.525]}, "faces": { "north": {"uv": [4, 6, 5, 7], "texture": "#6"}, "east": {"uv": [4, 6, 5, 7], "texture": "#6"}, "south": {"uv": [4, 6, 5, 7], "texture": "#6"}, "west": {"uv": [4, 6, 5, 7], "texture": "#6"}, "up": {"uv": [4, 6, 5, 7], "texture": "#6"}, "down": {"uv": [4, 6, 5, 7], "texture": "#6"} } }, { "from": [7.77152, 12.93151, 8.05], "to": [8.22152, 13.98151, 8.8], "rotation": {"angle": 0, "axis": "y", "origin": [0.52152, 24.93151, 16.65]}, "faces": { "north": {"uv": [4, 6, 5, 7], "texture": "#6"}, "east": {"uv": [4, 6, 5, 7], "texture": "#6"}, "south": {"uv": [4, 6, 5, 7], "texture": "#6"}, "west": {"uv": [4, 6, 5, 7], "texture": "#6"}, "up": {"uv": [4, 6, 5, 7], "texture": "#6"}, "down": {"uv": [4, 6, 5, 7], "texture": "#6"} } }, { "from": [7.77152, 13.98151, 8.2], "to": [8.22152, 14.95651, 8.95], "rotation": {"angle": 0, "axis": "y", "origin": [0.52152, 25.98151, 16.8]}, "faces": { "north": {"uv": [4, 6, 5, 7], "texture": "#6"}, "east": {"uv": [4, 6, 5, 7], "texture": "#6"}, "south": {"uv": [4, 6, 5, 7], "texture": "#6"}, "west": {"uv": [4, 6, 5, 7], "texture": "#6"}, "up": {"uv": [4, 6, 5, 7], "texture": "#6"}, "down": {"uv": [4, 6, 5, 7], "texture": "#6"} } }, { "from": [7.77152, 14.95651, 8.375], "to": [8.22152, 15.85651, 9.125], "rotation": {"angle": 0, "axis": "y", "origin": [0.52152, 26.95651, 16.975]}, "faces": { "north": {"uv": [4, 6, 5, 7], "texture": "#6"}, "east": {"uv": [4, 6, 5, 7], "texture": "#6"}, "south": {"uv": [4, 6, 5, 7], "texture": "#6"}, "west": {"uv": [4, 6, 5, 7], "texture": "#6"}, "up": {"uv": [4, 6, 5, 7], "texture": "#6"}, "down": {"uv": [4, 6, 5, 7], "texture": "#6"} } }, { "from": [7.77152, 15.85651, 8.575], "to": [8.22152, 16.75651, 9.325], "rotation": {"angle": 0, "axis": "y", "origin": [0.52152, 27.85651, 17.175]}, "faces": { "north": {"uv": [4, 6, 5, 7], "texture": "#6"}, "east": {"uv": [4, 6, 5, 7], "texture": "#6"}, "south": {"uv": [4, 6, 5, 7], "texture": "#6"}, "west": {"uv": [4, 6, 5, 7], "texture": "#6"}, "up": {"uv": [4, 6, 5, 7], "texture": "#6"}, "down": {"uv": [4, 6, 5, 7], "texture": "#6"} } }, { "from": [7.77152, 16.75651, 8.825], "to": [8.22152, 17.50651, 9.575], "rotation": {"angle": 0, "axis": "y", "origin": [0.52152, 28.75651, 17.425]}, "faces": { "north": {"uv": [4, 6, 5, 7], "texture": "#6"}, "east": {"uv": [4, 6, 5, 7], "texture": "#6"}, "south": {"uv": [4, 6, 5, 7], "texture": "#6"}, "west": {"uv": [4, 6, 5, 7], "texture": "#6"}, "up": {"uv": [4, 6, 5, 7], "texture": "#6"}, "down": {"uv": [4, 6, 5, 7], "texture": "#6"} } }, { "from": [7.77152, 17.50651, 9.05], "to": [8.22152, 18.25651, 9.8], "rotation": {"angle": 0, "axis": "y", "origin": [0.52152, 29.50651, 17.65]}, "faces": { "north": {"uv": [4, 6, 5, 7], "texture": "#6"}, "east": {"uv": [4, 6, 5, 7], "texture": "#6"}, "south": {"uv": [4, 6, 5, 7], "texture": "#6"}, "west": {"uv": [4, 6, 5, 7], "texture": "#6"}, "up": {"uv": [4, 6, 5, 7], "texture": "#6"}, "down": {"uv": [4, 6, 5, 7], "texture": "#6"} } }, { "from": [7.77152, 18.25651, 9.275], "to": [8.22152, 18.93151, 10.025], "rotation": {"angle": 0, "axis": "y", "origin": [0.52152, 30.25651, 17.875]}, "faces": { "north": {"uv": [4, 6, 5, 7], "texture": "#6"}, "east": {"uv": [4, 6, 5, 7], "texture": "#6"}, "south": {"uv": [4, 6, 5, 7], "texture": "#6"}, "west": {"uv": [4, 6, 5, 7], "texture": "#6"}, "up": {"uv": [4, 6, 5, 7], "texture": "#6"}, "down": {"uv": [4, 6, 5, 7], "texture": "#6"} } }, { "from": [7.77152, 18.93151, 9.575], "to": [8.22152, 19.53151, 10.325], "rotation": {"angle": 0, "axis": "y", "origin": [0.52152, 30.93151, 18.175]}, "faces": { "north": {"uv": [4, 6, 5, 7], "texture": "#6"}, "east": {"uv": [4, 6, 5, 7], "texture": "#6"}, "south": {"uv": [4, 6, 5, 7], "texture": "#6"}, "west": {"uv": [4, 6, 5, 7], "texture": "#6"}, "up": {"uv": [4, 6, 5, 7], "texture": "#6"}, "down": {"uv": [4, 6, 5, 7], "texture": "#6"} } }, { "from": [7.77152, 19.53151, 9.875], "to": [8.22152, 20.01901, 10.625], "rotation": {"angle": 0, "axis": "y", "origin": [0.52152, 31.53151, 18.475]}, "faces": { "north": {"uv": [4, 6, 5, 7], "texture": "#6"}, "east": {"uv": [4, 6, 5, 7], "texture": "#6"}, "south": {"uv": [4, 6, 5, 7], "texture": "#6"}, "west": {"uv": [4, 6, 5, 7], "texture": "#6"}, "up": {"uv": [4, 6, 5, 7], "texture": "#6"}, "down": {"uv": [4, 6, 5, 7], "texture": "#6"} } }, { "from": [7.77152, 20.01901, 10.175], "to": [8.22152, 20.50651, 11.075], "rotation": {"angle": 0, "axis": "y", "origin": [0.52152, 32.01901, 18.775]}, "faces": { "north": {"uv": [4, 6, 5, 7], "texture": "#6"}, "east": {"uv": [4, 6, 5, 7], "texture": "#6"}, "south": {"uv": [4, 6, 5, 7], "texture": "#6"}, "west": {"uv": [4, 6, 5, 7], "texture": "#6"}, "up": {"uv": [4, 6, 5, 7], "texture": "#6"}, "down": {"uv": [4, 6, 5, 7], "texture": "#6"} } }, { "from": [7.77152, 1.38151, 7.3], "to": [8.22152, 2.88151, 8.05], "rotation": {"angle": 0, "axis": "y", "origin": [0.52152, 13.38151, 15.9]}, "faces": { "north": {"uv": [4, 6, 5, 7], "texture": "#6"}, "east": {"uv": [4, 6, 5, 7], "texture": "#6"}, "south": {"uv": [4, 6, 5, 7], "texture": "#6"}, "west": {"uv": [4, 6, 5, 7], "texture": "#6"}, "up": {"uv": [4, 6, 5, 7], "texture": "#6"}, "down": {"uv": [4, 6, 5, 7], "texture": "#6"} } }, { "from": [7.77152, -6.86849, 7.25], "to": [8.22152, -0.11849, 8], "rotation": {"angle": 0, "axis": "y", "origin": [0.52152, 10.38151, 15.85]}, "faces": { "north": {"uv": [4, 6, 5, 7], "texture": "#6"}, "east": {"uv": [4, 6, 5, 7], "texture": "#6"}, "south": {"uv": [4, 6, 5, 7], "texture": "#6"}, "west": {"uv": [4, 6, 5, 7], "texture": "#6"}, "up": {"uv": [4, 6, 5, 7], "texture": "#6"}, "down": {"uv": [4, 6, 5, 7], "texture": "#6"} } }, { "from": [7.77152, -0.11849, 7.275], "to": [8.22152, 1.38151, 8.025], "rotation": {"angle": 0, "axis": "y", "origin": [0.52152, 11.88151, 15.875]}, "faces": { "north": {"uv": [4, 6, 5, 7], "texture": "#6"}, "east": {"uv": [4, 6, 5, 7], "texture": "#6"}, "south": {"uv": [4, 6, 5, 7], "texture": "#6"}, "west": {"uv": [4, 6, 5, 7], "texture": "#6"}, "up": {"uv": [4, 6, 5, 7], "texture": "#6"}, "down": {"uv": [4, 6, 5, 7], "texture": "#6"} } }, { "from": [7.77152, 20.50651, 10.475], "to": [8.22152, 20.91901, 11.3], "rotation": {"angle": 0, "axis": "y", "origin": [0.52152, 32.50651, 19.075]}, "faces": { "north": {"uv": [4, 6, 5, 7], "texture": "#6"}, "east": {"uv": [4, 6, 5, 7], "texture": "#6"}, "south": {"uv": [4, 6, 5, 7], "texture": "#6"}, "west": {"uv": [4, 6, 5, 7], "texture": "#6"}, "up": {"uv": [4, 6, 5, 7], "texture": "#6"}, "down": {"uv": [4, 6, 5, 7], "texture": "#6"} } }, { "from": [7.77152, 20.91901, 10.775], "to": [8.22152, 21.25651, 11.6], "rotation": {"angle": 0, "axis": "y", "origin": [0.52152, 32.91901, 19.375]}, "faces": { "north": {"uv": [4, 6, 5, 7], "texture": "#6"}, "east": {"uv": [4, 6, 5, 7], "texture": "#6"}, "south": {"uv": [4, 6, 5, 7], "texture": "#6"}, "west": {"uv": [4, 6, 5, 7], "texture": "#6"}, "up": {"uv": [4, 6, 5, 7], "texture": "#6"}, "down": {"uv": [4, 6, 5, 7], "texture": "#6"} } }, { "from": [7.77152, 21.25651, 11.075], "to": [8.22152, 21.51901, 11.9], "rotation": {"angle": 0, "axis": "y", "origin": [0.52152, 33.25651, 19.675]}, "faces": { "north": {"uv": [4, 6, 5, 7], "texture": "#6"}, "east": {"uv": [4, 6, 5, 7], "texture": "#6"}, "south": {"uv": [4, 6, 5, 7], "texture": "#6"}, "west": {"uv": [4, 6, 5, 7], "texture": "#6"}, "up": {"uv": [4, 6, 5, 7], "texture": "#6"}, "down": {"uv": [4, 6, 5, 7], "texture": "#6"} } }, { "from": [7.77152, -5.66849, 7.9], "to": [8.24652, -4.91849, 8.75], "rotation": {"angle": 0, "axis": "y", "origin": [0.52152, 10.38151, 15.85]}, "faces": { "north": {"uv": [0, 0, 0.55, 4.5], "texture": "#5"}, "east": {"uv": [0, 0, 1.25, 4.5], "texture": "#5"}, "south": {"uv": [0, 0, 0.55, 4.5], "texture": "#5"}, "west": {"uv": [0, 0, 1.25, 4.5], "texture": "#5"}, "up": {"uv": [0, 0, 1.25, 0.55], "rotation": 90, "texture": "#5"}, "down": {"uv": [0, 0, 1.25, 0.55], "rotation": 270, "texture": "#5"} } }, { "from": [7.77152, -4.16849, 7.9], "to": [8.24652, -3.41849, 8.75], "rotation": {"angle": 0, "axis": "y", "origin": [0.52152, 10.38151, 15.85]}, "faces": { "north": {"uv": [0, 0, 0.55, 4.5], "texture": "#5"}, "east": {"uv": [0, 0, 1.25, 4.5], "texture": "#5"}, "south": {"uv": [0, 0, 0.55, 4.5], "texture": "#5"}, "west": {"uv": [0, 0, 1.25, 4.5], "texture": "#5"}, "up": {"uv": [0, 0, 1.25, 0.55], "rotation": 90, "texture": "#5"}, "down": {"uv": [0, 0, 1.25, 0.55], "rotation": 270, "texture": "#5"} } }, { "from": [7.77152, -2.66849, 7.9], "to": [8.24652, -1.91849, 8.75], "rotation": {"angle": 0, "axis": "y", "origin": [0.52152, 10.38151, 15.85]}, "faces": { "north": {"uv": [0, 0, 0.55, 4.5], "texture": "#5"}, "east": {"uv": [0, 0, 1.25, 4.5], "texture": "#5"}, "south": {"uv": [0, 0, 0.55, 4.5], "texture": "#5"}, "west": {"uv": [0, 0, 1.25, 4.5], "texture": "#5"}, "up": {"uv": [0, 0, 1.25, 0.55], "rotation": 90, "texture": "#5"}, "down": {"uv": [0, 0, 1.25, 0.55], "rotation": 270, "texture": "#5"} } }, { "from": [7.77152, -1.16849, 7.9], "to": [8.24652, -0.41849, 8.75], "rotation": {"angle": 0, "axis": "y", "origin": [0.52152, 10.38151, 15.85]}, "faces": { "north": {"uv": [0, 0, 0.55, 4.5], "texture": "#5"}, "east": {"uv": [0, 0, 1.25, 4.5], "texture": "#5"}, "south": {"uv": [0, 0, 0.55, 4.5], "texture": "#5"}, "west": {"uv": [0, 0, 1.25, 4.5], "texture": "#5"}, "up": {"uv": [0, 0, 1.25, 0.55], "rotation": 90, "texture": "#5"}, "down": {"uv": [0, 0, 1.25, 0.55], "rotation": 270, "texture": "#5"} } }, { "from": [7.77152, 0.33151, 7.925], "to": [8.24652, 1.08151, 8.775], "rotation": {"angle": 0, "axis": "y", "origin": [0.52152, 10.38151, 15.85]}, "faces": { "north": {"uv": [0, 0, 0.55, 4.5], "texture": "#5"}, "east": {"uv": [0, 0, 1.25, 4.5], "texture": "#5"}, "south": {"uv": [0, 0, 0.55, 4.5], "texture": "#5"}, "west": {"uv": [0, 0, 1.25, 4.5], "texture": "#5"}, "up": {"uv": [0, 0, 1.25, 0.55], "rotation": 90, "texture": "#5"}, "down": {"uv": [0, 0, 1.25, 0.55], "rotation": 270, "texture": "#5"} } }, { "from": [7.77152, 1.83151, 7.95], "to": [8.24652, 2.58151, 8.8], "rotation": {"angle": 0, "axis": "y", "origin": [0.52152, 10.38151, 15.85]}, "faces": { "north": {"uv": [0, 0, 0.55, 4.5], "texture": "#5"}, "east": {"uv": [0, 0, 1.25, 4.5], "texture": "#5"}, "south": {"uv": [0, 0, 0.55, 4.5], "texture": "#5"}, "west": {"uv": [0, 0, 1.25, 4.5], "texture": "#5"}, "up": {"uv": [0, 0, 1.25, 0.55], "rotation": 90, "texture": "#5"}, "down": {"uv": [0, 0, 1.25, 0.55], "rotation": 270, "texture": "#5"} } }, { "from": [7.77152, 3.33151, 8], "to": [8.24652, 4.08151, 8.85], "rotation": {"angle": 0, "axis": "y", "origin": [0.52152, 10.38151, 15.85]}, "faces": { "north": {"uv": [0, 0, 0.55, 4.5], "texture": "#5"}, "east": {"uv": [0, 0, 1, 5], "texture": "#5"}, "south": {"uv": [0, 0, 0.55, 4.5], "texture": "#5"}, "west": {"uv": [0, 0, 1.25, 4.5], "texture": "#5"}, "up": {"uv": [0, 0, 1.25, 0.55], "rotation": 90, "texture": "#5"}, "down": {"uv": [0, 0, 1.25, 0.55], "rotation": 270, "texture": "#5"} } }, { "from": [7.77152, 4.83151, 8.05], "to": [8.24652, 5.58151, 8.9], "rotation": {"angle": 0, "axis": "y", "origin": [0.52152, 10.38151, 15.85]}, "faces": { "north": {"uv": [0, 0, 0.55, 4.5], "texture": "#5"}, "east": {"uv": [0, 0, 1, 5], "texture": "#5"}, "south": {"uv": [0, 0, 0.55, 4.5], "texture": "#5"}, "west": {"uv": [0, 0, 1.25, 4.5], "texture": "#5"}, "up": {"uv": [0, 0, 1.25, 0.55], "rotation": 90, "texture": "#5"}, "down": {"uv": [0, 0, 1.25, 0.55], "rotation": 270, "texture": "#5"} } }, { "from": [7.77152, 6.33151, 8.1], "to": [8.24652, 7.08151, 8.95], "rotation": {"angle": 0, "axis": "y", "origin": [0.52152, 10.38151, 15.85]}, "faces": { "north": {"uv": [0, 0, 0.55, 4.5], "texture": "#5"}, "east": {"uv": [0, 0, 1, 5], "texture": "#5"}, "south": {"uv": [0, 0, 0.55, 4.5], "texture": "#5"}, "west": {"uv": [0, 0, 1.25, 4.5], "texture": "#5"}, "up": {"uv": [0, 0, 1.25, 0.55], "rotation": 90, "texture": "#5"}, "down": {"uv": [0, 0, 1.25, 0.55], "rotation": 270, "texture": "#5"} } }, { "from": [7.77152, 7.83151, 8.175], "to": [8.24652, 8.58151, 9.025], "rotation": {"angle": 0, "axis": "y", "origin": [0.52152, 10.38151, 15.85]}, "faces": { "north": {"uv": [0, 0, 0.55, 4.5], "texture": "#5"}, "east": {"uv": [0, 0, 1, 5], "texture": "#5"}, "south": {"uv": [0, 0, 0.55, 4.5], "texture": "#5"}, "west": {"uv": [0, 0, 1.25, 4.5], "texture": "#5"}, "up": {"uv": [0, 0, 1.25, 0.55], "rotation": 90, "texture": "#5"}, "down": {"uv": [0, 0, 1.25, 0.55], "rotation": 270, "texture": "#5"} } }, { "from": [7.77152, 9.33151, 8.25], "to": [8.24652, 10.08151, 9.1], "rotation": {"angle": 0, "axis": "y", "origin": [0.52152, 10.38151, 15.85]}, "faces": { "north": {"uv": [0, 0, 0.55, 4.5], "texture": "#5"}, "east": {"uv": [0, 0, 1, 5], "texture": "#5"}, "south": {"uv": [0, 0, 0.55, 4.5], "texture": "#5"}, "west": {"uv": [0, 0, 1.25, 4.5], "texture": "#5"}, "up": {"uv": [0, 0, 1.25, 0.55], "rotation": 90, "texture": "#5"}, "down": {"uv": [0, 0, 1.25, 0.55], "rotation": 270, "texture": "#5"} } }, { "from": [7.77152, 10.75651, 8.425], "to": [8.24652, 11.50651, 9.25], "rotation": {"angle": 0, "axis": "y", "origin": [0.52152, 10.38151, 15.85]}, "faces": { "north": {"uv": [0, 0, 0.55, 4.5], "texture": "#5"}, "east": {"uv": [0, 0, 1, 5], "texture": "#5"}, "south": {"uv": [0, 0, 0.55, 4.5], "texture": "#5"}, "west": {"uv": [0, 0, 1.25, 4.5], "texture": "#5"}, "up": {"uv": [0, 0, 1.25, 0.55], "rotation": 90, "texture": "#5"}, "down": {"uv": [0, 0, 1.25, 0.55], "rotation": 270, "texture": "#5"} } }, { "from": [7.77152, 12.33151, 8.575], "to": [8.24652, 13.08151, 9.375], "rotation": {"angle": 0, "axis": "y", "origin": [0.52152, 10.38151, 15.85]}, "faces": { "north": {"uv": [0, 0, 0.55, 4.5], "texture": "#5"}, "east": {"uv": [0, 0, 1, 5], "texture": "#5"}, "south": {"uv": [0, 0, 0.55, 4.5], "texture": "#5"}, "west": {"uv": [0, 0, 1.25, 4.5], "texture": "#5"}, "up": {"uv": [0, 0, 1.25, 0.55], "rotation": 90, "texture": "#5"}, "down": {"uv": [0, 0, 1.25, 0.55], "rotation": 270, "texture": "#5"} } }, { "from": [7.77152, 13.83151, 8.75], "to": [8.24652, 14.58151, 9.5], "rotation": {"angle": 0, "axis": "y", "origin": [0.52152, 10.38151, 15.85]}, "faces": { "north": {"uv": [0, 0, 0.55, 4.5], "texture": "#5"}, "east": {"uv": [0, 0, 1, 5], "texture": "#5"}, "south": {"uv": [0, 0, 0.55, 4.5], "texture": "#5"}, "west": {"uv": [0, 0, 1.25, 4.5], "texture": "#5"}, "up": {"uv": [0, 0, 1.25, 0.55], "rotation": 90, "texture": "#5"}, "down": {"uv": [0, 0, 1.25, 0.55], "rotation": 270, "texture": "#5"} } }, { "from": [7.77152, 15.33151, 9.075], "to": [8.24652, 16.08151, 9.775], "rotation": {"angle": 0, "axis": "y", "origin": [0.52152, 10.38151, 15.85]}, "faces": { "north": {"uv": [0, 0, 0.55, 4.5], "texture": "#5"}, "east": {"uv": [0, 0, 1, 5], "texture": "#5"}, "south": {"uv": [0, 0, 0.55, 4.5], "texture": "#5"}, "west": {"uv": [0, 0, 1.25, 4.5], "texture": "#5"}, "up": {"uv": [0, 0, 1.25, 0.55], "rotation": 90, "texture": "#5"}, "down": {"uv": [0, 0, 1.25, 0.55], "rotation": 270, "texture": "#5"} } }, { "from": [7.77152, 16.75651, 9.475], "to": [8.24652, 17.25651, 10.125], "rotation": {"angle": 0, "axis": "y", "origin": [0.52152, 10.38151, 15.85]}, "faces": { "north": {"uv": [0, 0, 0.55, 4.5], "texture": "#5"}, "east": {"uv": [0, 0, 1, 5], "texture": "#5"}, "south": {"uv": [0, 0, 0.55, 4.5], "texture": "#5"}, "west": {"uv": [0, 0, 1.25, 4.5], "texture": "#5"}, "up": {"uv": [0, 0, 1.25, 0.55], "rotation": 90, "texture": "#5"}, "down": {"uv": [0, 0, 1.25, 0.55], "rotation": 270, "texture": "#5"} } }, { "from": [7.77152, 18.25651, 9.85], "to": [8.24652, 18.68151, 10.45], "rotation": {"angle": 0, "axis": "y", "origin": [0.52152, 10.38151, 15.85]}, "faces": { "north": {"uv": [0, 0, 0.55, 4.5], "texture": "#5"}, "east": {"uv": [0, 0, 1, 5], "texture": "#5"}, "south": {"uv": [0, 0, 0.55, 4.5], "texture": "#5"}, "west": {"uv": [0, 0, 1.25, 4.5], "texture": "#5"}, "up": {"uv": [0, 0, 1.25, 0.55], "rotation": 90, "texture": "#5"}, "down": {"uv": [0, 0, 1.25, 0.55], "rotation": 270, "texture": "#5"} } }, { "name": "octagon", "from": [7.68228, -14.9, 7.15], "to": [8.32492, -7.275, 8.85], "rotation": {"angle": 0, "axis": "y", "origin": [8.0536, -8, 8]}, "faces": { "north": {"uv": [4, 8, 5, 9], "texture": "#7"}, "east": {"uv": [4, 8, 5, 9], "texture": "#7"}, "south": {"uv": [4, 8, 5, 9], "texture": "#7"}, "west": {"uv": [4, 8, 5, 9], "texture": "#7"}, "up": {"uv": [4, 8, 5, 9], "texture": "#7"}, "down": {"uv": [4, 8, 5, 9], "texture": "#7"} } }, { "name": "octagon", "from": [7.58228, -14.9, 7.25], "to": [8.42492, -7.275, 8.75], "rotation": {"angle": 0, "axis": "y", "origin": [8.0536, -8, 8]}, "faces": { "north": {"uv": [4, 8, 5, 9], "texture": "#7"}, "east": {"uv": [4, 8, 5, 9], "texture": "#7"}, "south": {"uv": [4, 8, 5, 9], "texture": "#7"}, "west": {"uv": [4, 8, 5, 9], "texture": "#7"}, "up": {"uv": [4, 8, 5, 9], "texture": "#7"}, "down": {"uv": [4, 8, 5, 9], "texture": "#7"} } }, { "name": "octagon", "from": [7.663, -15.9, 7.099], "to": [8.3442, -14.9, 8.901], "rotation": {"angle": 0, "axis": "y", "origin": [8.0566, -8, 8]}, "faces": { "north": {"uv": [4, 8, 5, 9], "texture": "#6"}, "east": {"uv": [4, 8, 5, 9], "texture": "#6"}, "south": {"uv": [4, 8, 5, 9], "texture": "#6"}, "west": {"uv": [4, 8, 5, 9], "texture": "#6"}, "up": {"uv": [4, 8, 5, 9], "texture": "#6"}, "down": {"uv": [4, 8, 5, 9], "texture": "#6"} } }, { "name": "octagon", "from": [7.563, -15.9, 7.199], "to": [8.4442, -14.9, 8.801], "rotation": {"angle": 0, "axis": "y", "origin": [8.0566, -8, 8]}, "faces": { "north": {"uv": [4, 8, 5, 9], "texture": "#6"}, "east": {"uv": [4, 8, 5, 9], "texture": "#6"}, "south": {"uv": [4, 8, 5, 9], "texture": "#6"}, "west": {"uv": [4, 8, 5, 9], "texture": "#6"}, "up": {"uv": [4, 8, 5, 9], "texture": "#6"}, "down": {"uv": [4, 8, 5, 9], "texture": "#6"} } }, { "name": "octagon", "from": [7.55728, -8.4, 7.5], "to": [8.44992, -7.9, 8.5], "rotation": {"angle": 0, "axis": "y", "origin": [8.0536, -8, 8]}, "faces": { "north": {"uv": [2, 10, 3, 11], "texture": "#8"}, "east": {"uv": [2, 10, 3, 11], "texture": "#8"}, "south": {"uv": [2, 10, 3, 11], "texture": "#8"}, "west": {"uv": [2, 10, 3, 11], "texture": "#8"}, "up": {"uv": [2, 10, 3, 11], "texture": "#8"}, "down": {"uv": [2, 10, 3, 11], "texture": "#8"} } }, { "name": "octagon", "from": [7.55728, -9.4, 7.5], "to": [8.44992, -8.9, 8.5], "rotation": {"angle": 0, "axis": "y", "origin": [8.0536, -8, 8]}, "faces": { "north": {"uv": [2, 10, 3, 11], "texture": "#8"}, "east": {"uv": [2, 10, 3, 11], "texture": "#8"}, "south": {"uv": [2, 10, 3, 11], "texture": "#8"}, "west": {"uv": [2, 10, 3, 11], "texture": "#8"}, "up": {"uv": [2, 10, 3, 11], "texture": "#8"}, "down": {"uv": [2, 10, 3, 11], "texture": "#8"} } }, { "name": "octagon", "from": [7.55728, -8.5, 7.6], "to": [8.44992, -7.8, 8.4], "rotation": {"angle": 0, "axis": "y", "origin": [8.0536, -8, 8]}, "faces": { "north": {"uv": [2, 10, 3, 11], "texture": "#8"}, "east": {"uv": [2, 10, 3, 11], "texture": "#8"}, "south": {"uv": [2, 10, 3, 11], "texture": "#8"}, "west": {"uv": [2, 10, 3, 11], "texture": "#8"}, "up": {"uv": [2, 10, 3, 11], "texture": "#8"}, "down": {"uv": [2, 10, 3, 11], "texture": "#8"} } }, { "name": "octagon", "from": [7.55728, -9.5, 7.6], "to": [8.44992, -8.8, 8.4], "rotation": {"angle": 0, "axis": "y", "origin": [8.0536, -8, 8]}, "faces": { "north": {"uv": [2, 10, 3, 11], "texture": "#8"}, "east": {"uv": [2, 10, 3, 11], "texture": "#8"}, "south": {"uv": [2, 10, 3, 11], "texture": "#8"}, "west": {"uv": [2, 10, 3, 11], "texture": "#8"}, "up": {"uv": [2, 10, 3, 11], "texture": "#8"}, "down": {"uv": [2, 10, 3, 11], "texture": "#8"} } }, { "name": "octagon", "from": [7.55728, -10.4, 7.5], "to": [8.44992, -9.9, 8.5], "rotation": {"angle": 0, "axis": "y", "origin": [8.0536, -8, 8]}, "faces": { "north": {"uv": [2, 10, 3, 11], "texture": "#8"}, "east": {"uv": [2, 10, 3, 11], "texture": "#8"}, "south": {"uv": [2, 10, 3, 11], "texture": "#8"}, "west": {"uv": [2, 10, 3, 11], "texture": "#8"}, "up": {"uv": [2, 10, 3, 11], "texture": "#8"}, "down": {"uv": [2, 10, 3, 11], "texture": "#8"} } }, { "name": "octagon", "from": [7.55728, -11.4, 7.5], "to": [8.44992, -10.9, 8.5], "rotation": {"angle": 0, "axis": "y", "origin": [8.0536, -8, 8]}, "faces": { "north": {"uv": [2, 10, 3, 11], "texture": "#8"}, "east": {"uv": [2, 10, 3, 11], "texture": "#8"}, "south": {"uv": [2, 10, 3, 11], "texture": "#8"}, "west": {"uv": [2, 10, 3, 11], "texture": "#8"}, "up": {"uv": [2, 10, 3, 11], "texture": "#8"}, "down": {"uv": [2, 10, 3, 11], "texture": "#8"} } }, { "name": "octagon", "from": [7.55728, -10.5, 7.6], "to": [8.44992, -9.8, 8.4], "rotation": {"angle": 0, "axis": "y", "origin": [8.0536, -8, 8]}, "faces": { "north": {"uv": [2, 10, 3, 11], "texture": "#8"}, "east": {"uv": [2, 10, 3, 11], "texture": "#8"}, "south": {"uv": [2, 10, 3, 11], "texture": "#8"}, "west": {"uv": [2, 10, 3, 11], "texture": "#8"}, "up": {"uv": [2, 10, 3, 11], "texture": "#8"}, "down": {"uv": [2, 10, 3, 11], "texture": "#8"} } }, { "name": "octagon", "from": [7.55728, -11.5, 7.6], "to": [8.44992, -10.8, 8.4], "rotation": {"angle": 0, "axis": "y", "origin": [8.0536, -8, 8]}, "faces": { "north": {"uv": [2, 10, 3, 11], "texture": "#8"}, "east": {"uv": [2, 10, 3, 11], "texture": "#8"}, "south": {"uv": [2, 10, 3, 11], "texture": "#8"}, "west": {"uv": [2, 10, 3, 11], "texture": "#8"}, "up": {"uv": [2, 10, 3, 11], "texture": "#8"}, "down": {"uv": [2, 10, 3, 11], "texture": "#8"} } }, { "name": "octagon", "from": [7.55728, -12.4, 7.5], "to": [8.44992, -11.9, 8.5], "rotation": {"angle": 0, "axis": "y", "origin": [8.0536, -8, 8]}, "faces": { "north": {"uv": [2, 10, 3, 11], "texture": "#8"}, "east": {"uv": [2, 10, 3, 11], "texture": "#8"}, "south": {"uv": [2, 10, 3, 11], "texture": "#8"}, "west": {"uv": [2, 10, 3, 11], "texture": "#8"}, "up": {"uv": [2, 10, 3, 11], "texture": "#8"}, "down": {"uv": [2, 10, 3, 11], "texture": "#8"} } }, { "name": "octagon", "from": [7.55728, -13.4, 7.5], "to": [8.44992, -12.9, 8.5], "rotation": {"angle": 0, "axis": "y", "origin": [8.0536, -8, 8]}, "faces": { "north": {"uv": [2, 10, 3, 11], "texture": "#8"}, "east": {"uv": [2, 10, 3, 11], "texture": "#8"}, "south": {"uv": [2, 10, 3, 11], "texture": "#8"}, "west": {"uv": [2, 10, 3, 11], "texture": "#8"}, "up": {"uv": [2, 10, 3, 11], "texture": "#8"}, "down": {"uv": [2, 10, 3, 11], "texture": "#8"} } }, { "name": "octagon", "from": [7.55728, -12.5, 7.6], "to": [8.44992, -11.8, 8.4], "rotation": {"angle": 0, "axis": "y", "origin": [8.0536, -8, 8]}, "faces": { "north": {"uv": [2, 10, 3, 11], "texture": "#8"}, "east": {"uv": [2, 10, 3, 11], "texture": "#8"}, "south": {"uv": [2, 10, 3, 11], "texture": "#8"}, "west": {"uv": [2, 10, 3, 11], "texture": "#8"}, "up": {"uv": [2, 10, 3, 11], "texture": "#8"}, "down": {"uv": [2, 10, 3, 11], "texture": "#8"} } }, { "name": "octagon", "from": [7.55728, -13.5, 7.6], "to": [8.44992, -12.8, 8.4], "rotation": {"angle": 0, "axis": "y", "origin": [8.0536, -8, 8]}, "faces": { "north": {"uv": [2, 10, 3, 11], "texture": "#8"}, "east": {"uv": [2, 10, 3, 11], "texture": "#8"}, "south": {"uv": [2, 10, 3, 11], "texture": "#8"}, "west": {"uv": [2, 10, 3, 11], "texture": "#8"}, "up": {"uv": [2, 10, 3, 11], "texture": "#8"}, "down": {"uv": [2, 10, 3, 11], "texture": "#8"} } }, { "name": "octagon", "from": [7.55728, -14.4, 7.5], "to": [8.44992, -13.9, 8.5], "rotation": {"angle": 0, "axis": "y", "origin": [8.0536, -8, 8]}, "faces": { "north": {"uv": [2, 10, 3, 11], "texture": "#8"}, "east": {"uv": [2, 10, 3, 11], "texture": "#8"}, "south": {"uv": [2, 10, 3, 11], "texture": "#8"}, "west": {"uv": [2, 10, 3, 11], "texture": "#8"}, "up": {"uv": [2, 10, 3, 11], "texture": "#8"}, "down": {"uv": [2, 10, 3, 11], "texture": "#8"} } }, { "name": "octagon", "from": [7.55728, -14.5, 7.6], "to": [8.44992, -13.8, 8.4], "rotation": {"angle": 0, "axis": "y", "origin": [8.0536, -8, 8]}, "faces": { "north": {"uv": [2, 10, 3, 11], "texture": "#8"}, "east": {"uv": [2, 10, 3, 11], "texture": "#8"}, "south": {"uv": [2, 10, 3, 11], "texture": "#8"}, "west": {"uv": [2, 10, 3, 11], "texture": "#8"}, "up": {"uv": [2, 10, 3, 11], "texture": "#8"}, "down": {"uv": [2, 10, 3, 11], "texture": "#8"} } } ], "display": { "thirdperson_righthand": { "translation": [0, 11.75, 0.25], "scale": [0.75, 0.75, 0.6] }, "thirdperson_lefthand": { "rotation": [-180, -180, 0], "translation": [0, -15, 0.5], "scale": [0.69141, 0.69141, 0.5625] }, "firstperson_righthand": { "rotation": [-24, -3, 0], "translation": [2.25, 10.75, -4], "scale": [0.69141, 0.69141, 0.5625] }, "firstperson_lefthand": { "rotation": [140, -180, 0], "translation": [1, -5.25, 8.25], "scale": [0.69141, 0.69141, 0.5625] }, "ground": { "rotation": [90, 90, 0], "translation": [0, -3.25, 2], "scale": [0.7, 0.7, 0.56] }, "gui": { "rotation": [1, 82, 6], "translation": [-1.25, 9.25, -0.25], "scale": [1.27344, 1.27344, 1.27344] }, "fixed": { "rotation": [1, 90, 0], "translation": [0, 15.5, -2.5], "scale": [2, 2, 2] } }, "groups": [ { "name": "octagon", "origin": [8, 8, 8], "color": 0, "children": [] }, { "name": "octagon", "origin": [8, 8, 8], "color": 0, "children": [] }, { "name": "octagon", "origin": [8, 8, 8], "color": 0, "children": [ { "name": "octagon", "origin": [8, 8, 8], "color": 0, "children": [] }, { "name": "octagon", "origin": [8, 8, 8], "color": 0, "children": [ { "name": "octagon", "origin": [8, 8, 8], "color": 0, "children": [] } ] }, { "name": "octagon", "origin": [8, 8, 8], "color": 0, "children": [ { "name": "octagon", "origin": [8, 8, 8], "color": 0, "children": [] }, { "name": "octagon", "origin": [8, 8, 8], "color": 0, "children": [ { "name": "octagon", "origin": [8, 8, 8], "color": 0, "children": [] } ] } ] }, { "name": "octagon", "origin": [8, 8, 8], "color": 0, "children": [ 0, 1, 2, 3, 4, 5, 6, 7, 8, 9, 10, 11, 12, 13, 14, 15, 16, 17, 18, { "name": "octagon", "origin": [8, 8, 8], "color": 0, "children": [19, 20, 21, 22, 23, 24, 25, 26, 27, 28, 29, 30, 31, 32, 33, 34, 35, 36, 37] }, { "name": "octagon", "origin": [8, 8, 8], "color": 0, "children": [ 38, 39, 40, 41, 42, 43, 44, 45, 46, 47, 48, 49, 50, 51, 52, 53, 54, 55, 56, { "name": "octagon", "origin": [8, 8, 8], "color": 0, "children": [57, 58, 59, 60, 61, 62, 63, 64, 65, 66, 67, 68, 69, 70, 71, 72, 73, 74, 75] } ] } ] } ] }, 76, 77, { "name": "group", "origin": [8, -3, 8], "color": 0, "children": [] }, 78, 79, 80, 81, 82, 83, 84, 85, 86, 87, 88, 89, 90, 91, 92, 93, 94, 95, 96, 97, 98, 99, 100, 101, 102, 103, 104, 105, 106, 107, 108, 109, 110, 111, 112, 113, 114, 115, 116, 117, 118, 119, 120, 121, 122, 123, 124, 125, 126, 127, 128, 129, 130, 131, 132, 133, 134, 135, 136, 137, 138, { "name": "group", "origin": [8, 8, 8], "color": 0, "children": [139, 140, 141, 142] }, { "name": "group", "origin": [8.0536, -8, 8], "color": 0, "children": [143, 144, 145, 146] }, { "name": "group", "origin": [8.0536, -8, 8], "color": 0, "children": [147, 148, 149, 150] }, { "name": "group", "origin": [8.0536, -8, 8], "color": 0, "children": [151, 152, 153, 154] }, { "name": "group", "origin": [8.0536, -8, 8], "color": 0, "children": [155, 156] } ] }