{ "credit": "Made with Blockbench", "textures": { "0": "timetoplay:roleplay/itmes/katanas/akashitasword", "particle": "timetoplay:roleplay/itmes/katanas/akashitasword" }, "elements": [ { "from": [7.2, 0, 18.9], "to": [9.4, 0.8, 23], "rotation": {"angle": 0, "axis": "y", "origin": [7.2, 0, 18.9]}, "faces": { "north": {"uv": [1, 1, 2, 2], "texture": "#0"}, "east": {"uv": [1, 1, 2, 2], "texture": "#0"}, "south": {"uv": [1, 1, 2, 2], "texture": "#0"}, "west": {"uv": [1, 1, 2, 2], "texture": "#0"}, "up": {"uv": [1, 1, 2, 2], "texture": "#0"}, "down": {"uv": [1, 1, 2, 2], "texture": "#0"} } }, { "from": [7.4, 0, 23], "to": [9.6, 0.8, 25.6], "rotation": {"angle": 0, "axis": "y", "origin": [7.4, 0, 23]}, "faces": { "north": {"uv": [1, 1, 2, 2], "texture": "#0"}, "east": {"uv": [1, 1, 2, 2], "texture": "#0"}, "south": {"uv": [1, 1, 2, 2], "texture": "#0"}, "west": {"uv": [1, 1, 2, 2], "texture": "#0"}, "up": {"uv": [1, 1, 2, 2], "texture": "#0"}, "down": {"uv": [1, 1, 2, 2], "texture": "#0"} } }, { "from": [8.51711, 0, 22.32815], "to": [9.21711, 0.8, 23.42815], "rotation": {"angle": 22.5, "axis": "y", "origin": [8.33233, 1, 22.25161]}, "faces": { "north": {"uv": [1, 1, 2, 2], "texture": "#0"}, "east": {"uv": [1, 1, 2, 2], "texture": "#0"}, "south": {"uv": [1, 1, 2, 2], "texture": "#0"}, "west": {"uv": [1, 1, 2, 2], "texture": "#0"}, "up": {"uv": [1, 1, 2, 2], "texture": "#0"}, "down": {"uv": [1, 1, 2, 2], "texture": "#0"} } }, { "from": [8.81711, 0, 24.92815], "to": [9.51711, 0.8, 26.02815], "rotation": {"angle": 22.5, "axis": "y", "origin": [8.63233, 1, 24.85161]}, "faces": { "north": {"uv": [1, 1, 2, 2], "texture": "#0"}, "east": {"uv": [1, 1, 2, 2], "texture": "#0"}, "south": {"uv": [1, 1, 2, 2], "texture": "#0"}, "west": {"uv": [1, 1, 2, 2], "texture": "#0"}, "up": {"uv": [1, 1, 2, 2], "texture": "#0"}, "down": {"uv": [1, 1, 2, 2], "texture": "#0"} } }, { "from": [7.18478, 0, 23.07654], "to": [7.88478, 0.8, 24.17654], "rotation": {"angle": 22.5, "axis": "y", "origin": [7, 1, 23]}, "faces": { "north": {"uv": [1, 1, 2, 2], "texture": "#0"}, "east": {"uv": [1, 1, 2, 2], "texture": "#0"}, "south": {"uv": [1, 1, 2, 2], "texture": "#0"}, "west": {"uv": [1, 1, 2, 2], "texture": "#0"}, "up": {"uv": [1, 1, 2, 2], "texture": "#0"}, "down": {"uv": [1, 1, 2, 2], "texture": "#0"} } }, { "from": [7.38478, 0, 25.67654], "to": [8.08478, 0.8, 26.77654], "rotation": {"angle": 22.5, "axis": "y", "origin": [7.2, 1, 25.6]}, "faces": { "north": {"uv": [1, 1, 2, 2], "texture": "#0"}, "east": {"uv": [1, 1, 2, 2], "texture": "#0"}, "south": {"uv": [1, 1, 2, 2], "texture": "#0"}, "west": {"uv": [1, 1, 2, 2], "texture": "#0"}, "up": {"uv": [1, 1, 2, 2], "texture": "#0"}, "down": {"uv": [1, 1, 2, 2], "texture": "#0"} } }, { "from": [7.7, 0, 25.6], "to": [9.9, 0.8, 28.2], "rotation": {"angle": 0, "axis": "y", "origin": [7.7, 0, 25.6]}, "faces": { "north": {"uv": [1, 1, 2, 2], "texture": "#0"}, "east": {"uv": [1, 1, 2, 2], "texture": "#0"}, "south": {"uv": [1, 1, 2, 2], "texture": "#0"}, "west": {"uv": [1, 1, 2, 2], "texture": "#0"}, "up": {"uv": [1, 1, 2, 2], "texture": "#0"}, "down": {"uv": [1, 1, 2, 2], "texture": "#0"} } }, { "from": [8.3, 0.2, 5.9], "to": [9.3, 0.6, 14.2], "faces": { "north": {"uv": [4, 1, 5, 2], "texture": "#0"}, "east": {"uv": [4, 1, 5, 2], "texture": "#0"}, "south": {"uv": [4, 1, 5, 2], "texture": "#0"}, "west": {"uv": [4, 1, 5, 2], "texture": "#0"}, "up": {"uv": [4, 1, 5, 2], "texture": "#0"}, "down": {"uv": [4, 1, 5, 2], "texture": "#0"} } }, { "from": [7.3, 0.2, 4.9], "to": [9.3, 0.6, 6], "faces": { "north": {"uv": [4, 1, 5, 2], "texture": "#0"}, "east": {"uv": [4, 1, 5, 2], "texture": "#0"}, "south": {"uv": [4, 1, 5, 2], "texture": "#0"}, "west": {"uv": [4, 1, 5, 2], "texture": "#0"}, "up": {"uv": [4, 1, 5, 2], "texture": "#0"}, "down": {"uv": [4, 1, 5, 2], "texture": "#0"} } }, { "from": [7.6, 0.2, 13.2], "to": [9.3, 0.6, 14.3], "faces": { "north": {"uv": [4, 1, 5, 2], "texture": "#0"}, "east": {"uv": [4, 1, 5, 2], "texture": "#0"}, "south": {"uv": [4, 1, 5, 2], "texture": "#0"}, "west": {"uv": [4, 1, 5, 2], "texture": "#0"}, "up": {"uv": [4, 1, 5, 2], "texture": "#0"}, "down": {"uv": [4, 1, 5, 2], "texture": "#0"} } }, { "from": [7.5, 0.2, 5.8], "to": [7.7, 0.6, 14.3], "faces": { "north": {"uv": [4, 1, 5, 2], "texture": "#0"}, "east": {"uv": [4, 1, 5, 2], "texture": "#0"}, "south": {"uv": [4, 1, 5, 2], "texture": "#0"}, "west": {"uv": [4, 1, 5, 2], "texture": "#0"}, "up": {"uv": [4, 1, 5, 2], "texture": "#0"}, "down": {"uv": [4, 1, 5, 2], "texture": "#0"} } }, { "from": [7.3, 0.2, -4.1], "to": [9.3, 0.6, 5], "faces": { "north": {"uv": [4, 1, 5, 2], "texture": "#0"}, "east": {"uv": [4, 1, 5, 2], "texture": "#0"}, "south": {"uv": [4, 1, 5, 2], "texture": "#0"}, "west": {"uv": [4, 1, 5, 2], "texture": "#0"}, "up": {"uv": [4, 1, 5, 2], "texture": "#0"}, "down": {"uv": [4, 1, 5, 2], "texture": "#0"} } }, { "from": [8.2, 0.2, -12.3], "to": [9.3, 0.6, 5], "faces": { "north": {"uv": [4, 1, 5, 2], "texture": "#0"}, "east": {"uv": [4, 1, 5, 2], "texture": "#0"}, "south": {"uv": [4, 1, 5, 2], "texture": "#0"}, "west": {"uv": [4, 1, 5, 2], "texture": "#0"}, "up": {"uv": [4, 1, 5, 2], "texture": "#0"}, "down": {"uv": [4, 1, 5, 2], "texture": "#0"} } }, { "from": [8.2, 0.3, -12.3], "to": [9.5, 0.5, 5], "faces": { "north": {"uv": [7, 1, 8, 2], "texture": "#0"}, "east": {"uv": [7, 1, 8, 2], "texture": "#0"}, "south": {"uv": [7, 1, 8, 2], "texture": "#0"}, "west": {"uv": [7, 1, 8, 2], "texture": "#0"}, "up": {"uv": [7, 1, 8, 2], "texture": "#0"}, "down": {"uv": [7, 1, 8, 2], "texture": "#0"} } }, { "from": [7.9, 0.2, -14.1], "to": [8.2, 0.6, -3.5], "faces": { "north": {"uv": [4, 1, 5, 2], "texture": "#0"}, "east": {"uv": [4, 1, 5, 2], "texture": "#0"}, "south": {"uv": [4, 1, 5, 2], "texture": "#0"}, "west": {"uv": [4, 1, 5, 2], "texture": "#0"}, "up": {"uv": [4, 1, 5, 2], "texture": "#0"}, "down": {"uv": [4, 1, 5, 2], "texture": "#0"} } }, { "from": [7.90056, 0.3, -14.32505], "to": [8.20556, 0.5, -14.02505], "rotation": {"angle": 0, "axis": "y", "origin": [-0.00048, 0, -0.02505]}, "faces": { "north": {"uv": [7, 1, 8, 2], "texture": "#0"}, "east": {"uv": [7, 1, 8, 2], "texture": "#0"}, "south": {"uv": [7, 1, 8, 2], "texture": "#0"}, "west": {"uv": [7, 1, 8, 2], "texture": "#0"}, "up": {"uv": [7, 1, 8, 2], "texture": "#0"}, "down": {"uv": [7, 1, 8, 2], "texture": "#0"} } }, { "from": [7.9, 0.2, -12.8], "to": [8.5, 0.6, -3.5], "faces": { "north": {"uv": [4, 1, 5, 2], "texture": "#0"}, "east": {"uv": [4, 1, 5, 2], "texture": "#0"}, "south": {"uv": [4, 1, 5, 2], "texture": "#0"}, "west": {"uv": [4, 1, 5, 2], "texture": "#0"}, "up": {"uv": [4, 1, 5, 2], "texture": "#0"}, "down": {"uv": [4, 1, 5, 2], "texture": "#0"} } }, { "from": [7.06084, 0.2, -5.90231], "to": [8.46084, 0.6, -5.30231], "rotation": {"angle": 22.5, "axis": "y", "origin": [11.71084, 0.5, -5.60231]}, "faces": { "north": {"uv": [4, 1, 5, 2], "rotation": 90, "texture": "#0"}, "east": {"uv": [4, 1, 5, 2], "rotation": 90, "texture": "#0"}, "south": {"uv": [4, 1, 5, 2], "rotation": 90, "texture": "#0"}, "west": {"uv": [4, 1, 5, 2], "rotation": 90, "texture": "#0"}, "up": {"uv": [4, 1, 5, 2], "rotation": 90, "texture": "#0"}, "down": {"uv": [4, 1, 5, 2], "rotation": 90, "texture": "#0"} } }, { "from": [7.36152, 0.2, -4.59071], "to": [8.76152, 0.6, -3.99071], "rotation": {"angle": 45, "axis": "y", "origin": [8.06152, 0.5, -4.29071]}, "faces": { "north": {"uv": [4, 1, 5, 2], "rotation": 90, "texture": "#0"}, "east": {"uv": [4, 1, 5, 2], "rotation": 90, "texture": "#0"}, "south": {"uv": [4, 1, 5, 2], "rotation": 90, "texture": "#0"}, "west": {"uv": [4, 1, 5, 2], "rotation": 90, "texture": "#0"}, "up": {"uv": [4, 1, 5, 2], "rotation": 90, "texture": "#0"}, "down": {"uv": [4, 1, 5, 2], "rotation": 90, "texture": "#0"} } }, { "from": [7.76152, 0.2, -4.99071], "to": [8.36152, 0.6, -3.59071], "rotation": {"angle": -22.5, "axis": "y", "origin": [8.06152, 0.5, -4.29071]}, "faces": { "north": {"uv": [4, 1, 5, 2], "texture": "#0"}, "east": {"uv": [4, 1, 5, 2], "texture": "#0"}, "south": {"uv": [4, 1, 5, 2], "texture": "#0"}, "west": {"uv": [4, 1, 5, 2], "texture": "#0"}, "up": {"uv": [4, 1, 5, 2], "texture": "#0"}, "down": {"uv": [4, 1, 5, 2], "texture": "#0"} } }, { "from": [11.76787, 0.3, -15.80061], "to": [12.06787, 0.5, -14.70061], "rotation": {"angle": 45, "axis": "y", "origin": [11.91787, 0.5, -10.40061]}, "faces": { "north": {"uv": [7, 1, 8, 2], "texture": "#0"}, "east": {"uv": [7, 1, 8, 2], "texture": "#0"}, "south": {"uv": [7, 1, 8, 2], "texture": "#0"}, "west": {"uv": [7, 1, 8, 2], "texture": "#0"}, "up": {"uv": [7, 1, 8, 2], "texture": "#0"}, "down": {"uv": [7, 1, 8, 2], "texture": "#0"} } }, { "from": [11.76231, 0.2, -15.37556], "to": [12.06231, 0.6, -14.27556], "rotation": {"angle": 45, "axis": "y", "origin": [11.91231, 0.5, -9.97556]}, "faces": { "north": {"uv": [4, 1, 5, 2], "texture": "#0"}, "east": {"uv": [4, 1, 5, 2], "texture": "#0"}, "south": {"uv": [4, 1, 5, 2], "texture": "#0"}, "west": {"uv": [4, 1, 5, 2], "texture": "#0"}, "up": {"uv": [4, 1, 5, 2], "texture": "#0"}, "down": {"uv": [4, 1, 5, 2], "texture": "#0"} } }, { "from": [11.76231, 0.2, -14.97556], "to": [12.06231, 0.6, -13.87556], "rotation": {"angle": 45, "axis": "y", "origin": [11.91231, 0.5, -9.57556]}, "faces": { "north": {"uv": [4, 1, 5, 2], "texture": "#0"}, "east": {"uv": [4, 1, 5, 2], "texture": "#0"}, "south": {"uv": [4, 1, 5, 2], "texture": "#0"}, "west": {"uv": [4, 1, 5, 2], "texture": "#0"}, "up": {"uv": [4, 1, 5, 2], "texture": "#0"}, "down": {"uv": [4, 1, 5, 2], "texture": "#0"} } }, { "from": [9.96129, 0.3, -13.90089], "to": [11.06129, 0.5, -12.55089], "rotation": {"angle": 22.5, "axis": "y", "origin": [10.91129, 0.5, -8.50089]}, "faces": { "north": {"uv": [7, 1, 8, 2], "texture": "#0"}, "east": {"uv": [7, 1, 8, 2], "texture": "#0"}, "south": {"uv": [7, 1, 8, 2], "texture": "#0"}, "west": {"uv": [7, 1, 8, 2], "texture": "#0"}, "up": {"uv": [7, 1, 8, 2], "texture": "#0"}, "down": {"uv": [7, 1, 8, 2], "texture": "#0"} } }, { "from": [9.96129, 0.2, -13.85089], "to": [10.86129, 0.6, -12.55089], "rotation": {"angle": 22.5, "axis": "y", "origin": [10.71129, 0.6, -8.50089]}, "faces": { "north": {"uv": [4, 1, 5, 2], "texture": "#0"}, "east": {"uv": [4, 1, 5, 2], "texture": "#0"}, "south": {"uv": [4, 1, 5, 2], "texture": "#0"}, "west": {"uv": [4, 1, 5, 2], "texture": "#0"}, "up": {"uv": [4, 1, 5, 2], "texture": "#0"}, "down": {"uv": [4, 1, 5, 2], "texture": "#0"} } }, { "from": [7.86005, 0.2, -14.07782], "to": [8.71005, 0.6, -13.77782], "rotation": {"angle": -45, "axis": "y", "origin": [8.06005, 0.4, -13.67782]}, "faces": { "north": {"uv": [4, 1, 5, 2], "texture": "#0"}, "east": {"uv": [4, 1, 5, 2], "texture": "#0"}, "south": {"uv": [4, 1, 5, 2], "texture": "#0"}, "west": {"uv": [4, 1, 5, 2], "texture": "#0"}, "up": {"uv": [4, 1, 5, 2], "rotation": 270, "texture": "#0"}, "down": {"uv": [4, 1, 5, 2], "rotation": 90, "texture": "#0"} } }, { "from": [7.3, 0.2, 14.1], "to": [9.5, 0.6, 15.1], "faces": { "north": {"uv": [4, 1, 5, 2], "texture": "#0"}, "east": {"uv": [4, 1, 5, 2], "texture": "#0"}, "south": {"uv": [4, 1, 5, 2], "texture": "#0"}, "west": {"uv": [4, 1, 5, 2], "texture": "#0"}, "up": {"uv": [4, 1, 5, 2], "texture": "#0"}, "down": {"uv": [4, 1, 5, 2], "texture": "#0"} } }, { "from": [7.3, 0.2, 14.7], "to": [7.9, 0.6, 15.5], "rotation": {"angle": -22.5, "axis": "y", "origin": [8.4, 0.5, 14.6]}, "faces": { "north": {"uv": [4, 1, 5, 2], "texture": "#0"}, "east": {"uv": [4, 1, 5, 2], "texture": "#0"}, "south": {"uv": [4, 1, 5, 2], "texture": "#0"}, "west": {"uv": [4, 1, 5, 2], "texture": "#0"}, "up": {"uv": [4, 1, 5, 2], "texture": "#0"}, "down": {"uv": [4, 1, 5, 2], "texture": "#0"} } }, { "from": [8.90021, 0.2, 15.29895], "to": [9.50021, 0.6, 16.09895], "rotation": {"angle": -22.5, "axis": "y", "origin": [10.00021, 0.5, 15.19895]}, "faces": { "north": {"uv": [4, 1, 5, 2], "texture": "#0"}, "east": {"uv": [4, 1, 5, 2], "texture": "#0"}, "south": {"uv": [4, 1, 5, 2], "texture": "#0"}, "west": {"uv": [4, 1, 5, 2], "texture": "#0"}, "up": {"uv": [4, 1, 5, 2], "texture": "#0"}, "down": {"uv": [4, 1, 5, 2], "texture": "#0"} } }, { "from": [6.9, 0.2, 14.8], "to": [7.5, 0.6, 16], "rotation": {"angle": 22.5, "axis": "y", "origin": [8, 0.5, 14.7]}, "faces": { "north": {"uv": [4, 1, 5, 2], "texture": "#0"}, "east": {"uv": [4, 1, 5, 2], "texture": "#0"}, "south": {"uv": [4, 1, 5, 2], "texture": "#0"}, "west": {"uv": [4, 1, 5, 2], "texture": "#0"}, "up": {"uv": [4, 1, 5, 2], "texture": "#0"}, "down": {"uv": [4, 1, 5, 2], "texture": "#0"} } }, { "from": [9.4, 0.2, 17], "to": [10, 0.6, 18.6], "rotation": {"angle": -22.5, "axis": "y", "origin": [8.9, 0.5, 16.9]}, "faces": { "north": {"uv": [4, 1, 5, 2], "texture": "#0"}, "east": {"uv": [4, 1, 5, 2], "texture": "#0"}, "south": {"uv": [4, 1, 5, 2], "texture": "#0"}, "west": {"uv": [4, 1, 5, 2], "texture": "#0"}, "up": {"uv": [4, 1, 5, 2], "texture": "#0"}, "down": {"uv": [4, 1, 5, 2], "texture": "#0"} } }, { "from": [7.2, 0.2, 15.4], "to": [7.8, 0.6, 16.2], "rotation": {"angle": -45, "axis": "y", "origin": [8.3, 0.5, 15.3]}, "faces": { "north": {"uv": [4, 1, 5, 2], "texture": "#0"}, "east": {"uv": [4, 1, 5, 2], "texture": "#0"}, "south": {"uv": [4, 1, 5, 2], "texture": "#0"}, "west": {"uv": [4, 1, 5, 2], "texture": "#0"}, "up": {"uv": [4, 1, 5, 2], "texture": "#0"}, "down": {"uv": [4, 1, 5, 2], "texture": "#0"} } }, { "from": [9, 0.2, 16.4], "to": [10.1, 0.6, 18.1], "rotation": {"angle": 45, "axis": "y", "origin": [9, 0.5, 17.2]}, "faces": { "north": {"uv": [4, 1, 5, 2], "texture": "#0"}, "east": {"uv": [4, 1, 5, 2], "texture": "#0"}, "south": {"uv": [4, 1, 5, 2], "texture": "#0"}, "west": {"uv": [4, 1, 5, 2], "texture": "#0"}, "up": {"uv": [4, 1, 5, 2], "texture": "#0"}, "down": {"uv": [4, 1, 5, 2], "texture": "#0"} } }, { "from": [7.3, 0.2, 15.8], "to": [7.9, 0.6, 16.6], "rotation": {"angle": -45, "axis": "y", "origin": [8.4, 0.5, 15.7]}, "faces": { "north": {"uv": [4, 1, 5, 2], "texture": "#0"}, "east": {"uv": [4, 1, 5, 2], "texture": "#0"}, "south": {"uv": [4, 1, 5, 2], "texture": "#0"}, "west": {"uv": [4, 1, 5, 2], "texture": "#0"}, "up": {"uv": [4, 1, 5, 2], "texture": "#0"}, "down": {"uv": [4, 1, 5, 2], "texture": "#0"} } }, { "from": [7.4, 0.2, 16.2], "to": [8, 0.6, 17], "rotation": {"angle": -45, "axis": "y", "origin": [8.5, 0.5, 16.1]}, "faces": { "north": {"uv": [4, 1, 5, 2], "texture": "#0"}, "east": {"uv": [4, 1, 5, 2], "texture": "#0"}, "south": {"uv": [4, 1, 5, 2], "texture": "#0"}, "west": {"uv": [4, 1, 5, 2], "texture": "#0"}, "up": {"uv": [4, 1, 5, 2], "texture": "#0"}, "down": {"uv": [4, 1, 5, 2], "texture": "#0"} } }, { "from": [7.5, 0.2, 16.7], "to": [8.1, 0.6, 17.5], "rotation": {"angle": -45, "axis": "y", "origin": [8.6, 0.5, 16.6]}, "faces": { "north": {"uv": [4, 1, 5, 2], "texture": "#0"}, "east": {"uv": [4, 1, 5, 2], "texture": "#0"}, "south": {"uv": [4, 1, 5, 2], "texture": "#0"}, "west": {"uv": [4, 1, 5, 2], "texture": "#0"}, "up": {"uv": [4, 1, 5, 2], "texture": "#0"}, "down": {"uv": [4, 1, 5, 2], "texture": "#0"} } }, { "from": [7.6, 0.2, 17.1], "to": [8.2, 0.6, 17.9], "rotation": {"angle": -45, "axis": "y", "origin": [8.7, 0.5, 17]}, "faces": { "north": {"uv": [4, 1, 5, 2], "texture": "#0"}, "east": {"uv": [4, 1, 5, 2], "texture": "#0"}, "south": {"uv": [4, 1, 5, 2], "texture": "#0"}, "west": {"uv": [4, 1, 5, 2], "texture": "#0"}, "up": {"uv": [4, 1, 5, 2], "texture": "#0"}, "down": {"uv": [4, 1, 5, 2], "texture": "#0"} } }, { "from": [7.6, 0.2, 17.6], "to": [8.2, 0.6, 18.4], "rotation": {"angle": -45, "axis": "y", "origin": [8.7, 0.5, 17.5]}, "faces": { "north": {"uv": [4, 1, 5, 2], "texture": "#0"}, "east": {"uv": [4, 1, 5, 2], "texture": "#0"}, "south": {"uv": [4, 1, 5, 2], "texture": "#0"}, "west": {"uv": [4, 1, 5, 2], "texture": "#0"}, "up": {"uv": [4, 1, 5, 2], "texture": "#0"}, "down": {"uv": [4, 1, 5, 2], "texture": "#0"} } }, { "from": [7.4, 0.2, 15.1], "to": [9.3, 0.6, 18.9], "rotation": {"angle": 0, "axis": "y", "origin": [0, 0, 1]}, "faces": { "north": {"uv": [4, 1, 5, 2], "texture": "#0"}, "east": {"uv": [4, 1, 5, 2], "texture": "#0"}, "south": {"uv": [4, 1, 5, 2], "texture": "#0"}, "west": {"uv": [4, 1, 5, 2], "texture": "#0"}, "up": {"uv": [4, 1, 5, 2], "texture": "#0"}, "down": {"uv": [4, 1, 5, 2], "texture": "#0"} } }, { "from": [7.8, 0.15, 18.1], "to": [9, 0.65, 18.2], "rotation": {"angle": 0, "axis": "y", "origin": [0, -0.05, 1]}, "faces": { "north": {"uv": [1, 4, 2, 5], "texture": "#0"}, "east": {"uv": [1, 4, 2, 5], "texture": "#0"}, "south": {"uv": [1, 4, 2, 5], "texture": "#0"}, "west": {"uv": [1, 4, 2, 5], "texture": "#0"}, "up": {"uv": [1, 4, 2, 5], "texture": "#0"}, "down": {"uv": [1, 4, 2, 5], "texture": "#0"} } }, { "from": [8, 0.15, 17.8], "to": [8.8, 0.65, 17.9], "rotation": {"angle": 0, "axis": "y", "origin": [0, -0.05, 0.7]}, "faces": { "north": {"uv": [1, 4, 2, 5], "texture": "#0"}, "east": {"uv": [1, 4, 2, 5], "texture": "#0"}, "south": {"uv": [1, 4, 2, 5], "texture": "#0"}, "west": {"uv": [1, 4, 2, 5], "texture": "#0"}, "up": {"uv": [1, 4, 2, 5], "texture": "#0"}, "down": {"uv": [1, 4, 2, 5], "texture": "#0"} } }, { "from": [7.3, 0.2, 17.6], "to": [9.3, 0.6, 18.9], "rotation": {"angle": 0, "axis": "y", "origin": [0, 0, 1]}, "faces": { "north": {"uv": [4, 1, 5, 2], "texture": "#0"}, "east": {"uv": [4, 1, 5, 2], "texture": "#0"}, "south": {"uv": [4, 1, 5, 2], "texture": "#0"}, "west": {"uv": [4, 1, 5, 2], "texture": "#0"}, "up": {"uv": [4, 1, 5, 2], "texture": "#0"}, "down": {"uv": [4, 1, 5, 2], "texture": "#0"} } }, { "from": [7.8, 0.2, 28.1], "to": [9.8, 0.6, 28.3], "rotation": {"angle": 0, "axis": "y", "origin": [0.5, 0, 11.5]}, "faces": { "north": {"uv": [7, 1, 8, 2], "texture": "#0"}, "east": {"uv": [7, 1, 8, 2], "texture": "#0"}, "south": {"uv": [7, 1, 8, 2], "texture": "#0"}, "west": {"uv": [7, 1, 8, 2], "texture": "#0"}, "up": {"uv": [7, 1, 8, 2], "texture": "#0"}, "down": {"uv": [7, 1, 8, 2], "texture": "#0"} } }, { "from": [8.17507, 0.2, 28.18561], "to": [8.37507, 0.6, 30.58561], "rotation": {"angle": 22.5, "axis": "y", "origin": [8.27507, 0.35, 29.18561]}, "faces": { "north": {"uv": [7, 1, 8, 2], "rotation": 90, "texture": "#0"}, "east": {"uv": [7, 1, 8, 2], "rotation": 90, "texture": "#0"}, "south": {"uv": [7, 1, 8, 2], "rotation": 90, "texture": "#0"}, "west": {"uv": [7, 1, 8, 2], "rotation": 90, "texture": "#0"}, "up": {"uv": [7, 1, 8, 2], "rotation": 90, "texture": "#0"}, "down": {"uv": [7, 1, 8, 2], "rotation": 90, "texture": "#0"} } }, { "from": [9.22493, 0.2, 28.18561], "to": [9.42493, 0.6, 30.58561], "rotation": {"angle": -22.5, "axis": "y", "origin": [9.32493, 0.35, 29.18561]}, "faces": { "north": {"uv": [7, 1, 8, 2], "rotation": 90, "texture": "#0"}, "east": {"uv": [7, 1, 8, 2], "rotation": 90, "texture": "#0"}, "south": {"uv": [7, 1, 8, 2], "rotation": 90, "texture": "#0"}, "west": {"uv": [7, 1, 8, 2], "rotation": 90, "texture": "#0"}, "up": {"uv": [7, 1, 8, 2], "rotation": 90, "texture": "#0"}, "down": {"uv": [7, 1, 8, 2], "rotation": 90, "texture": "#0"} } }, { "from": [7.3, 0.3, 13], "to": [7.6, 0.5, 13.6], "faces": { "north": {"uv": [7, 1, 8, 2], "texture": "#0"}, "east": {"uv": [7, 1, 8, 2], "texture": "#0"}, "south": {"uv": [7, 1, 8, 2], "texture": "#0"}, "west": {"uv": [7, 1, 8, 2], "texture": "#0"}, "up": {"uv": [7, 1, 8, 2], "texture": "#0"}, "down": {"uv": [7, 1, 8, 2], "texture": "#0"} } }, { "from": [7.3, 0.3, 9.6], "to": [7.6, 0.5, 10.2], "faces": { "north": {"uv": [7, 1, 8, 2], "texture": "#0"}, "east": {"uv": [7, 1, 8, 2], "texture": "#0"}, "south": {"uv": [7, 1, 8, 2], "texture": "#0"}, "west": {"uv": [7, 1, 8, 2], "texture": "#0"}, "up": {"uv": [7, 1, 8, 2], "texture": "#0"}, "down": {"uv": [7, 1, 8, 2], "texture": "#0"} } }, { "from": [7.3, 0.3, 11.9], "to": [7.6, 0.5, 12.5], "faces": { "north": {"uv": [7, 1, 8, 2], "texture": "#0"}, "east": {"uv": [7, 1, 8, 2], "texture": "#0"}, "south": {"uv": [7, 1, 8, 2], "texture": "#0"}, "west": {"uv": [7, 1, 8, 2], "texture": "#0"}, "up": {"uv": [7, 1, 8, 2], "texture": "#0"}, "down": {"uv": [7, 1, 8, 2], "texture": "#0"} } }, { "from": [7.3, 0.3, 8.5], "to": [7.6, 0.5, 9.1], "faces": { "north": {"uv": [7, 1, 8, 2], "texture": "#0"}, "east": {"uv": [7, 1, 8, 2], "texture": "#0"}, "south": {"uv": [7, 1, 8, 2], "texture": "#0"}, "west": {"uv": [7, 1, 8, 2], "texture": "#0"}, "up": {"uv": [7, 1, 8, 2], "texture": "#0"}, "down": {"uv": [7, 1, 8, 2], "texture": "#0"} } }, { "from": [7.6, 0.2, 8.3], "to": [8.6, 0.6, 8.6], "faces": { "north": {"uv": [4, 1, 5, 2], "texture": "#0"}, "east": {"uv": [4, 1, 5, 2], "texture": "#0"}, "south": {"uv": [4, 1, 5, 2], "texture": "#0"}, "west": {"uv": [4, 1, 5, 2], "texture": "#0"}, "up": {"uv": [4, 1, 5, 2], "texture": "#0"}, "down": {"uv": [4, 1, 5, 2], "texture": "#0"} } }, { "from": [7.6, 0.2, 10.7], "to": [8.6, 0.6, 11], "rotation": {"angle": 0, "axis": "y", "origin": [0, 0, 2.4]}, "faces": { "north": {"uv": [4, 1, 5, 2], "texture": "#0"}, "east": {"uv": [4, 1, 5, 2], "texture": "#0"}, "south": {"uv": [4, 1, 5, 2], "texture": "#0"}, "west": {"uv": [4, 1, 5, 2], "texture": "#0"}, "up": {"uv": [4, 1, 5, 2], "texture": "#0"}, "down": {"uv": [4, 1, 5, 2], "texture": "#0"} } }, { "from": [9.2, 0.3, 5.3], "to": [9.5, 0.5, 5.5], "faces": { "north": {"uv": [7, 1, 8, 2], "texture": "#0"}, "east": {"uv": [7, 1, 8, 2], "texture": "#0"}, "south": {"uv": [7, 1, 8, 2], "texture": "#0"}, "west": {"uv": [7, 1, 8, 2], "texture": "#0"}, "up": {"uv": [7, 1, 8, 2], "texture": "#0"}, "down": {"uv": [7, 1, 8, 2], "texture": "#0"} } }, { "from": [9.2, 0.3, 9.3], "to": [9.5, 0.5, 9.5], "faces": { "north": {"uv": [7, 1, 8, 2], "texture": "#0"}, "east": {"uv": [7, 1, 8, 2], "texture": "#0"}, "south": {"uv": [7, 1, 8, 2], "texture": "#0"}, "west": {"uv": [7, 1, 8, 2], "texture": "#0"}, "up": {"uv": [7, 1, 8, 2], "texture": "#0"}, "down": {"uv": [7, 1, 8, 2], "texture": "#0"} } }, { "from": [9.2, 0.3, 7.3], "to": [9.5, 0.5, 7.5], "faces": { "north": {"uv": [7, 1, 8, 2], "texture": "#0"}, "east": {"uv": [7, 1, 8, 2], "texture": "#0"}, "south": {"uv": [7, 1, 8, 2], "texture": "#0"}, "west": {"uv": [7, 1, 8, 2], "texture": "#0"}, "up": {"uv": [7, 1, 8, 2], "texture": "#0"}, "down": {"uv": [7, 1, 8, 2], "texture": "#0"} } }, { "from": [9.2, 0.3, 11.3], "to": [9.5, 0.5, 11.5], "faces": { "north": {"uv": [7, 1, 8, 2], "texture": "#0"}, "east": {"uv": [7, 1, 8, 2], "texture": "#0"}, "south": {"uv": [7, 1, 8, 2], "texture": "#0"}, "west": {"uv": [7, 1, 8, 2], "texture": "#0"}, "up": {"uv": [7, 1, 8, 2], "texture": "#0"}, "down": {"uv": [7, 1, 8, 2], "texture": "#0"} } }, { "from": [9.2, 0.3, 6.3], "to": [9.5, 0.5, 6.5], "faces": { "north": {"uv": [7, 1, 8, 2], "texture": "#0"}, "east": {"uv": [7, 1, 8, 2], "texture": "#0"}, "south": {"uv": [7, 1, 8, 2], "texture": "#0"}, "west": {"uv": [7, 1, 8, 2], "texture": "#0"}, "up": {"uv": [7, 1, 8, 2], "texture": "#0"}, "down": {"uv": [7, 1, 8, 2], "texture": "#0"} } }, { "from": [9.2, 0.3, 10.3], "to": [9.5, 0.5, 10.5], "faces": { "north": {"uv": [7, 1, 8, 2], "texture": "#0"}, "east": {"uv": [7, 1, 8, 2], "texture": "#0"}, "south": {"uv": [7, 1, 8, 2], "texture": "#0"}, "west": {"uv": [7, 1, 8, 2], "texture": "#0"}, "up": {"uv": [7, 1, 8, 2], "texture": "#0"}, "down": {"uv": [7, 1, 8, 2], "texture": "#0"} } }, { "from": [9.2, 0.3, 8.3], "to": [9.5, 0.5, 8.5], "faces": { "north": {"uv": [7, 1, 8, 2], "texture": "#0"}, "east": {"uv": [7, 1, 8, 2], "texture": "#0"}, "south": {"uv": [7, 1, 8, 2], "texture": "#0"}, "west": {"uv": [7, 1, 8, 2], "texture": "#0"}, "up": {"uv": [7, 1, 8, 2], "texture": "#0"}, "down": {"uv": [7, 1, 8, 2], "texture": "#0"} } }, { "from": [9.2, 0.3, 12.3], "to": [9.5, 0.5, 12.5], "faces": { "north": {"uv": [7, 1, 8, 2], "texture": "#0"}, "east": {"uv": [7, 1, 8, 2], "texture": "#0"}, "south": {"uv": [7, 1, 8, 2], "texture": "#0"}, "west": {"uv": [7, 1, 8, 2], "texture": "#0"}, "up": {"uv": [7, 1, 8, 2], "texture": "#0"}, "down": {"uv": [7, 1, 8, 2], "texture": "#0"} } }, { "from": [9.2, 0.3, 13.3], "to": [9.5, 0.5, 13.5], "faces": { "north": {"uv": [7, 1, 8, 2], "texture": "#0"}, "east": {"uv": [7, 1, 8, 2], "texture": "#0"}, "south": {"uv": [7, 1, 8, 2], "texture": "#0"}, "west": {"uv": [7, 1, 8, 2], "texture": "#0"}, "up": {"uv": [7, 1, 8, 2], "texture": "#0"}, "down": {"uv": [7, 1, 8, 2], "texture": "#0"} } }, { "from": [9.2, 0.3, 5.8], "to": [9.5, 0.5, 6], "faces": { "north": {"uv": [7, 1, 8, 2], "texture": "#0"}, "east": {"uv": [7, 1, 8, 2], "texture": "#0"}, "south": {"uv": [7, 1, 8, 2], "texture": "#0"}, "west": {"uv": [7, 1, 8, 2], "texture": "#0"}, "up": {"uv": [7, 1, 8, 2], "texture": "#0"}, "down": {"uv": [7, 1, 8, 2], "texture": "#0"} } }, { "from": [9.2, 0.3, 9.8], "to": [9.5, 0.5, 10], "faces": { "north": {"uv": [7, 1, 8, 2], "texture": "#0"}, "east": {"uv": [7, 1, 8, 2], "texture": "#0"}, "south": {"uv": [7, 1, 8, 2], "texture": "#0"}, "west": {"uv": [7, 1, 8, 2], "texture": "#0"}, "up": {"uv": [7, 1, 8, 2], "texture": "#0"}, "down": {"uv": [7, 1, 8, 2], "texture": "#0"} } }, { "from": [9.2, 0.3, 7.8], "to": [9.5, 0.5, 8], "faces": { "north": {"uv": [7, 1, 8, 2], "texture": "#0"}, "east": {"uv": [7, 1, 8, 2], "texture": "#0"}, "south": {"uv": [7, 1, 8, 2], "texture": "#0"}, "west": {"uv": [7, 1, 8, 2], "texture": "#0"}, "up": {"uv": [7, 1, 8, 2], "texture": "#0"}, "down": {"uv": [7, 1, 8, 2], "texture": "#0"} } }, { "from": [9.2, 0.3, 11.8], "to": [9.5, 0.5, 12], "faces": { "north": {"uv": [7, 1, 8, 2], "texture": "#0"}, "east": {"uv": [7, 1, 8, 2], "texture": "#0"}, "south": {"uv": [7, 1, 8, 2], "texture": "#0"}, "west": {"uv": [7, 1, 8, 2], "texture": "#0"}, "up": {"uv": [7, 1, 8, 2], "texture": "#0"}, "down": {"uv": [7, 1, 8, 2], "texture": "#0"} } }, { "from": [9.2, 0.3, 6.8], "to": [9.5, 0.5, 7], "faces": { "north": {"uv": [7, 1, 8, 2], "texture": "#0"}, "east": {"uv": [7, 1, 8, 2], "texture": "#0"}, "south": {"uv": [7, 1, 8, 2], "texture": "#0"}, "west": {"uv": [7, 1, 8, 2], "texture": "#0"}, "up": {"uv": [7, 1, 8, 2], "texture": "#0"}, "down": {"uv": [7, 1, 8, 2], "texture": "#0"} } }, { "from": [9.2, 0.3, 10.8], "to": [9.5, 0.5, 11], "faces": { "north": {"uv": [7, 1, 8, 2], "texture": "#0"}, "east": {"uv": [7, 1, 8, 2], "texture": "#0"}, "south": {"uv": [7, 1, 8, 2], "texture": "#0"}, "west": {"uv": [7, 1, 8, 2], "texture": "#0"}, "up": {"uv": [7, 1, 8, 2], "texture": "#0"}, "down": {"uv": [7, 1, 8, 2], "texture": "#0"} } }, { "from": [9.2, 0.3, 8.8], "to": [9.5, 0.5, 9], "faces": { "north": {"uv": [7, 1, 8, 2], "texture": "#0"}, "east": {"uv": [7, 1, 8, 2], "texture": "#0"}, "south": {"uv": [7, 1, 8, 2], "texture": "#0"}, "west": {"uv": [7, 1, 8, 2], "texture": "#0"}, "up": {"uv": [7, 1, 8, 2], "texture": "#0"}, "down": {"uv": [7, 1, 8, 2], "texture": "#0"} } }, { "from": [9.2, 0.3, 12.8], "to": [9.5, 0.5, 13], "faces": { "north": {"uv": [7, 1, 8, 2], "texture": "#0"}, "east": {"uv": [7, 1, 8, 2], "texture": "#0"}, "south": {"uv": [7, 1, 8, 2], "texture": "#0"}, "west": {"uv": [7, 1, 8, 2], "texture": "#0"}, "up": {"uv": [7, 1, 8, 2], "texture": "#0"}, "down": {"uv": [7, 1, 8, 2], "texture": "#0"} } }, { "from": [7.3, 0.3, 10.8], "to": [7.6, 0.5, 11.4], "faces": { "north": {"uv": [7, 1, 8, 2], "texture": "#0"}, "east": {"uv": [7, 1, 8, 2], "texture": "#0"}, "south": {"uv": [7, 1, 8, 2], "texture": "#0"}, "west": {"uv": [7, 1, 8, 2], "texture": "#0"}, "up": {"uv": [7, 1, 8, 2], "texture": "#0"}, "down": {"uv": [7, 1, 8, 2], "texture": "#0"} } }, { "from": [7.3, 0.2, 5.7], "to": [7.6, 0.6, 8], "faces": { "north": {"uv": [4, 1, 5, 2], "texture": "#0"}, "east": {"uv": [4, 1, 5, 2], "texture": "#0"}, "south": {"uv": [4, 1, 5, 2], "texture": "#0"}, "west": {"uv": [4, 1, 5, 2], "texture": "#0"}, "up": {"uv": [4, 1, 5, 2], "texture": "#0"}, "down": {"uv": [4, 1, 5, 2], "texture": "#0"} } } ], "display": { "thirdperson_righthand": { "rotation": [90, 0, -128], "translation": [4, 8.5, -2], "scale": [0.69, 0.69, 0.69] }, "thirdperson_lefthand": { "rotation": [-22.5, -44, 0], "translation": [-6.75, -0.5, 7.25], "scale": [0.69, 0.69, 0.69] }, "firstperson_righthand": { "rotation": [75, 0, -116], "translation": [18.75, 5.25, -14.5] }, "firstperson_lefthand": { "rotation": [-102, 0, -116], "translation": [18.75, -2.75, -2.75], "scale": [0, 0, 0] }, "ground": { "rotation": [-18, 0, 0], "translation": [0, 3.25, 0], "scale": [0.39, 0.39, 0.39] }, "gui": { "rotation": [90, 48, -180], "scale": [0.4, 0.4, 0.4] }, "head": { "scale": [0, 0, 0] }, "fixed": { "rotation": [90, 0, 0], "translation": [0, 0, 14.25], "scale": [1.81, 1.81, 1.81] } }, "groups": [ { "name": "group", "origin": [8, 8, 8], "color": 0, "children": [ { "name": "group", "origin": [7.7, 0, 25.6], "color": 0, "children": [0, 1, 2, 3, 4, 5, 6] }, { "name": "group", "origin": [0, 0, 0], "color": 0, "children": [ 7, 8, 9, 10, 11, 12, 13, 14, 15, 16, 17, 18, 19, 20, 21, 22, 23, 24, 25, 26, 27, 28, 29, 30, 31, 32, 33, 34, 35, 36, 37, 38, 39, 40, 41, 42, 43, 44, 45, 46, 47, 48, 49, 50, 51, 52, 53, 54, 55, 56, 57, 58, 59, 60, 61, 62, 63, 64, 65, 66, 67, 68, 69 ] } ] } ] }