{ "credit": "Made with Blockbench", "textures": { "0": "timetoplay:roleplay/itmes/katanas/takeikatanatexture", "particle": "timetoplay:roleplay/itmes/katanas/takeikatanatexture" }, "elements": [ { "name": "octagon", "from": [7.5, -13.675, 7.43934], "to": [8.5, -3.425, 8.56066], "rotation": {"angle": 0, "axis": "y", "origin": [8, -9.675, 8]}, "faces": { "north": {"uv": [9.5, 0.5, 10.5, 8.75], "texture": "#0"}, "east": {"uv": [9.5, 0, 11.5, 15], "texture": "#0"}, "south": {"uv": [9.5, 0.5, 10.5, 9], "texture": "#0"}, "west": {"uv": [9.5, 0, 11.5, 15], "texture": "#0"}, "up": {"uv": [9.5, 0.5, 10.5, 9], "texture": "#0"}, "down": {"uv": [9.5, 0.5, 10.5, 9], "texture": "#0"} } }, { "name": "octagon", "from": [7.74842, -13.675, 6.92315], "to": [8.01842, -3.425, 7.17315], "rotation": {"angle": 45, "axis": "y", "origin": [8.24842, -7.3, 7.48381]}, "faces": { "north": {"uv": [11, 0, 11.5, 0.5], "texture": "#0"}, "east": {"uv": [11, 0, 11.5, 0.5], "texture": "#0"}, "south": {"uv": [11, 0, 11.5, 0.5], "texture": "#0"}, "west": {"uv": [11, 0, 11.5, 0.5], "texture": "#0"}, "up": {"uv": [11, 0, 11.5, 0.5], "texture": "#0"}, "down": {"uv": [11, 0, 11.5, 0.5], "texture": "#0"} } }, { "name": "octagon", "from": [7.98158, -13.675, 6.92315], "to": [8.25158, -3.425, 7.17315], "rotation": {"angle": -45, "axis": "y", "origin": [7.75158, -7.3, 7.48381]}, "faces": { "north": {"uv": [11, 0, 11.5, 0.5], "texture": "#0"}, "east": {"uv": [11, 0, 11.5, 0.5], "texture": "#0"}, "south": {"uv": [11, 0, 11.5, 0.5], "texture": "#0"}, "west": {"uv": [11, 0, 11.5, 0.5], "texture": "#0"}, "up": {"uv": [11, 0, 11.5, 0.5], "texture": "#0"}, "down": {"uv": [11, 0, 11.5, 0.5], "texture": "#0"} } }, { "name": "octagon", "from": [7.98158, -13.675, 8.82685], "to": [8.25158, -3.425, 9.07685], "rotation": {"angle": 45, "axis": "y", "origin": [7.75158, -7.3, 8.51619]}, "faces": { "north": {"uv": [11, 0, 11.5, 0.5], "texture": "#0"}, "east": {"uv": [11, 0, 11.5, 0.5], "texture": "#0"}, "south": {"uv": [11, 0, 11.5, 0.5], "texture": "#0"}, "west": {"uv": [11, 0, 11.5, 0.5], "texture": "#0"}, "up": {"uv": [11, 0, 11.5, 0.5], "texture": "#0"}, "down": {"uv": [11, 0, 11.5, 0.5], "texture": "#0"} } }, { "name": "octagon", "from": [7.74842, -13.675, 8.82685], "to": [8.01842, -3.425, 9.07685], "rotation": {"angle": -45, "axis": "y", "origin": [8.24842, -7.3, 8.51619]}, "faces": { "north": {"uv": [11, 0, 11.5, 0.5], "texture": "#0"}, "east": {"uv": [11, 0, 11.5, 0.5], "texture": "#0"}, "south": {"uv": [11, 0, 11.5, 0.5], "texture": "#0"}, "west": {"uv": [11, 0, 11.5, 0.5], "texture": "#0"}, "up": {"uv": [11, 0, 11.5, 0.5], "texture": "#0"}, "down": {"uv": [11, 0, 11.5, 0.5], "texture": "#0"} } }, { "name": "octagon", "from": [7.68934, -13.675, 7.25], "to": [8.31066, -3.425, 8.75], "rotation": {"angle": 0, "axis": "y", "origin": [8, -9.675, 8]}, "faces": { "north": {"uv": [11, 0, 11.5, 0.5], "texture": "#0"}, "east": {"uv": [11, 0, 11.5, 0.5], "texture": "#0"}, "south": {"uv": [11, 0, 11.5, 0.5], "texture": "#0"}, "west": {"uv": [11, 0, 11.5, 0.5], "texture": "#0"}, "up": {"uv": [11, 0, 11.5, 0.5], "texture": "#0"}, "down": {"uv": [11, 0, 11.5, 0.5], "texture": "#0"} } }, { "from": [7.57492, 8.12636, 8.05], "to": [8.42492, 9.87536, 8.6], "rotation": {"angle": 0, "axis": "y", "origin": [0.52492, 20.71836, 15.95]}, "faces": { "north": {"uv": [0.5, 11.5, 1, 12], "texture": "#0"}, "east": {"uv": [0.5, 11.5, 1, 12], "texture": "#0"}, "south": {"uv": [0.5, 11.5, 1, 12], "texture": "#0"}, "west": {"uv": [0.5, 11.5, 1, 12], "texture": "#0"}, "up": {"uv": [0.5, 11.5, 1, 12], "texture": "#0"}, "down": {"uv": [0.5, 11.5, 1, 12], "texture": "#0"} } }, { "from": [7.57492, 9.87536, 8.1], "to": [8.42492, 11.53691, 8.65], "rotation": {"angle": 0, "axis": "y", "origin": [0.52492, 22.46736, 16]}, "faces": { "north": {"uv": [0.5, 11.5, 1, 12], "texture": "#0"}, "east": {"uv": [0.5, 11.5, 1, 12], "texture": "#0"}, "south": {"uv": [0.5, 11.5, 1, 12], "texture": "#0"}, "west": {"uv": [0.5, 11.5, 1, 12], "texture": "#0"}, "up": {"uv": [0.5, 11.5, 1, 12], "texture": "#0"}, "down": {"uv": [0.5, 11.5, 1, 12], "texture": "#0"} } }, { "from": [7.57492, 13.11101, 8.225], "to": [8.42492, 14.59766, 8.775], "rotation": {"angle": 0, "axis": "y", "origin": [0.52492, 25.70301, 16.125]}, "faces": { "north": {"uv": [0.5, 11.5, 1, 12], "texture": "#0"}, "east": {"uv": [0.5, 11.5, 1, 12], "texture": "#0"}, "south": {"uv": [0.5, 11.5, 1, 12], "texture": "#0"}, "west": {"uv": [0.5, 11.5, 1, 12], "texture": "#0"}, "up": {"uv": [0.5, 11.5, 1, 12], "texture": "#0"}, "down": {"uv": [0.5, 11.5, 1, 12], "texture": "#0"} } }, { "from": [7.57492, 14.59766, 8.275], "to": [8.42492, 15.99686, 8.825], "rotation": {"angle": 0, "axis": "y", "origin": [0.52492, 27.18966, 16.2]}, "faces": { "north": {"uv": [0.5, 11.5, 1, 12], "texture": "#0"}, "east": {"uv": [0.5, 11.5, 1, 12], "texture": "#0"}, "south": {"uv": [0.5, 11.5, 1, 12], "texture": "#0"}, "west": {"uv": [0.5, 11.5, 1, 12], "texture": "#0"}, "up": {"uv": [0.5, 11.5, 1, 12], "texture": "#0"}, "down": {"uv": [0.5, 11.5, 1, 12], "texture": "#0"} } }, { "from": [7.57492, 15.99686, 8.35], "to": [8.42492, 17.30861, 8.9], "rotation": {"angle": 0, "axis": "y", "origin": [0.52492, 28.58886, 16.3]}, "faces": { "north": {"uv": [0.5, 11.5, 1, 12], "texture": "#0"}, "east": {"uv": [0.5, 11.5, 1, 12], "texture": "#0"}, "south": {"uv": [0.5, 11.5, 1, 12], "texture": "#0"}, "west": {"uv": [0.5, 11.5, 1, 12], "texture": "#0"}, "up": {"uv": [0.5, 11.5, 1, 12], "texture": "#0"}, "down": {"uv": [0.5, 11.5, 1, 12], "texture": "#0"} } }, { "from": [7.57492, 18.57663, 8.55], "to": [8.42492, 19.84466, 9.05], "rotation": {"angle": 0, "axis": "y", "origin": [0.52492, 31.16863, 16.525]}, "faces": { "north": {"uv": [0.5, 11.5, 1, 12], "texture": "#0"}, "east": {"uv": [0.5, 11.5, 1, 12], "texture": "#0"}, "south": {"uv": [0.5, 11.5, 1, 12], "texture": "#0"}, "west": {"uv": [0.5, 11.5, 1, 12], "texture": "#0"}, "up": {"uv": [0.5, 11.5, 1, 12], "texture": "#0"}, "down": {"uv": [0.5, 11.5, 1, 12], "texture": "#0"} } }, { "from": [7.57492, 19.84466, 8.65], "to": [8.42492, 21.06896, 9.15], "rotation": {"angle": 0, "axis": "y", "origin": [0.52492, 32.43666, 16.65]}, "faces": { "north": {"uv": [0.5, 11.5, 1, 12], "texture": "#0"}, "east": {"uv": [0.5, 11.5, 1, 12], "texture": "#0"}, "south": {"uv": [0.5, 11.5, 1, 12], "texture": "#0"}, "west": {"uv": [0.5, 11.5, 1, 12], "texture": "#0"}, "up": {"uv": [0.5, 11.5, 1, 12], "texture": "#0"}, "down": {"uv": [0.5, 11.5, 1, 12], "texture": "#0"} } }, { "from": [7.57492, 21.06896, 8.775], "to": [8.42492, 22.20581, 9.225], "rotation": {"angle": 0, "axis": "y", "origin": [0.52492, 33.66096, 16.8]}, "faces": { "north": {"uv": [0.5, 11.5, 1, 12], "texture": "#0"}, "east": {"uv": [0.5, 11.5, 1, 12], "texture": "#0"}, "south": {"uv": [0.5, 11.5, 1, 12], "texture": "#0"}, "west": {"uv": [0.5, 11.5, 1, 12], "texture": "#0"}, "up": {"uv": [0.5, 11.5, 1, 12], "texture": "#0"}, "down": {"uv": [0.5, 11.5, 1, 12], "texture": "#0"} } }, { "from": [7.57492, 22.20581, 8.9], "to": [8.42492, 23.25521, 9.35], "rotation": {"angle": 0, "axis": "y", "origin": [0.52492, 34.79781, 16.975]}, "faces": { "north": {"uv": [0.5, 11.5, 1, 12], "texture": "#0"}, "east": {"uv": [0.5, 11.5, 1, 12], "texture": "#0"}, "south": {"uv": [0.5, 11.5, 1, 12], "texture": "#0"}, "west": {"uv": [0.5, 11.5, 1, 12], "texture": "#0"}, "up": {"uv": [0.5, 11.5, 1, 12], "texture": "#0"}, "down": {"uv": [0.5, 11.5, 1, 12], "texture": "#0"} } }, { "from": [7.57492, 23.25521, 9.05], "to": [8.42492, 24.30461, 9.45], "rotation": {"angle": 0, "axis": "y", "origin": [0.52492, 35.84721, 17.175]}, "faces": { "north": {"uv": [0.5, 11.5, 1, 12], "texture": "#0"}, "east": {"uv": [0.5, 11.5, 1, 12], "texture": "#0"}, "south": {"uv": [0.5, 11.5, 1, 12], "texture": "#0"}, "west": {"uv": [0.5, 11.5, 1, 12], "texture": "#0"}, "up": {"uv": [0.5, 11.5, 1, 12], "texture": "#0"}, "down": {"uv": [0.5, 11.5, 1, 12], "texture": "#0"} } }, { "from": [7.57492, 24.30461, 9.2], "to": [8.42492, 25.17911, 9.55], "rotation": {"angle": 0, "axis": "y", "origin": [0.52492, 36.89661, 17.425]}, "faces": { "north": {"uv": [0.5, 11.5, 1, 12], "texture": "#0"}, "east": {"uv": [0.5, 11.5, 1, 12], "texture": "#0"}, "south": {"uv": [0.5, 11.5, 1, 12], "texture": "#0"}, "west": {"uv": [0.5, 11.5, 1, 12], "texture": "#0"}, "up": {"uv": [0.5, 11.5, 1, 12], "texture": "#0"}, "down": {"uv": [0.5, 11.5, 1, 12], "texture": "#0"} } }, { "from": [7.57492, 25.17911, 9.35], "to": [8.42492, 26.05361, 9.625], "rotation": {"angle": 0, "axis": "y", "origin": [0.52492, 37.77111, 17.65]}, "faces": { "north": {"uv": [0.5, 11.5, 1, 12], "texture": "#0"}, "east": {"uv": [0.5, 11.5, 1, 12], "texture": "#0"}, "south": {"uv": [0.5, 11.5, 1, 12], "texture": "#0"}, "west": {"uv": [0.5, 11.5, 1, 12], "texture": "#0"}, "up": {"uv": [0.5, 11.5, 1, 12], "texture": "#0"}, "down": {"uv": [0.5, 11.5, 1, 12], "texture": "#0"} } }, { "from": [7.57492, 26.05361, 9.5], "to": [8.42492, 26.84066, 9.725], "rotation": {"angle": 0, "axis": "y", "origin": [0.52492, 38.64561, 17.875]}, "faces": { "north": {"uv": [0.5, 11.5, 1, 12], "texture": "#0"}, "east": {"uv": [0.5, 11.5, 1, 12], "texture": "#0"}, "south": {"uv": [0.5, 11.5, 1, 12], "texture": "#0"}, "west": {"uv": [0.5, 11.5, 1, 12], "texture": "#0"}, "up": {"uv": [0.5, 11.5, 1, 12], "texture": "#0"}, "down": {"uv": [0.5, 11.5, 1, 12], "texture": "#0"} } }, { "from": [7.57492, 26.84066, 9.725], "to": [8.42492, 27.54026, 9.825], "rotation": {"angle": 0, "axis": "y", "origin": [0.52492, 39.43266, 18.175]}, "faces": { "north": {"uv": [0.5, 11.5, 1, 12], "texture": "#0"}, "east": {"uv": [0.5, 11.5, 1, 12], "texture": "#0"}, "south": {"uv": [0.5, 11.5, 1, 12], "texture": "#0"}, "west": {"uv": [0.5, 11.5, 1, 12], "texture": "#0"}, "up": {"uv": [0.5, 11.5, 1, 12], "texture": "#0"}, "down": {"uv": [0.5, 11.5, 1, 12], "texture": "#0"} } }, { "from": [7.57492, 6.37736, 8], "to": [8.42492, 8.12636, 8.55], "rotation": {"angle": 0, "axis": "y", "origin": [0.52492, 18.96936, 15.9]}, "faces": { "north": {"uv": [0.5, 11.5, 1, 12], "texture": "#0"}, "east": {"uv": [0.5, 11.5, 1, 12], "texture": "#0"}, "south": {"uv": [0.5, 11.5, 1, 12], "texture": "#0"}, "west": {"uv": [0.5, 11.5, 1, 12], "texture": "#0"}, "up": {"uv": [0.5, 11.5, 1, 12], "texture": "#0"}, "down": {"uv": [0.5, 11.5, 1, 12], "texture": "#0"} } }, { "from": [7.57492, -3.24214, 7.95], "to": [8.42492, 4.62836, 8.5], "rotation": {"angle": 0, "axis": "y", "origin": [0.52492, 15.47136, 15.85]}, "faces": { "north": {"uv": [0.5, 11.5, 1, 12], "texture": "#0"}, "east": {"uv": [0.5, 11.5, 1, 12], "texture": "#0"}, "south": {"uv": [0.5, 11.5, 1, 12], "texture": "#0"}, "west": {"uv": [0.5, 11.5, 1, 12], "texture": "#0"}, "up": {"uv": [0.5, 11.5, 1, 12], "texture": "#0"}, "down": {"uv": [0.5, 11.5, 1, 12], "texture": "#0"} } }, { "from": [7.57492, 4.62836, 7.975], "to": [8.42492, 6.37736, 8.525], "rotation": {"angle": 0, "axis": "y", "origin": [0.52492, 17.22036, 15.875]}, "faces": { "north": {"uv": [0.5, 11.5, 1, 12], "texture": "#0"}, "east": {"uv": [0.5, 11.5, 1, 12], "texture": "#0"}, "south": {"uv": [0.5, 11.5, 1, 12], "texture": "#0"}, "west": {"uv": [0.5, 11.5, 1, 12], "texture": "#0"}, "up": {"uv": [0.5, 11.5, 1, 12], "texture": "#0"}, "down": {"uv": [0.5, 11.5, 1, 12], "texture": "#0"} } }, { "from": [7.57492, 11.53691, 8.15], "to": [8.42492, 13.11101, 8.7], "rotation": {"angle": 0, "axis": "y", "origin": [0.52492, 24.12891, 16.05]}, "faces": { "north": {"uv": [0.5, 11.5, 1, 12], "texture": "#0"}, "east": {"uv": [0.5, 11.5, 1, 12], "texture": "#0"}, "south": {"uv": [0.5, 11.5, 1, 12], "texture": "#0"}, "west": {"uv": [0.5, 11.5, 1, 12], "texture": "#0"}, "up": {"uv": [0.5, 11.5, 1, 12], "texture": "#0"}, "down": {"uv": [0.5, 11.5, 1, 12], "texture": "#0"} } }, { "from": [7.57492, 17.30861, 8.45], "to": [8.42492, 18.57663, 8.95], "rotation": {"angle": 0, "axis": "y", "origin": [0.52492, 29.90061, 16.4]}, "faces": { "north": {"uv": [0.5, 11.5, 1, 12], "texture": "#0"}, "east": {"uv": [0.5, 11.5, 1, 12], "texture": "#0"}, "south": {"uv": [0.5, 11.5, 1, 12], "texture": "#0"}, "west": {"uv": [0.5, 11.5, 1, 12], "texture": "#0"}, "up": {"uv": [0.5, 11.5, 1, 12], "texture": "#0"}, "down": {"uv": [0.5, 11.5, 1, 12], "texture": "#0"} } }, { "from": [7.77492, 8.12636, 7.6], "to": [8.22492, 9.87536, 8.85], "rotation": {"angle": 0, "axis": "y", "origin": [0.52492, 20.71836, 15.95]}, "faces": { "north": {"uv": [0.5, 13, 1, 13.5], "texture": "#0"}, "east": {"uv": [0.5, 13, 1, 13.5], "texture": "#0"}, "south": {"uv": [0.5, 13, 1, 13.5], "texture": "#0"}, "west": {"uv": [0.5, 13, 1, 13.5], "texture": "#0"}, "up": {"uv": [0.5, 13, 1, 13.5], "texture": "#0"}, "down": {"uv": [0.5, 13, 1, 13.5], "texture": "#0"} } }, { "from": [7.77492, 9.87536, 7.65], "to": [8.22492, 11.53691, 8.9], "rotation": {"angle": 0, "axis": "y", "origin": [0.52492, 22.46736, 16]}, "faces": { "north": {"uv": [0.5, 13, 1, 13.5], "texture": "#0"}, "east": {"uv": [0.5, 13, 1, 13.5], "texture": "#0"}, "south": {"uv": [0.5, 13, 1, 13.5], "texture": "#0"}, "west": {"uv": [0.5, 13, 1, 13.5], "texture": "#0"}, "up": {"uv": [0.5, 13, 1, 13.5], "texture": "#0"}, "down": {"uv": [0.5, 13, 1, 13.5], "texture": "#0"} } }, { "from": [7.77492, 11.53691, 7.7], "to": [8.22492, 13.11101, 8.95], "rotation": {"angle": 0, "axis": "y", "origin": [0.52492, 24.12891, 16.05]}, "faces": { "north": {"uv": [0.5, 13, 1, 13.5], "texture": "#0"}, "east": {"uv": [0.5, 13, 1, 13.5], "texture": "#0"}, "south": {"uv": [0.5, 13, 1, 13.5], "texture": "#0"}, "west": {"uv": [0.5, 13, 1, 13.5], "texture": "#0"}, "up": {"uv": [0.5, 13, 1, 13.5], "texture": "#0"}, "down": {"uv": [0.5, 13, 1, 13.5], "texture": "#0"} } }, { "from": [7.77492, 13.11101, 7.775], "to": [8.22492, 14.59766, 9.025], "rotation": {"angle": 0, "axis": "y", "origin": [0.52492, 25.70301, 16.125]}, "faces": { "north": {"uv": [0.5, 13, 1, 13.5], "texture": "#0"}, "east": {"uv": [0.5, 13, 1, 13.5], "texture": "#0"}, "south": {"uv": [0.5, 13, 1, 13.5], "texture": "#0"}, "west": {"uv": [0.5, 13, 1, 13.5], "texture": "#0"}, "up": {"uv": [0.5, 13, 1, 13.5], "texture": "#0"}, "down": {"uv": [0.5, 13, 1, 13.5], "texture": "#0"} } }, { "from": [7.77492, 14.59766, 7.825], "to": [8.22492, 15.99686, 9.075], "rotation": {"angle": 0, "axis": "y", "origin": [0.52492, 27.18966, 16.2]}, "faces": { "north": {"uv": [0.5, 13, 1, 13.5], "texture": "#0"}, "east": {"uv": [0.5, 13, 1, 13.5], "texture": "#0"}, "south": {"uv": [0.5, 13, 1, 13.5], "texture": "#0"}, "west": {"uv": [0.5, 13, 1, 13.5], "texture": "#0"}, "up": {"uv": [0.5, 13, 1, 13.5], "texture": "#0"}, "down": {"uv": [0.5, 13, 1, 13.5], "texture": "#0"} } }, { "from": [7.77492, 15.99686, 7.9], "to": [8.22492, 17.30861, 9.15], "rotation": {"angle": 0, "axis": "y", "origin": [0.52492, 28.58886, 16.3]}, "faces": { "north": {"uv": [0.5, 13, 1, 13.5], "texture": "#0"}, "east": {"uv": [0.5, 13, 1, 13.5], "texture": "#0"}, "south": {"uv": [0.5, 13, 1, 13.5], "texture": "#0"}, "west": {"uv": [0.5, 13, 1, 13.5], "texture": "#0"}, "up": {"uv": [0.5, 13, 1, 13.5], "texture": "#0"}, "down": {"uv": [0.5, 13, 1, 13.5], "texture": "#0"} } }, { "from": [7.77492, 17.30861, 8], "to": [8.22492, 18.57663, 9.2], "rotation": {"angle": 0, "axis": "y", "origin": [0.52492, 29.90061, 16.4]}, "faces": { "north": {"uv": [0.5, 13, 1, 13.5], "texture": "#0"}, "east": {"uv": [0.5, 13, 1, 13.5], "texture": "#0"}, "south": {"uv": [0.5, 13, 1, 13.5], "texture": "#0"}, "west": {"uv": [0.5, 13, 1, 13.5], "texture": "#0"}, "up": {"uv": [0.5, 13, 1, 13.5], "texture": "#0"}, "down": {"uv": [0.5, 13, 1, 13.5], "texture": "#0"} } }, { "from": [7.77492, 18.57663, 8.1], "to": [8.22492, 19.84466, 9.3], "rotation": {"angle": 0, "axis": "y", "origin": [0.52492, 31.16863, 16.525]}, "faces": { "north": {"uv": [0.5, 13, 1, 13.5], "texture": "#0"}, "east": {"uv": [0.5, 13, 1, 13.5], "texture": "#0"}, "south": {"uv": [0.5, 13, 1, 13.5], "texture": "#0"}, "west": {"uv": [0.5, 13, 1, 13.5], "texture": "#0"}, "up": {"uv": [0.5, 13, 1, 13.5], "texture": "#0"}, "down": {"uv": [0.5, 13, 1, 13.5], "texture": "#0"} } }, { "from": [7.77492, 19.84466, 8.2], "to": [8.22492, 21.06896, 9.4], "rotation": {"angle": 0, "axis": "y", "origin": [0.52492, 32.43666, 16.65]}, "faces": { "north": {"uv": [0.5, 13, 1, 13.5], "texture": "#0"}, "east": {"uv": [0.5, 13, 1, 13.5], "texture": "#0"}, "south": {"uv": [0.5, 13, 1, 13.5], "texture": "#0"}, "west": {"uv": [0.5, 13, 1, 13.5], "texture": "#0"}, "up": {"uv": [0.5, 13, 1, 13.5], "texture": "#0"}, "down": {"uv": [0.5, 13, 1, 13.5], "texture": "#0"} } }, { "from": [7.77492, 21.06896, 8.325], "to": [8.22492, 22.20581, 9.475], "rotation": {"angle": 0, "axis": "y", "origin": [0.52492, 33.66096, 16.8]}, "faces": { "north": {"uv": [0.5, 13, 1, 13.5], "texture": "#0"}, "east": {"uv": [0.5, 13, 1, 13.5], "texture": "#0"}, "south": {"uv": [0.5, 13, 1, 13.5], "texture": "#0"}, "west": {"uv": [0.5, 13, 1, 13.5], "texture": "#0"}, "up": {"uv": [0.5, 13, 1, 13.5], "texture": "#0"}, "down": {"uv": [0.5, 13, 1, 13.5], "texture": "#0"} } }, { "from": [7.77492, 22.20581, 8.45], "to": [8.22492, 23.25521, 9.6], "rotation": {"angle": 0, "axis": "y", "origin": [0.52492, 34.79781, 16.975]}, "faces": { "north": {"uv": [0.5, 13, 1, 13.5], "texture": "#0"}, "east": {"uv": [0.5, 13, 1, 13.5], "texture": "#0"}, "south": {"uv": [0.5, 13, 1, 13.5], "texture": "#0"}, "west": {"uv": [0.5, 13, 1, 13.5], "texture": "#0"}, "up": {"uv": [0.5, 13, 1, 13.5], "texture": "#0"}, "down": {"uv": [0.5, 13, 1, 13.5], "texture": "#0"} } }, { "from": [7.77492, 23.25521, 8.6], "to": [8.22492, 24.30461, 9.7], "rotation": {"angle": 0, "axis": "y", "origin": [0.52492, 35.84721, 17.175]}, "faces": { "north": {"uv": [0.5, 13, 1, 13.5], "texture": "#0"}, "east": {"uv": [0.5, 13, 1, 13.5], "texture": "#0"}, "south": {"uv": [0.5, 13, 1, 13.5], "texture": "#0"}, "west": {"uv": [0.5, 13, 1, 13.5], "texture": "#0"}, "up": {"uv": [0.5, 13, 1, 13.5], "texture": "#0"}, "down": {"uv": [0.5, 13, 1, 13.5], "texture": "#0"} } }, { "from": [7.77492, 24.30461, 8.75], "to": [8.22492, 25.17911, 9.8], "rotation": {"angle": 0, "axis": "y", "origin": [0.52492, 36.89661, 17.425]}, "faces": { "north": {"uv": [0.5, 13, 1, 13.5], "texture": "#0"}, "east": {"uv": [0.5, 13, 1, 13.5], "texture": "#0"}, "south": {"uv": [0.5, 13, 1, 13.5], "texture": "#0"}, "west": {"uv": [0.5, 13, 1, 13.5], "texture": "#0"}, "up": {"uv": [0.5, 13, 1, 13.5], "texture": "#0"}, "down": {"uv": [0.5, 13, 1, 13.5], "texture": "#0"} } }, { "from": [7.77492, 25.17911, 8.9], "to": [8.22492, 26.05361, 9.875], "rotation": {"angle": 0, "axis": "y", "origin": [0.52492, 37.77111, 17.65]}, "faces": { "north": {"uv": [0.5, 13, 1, 13.5], "texture": "#0"}, "east": {"uv": [0.5, 13, 1, 13.5], "texture": "#0"}, "south": {"uv": [0.5, 13, 1, 13.5], "texture": "#0"}, "west": {"uv": [0.5, 13, 1, 13.5], "texture": "#0"}, "up": {"uv": [0.5, 13, 1, 13.5], "texture": "#0"}, "down": {"uv": [0.5, 13, 1, 13.5], "texture": "#0"} } }, { "from": [7.77492, 26.05361, 9.05], "to": [8.22492, 26.84066, 9.975], "rotation": {"angle": 0, "axis": "y", "origin": [0.52492, 38.64561, 17.875]}, "faces": { "north": {"uv": [0.5, 13, 1, 13.5], "texture": "#0"}, "east": {"uv": [0.5, 13, 1, 13.5], "texture": "#0"}, "south": {"uv": [0.5, 13, 1, 13.5], "texture": "#0"}, "west": {"uv": [0.5, 13, 1, 13.5], "texture": "#0"}, "up": {"uv": [0.5, 13, 1, 13.5], "texture": "#0"}, "down": {"uv": [0.5, 13, 1, 13.5], "texture": "#0"} } }, { "from": [7.77492, 26.84066, 9.275], "to": [8.22492, 27.54026, 10.075], "rotation": {"angle": 0, "axis": "y", "origin": [0.52492, 39.43266, 18.175]}, "faces": { "north": {"uv": [0.5, 13, 1, 13.5], "texture": "#0"}, "east": {"uv": [0.5, 13, 1, 13.5], "texture": "#0"}, "south": {"uv": [0.5, 13, 1, 13.5], "texture": "#0"}, "west": {"uv": [0.5, 13, 1, 13.5], "texture": "#0"}, "up": {"uv": [0.5, 13, 1, 13.5], "texture": "#0"}, "down": {"uv": [0.5, 13, 1, 13.5], "texture": "#0"} } }, { "from": [7.77492, 27.54026, 9.55], "to": [8.22492, 28.10868, 10.175], "rotation": {"angle": 0, "axis": "y", "origin": [0.52492, 40.13226, 18.475]}, "faces": { "north": {"uv": [0.5, 13, 1, 13.5], "texture": "#0"}, "east": {"uv": [0.5, 13, 1, 13.5], "texture": "#0"}, "south": {"uv": [0.5, 13, 1, 13.5], "texture": "#0"}, "west": {"uv": [0.5, 13, 1, 13.5], "texture": "#0"}, "up": {"uv": [0.5, 13, 1, 13.5], "texture": "#0"}, "down": {"uv": [0.5, 13, 1, 13.5], "texture": "#0"} } }, { "from": [7.77492, 28.10868, 9.75], "to": [8.22492, 28.67711, 10.3], "rotation": {"angle": 0, "axis": "y", "origin": [0.52492, 40.70068, 18.775]}, "faces": { "north": {"uv": [0.5, 13, 1, 13.5], "texture": "#0"}, "east": {"uv": [0.5, 13, 1, 13.5], "texture": "#0"}, "south": {"uv": [0.5, 13, 1, 13.5], "texture": "#0"}, "west": {"uv": [0.5, 13, 1, 13.5], "texture": "#0"}, "up": {"uv": [0.5, 13, 1, 13.5], "texture": "#0"}, "down": {"uv": [0.5, 13, 1, 13.5], "texture": "#0"} } }, { "from": [7.77492, 6.37736, 7.55], "to": [8.22492, 8.12636, 8.8], "rotation": {"angle": 0, "axis": "y", "origin": [0.52492, 18.96936, 15.9]}, "faces": { "north": {"uv": [0.5, 13, 1, 13.5], "texture": "#0"}, "east": {"uv": [0.5, 13, 1, 13.5], "texture": "#0"}, "south": {"uv": [0.5, 13, 1, 13.5], "texture": "#0"}, "west": {"uv": [0.5, 13, 1, 13.5], "texture": "#0"}, "up": {"uv": [0.5, 13, 1, 13.5], "texture": "#0"}, "down": {"uv": [0.5, 13, 1, 13.5], "texture": "#0"} } }, { "from": [7.77492, -3.24214, 7.5], "to": [8.22492, 4.62836, 8.75], "rotation": {"angle": 0, "axis": "y", "origin": [0.52492, 15.47136, 15.85]}, "faces": { "north": {"uv": [0.5, 13, 1, 13.5], "texture": "#0"}, "east": {"uv": [0.5, 13, 1, 13.5], "texture": "#0"}, "south": {"uv": [0.5, 13, 1, 13.5], "texture": "#0"}, "west": {"uv": [0.5, 13, 1, 13.5], "texture": "#0"}, "up": {"uv": [0.5, 13, 1, 13.5], "texture": "#0"}, "down": {"uv": [0.5, 13, 1, 13.5], "texture": "#0"} } }, { "from": [7.77492, 4.62836, 7.525], "to": [8.22492, 6.37736, 8.775], "rotation": {"angle": 0, "axis": "y", "origin": [0.52492, 17.22036, 15.875]}, "faces": { "north": {"uv": [0.5, 13, 1, 13.5], "texture": "#0"}, "east": {"uv": [0.5, 13, 1, 13.5], "texture": "#0"}, "south": {"uv": [0.5, 13, 1, 13.5], "texture": "#0"}, "west": {"uv": [0.5, 13, 1, 13.5], "texture": "#0"}, "up": {"uv": [0.5, 13, 1, 13.5], "texture": "#0"}, "down": {"uv": [0.5, 13, 1, 13.5], "texture": "#0"} } }, { "from": [7.77492, 29.80768, 10.25], "to": [8.22492, 30.04716, 10.6], "rotation": {"angle": 0, "axis": "y", "origin": [0.52492, 42.12903, 19.425]}, "faces": { "north": {"uv": [0.5, 10, 1, 10.5], "texture": "#0"}, "east": {"uv": [0.5, 10, 1, 10.5], "texture": "#0"}, "south": {"uv": [0.5, 10, 1, 10.5], "texture": "#0"}, "west": {"uv": [0.5, 10, 1, 10.5], "texture": "#0"}, "up": {"uv": [0.5, 10, 1, 10.5], "texture": "#0"}, "down": {"uv": [0.5, 10, 1, 10.5], "texture": "#0"} } }, { "from": [7.77492, 29.99716, 10.425], "to": [8.22492, 30.18664, 10.675], "rotation": {"angle": 0, "axis": "y", "origin": [0.52492, 42.11851, 19.65]}, "faces": { "north": {"uv": [0.5, 10, 1, 10.5], "texture": "#0"}, "east": {"uv": [0.5, 10, 1, 10.5], "texture": "#0"}, "south": {"uv": [0.5, 10, 1, 10.5], "texture": "#0"}, "west": {"uv": [0.5, 10, 1, 10.5], "texture": "#0"}, "up": {"uv": [0.5, 10, 1, 10.5], "texture": "#0"}, "down": {"uv": [0.5, 10, 1, 10.5], "texture": "#0"} } }, { "from": [7.77492, 29.15808, 9.8], "to": [8.22492, 29.55161, 10.425], "rotation": {"angle": 0, "axis": "y", "origin": [0.52492, 41.75008, 19.375]}, "faces": { "north": {"uv": [0.5, 10, 1, 10.5], "texture": "#0"}, "east": {"uv": [0.5, 10, 1, 10.5], "texture": "#0"}, "south": {"uv": [0.5, 10, 1, 10.5], "texture": "#0"}, "west": {"uv": [0.5, 10, 1, 10.5], "texture": "#0"}, "up": {"uv": [0.5, 10, 1, 10.5], "texture": "#0"}, "down": {"uv": [0.5, 10, 1, 10.5], "texture": "#0"} } }, { "from": [7.77492, 29.55161, 10.05], "to": [8.22492, 29.85768, 10.5], "rotation": {"angle": 0, "axis": "y", "origin": [0.52492, 42.14361, 19.675]}, "faces": { "north": {"uv": [0.5, 10, 1, 10.5], "texture": "#0"}, "east": {"uv": [0.5, 10, 1, 10.5], "texture": "#0"}, "south": {"uv": [0.5, 10, 1, 10.5], "texture": "#0"}, "west": {"uv": [0.5, 10, 1, 10.5], "texture": "#0"}, "up": {"uv": [0.5, 10, 1, 10.5], "texture": "#0"}, "down": {"uv": [0.5, 10, 1, 10.5], "texture": "#0"} } }, { "from": [7.77492, 28.67711, 9.6], "to": [8.22492, 29.15808, 10.35], "rotation": {"angle": 0, "axis": "y", "origin": [0.52492, 41.26911, 19.075]}, "faces": { "north": {"uv": [0.5, 10, 1, 10.5], "texture": "#0"}, "east": {"uv": [0.5, 10, 1, 10.5], "texture": "#0"}, "south": {"uv": [0.5, 10, 1, 10.5], "texture": "#0"}, "west": {"uv": [0.5, 10, 1, 10.5], "texture": "#0"}, "up": {"uv": [0.5, 10, 1, 10.5], "texture": "#0"}, "down": {"uv": [0.5, 10, 1, 10.5], "texture": "#0"} } }, { "from": [7.77492, 27.54026, 9.225], "to": [8.22492, 28.10868, 9.55], "rotation": {"angle": 0, "axis": "y", "origin": [0.52492, 40.13226, 18.475]}, "faces": { "north": {"uv": [0.5, 10, 1, 10.5], "texture": "#0"}, "east": {"uv": [0.5, 10, 1, 10.5], "texture": "#0"}, "south": {"uv": [0.5, 10, 1, 10.5], "texture": "#0"}, "west": {"uv": [0.5, 10, 1, 10.5], "texture": "#0"}, "up": {"uv": [0.5, 10, 1, 10.5], "texture": "#0"}, "down": {"uv": [0.5, 10, 1, 10.5], "texture": "#0"} } }, { "from": [7.77492, 28.10868, 9.4], "to": [8.22492, 28.67711, 9.75], "rotation": {"angle": 0, "axis": "y", "origin": [0.52492, 40.70068, 18.775]}, "faces": { "north": {"uv": [0.5, 10, 1, 10.5], "texture": "#0"}, "east": {"uv": [0.5, 10, 1, 10.5], "texture": "#0"}, "south": {"uv": [0.5, 10, 1, 10.5], "texture": "#0"}, "west": {"uv": [0.5, 10, 1, 10.5], "texture": "#0"}, "up": {"uv": [0.5, 10, 1, 10.5], "texture": "#0"}, "down": {"uv": [0.5, 10, 1, 10.5], "texture": "#0"} } }, { "from": [7.77492, 26.84066, 9.025], "to": [8.22492, 27.54026, 9.275], "rotation": {"angle": 0, "axis": "y", "origin": [0.52492, 39.43266, 18.175]}, "faces": { "north": {"uv": [0.5, 10, 1, 10.5], "texture": "#0"}, "east": {"uv": [0.5, 10, 1, 10.5], "texture": "#0"}, "south": {"uv": [0.5, 10, 1, 10.5], "texture": "#0"}, "west": {"uv": [0.5, 10, 1, 10.5], "texture": "#0"}, "up": {"uv": [0.5, 10, 1, 10.5], "texture": "#0"}, "down": {"uv": [0.5, 10, 1, 10.5], "texture": "#0"} } }, { "from": [7.77492, 26.05361, 8.8], "to": [8.22492, 26.84066, 9.05], "rotation": {"angle": 0, "axis": "y", "origin": [0.52492, 38.64561, 17.875]}, "faces": { "north": {"uv": [0.5, 10, 1, 10.5], "texture": "#0"}, "east": {"uv": [0.5, 10, 1, 10.5], "texture": "#0"}, "south": {"uv": [0.5, 10, 1, 10.5], "texture": "#0"}, "west": {"uv": [0.5, 10, 1, 10.5], "texture": "#0"}, "up": {"uv": [0.5, 10, 1, 10.5], "texture": "#0"}, "down": {"uv": [0.5, 10, 1, 10.5], "texture": "#0"} } }, { "from": [7.77492, 25.17911, 8.65], "to": [8.22492, 26.05361, 8.9], "rotation": {"angle": 0, "axis": "y", "origin": [0.52492, 37.77111, 17.65]}, "faces": { "north": {"uv": [0.5, 10, 1, 10.5], "texture": "#0"}, "east": {"uv": [0.5, 10, 1, 10.5], "texture": "#0"}, "south": {"uv": [0.5, 10, 1, 10.5], "texture": "#0"}, "west": {"uv": [0.5, 10, 1, 10.5], "texture": "#0"}, "up": {"uv": [0.5, 10, 1, 10.5], "texture": "#0"}, "down": {"uv": [0.5, 10, 1, 10.5], "texture": "#0"} } }, { "from": [7.77492, 24.30461, 8.5], "to": [8.22492, 25.17911, 8.75], "rotation": {"angle": 0, "axis": "y", "origin": [0.52492, 36.89661, 17.425]}, "faces": { "north": {"uv": [0.5, 10, 1, 10.5], "texture": "#0"}, "east": {"uv": [0.5, 10, 1, 10.5], "texture": "#0"}, "south": {"uv": [0.5, 10, 1, 10.5], "texture": "#0"}, "west": {"uv": [0.5, 10, 1, 10.5], "texture": "#0"}, "up": {"uv": [0.5, 10, 1, 10.5], "texture": "#0"}, "down": {"uv": [0.5, 10, 1, 10.5], "texture": "#0"} } }, { "from": [7.77492, 23.25521, 8.35], "to": [8.22492, 24.30461, 8.6], "rotation": {"angle": 0, "axis": "y", "origin": [0.52492, 35.84721, 17.175]}, "faces": { "north": {"uv": [0.5, 10, 1, 10.5], "texture": "#0"}, "east": {"uv": [0.5, 10, 1, 10.5], "texture": "#0"}, "south": {"uv": [0.5, 10, 1, 10.5], "texture": "#0"}, "west": {"uv": [0.5, 10, 1, 10.5], "texture": "#0"}, "up": {"uv": [0.5, 10, 1, 10.5], "texture": "#0"}, "down": {"uv": [0.5, 10, 1, 10.5], "texture": "#0"} } }, { "from": [7.77492, 22.20581, 8.2], "to": [8.22492, 23.25521, 8.45], "rotation": {"angle": 0, "axis": "y", "origin": [0.52492, 34.79781, 16.975]}, "faces": { "north": {"uv": [0.5, 10, 1, 10.5], "texture": "#0"}, "east": {"uv": [0.5, 10, 1, 10.5], "texture": "#0"}, "south": {"uv": [0.5, 10, 1, 10.5], "texture": "#0"}, "west": {"uv": [0.5, 10, 1, 10.5], "texture": "#0"}, "up": {"uv": [0.5, 10, 1, 10.5], "texture": "#0"}, "down": {"uv": [0.5, 10, 1, 10.5], "texture": "#0"} } }, { "from": [7.77492, 21.06896, 8.075], "to": [8.22492, 22.20581, 8.325], "rotation": {"angle": 0, "axis": "y", "origin": [0.52492, 33.66096, 16.8]}, "faces": { "north": {"uv": [0.5, 10, 1, 10.5], "texture": "#0"}, "east": {"uv": [0.5, 10, 1, 10.5], "texture": "#0"}, "south": {"uv": [0.5, 10, 1, 10.5], "texture": "#0"}, "west": {"uv": [0.5, 10, 1, 10.5], "texture": "#0"}, "up": {"uv": [0.5, 10, 1, 10.5], "texture": "#0"}, "down": {"uv": [0.5, 10, 1, 10.5], "texture": "#0"} } }, { "from": [7.77492, 19.84466, 7.95], "to": [8.22492, 21.06896, 8.2], "rotation": {"angle": 0, "axis": "y", "origin": [0.52492, 32.43666, 16.65]}, "faces": { "north": {"uv": [0.5, 10, 1, 10.5], "texture": "#0"}, "east": {"uv": [0.5, 10, 1, 10.5], "texture": "#0"}, "south": {"uv": [0.5, 10, 1, 10.5], "texture": "#0"}, "west": {"uv": [0.5, 10, 1, 10.5], "texture": "#0"}, "up": {"uv": [0.5, 10, 1, 10.5], "texture": "#0"}, "down": {"uv": [0.5, 10, 1, 10.5], "texture": "#0"} } }, { "from": [7.77492, 18.57663, 7.85], "to": [8.22492, 19.84466, 8.1], "rotation": {"angle": 0, "axis": "y", "origin": [0.52492, 31.16863, 16.525]}, "faces": { "north": {"uv": [0.5, 10, 1, 10.5], "texture": "#0"}, "east": {"uv": [0.5, 10, 1, 10.5], "texture": "#0"}, "south": {"uv": [0.5, 10, 1, 10.5], "texture": "#0"}, "west": {"uv": [0.5, 10, 1, 10.5], "texture": "#0"}, "up": {"uv": [0.5, 10, 1, 10.5], "texture": "#0"}, "down": {"uv": [0.5, 10, 1, 10.5], "texture": "#0"} } }, { "from": [7.77492, 17.30861, 7.75], "to": [8.22492, 18.57663, 8], "rotation": {"angle": 0, "axis": "y", "origin": [0.52492, 29.90061, 16.4]}, "faces": { "north": {"uv": [0.5, 10, 1, 10.5], "texture": "#0"}, "east": {"uv": [0.5, 10, 1, 10.5], "texture": "#0"}, "south": {"uv": [0.5, 10, 1, 10.5], "texture": "#0"}, "west": {"uv": [0.5, 10, 1, 10.5], "texture": "#0"}, "up": {"uv": [0.5, 10, 1, 10.5], "texture": "#0"}, "down": {"uv": [0.5, 10, 1, 10.5], "texture": "#0"} } }, { "from": [7.77492, 15.99686, 7.65], "to": [8.22492, 17.30861, 7.9], "rotation": {"angle": 0, "axis": "y", "origin": [0.52492, 28.58886, 16.3]}, "faces": { "north": {"uv": [0.5, 10, 1, 10.5], "texture": "#0"}, "east": {"uv": [0.5, 10, 1, 10.5], "texture": "#0"}, "south": {"uv": [0.5, 10, 1, 10.5], "texture": "#0"}, "west": {"uv": [0.5, 10, 1, 10.5], "texture": "#0"}, "up": {"uv": [0.5, 10, 1, 10.5], "texture": "#0"}, "down": {"uv": [0.5, 10, 1, 10.5], "texture": "#0"} } }, { "from": [7.77492, 14.59766, 7.575], "to": [8.22492, 15.99686, 7.825], "rotation": {"angle": 0, "axis": "y", "origin": [0.52492, 27.18966, 16.2]}, "faces": { "north": {"uv": [0.5, 10, 1, 10.5], "texture": "#0"}, "east": {"uv": [0.5, 10, 1, 10.5], "texture": "#0"}, "south": {"uv": [0.5, 10, 1, 10.5], "texture": "#0"}, "west": {"uv": [0.5, 10, 1, 10.5], "texture": "#0"}, "up": {"uv": [0.5, 10, 1, 10.5], "texture": "#0"}, "down": {"uv": [0.5, 10, 1, 10.5], "texture": "#0"} } }, { "from": [7.77492, 13.11101, 7.525], "to": [8.22492, 14.59766, 7.775], "rotation": {"angle": 0, "axis": "y", "origin": [0.52492, 25.70301, 16.125]}, "faces": { "north": {"uv": [0.5, 10, 1, 10.5], "texture": "#0"}, "east": {"uv": [0.5, 10, 1, 10.5], "texture": "#0"}, "south": {"uv": [0.5, 10, 1, 10.5], "texture": "#0"}, "west": {"uv": [0.5, 10, 1, 10.5], "texture": "#0"}, "up": {"uv": [0.5, 10, 1, 10.5], "texture": "#0"}, "down": {"uv": [0.5, 10, 1, 10.5], "texture": "#0"} } }, { "from": [7.77492, 11.53691, 7.45], "to": [8.22492, 13.11101, 7.7], "rotation": {"angle": 0, "axis": "y", "origin": [0.52492, 24.12891, 16.05]}, "faces": { "north": {"uv": [0.5, 10, 1, 10.5], "texture": "#0"}, "east": {"uv": [0.5, 10, 1, 10.5], "texture": "#0"}, "south": {"uv": [0.5, 10, 1, 10.5], "texture": "#0"}, "west": {"uv": [0.5, 10, 1, 10.5], "texture": "#0"}, "up": {"uv": [0.5, 10, 1, 10.5], "texture": "#0"}, "down": {"uv": [0.5, 10, 1, 10.5], "texture": "#0"} } }, { "from": [7.77492, 9.87536, 7.4], "to": [8.22492, 11.53691, 7.65], "rotation": {"angle": 0, "axis": "y", "origin": [0.52492, 22.46736, 16]}, "faces": { "north": {"uv": [0.5, 10, 1, 10.5], "texture": "#0"}, "east": {"uv": [0.5, 10, 1, 10.5], "texture": "#0"}, "south": {"uv": [0.5, 10, 1, 10.5], "texture": "#0"}, "west": {"uv": [0.5, 10, 1, 10.5], "texture": "#0"}, "up": {"uv": [0.5, 10, 1, 10.5], "texture": "#0"}, "down": {"uv": [0.5, 10, 1, 10.5], "texture": "#0"} } }, { "from": [7.77492, 8.12636, 7.35], "to": [8.22492, 9.87536, 7.6], "rotation": {"angle": 0, "axis": "y", "origin": [0.52492, 20.71836, 15.95]}, "faces": { "north": {"uv": [0.5, 10, 1, 10.5], "texture": "#0"}, "east": {"uv": [0.5, 10, 1, 10.5], "texture": "#0"}, "south": {"uv": [0.5, 10, 1, 10.5], "texture": "#0"}, "west": {"uv": [0.5, 10, 1, 10.5], "texture": "#0"}, "up": {"uv": [0.5, 10, 1, 10.5], "texture": "#0"}, "down": {"uv": [0.5, 10, 1, 10.5], "texture": "#0"} } }, { "from": [7.77492, 6.37736, 7.3], "to": [8.22492, 8.12636, 7.55], "rotation": {"angle": 0, "axis": "y", "origin": [0.52492, 18.96936, 15.9]}, "faces": { "north": {"uv": [0.5, 10, 1, 10.5], "texture": "#0"}, "east": {"uv": [0.5, 10, 1, 10.5], "texture": "#0"}, "south": {"uv": [0.5, 10, 1, 10.5], "texture": "#0"}, "west": {"uv": [0.5, 10, 1, 10.5], "texture": "#0"}, "up": {"uv": [0.5, 10, 1, 10.5], "texture": "#0"}, "down": {"uv": [0.5, 10, 1, 10.5], "texture": "#0"} } }, { "from": [7.77492, 4.62836, 7.275], "to": [8.22492, 6.37736, 7.525], "rotation": {"angle": 0, "axis": "y", "origin": [0.52492, 17.22036, 15.875]}, "faces": { "north": {"uv": [0.5, 10, 1, 10.5], "texture": "#0"}, "east": {"uv": [0.5, 10, 1, 10.5], "texture": "#0"}, "south": {"uv": [0.5, 10, 1, 10.5], "texture": "#0"}, "west": {"uv": [0.5, 10, 1, 10.5], "texture": "#0"}, "up": {"uv": [0.5, 10, 1, 10.5], "texture": "#0"}, "down": {"uv": [0.5, 10, 1, 10.5], "texture": "#0"} } }, { "from": [7.77492, -3.24214, 7.25], "to": [8.22492, 4.62836, 7.5], "rotation": {"angle": 0, "axis": "y", "origin": [0.52492, 15.47136, 15.85]}, "faces": { "north": {"uv": [0.5, 10, 1, 10.5], "texture": "#0"}, "east": {"uv": [0.5, 10, 1, 10.5], "texture": "#0"}, "south": {"uv": [0.5, 10, 1, 10.5], "texture": "#0"}, "west": {"uv": [0.5, 10, 1, 10.5], "texture": "#0"}, "up": {"uv": [0.5, 10, 1, 10.5], "texture": "#0"}, "down": {"uv": [0.5, 10, 1, 10.5], "texture": "#0"} } }, { "from": [7.57492, 28.10868, 9.75], "to": [8.42492, 28.67711, 10.175], "rotation": {"angle": 0, "axis": "y", "origin": [0.52492, 40.70068, 18.775]}, "faces": { "north": {"uv": [0.5, 10, 1, 10.5], "texture": "#0"}, "east": {"uv": [0.5, 10, 1, 10.5], "texture": "#0"}, "south": {"uv": [0.5, 10, 1, 10.5], "texture": "#0"}, "west": {"uv": [0.5, 10, 1, 10.5], "texture": "#0"}, "up": {"uv": [0.5, 10, 1, 10.5], "texture": "#0"}, "down": {"uv": [0.5, 10, 1, 10.5], "texture": "#0"} } }, { "from": [7.57492, 17.30861, 8], "to": [8.42492, 18.57663, 8.45], "rotation": {"angle": 0, "axis": "y", "origin": [0.52492, 29.90061, 16.4]}, "faces": { "north": {"uv": [0.5, 10, 1, 10.5], "texture": "#0"}, "east": {"uv": [0.5, 10, 1, 10.5], "texture": "#0"}, "south": {"uv": [0.5, 10, 1, 10.5], "texture": "#0"}, "west": {"uv": [0.5, 10, 1, 10.5], "texture": "#0"}, "up": {"uv": [0.5, 10, 1, 10.5], "texture": "#0"}, "down": {"uv": [0.5, 10, 1, 10.5], "texture": "#0"} } }, { "from": [7.57492, 11.53691, 7.7], "to": [8.42492, 13.11101, 8.15], "rotation": {"angle": 0, "axis": "y", "origin": [0.52492, 24.12891, 16.05]}, "faces": { "north": {"uv": [0.5, 10, 1, 10.5], "texture": "#0"}, "east": {"uv": [0.5, 10, 1, 10.5], "texture": "#0"}, "south": {"uv": [0.5, 10, 1, 10.5], "texture": "#0"}, "west": {"uv": [0.5, 10, 1, 10.5], "texture": "#0"}, "up": {"uv": [0.5, 10, 1, 10.5], "texture": "#0"}, "down": {"uv": [0.5, 10, 1, 10.5], "texture": "#0"} } }, { "from": [7.57492, 4.62836, 7.525], "to": [8.42492, 6.37736, 7.975], "rotation": {"angle": 0, "axis": "y", "origin": [0.52492, 17.22036, 15.875]}, "faces": { "north": {"uv": [0.5, 10, 1, 10.5], "texture": "#0"}, "east": {"uv": [0.5, 10, 1, 10.5], "texture": "#0"}, "south": {"uv": [0.5, 10, 1, 10.5], "texture": "#0"}, "west": {"uv": [0.5, 10, 1, 10.5], "texture": "#0"}, "up": {"uv": [0.5, 10, 1, 10.5], "texture": "#0"}, "down": {"uv": [0.5, 10, 1, 10.5], "texture": "#0"} } }, { "from": [7.57492, -3.24214, 7.5], "to": [8.42492, 4.62836, 7.95], "rotation": {"angle": 0, "axis": "y", "origin": [0.52492, 15.47136, 15.85]}, "faces": { "north": {"uv": [0.5, 10, 1, 10.5], "texture": "#0"}, "east": {"uv": [0.5, 10, 1, 10.5], "texture": "#0"}, "south": {"uv": [0.5, 10, 1, 10.5], "texture": "#0"}, "west": {"uv": [0.5, 10, 1, 10.5], "texture": "#0"}, "up": {"uv": [0.5, 10, 1, 10.5], "texture": "#0"}, "down": {"uv": [0.5, 10, 1, 10.5], "texture": "#0"} } }, { "from": [7.57492, 6.37736, 7.55], "to": [8.42492, 8.12636, 8], "rotation": {"angle": 0, "axis": "y", "origin": [0.52492, 18.96936, 15.9]}, "faces": { "north": {"uv": [0.5, 10, 1, 10.5], "texture": "#0"}, "east": {"uv": [0.5, 10, 1, 10.5], "texture": "#0"}, "south": {"uv": [0.5, 10, 1, 10.5], "texture": "#0"}, "west": {"uv": [0.5, 10, 1, 10.5], "texture": "#0"}, "up": {"uv": [0.5, 10, 1, 10.5], "texture": "#0"}, "down": {"uv": [0.5, 10, 1, 10.5], "texture": "#0"} } }, { "from": [7.57492, 27.54026, 9.55], "to": [8.42492, 28.10868, 9.975], "rotation": {"angle": 0, "axis": "y", "origin": [0.52492, 40.13226, 18.475]}, "faces": { "north": {"uv": [0.5, 10, 1, 10.5], "texture": "#0"}, "east": {"uv": [0.5, 10, 1, 10.5], "texture": "#0"}, "south": {"uv": [0.5, 10, 1, 10.5], "texture": "#0"}, "west": {"uv": [0.5, 10, 1, 10.5], "texture": "#0"}, "up": {"uv": [0.5, 10, 1, 10.5], "texture": "#0"}, "down": {"uv": [0.5, 10, 1, 10.5], "texture": "#0"} } }, { "from": [7.57492, 26.84066, 9.275], "to": [8.42492, 27.54026, 9.725], "rotation": {"angle": 0, "axis": "y", "origin": [0.52492, 39.43266, 18.175]}, "faces": { "north": {"uv": [0.5, 10, 1, 10.5], "texture": "#0"}, "east": {"uv": [0.5, 10, 1, 10.5], "texture": "#0"}, "south": {"uv": [0.5, 10, 1, 10.5], "texture": "#0"}, "west": {"uv": [0.5, 10, 1, 10.5], "texture": "#0"}, "up": {"uv": [0.5, 10, 1, 10.5], "texture": "#0"}, "down": {"uv": [0.5, 10, 1, 10.5], "texture": "#0"} } }, { "from": [7.57492, 26.05361, 9.05], "to": [8.42492, 26.84066, 9.5], "rotation": {"angle": 0, "axis": "y", "origin": [0.52492, 38.64561, 17.875]}, "faces": { "north": {"uv": [0.5, 10, 1, 10.5], "texture": "#0"}, "east": {"uv": [0.5, 10, 1, 10.5], "texture": "#0"}, "south": {"uv": [0.5, 10, 1, 10.5], "texture": "#0"}, "west": {"uv": [0.5, 10, 1, 10.5], "texture": "#0"}, "up": {"uv": [0.5, 10, 1, 10.5], "texture": "#0"}, "down": {"uv": [0.5, 10, 1, 10.5], "texture": "#0"} } }, { "from": [7.57492, 25.17911, 8.9], "to": [8.42492, 26.05361, 9.35], "rotation": {"angle": 0, "axis": "y", "origin": [0.52492, 37.77111, 17.65]}, "faces": { "north": {"uv": [0.5, 10, 1, 10.5], "texture": "#0"}, "east": {"uv": [0.5, 10, 1, 10.5], "texture": "#0"}, "south": {"uv": [0.5, 10, 1, 10.5], "texture": "#0"}, "west": {"uv": [0.5, 10, 1, 10.5], "texture": "#0"}, "up": {"uv": [0.5, 10, 1, 10.5], "texture": "#0"}, "down": {"uv": [0.5, 10, 1, 10.5], "texture": "#0"} } }, { "from": [7.57492, 24.30461, 8.75], "to": [8.42492, 25.17911, 9.2], "rotation": {"angle": 0, "axis": "y", "origin": [0.52492, 36.89661, 17.425]}, "faces": { "north": {"uv": [0.5, 10, 1, 10.5], "texture": "#0"}, "east": {"uv": [0.5, 10, 1, 10.5], "texture": "#0"}, "south": {"uv": [0.5, 10, 1, 10.5], "texture": "#0"}, "west": {"uv": [0.5, 10, 1, 10.5], "texture": "#0"}, "up": {"uv": [0.5, 10, 1, 10.5], "texture": "#0"}, "down": {"uv": [0.5, 10, 1, 10.5], "texture": "#0"} } }, { "from": [7.57492, 23.25521, 8.6], "to": [8.42492, 24.30461, 9.05], "rotation": {"angle": 0, "axis": "y", "origin": [0.52492, 35.84721, 17.175]}, "faces": { "north": {"uv": [0.5, 10, 1, 10.5], "texture": "#0"}, "east": {"uv": [0.5, 10, 1, 10.5], "texture": "#0"}, "south": {"uv": [0.5, 10, 1, 10.5], "texture": "#0"}, "west": {"uv": [0.5, 10, 1, 10.5], "texture": "#0"}, "up": {"uv": [0.5, 10, 1, 10.5], "texture": "#0"}, "down": {"uv": [0.5, 10, 1, 10.5], "texture": "#0"} } }, { "from": [7.57492, 22.20581, 8.45], "to": [8.42492, 23.25521, 8.9], "rotation": {"angle": 0, "axis": "y", "origin": [0.52492, 34.79781, 16.975]}, "faces": { "north": {"uv": [0.5, 10, 1, 10.5], "texture": "#0"}, "east": {"uv": [0.5, 10, 1, 10.5], "texture": "#0"}, "south": {"uv": [0.5, 10, 1, 10.5], "texture": "#0"}, "west": {"uv": [0.5, 10, 1, 10.5], "texture": "#0"}, "up": {"uv": [0.5, 10, 1, 10.5], "texture": "#0"}, "down": {"uv": [0.5, 10, 1, 10.5], "texture": "#0"} } }, { "from": [7.57492, 21.06896, 8.325], "to": [8.42492, 22.20581, 8.775], "rotation": {"angle": 0, "axis": "y", "origin": [0.52492, 33.66096, 16.8]}, "faces": { "north": {"uv": [0.5, 10, 1, 10.5], "texture": "#0"}, "east": {"uv": [0.5, 10, 1, 10.5], "texture": "#0"}, "south": {"uv": [0.5, 10, 1, 10.5], "texture": "#0"}, "west": {"uv": [0.5, 10, 1, 10.5], "texture": "#0"}, "up": {"uv": [0.5, 10, 1, 10.5], "texture": "#0"}, "down": {"uv": [0.5, 10, 1, 10.5], "texture": "#0"} } }, { "from": [7.57492, 19.84466, 8.2], "to": [8.42492, 21.06896, 8.65], "rotation": {"angle": 0, "axis": "y", "origin": [0.52492, 32.43666, 16.65]}, "faces": { "north": {"uv": [0.5, 10, 1, 10.5], "texture": "#0"}, "east": {"uv": [0.5, 10, 1, 10.5], "texture": "#0"}, "south": {"uv": [0.5, 10, 1, 10.5], "texture": "#0"}, "west": {"uv": [0.5, 10, 1, 10.5], "texture": "#0"}, "up": {"uv": [0.5, 10, 1, 10.5], "texture": "#0"}, "down": {"uv": [0.5, 10, 1, 10.5], "texture": "#0"} } }, { "from": [7.57492, 18.57663, 8.1], "to": [8.42492, 19.84466, 8.55], "rotation": {"angle": 0, "axis": "y", "origin": [0.52492, 31.16863, 16.525]}, "faces": { "north": {"uv": [0.5, 10, 1, 10.5], "texture": "#0"}, "east": {"uv": [0.5, 10, 1, 10.5], "texture": "#0"}, "south": {"uv": [0.5, 10, 1, 10.5], "texture": "#0"}, "west": {"uv": [0.5, 10, 1, 10.5], "texture": "#0"}, "up": {"uv": [0.5, 10, 1, 10.5], "texture": "#0"}, "down": {"uv": [0.5, 10, 1, 10.5], "texture": "#0"} } }, { "from": [7.57492, 15.99686, 7.9], "to": [8.42492, 17.30861, 8.35], "rotation": {"angle": 0, "axis": "y", "origin": [0.52492, 28.58886, 16.3]}, "faces": { "north": {"uv": [0.5, 10, 1, 10.5], "texture": "#0"}, "east": {"uv": [0.5, 10, 1, 10.5], "texture": "#0"}, "south": {"uv": [0.5, 10, 1, 10.5], "texture": "#0"}, "west": {"uv": [0.5, 10, 1, 10.5], "texture": "#0"}, "up": {"uv": [0.5, 10, 1, 10.5], "texture": "#0"}, "down": {"uv": [0.5, 10, 1, 10.5], "texture": "#0"} } }, { "from": [7.57492, 14.59766, 7.825], "to": [8.42492, 15.99686, 8.275], "rotation": {"angle": 0, "axis": "y", "origin": [0.52492, 27.18966, 16.2]}, "faces": { "north": {"uv": [0.5, 10, 1, 10.5], "texture": "#0"}, "east": {"uv": [0.5, 10, 1, 10.5], "texture": "#0"}, "south": {"uv": [0.5, 10, 1, 10.5], "texture": "#0"}, "west": {"uv": [0.5, 10, 1, 10.5], "texture": "#0"}, "up": {"uv": [0.5, 10, 1, 10.5], "texture": "#0"}, "down": {"uv": [0.5, 10, 1, 10.5], "texture": "#0"} } }, { "from": [7.57492, 13.11101, 7.775], "to": [8.42492, 14.59766, 8.225], "rotation": {"angle": 0, "axis": "y", "origin": [0.52492, 25.70301, 16.125]}, "faces": { "north": {"uv": [0.5, 10, 1, 10.5], "texture": "#0"}, "east": {"uv": [0.5, 10, 1, 10.5], "texture": "#0"}, "south": {"uv": [0.5, 10, 1, 10.5], "texture": "#0"}, "west": {"uv": [0.5, 10, 1, 10.5], "texture": "#0"}, "up": {"uv": [0.5, 10, 1, 10.5], "texture": "#0"}, "down": {"uv": [0.5, 10, 1, 10.5], "texture": "#0"} } }, { "from": [7.57492, 9.87536, 7.65], "to": [8.42492, 11.53691, 8.1], "rotation": {"angle": 0, "axis": "y", "origin": [0.52492, 22.46736, 16]}, "faces": { "north": {"uv": [0.5, 10, 1, 10.5], "texture": "#0"}, "east": {"uv": [0.5, 10, 1, 10.5], "texture": "#0"}, "south": {"uv": [0.5, 10, 1, 10.5], "texture": "#0"}, "west": {"uv": [0.5, 10, 1, 10.5], "texture": "#0"}, "up": {"uv": [0.5, 10, 1, 10.5], "texture": "#0"}, "down": {"uv": [0.5, 10, 1, 10.5], "texture": "#0"} } }, { "from": [7.57492, 8.12636, 7.6], "to": [8.42492, 9.87536, 8.05], "rotation": {"angle": 0, "axis": "y", "origin": [0.52492, 20.71836, 15.95]}, "faces": { "north": {"uv": [0.5, 10, 1, 10.5], "texture": "#0"}, "east": {"uv": [0.5, 10, 1, 10.5], "texture": "#0"}, "south": {"uv": [0.5, 10, 1, 10.5], "texture": "#0"}, "west": {"uv": [0.5, 10, 1, 10.5], "texture": "#0"}, "up": {"uv": [0.5, 10, 1, 10.5], "texture": "#0"}, "down": {"uv": [0.5, 10, 1, 10.5], "texture": "#0"} } }, { "name": "Holder", "from": [7.48228, -3.425, 7.15], "to": [8.52492, -1.65, 8.85], "rotation": {"angle": 0, "axis": "y", "origin": [8.0536, -3.5, 8]}, "faces": { "north": {"uv": [4.5, 6.5, 4, 7], "texture": "#0"}, "east": {"uv": [4.5, 6.5, 4, 7], "texture": "#0"}, "south": {"uv": [4.5, 6.5, 4, 7], "texture": "#0"}, "west": {"uv": [4.5, 6.5, 4, 7], "texture": "#0"}, "up": {"uv": [4.5, 6.5, 4, 7], "texture": "#0"}, "down": {"uv": [4.5, 6.5, 4, 7], "texture": "#0"} } }, { "name": "Holder", "from": [7.48228, -3.9, 7.15], "to": [8.52492, -2.65, 7.4], "rotation": {"angle": 0, "axis": "y", "origin": [8.0536, -3.5, 8]}, "faces": { "north": {"uv": [4.5, 6.5, 4, 7], "texture": "#0"}, "east": {"uv": [4.5, 6.5, 4, 7], "texture": "#0"}, "south": {"uv": [4.5, 6.5, 4, 7], "texture": "#0"}, "west": {"uv": [4.5, 6.5, 4, 7], "texture": "#0"}, "up": {"uv": [4.5, 6.5, 4, 7], "texture": "#0"}, "down": {"uv": [4.5, 6.5, 4, 7], "texture": "#0"} } }, { "name": "Holder", "from": [7.48228, -3.9, 8.6], "to": [8.52492, -2.65, 8.85], "rotation": {"angle": 0, "axis": "y", "origin": [8.0536, -3.5, 8]}, "faces": { "north": {"uv": [4.5, 6.5, 4, 7], "texture": "#0"}, "east": {"uv": [4.5, 6.5, 4, 7], "texture": "#0"}, "south": {"uv": [4.5, 6.5, 4, 7], "texture": "#0"}, "west": {"uv": [4.5, 6.5, 4, 7], "texture": "#0"}, "up": {"uv": [4.5, 6.5, 4, 7], "texture": "#0"}, "down": {"uv": [4.5, 6.5, 4, 7], "texture": "#0"} } }, { "name": "Holder", "from": [7.48228, -3.99467, 7.52855], "to": [8.52492, -2.74467, 7.87855], "rotation": {"angle": 45, "axis": "x", "origin": [8.0036, -3.36967, 7.75355]}, "faces": { "north": {"uv": [4.5, 6.5, 4, 7], "texture": "#0"}, "east": {"uv": [4.5, 6.5, 4, 7], "texture": "#0"}, "south": {"uv": [4.5, 6.5, 4, 7], "texture": "#0"}, "west": {"uv": [4.5, 6.5, 4, 7], "texture": "#0"}, "up": {"uv": [4.5, 6.5, 4, 7], "texture": "#0"}, "down": {"uv": [4.5, 6.5, 4, 7], "texture": "#0"} } }, { "name": "Holder", "from": [7.48228, -3.99467, 8.12145], "to": [8.52492, -2.74467, 8.47145], "rotation": {"angle": -45, "axis": "x", "origin": [8.0036, -3.36967, 8.24645]}, "faces": { "north": {"uv": [4.5, 6.5, 4, 7], "texture": "#0"}, "east": {"uv": [4.5, 6.5, 4, 7], "texture": "#0"}, "south": {"uv": [4.5, 6.5, 4, 7], "texture": "#0"}, "west": {"uv": [4.5, 6.5, 4, 7], "texture": "#0"}, "up": {"uv": [4.5, 6.5, 4, 7], "texture": "#0"}, "down": {"uv": [4.5, 6.5, 4, 7], "texture": "#0"} } }, { "name": "Holder", "from": [5.5, -2.65, 5.5], "to": [10.5, -2.55, 10.5], "rotation": {"angle": 0, "axis": "y", "origin": [9.07132, -3.5, 9.35]}, "faces": { "north": {"uv": [0, 0, 1, 1], "texture": "#0"}, "east": {"uv": [0, 0, 1, 1], "texture": "#0"}, "south": {"uv": [0, 0, 1, 1], "texture": "#0"}, "west": {"uv": [0, 0, 1, 1], "texture": "#0"}, "up": {"uv": [0, 0, 9, 9], "texture": "#0"}, "down": {"uv": [0, 9, 9, 0], "texture": "#0"} } }, { "name": "Holder", "from": [7.48228, -14.675, 7.15], "to": [8.52492, -13.65, 8.85], "rotation": {"angle": 0, "axis": "y", "origin": [8.0536, -3.5, 8]}, "faces": { "north": {"uv": [6, 10.5, 3, 12.5], "texture": "#0"}, "east": {"uv": [6, 10.5, 3, 12.5], "texture": "#0"}, "south": {"uv": [6, 10.5, 3, 12.5], "texture": "#0"}, "west": {"uv": [6, 10.5, 3, 12.5], "texture": "#0"}, "up": {"uv": [6, 10.5, 3, 12.5], "texture": "#0"}, "down": {"uv": [6, 10.5, 3, 12.5], "texture": "#0"} } } ], "display": { "thirdperson_righthand": { "translation": [0, 7.75, 0.75], "scale": [0.7, 0.7, 0.7] }, "thirdperson_lefthand": { "rotation": [-180, 42, 75], "translation": [-4.25, -5.25, 8.5], "scale": [0.7, 0.7, 0.7] }, "firstperson_righthand": { "rotation": [-24, 28, 0], "translation": [5.5, 6.75, -4], "scale": [0.69141, 0.69141, 0.5625] }, "firstperson_lefthand": { "rotation": [-24, 28, 0], "translation": [5.5, 6.75, -4], "scale": [0, 0, 0] }, "ground": { "rotation": [90, 0, 0], "translation": [0, -2.5, 2], "scale": [0.69141, 0.69141, 0.5625] }, "gui": { "rotation": [57, 23, -36], "translation": [-0.25, 0.75, -0.25], "scale": [0.55, 0.55, 0.55] }, "fixed": { "rotation": [0, 90, 0], "translation": [0, -4.5, -3.25], "scale": [2, 2, 2] } }, "groups": [ { "name": "Handle", "origin": [8, 8, 8], "color": 0, "children": [ { "name": "Handle2", "origin": [8, -9.5, 8], "color": 0, "children": [0, 1, 2, 3, 4, 5] }, { "name": "Handle3", "origin": [8, 8, 8], "color": 0, "children": [] } ] }, { "name": "Blade", "origin": [8, -3, 8], "color": 0, "children": [ { "name": "Blade1", "origin": [8, 8, 8], "color": 0, "children": [] }, { "name": "Blade2", "origin": [0.52492, 17.22036, 15.875], "color": 0, "children": [] }, { "name": "Blade3", "origin": [0.52492, 18.96936, 15.9], "color": 0, "children": [ { "name": "group", "origin": [0.52492, 20.71836, 15.95], "color": 0, "children": [ 6, 7, 8, 9, 10, 11, 12, 13, 14, 15, 16, 17, 18, 19, 20, 21, 22, 23, 24, 25, 26, 27, 28, 29, 30, 31, 32, 33, 34, 35, 36, 37, 38, 39, 40, 41, 42, 43, 44, 45, 46, 47, 48, 49, 50, 51, 52, 53, 54, 55, 56, 57, 58, 59, 60, 61, 62, 63, 64, 65, 66, 67, 68, 69, 70, 71, 72, 73, 74, 75, 76, 77, 78, 79, 80, 81, 82, 83, 84, 85, 86, 87, 88, 89, 90, 91, 92 ] } ] } ] }, 93, 94, 95, 96, 97, { "name": "group", "origin": [8, 8, 8], "color": 0, "children": [98] }, { "name": "group", "origin": [8, 8, 8], "color": 0, "children": [99] } ] }