{ "credit": "Made with Blockbench", "texture_size": [64, 64], "textures": { "0": "timetoplay:roleplay/itmes/katanas/batskatana", "particle": "timetoplay:roleplay/itmes/katanas/batskatana" }, "elements": [ { "from": [9.14077, 17.1165, 7.73157], "to": [9.41149, 19.01154, 8.26845], "rotation": {"angle": 0, "axis": "y", "origin": [8.3622, 5.11037, 8]}, "faces": { "north": {"uv": [5, 5.75, 5.25, 6.25], "texture": "#0"}, "east": {"uv": [5.75, 5, 6, 5.5], "texture": "#0"}, "south": {"uv": [5.25, 5.75, 5.5, 6.25], "texture": "#0"} } }, { "from": [8.46397, 9.26034, 7.73157], "to": [8.73469, 11.96754, 8.26845], "rotation": {"angle": 0, "axis": "y", "origin": [8.3622, 5.11037, 8]}, "faces": { "north": {"uv": [4.75, 3.5, 5, 4.25], "texture": "#0"}, "east": {"uv": [4.75, 4.25, 5, 5], "texture": "#0"}, "south": {"uv": [5, 0, 5.25, 0.75], "texture": "#0"} } }, { "from": [4.46635, 15.45358, 7.73157], "to": [4.73707, 16.60414, 8.26845], "rotation": {"angle": -22.5, "axis": "z", "origin": [8.3622, 5.11037, 8]}, "faces": { "north": {"uv": [6.25, 6, 6.5, 6.25], "texture": "#0"}, "east": {"uv": [6.25, 6.25, 6.5, 6.5], "texture": "#0"}, "south": {"uv": [0, 6.5, 0.25, 6.75], "texture": "#0"}, "west": {"uv": [6.5, 0, 6.75, 0.25], "texture": "#0"} } }, { "from": [5.25426, 12.84397, 7.73157], "to": [5.52498, 13.99453, 8.26845], "rotation": {"angle": -22.5, "axis": "z", "origin": [8.3622, 5.11037, 8]}, "faces": { "north": {"uv": [0.25, 6.5, 0.5, 6.75], "texture": "#0"}, "east": {"uv": [6.5, 0.25, 6.75, 0.5], "texture": "#0"}, "south": {"uv": [0.5, 6.5, 0.75, 6.75], "texture": "#0"}, "west": {"uv": [6.5, 0.5, 6.75, 0.75], "texture": "#0"} } }, { "from": [5.93655, 10.48936, 7.73157], "to": [6.20727, 11.63992, 8.26845], "rotation": {"angle": -22.5, "axis": "z", "origin": [8.3622, 5.11037, 8]}, "faces": { "north": {"uv": [0.75, 6.5, 1, 6.75], "texture": "#0"}, "east": {"uv": [6.5, 0.75, 6.75, 1], "texture": "#0"}, "south": {"uv": [1, 6.5, 1.25, 6.75], "texture": "#0"} } }, { "from": [6.84749, 7.93643, 7.73157], "to": [7.11821, 9.08699, 8.26845], "rotation": {"angle": -22.5, "axis": "z", "origin": [8.3622, 5.11037, 8]}, "faces": { "north": {"uv": [1.25, 6.5, 1.5, 6.75], "texture": "#0"}, "east": {"uv": [1.5, 6.5, 1.75, 6.75], "texture": "#0"}, "south": {"uv": [6.5, 1.5, 6.75, 1.75], "texture": "#0"} } }, { "from": [7.75843, 5.3835, 7.73157], "to": [8.02915, 6.53406, 8.26845], "rotation": {"angle": -22.5, "axis": "z", "origin": [8.3622, 5.11037, 8]}, "faces": { "north": {"uv": [1.75, 6.5, 2, 6.75], "texture": "#0"}, "south": {"uv": [6.5, 1.75, 6.75, 2], "texture": "#0"} } }, { "from": [6.84652, 1.48513, 7.73157], "to": [7.11724, 2.63569, 8.26845], "rotation": {"angle": 22.5, "axis": "z", "origin": [8.3622, 5.11037, 8]}, "faces": { "north": {"uv": [2, 6.5, 2.25, 6.75], "texture": "#0"}, "south": {"uv": [6.5, 2, 6.75, 2.25], "texture": "#0"} } }, { "from": [3.85726, 16.234, 7.73157], "to": [4.12798, 17.38456, 8.26845], "rotation": {"angle": -22.5, "axis": "z", "origin": [8.3622, 5.11037, 8]}, "faces": { "north": {"uv": [2.25, 6.5, 2.5, 6.75], "texture": "#0"}, "south": {"uv": [6.5, 2.25, 6.75, 2.5], "texture": "#0"}, "west": {"uv": [2.5, 6.5, 2.75, 6.75], "texture": "#0"} } }, { "from": [4.64517, 13.6244, 7.73157], "to": [4.91589, 14.77496, 8.26845], "rotation": {"angle": -22.5, "axis": "z", "origin": [8.3622, 5.11037, 8]}, "faces": { "north": {"uv": [6.5, 2.5, 6.75, 2.75], "texture": "#0"}, "south": {"uv": [2.75, 6.5, 3, 6.75], "texture": "#0"}, "west": {"uv": [6.5, 2.75, 6.75, 3], "texture": "#0"} } }, { "from": [5.45049, 11.32646, 7.73157], "to": [5.72121, 12.47702, 8.26845], "rotation": {"angle": -22.5, "axis": "z", "origin": [8.3622, 5.11037, 8]}, "faces": { "north": {"uv": [3, 6.5, 3.25, 6.75], "texture": "#0"}, "south": {"uv": [6.5, 3, 6.75, 3.25], "texture": "#0"}, "west": {"uv": [6.5, 3.25, 6.75, 3.5], "texture": "#0"} } }, { "from": [6.36144, 8.77354, 7.73157], "to": [6.63216, 9.9241, 8.26845], "rotation": {"angle": -22.5, "axis": "z", "origin": [8.3622, 5.11037, 8]}, "faces": { "north": {"uv": [3.5, 6.5, 3.75, 6.75], "texture": "#0"}, "south": {"uv": [6.5, 3.5, 6.75, 3.75], "texture": "#0"}, "west": {"uv": [3.75, 6.5, 4, 6.75], "texture": "#0"} } }, { "from": [7.33491, 6.24651, 7.73157], "to": [7.60563, 7.39707, 8.26845], "rotation": {"angle": -22.5, "axis": "z", "origin": [8.3622, 5.11037, 8]}, "faces": { "north": {"uv": [6.5, 3.75, 6.75, 4], "texture": "#0"}, "south": {"uv": [4, 6.5, 4.25, 6.75], "texture": "#0"}, "west": {"uv": [6.5, 4, 6.75, 4.25], "texture": "#0"} } }, { "from": [6.42299, 0.62212, 7.73157], "to": [6.69371, 1.77268, 8.26845], "rotation": {"angle": 22.5, "axis": "z", "origin": [8.3622, 5.11037, 8]}, "faces": { "north": {"uv": [4.25, 6.5, 4.5, 6.75], "texture": "#0"}, "south": {"uv": [6.5, 4.25, 6.75, 4.5], "texture": "#0"}, "west": {"uv": [4.5, 6.5, 4.75, 6.75], "texture": "#0"} } }, { "from": [8.87005, 14.40402, 7.73157], "to": [9.14077, 17.11122, 8.26845], "rotation": {"angle": 0, "axis": "y", "origin": [8.3622, 5.11037, 8]}, "faces": { "north": {"uv": [5, 0.75, 5.25, 1.5], "texture": "#0"}, "east": {"uv": [5, 1.5, 5.25, 2.25], "texture": "#0"}, "south": {"uv": [3.5, 5, 3.75, 5.75], "texture": "#0"} } }, { "from": [8.59933, 11.96754, 7.73157], "to": [8.87005, 14.40402, 8.26845], "rotation": {"angle": 0, "axis": "y", "origin": [8.3622, 5.11037, 8]}, "faces": { "north": {"uv": [5.5, 5.75, 5.75, 6.25], "texture": "#0"}, "east": {"uv": [5.75, 5.5, 6, 6], "texture": "#0"}, "south": {"uv": [6, 0, 6.25, 0.5], "texture": "#0"}, "up": {"uv": [6.75, 4.75, 6.5, 4.5], "texture": "#0"} } }, { "from": [8.32861, 6.55314, 7.73157], "to": [8.59933, 9.26034, 8.26845], "rotation": {"angle": 0, "axis": "y", "origin": [8.3622, 5.11037, 8]}, "faces": { "north": {"uv": [5, 3.5, 5.25, 4.25], "texture": "#0"}, "east": {"uv": [3.75, 5, 4, 5.75], "texture": "#0"}, "south": {"uv": [4, 5, 4.25, 5.75], "texture": "#0"} } }, { "from": [8.32861, -3.79134, 7.73157], "to": [8.59933, 1.28466, 8.26845], "rotation": {"angle": 0, "axis": "y", "origin": [8.3622, 5.11037, 8]}, "faces": { "north": {"uv": [3.25, 3, 3.5, 4.25], "texture": "#0"}, "east": {"uv": [3.5, 0, 3.75, 1.25], "texture": "#0"}, "south": {"uv": [3.5, 1.25, 3.75, 2.5], "texture": "#0"} } }, { "from": [8.26093, 1.2741, 7.73157], "to": [8.53165, 6.55314, 8.26845], "rotation": {"angle": 0, "axis": "y", "origin": [8.3622, 5.11037, 8]}, "faces": { "north": {"uv": [3.5, 2.5, 3.75, 3.75], "texture": "#0"}, "east": {"uv": [3.75, 0, 4, 1.25], "texture": "#0"}, "south": {"uv": [3.75, 1.25, 4, 2.5], "texture": "#0"} } }, { "from": [13.72747, 14.64664, 7.73157], "to": [13.99819, 16.22568, 8.26845], "rotation": {"angle": 22.5, "axis": "z", "origin": [8.3622, 5.11037, 8]}, "faces": { "north": {"uv": [6.25, 1.5, 6.5, 2], "texture": "#0"}, "east": {"uv": [6.25, 2, 6.5, 2.5], "texture": "#0"}, "south": {"uv": [6.25, 2.5, 6.5, 3], "texture": "#0"}, "west": {"uv": [6.25, 3, 6.5, 3.5], "texture": "#0"} } }, { "from": [13.60588, 14.11168, 7.73157], "to": [13.7766, 15.59072, 8.26845], "rotation": {"angle": 22.5, "axis": "z", "origin": [8.3622, 5.11037, 8]}, "faces": { "north": {"uv": [1.75, 8, 2, 8.25], "texture": "#0"}, "south": {"uv": [8, 1.75, 8.25, 2], "texture": "#0"}, "west": {"uv": [2, 8, 2.25, 8.25], "texture": "#0"}, "down": {"uv": [8.25, 2, 8, 2.25], "texture": "#0"} } }, { "from": [9.74908, 15.4985, 7.73157], "to": [9.9198, 16.07754, 8.26845], "rotation": {"angle": 0, "axis": "y", "origin": [8.3622, 5.11037, 8]}, "faces": { "north": {"uv": [2.25, 8, 2.5, 8.25], "texture": "#0"}, "east": {"uv": [8, 2.25, 8.25, 2.5], "texture": "#0"}, "south": {"uv": [2.5, 8, 2.75, 8.25], "texture": "#0"} } }, { "from": [13.70588, 14.41168, 7.73157], "to": [13.8766, 15.59072, 8.26845], "rotation": {"angle": 22.5, "axis": "z", "origin": [8.3622, 5.11037, 8]}, "faces": { "north": {"uv": [8, 1.25, 8.25, 1.5], "texture": "#0"}, "south": {"uv": [1.5, 8, 1.75, 8.25], "texture": "#0"}, "up": {"uv": [8.25, 1.75, 8, 1.5], "texture": "#0"} } }, { "from": [11.50519, 10.58814, 7.73157], "to": [11.77591, 12.16718, 8.26845], "rotation": {"angle": 22.5, "axis": "z", "origin": [8.3622, 5.11037, 8]}, "faces": { "north": {"uv": [3.25, 6.25, 3.5, 6.75], "texture": "#0"}, "east": {"uv": [6.25, 3.5, 6.5, 4], "texture": "#0"}, "south": {"uv": [6.25, 4, 6.5, 4.5], "texture": "#0"} } }, { "from": [11.3836, 10.05318, 7.73157], "to": [11.55432, 11.53222, 8.26845], "rotation": {"angle": 22.5, "axis": "z", "origin": [8.3622, 5.11037, 8]}, "faces": { "north": {"uv": [8, 2.5, 8.25, 2.75], "texture": "#0"}, "south": {"uv": [2.75, 8, 3, 8.25], "texture": "#0"}, "west": {"uv": [8, 2.75, 8.25, 3], "texture": "#0"}, "down": {"uv": [3.25, 8, 3, 8.25], "texture": "#0"} } }, { "from": [9.24908, 10.8985, 7.73157], "to": [9.4198, 11.47754, 8.26845], "rotation": {"angle": 0, "axis": "y", "origin": [8.3622, 5.11037, 8]}, "faces": { "north": {"uv": [8, 3, 8.25, 3.25], "texture": "#0"}, "east": {"uv": [3.25, 8, 3.5, 8.25], "texture": "#0"}, "south": {"uv": [8, 3.25, 8.25, 3.5], "texture": "#0"} } }, { "from": [11.4836, 10.35318, 7.73157], "to": [11.65432, 11.53222, 8.26845], "rotation": {"angle": 22.5, "axis": "z", "origin": [8.3622, 5.11037, 8]}, "faces": { "north": {"uv": [3.5, 8, 3.75, 8.25], "texture": "#0"}, "south": {"uv": [8, 3.5, 8.25, 3.75], "texture": "#0"} } }, { "from": [8.97019, 5.25205, 7.73157], "to": [9.24091, 6.83109, 8.26845], "rotation": {"angle": 22.5, "axis": "z", "origin": [8.3622, 5.11037, 8]}, "faces": { "north": {"uv": [6.25, 4.5, 6.5, 5], "texture": "#0"}, "east": {"uv": [5, 6.25, 5.25, 6.75], "texture": "#0"}, "south": {"uv": [6.25, 5, 6.5, 5.5], "texture": "#0"} } }, { "from": [8.84861, 4.71709, 7.73157], "to": [9.01933, 6.19613, 8.26845], "rotation": {"angle": 22.5, "axis": "z", "origin": [8.3622, 5.11037, 8]}, "faces": { "north": {"uv": [3.75, 8, 4, 8.25], "texture": "#0"}, "south": {"uv": [8, 3.75, 8.25, 4], "texture": "#0"}, "west": {"uv": [4, 8, 4.25, 8.25], "texture": "#0"}, "down": {"uv": [8.25, 4, 8, 4.25], "texture": "#0"} } }, { "from": [8.94908, 4.9985, 7.73157], "to": [9.1198, 5.57754, 8.26845], "rotation": {"angle": 0, "axis": "y", "origin": [8.3622, 5.11037, 8]}, "faces": { "north": {"uv": [4.25, 8, 4.5, 8.25], "texture": "#0"}, "east": {"uv": [8, 4.25, 8.25, 4.5], "texture": "#0"}, "south": {"uv": [4.5, 8, 4.75, 8.25], "texture": "#0"} } }, { "from": [8.94861, 5.01709, 7.73157], "to": [9.11933, 6.19613, 8.26845], "rotation": {"angle": 22.5, "axis": "z", "origin": [8.3622, 5.11037, 8]}, "faces": { "north": {"uv": [8, 4.5, 8.25, 4.75], "texture": "#0"}, "south": {"uv": [4.75, 8, 5, 8.25], "texture": "#0"} } }, { "from": [7.05678, 0.63266, 7.73157], "to": [7.3275, 2.2117, 8.26845], "rotation": {"angle": 22.5, "axis": "z", "origin": [8.3622, 5.11037, 8]}, "faces": { "north": {"uv": [5.25, 6.25, 5.5, 6.75], "texture": "#0"}, "east": {"uv": [5.5, 6.25, 5.75, 6.75], "texture": "#0"}, "south": {"uv": [6.25, 5.5, 6.5, 6], "texture": "#0"} } }, { "from": [6.93519, 0.09769, 7.73157], "to": [7.10591, 1.57673, 8.26845], "rotation": {"angle": 22.5, "axis": "z", "origin": [8.3622, 5.11037, 8]}, "faces": { "north": {"uv": [8, 4.75, 8.25, 5], "texture": "#0"}, "south": {"uv": [5, 8, 5.25, 8.25], "texture": "#0"}, "west": {"uv": [8, 5, 8.25, 5.25], "texture": "#0"}, "down": {"uv": [5.5, 8, 5.25, 8.25], "texture": "#0"} } }, { "from": [8.94908, -0.0015, 7.73157], "to": [9.1198, 0.57754, 8.26845], "rotation": {"angle": 0, "axis": "y", "origin": [8.3622, 5.11037, 8]}, "faces": { "north": {"uv": [8, 5.25, 8.25, 5.5], "texture": "#0"}, "east": {"uv": [5.5, 8, 5.75, 8.25], "texture": "#0"}, "south": {"uv": [8, 5.5, 8.25, 5.75], "texture": "#0"} } }, { "from": [7.03519, 0.39769, 7.73157], "to": [7.20591, 1.57673, 8.26845], "rotation": {"angle": 22.5, "axis": "z", "origin": [8.3622, 5.11037, 8]}, "faces": { "north": {"uv": [5.75, 8, 6, 8.25], "texture": "#0"}, "south": {"uv": [8, 5.75, 8.25, 6], "texture": "#0"} } }, { "from": [18.39101, 14.06408, 7.73157], "to": [18.79709, 14.40248, 8.26845], "rotation": {"angle": 45, "axis": "z", "origin": [8.3622, 5.11037, 8]}, "faces": { "north": {"uv": [4.75, 6.5, 5, 6.75], "texture": "#0"}, "south": {"uv": [6.5, 4.75, 6.75, 5], "texture": "#0"}, "west": {"uv": [6.5, 5, 6.75, 5.25], "texture": "#0"}, "up": {"uv": [6.75, 5.5, 6.5, 5.25], "texture": "#0"} } }, { "from": [3.61527, 17.52563, 7.73157], "to": [4.15671, 17.93171, 8.26845], "rotation": {"angle": -22.5, "axis": "z", "origin": [8.3622, 5.11037, 8]}, "faces": { "north": {"uv": [6.5, 5.5, 6.75, 5.75], "texture": "#0"}, "south": {"uv": [5.75, 6.5, 6, 6.75], "texture": "#0"}, "west": {"uv": [6.5, 5.75, 6.75, 6], "texture": "#0"} } }, { "from": [8.72773, 17.11123, 7.73157], "to": [9.37069, 18.39715, 8.26845], "rotation": {"angle": 0, "axis": "y", "origin": [8.3622, 5.11037, 8]}, "faces": { "north": {"uv": [6, 6.5, 6.25, 6.75], "texture": "#0"}, "south": {"uv": [6.5, 6, 6.75, 6.25], "texture": "#0"}, "west": {"uv": [6.25, 6.5, 6.5, 6.75], "texture": "#0"} } }, { "from": [8.05093, 9.26035, 7.73157], "to": [8.69389, 11.96755, 8.26845], "rotation": {"angle": 0, "axis": "y", "origin": [8.3622, 5.11037, 8]}, "faces": { "north": {"uv": [4.25, 5, 4.5, 5.75], "texture": "#0"}, "south": {"uv": [5, 4.25, 5.25, 5], "texture": "#0"}, "west": {"uv": [4.5, 5, 4.75, 5.75], "texture": "#0"} } }, { "from": [8.45701, 14.40403, 7.73157], "to": [9.09997, 17.11123, 8.26845], "rotation": {"angle": 0, "axis": "y", "origin": [8.3622, 5.11037, 8]}, "faces": { "north": {"uv": [4.75, 5, 5, 5.75], "texture": "#0"}, "south": {"uv": [5, 5, 5.25, 5.75], "texture": "#0"}, "west": {"uv": [5.25, 0, 5.5, 0.75], "texture": "#0"}, "down": {"uv": [6.75, 6.25, 6.5, 6.5], "texture": "#0"} } }, { "from": [8.18629, 11.96755, 7.73157], "to": [8.82925, 14.40403, 8.26845], "rotation": {"angle": 0, "axis": "y", "origin": [8.3622, 5.11037, 8]}, "faces": { "north": {"uv": [6, 0.5, 6.25, 1], "texture": "#0"}, "east": {"uv": [6, 1, 6.25, 1.5], "texture": "#0"}, "south": {"uv": [6, 1.5, 6.25, 2], "texture": "#0"}, "west": {"uv": [6, 2, 6.25, 2.5], "texture": "#0"}, "up": {"uv": [6.75, 6.75, 6.5, 6.5], "texture": "#0"} } }, { "from": [7.91557, 6.55315, 7.73157], "to": [8.55853, 9.26035, 8.26845], "rotation": {"angle": 0, "axis": "y", "origin": [8.3622, 5.11037, 8]}, "faces": { "north": {"uv": [5.25, 0.75, 5.5, 1.5], "texture": "#0"}, "south": {"uv": [5.25, 1.5, 5.5, 2.25], "texture": "#0"}, "west": {"uv": [5.25, 3.5, 5.5, 4.25], "texture": "#0"}, "up": {"uv": [0.25, 7, 0, 6.75], "texture": "#0"} } }, { "from": [7.91557, -3.79135, 7.73157], "to": [8.55853, 1.28465, 8.26845], "rotation": {"angle": 0, "axis": "y", "origin": [8.3622, 5.11037, 8]}, "faces": { "north": {"uv": [3.75, 2.5, 4, 3.75], "texture": "#0"}, "south": {"uv": [3.5, 3.75, 3.75, 5], "texture": "#0"}, "west": {"uv": [3.75, 3.75, 4, 5], "texture": "#0"} } }, { "from": [7.84789, 1.27411, 7.73157], "to": [8.49085, 6.55315, 8.26845], "rotation": {"angle": 0, "axis": "y", "origin": [8.3622, 5.11037, 8]}, "faces": { "north": {"uv": [4, 0, 4.25, 1.25], "texture": "#0"}, "south": {"uv": [4, 1.25, 4.25, 2.5], "texture": "#0"}, "west": {"uv": [4, 2.5, 4.25, 3.75], "texture": "#0"}, "down": {"uv": [7, 0, 6.75, 0.25], "texture": "#0"} } }, { "from": [3.99013, 17.84955, 7.73157], "to": [4.19317, 18.45867, 8.26845], "rotation": {"angle": -22.5, "axis": "z", "origin": [8.3622, 5.11037, 8]}, "faces": { "north": {"uv": [0.25, 6.75, 0.5, 7], "texture": "#0"}, "south": {"uv": [6.75, 0.25, 7, 0.5], "texture": "#0"} } }, { "from": [14.44683, 17.55306, 7.73157], "to": [14.85291, 17.68842, 8.26845], "rotation": {"angle": 22.5, "axis": "z", "origin": [8.3622, 5.11037, 8]}, "faces": { "north": {"uv": [0.75, 6.75, 1, 7], "texture": "#0"}, "east": {"uv": [6.75, 0.75, 7, 1], "texture": "#0"}, "south": {"uv": [1, 6.75, 1.25, 7], "texture": "#0"}, "up": {"uv": [7, 1.25, 6.75, 1], "texture": "#0"} } }, { "from": [4.05781, 17.78187, 7.73157], "to": [4.19317, 18.59403, 8.26845], "rotation": {"angle": -22.5, "axis": "z", "origin": [8.3622, 5.11037, 8]}, "faces": { "north": {"uv": [1.25, 6.75, 1.5, 7], "texture": "#0"}, "east": {"uv": [6.75, 1.25, 7, 1.5], "texture": "#0"}, "south": {"uv": [1.5, 6.75, 1.75, 7], "texture": "#0"}, "west": {"uv": [6.75, 1.5, 7, 1.75], "texture": "#0"}, "up": {"uv": [2, 7, 1.75, 6.75], "texture": "#0"} } }, { "from": [18.36193, 14.40072, 7.81541], "to": [18.82825, 14.53608, 8.18461], "rotation": {"angle": 45, "axis": "z", "origin": [8.3622, 5.11037, 8]}, "faces": { "north": {"uv": [6.75, 1.75, 7, 2], "texture": "#0"}, "east": {"uv": [2, 6.75, 2.25, 7], "texture": "#0"}, "south": {"uv": [6.75, 2, 7, 2.25], "texture": "#0"}, "up": {"uv": [2.5, 7, 2.25, 6.75], "texture": "#0"} } }, { "from": [3.48071, 17.49779, 7.81541], "to": [3.61607, 17.95598, 8.18461], "rotation": {"angle": -22.5, "axis": "z", "origin": [8.3622, 5.11037, 8]}, "faces": { "north": {"uv": [6.75, 2.25, 7, 2.5], "texture": "#0"}, "south": {"uv": [2.5, 6.75, 2.75, 7], "texture": "#0"}, "west": {"uv": [6.75, 2.5, 7, 2.75], "texture": "#0"} } }, { "from": [8.59275, 17.09978, 7.81541], "to": [8.72811, 18.42292, 8.18461], "rotation": {"angle": 0, "axis": "y", "origin": [8.3622, 5.11037, 8]}, "faces": { "north": {"uv": [2.75, 6.75, 3, 7], "texture": "#0"}, "south": {"uv": [6.75, 2.75, 7, 3], "texture": "#0"}, "west": {"uv": [3, 6.75, 3.25, 7], "texture": "#0"} } }, { "from": [7.91595, 9.26034, 7.81541], "to": [8.05131, 11.96754, 8.18461], "rotation": {"angle": 0, "axis": "y", "origin": [8.3622, 5.11037, 8]}, "faces": { "north": {"uv": [5.25, 4.25, 5.5, 5], "texture": "#0"}, "south": {"uv": [5.25, 5, 5.5, 5.75], "texture": "#0"}, "west": {"uv": [5.5, 0, 5.75, 0.75], "texture": "#0"}, "up": {"uv": [7, 3.25, 6.75, 3], "texture": "#0"} } }, { "from": [3.73256, 16.18234, 7.81541], "to": [4.07096, 16.92682, 8.18461], "rotation": {"angle": -22.5, "axis": "z", "origin": [8.3622, 5.11037, 8]}, "faces": { "north": {"uv": [3.25, 6.75, 3.5, 7], "texture": "#0"}, "south": {"uv": [6.75, 3.25, 7, 3.5], "texture": "#0"}, "west": {"uv": [3.5, 6.75, 3.75, 7], "texture": "#0"} } }, { "from": [4.52047, 13.57273, 7.81541], "to": [4.85887, 14.31721, 8.18461], "rotation": {"angle": -22.5, "axis": "z", "origin": [8.3622, 5.11037, 8]}, "faces": { "north": {"uv": [6.75, 3.5, 7, 3.75], "texture": "#0"}, "south": {"uv": [3.75, 6.75, 4, 7], "texture": "#0"}, "west": {"uv": [6.75, 3.75, 7, 4], "texture": "#0"} } }, { "from": [5.3258, 11.2748, 7.81541], "to": [5.6642, 12.01928, 8.18461], "rotation": {"angle": -22.5, "axis": "z", "origin": [8.3622, 5.11037, 8]}, "faces": { "north": {"uv": [4, 6.75, 4.25, 7], "texture": "#0"}, "south": {"uv": [6.75, 4, 7, 4.25], "texture": "#0"}, "west": {"uv": [4.25, 6.75, 4.5, 7], "texture": "#0"} } }, { "from": [6.23674, 8.72187, 7.81541], "to": [6.57514, 9.46635, 8.18461], "rotation": {"angle": -22.5, "axis": "z", "origin": [8.3622, 5.11037, 8]}, "faces": { "north": {"uv": [6.75, 4.25, 7, 4.5], "texture": "#0"}, "south": {"uv": [4.5, 6.75, 4.75, 7], "texture": "#0"}, "west": {"uv": [6.75, 4.5, 7, 4.75], "texture": "#0"} } }, { "from": [7.21021, 6.19484, 7.81541], "to": [7.54861, 6.93932, 8.18461], "rotation": {"angle": -22.5, "axis": "z", "origin": [8.3622, 5.11037, 8]}, "faces": { "north": {"uv": [4.75, 6.75, 5, 7], "texture": "#0"}, "south": {"uv": [6.75, 4.75, 7, 5], "texture": "#0"}, "west": {"uv": [5, 6.75, 5.25, 7], "texture": "#0"} } }, { "from": [6.2983, 1.07987, 7.81541], "to": [6.6367, 1.82435, 8.18461], "rotation": {"angle": 22.5, "axis": "z", "origin": [8.3622, 5.11037, 8]}, "faces": { "north": {"uv": [6.75, 5, 7, 5.25], "texture": "#0"}, "south": {"uv": [5.25, 6.75, 5.5, 7], "texture": "#0"}, "west": {"uv": [6.75, 5.25, 7, 5.5], "texture": "#0"} } }, { "from": [8.32203, 14.40402, 7.81541], "to": [8.45739, 17.11122, 8.18461], "rotation": {"angle": 0, "axis": "y", "origin": [8.3622, 5.11037, 8]}, "faces": { "north": {"uv": [5.5, 0.75, 5.75, 1.5], "texture": "#0"}, "south": {"uv": [5.5, 1.5, 5.75, 2.25], "texture": "#0"}, "west": {"uv": [3.25, 5.5, 3.5, 6.25], "texture": "#0"} } }, { "from": [8.05131, 11.96754, 7.81541], "to": [8.18667, 14.40402, 8.18461], "rotation": {"angle": 0, "axis": "y", "origin": [8.3622, 5.11037, 8]}, "faces": { "north": {"uv": [6, 2.5, 6.25, 3], "texture": "#0"}, "south": {"uv": [6, 3, 6.25, 3.5], "texture": "#0"}, "west": {"uv": [6, 3.5, 6.25, 4], "texture": "#0"}, "up": {"uv": [5.75, 7, 5.5, 6.75], "texture": "#0"} } }, { "from": [7.78059, 6.55314, 7.81541], "to": [7.91595, 9.26034, 8.18461], "rotation": {"angle": 0, "axis": "y", "origin": [8.3622, 5.11037, 8]}, "faces": { "north": {"uv": [5.5, 3.5, 5.75, 4.25], "texture": "#0"}, "south": {"uv": [5.5, 4.25, 5.75, 5], "texture": "#0"}, "west": {"uv": [5.5, 5, 5.75, 5.75], "texture": "#0"} } }, { "from": [7.78059, -3.79134, 7.81541], "to": [7.91595, 1.28466, 8.18461], "rotation": {"angle": 0, "axis": "y", "origin": [8.3622, 5.11037, 8]}, "faces": { "north": {"uv": [4, 3.75, 4.25, 5], "texture": "#0"}, "south": {"uv": [4.25, 0, 4.5, 1.25], "texture": "#0"}, "west": {"uv": [4.25, 1.25, 4.5, 2.5], "texture": "#0"} } }, { "from": [7.71291, 1.2741, 7.81541], "to": [7.84827, 6.55314, 8.18461], "rotation": {"angle": 0, "axis": "y", "origin": [8.3622, 5.11037, 8]}, "faces": { "north": {"uv": [4.25, 2.5, 4.5, 3.75], "texture": "#0"}, "south": {"uv": [3.25, 4.25, 3.5, 5.5], "texture": "#0"}, "west": {"uv": [4.25, 3.75, 4.5, 5], "texture": "#0"}, "down": {"uv": [7, 5.5, 6.75, 5.75], "texture": "#0"} } }, { "from": [14.4245, 17.68842, 7.81541], "to": [14.98827, 17.82378, 8.18461], "rotation": {"angle": 22.5, "axis": "z", "origin": [8.3622, 5.11037, 8]}, "faces": { "north": {"uv": [5.75, 6.75, 6, 7], "texture": "#0"}, "east": {"uv": [6.75, 5.75, 7, 6], "texture": "#0"}, "south": {"uv": [6, 6.75, 6.25, 7], "texture": "#0"}, "west": {"uv": [6.75, 6, 7, 6.25], "texture": "#0"}, "up": {"uv": [6.5, 7, 6.25, 6.75], "texture": "#0"}, "down": {"uv": [7, 6.25, 6.75, 6.5], "texture": "#0"} } }, { "from": [4.05781, 18.59391, 7.81541], "to": [4.19317, 18.78545, 8.18461], "rotation": {"angle": -22.5, "axis": "z", "origin": [8.3622, 5.11037, 8]}, "faces": { "north": {"uv": [6.5, 6.75, 6.75, 7], "texture": "#0"}, "east": {"uv": [6.75, 6.5, 7, 6.75], "texture": "#0"}, "south": {"uv": [6.75, 6.75, 7, 7], "texture": "#0"}, "up": {"uv": [0.25, 7.25, 0, 7], "texture": "#0"} } }, { "from": [-1.22061, 15.08135, 7.89923], "to": [-1.06292, 15.60925, 8.10075], "rotation": {"angle": -45, "axis": "z", "origin": [8.3622, 5.11037, 8]}, "faces": { "north": {"uv": [7, 0, 7.25, 0.25], "texture": "#0"}, "east": {"uv": [0.25, 7, 0.5, 7.25], "texture": "#0"}, "south": {"uv": [7, 0.25, 7.25, 0.5], "texture": "#0"}, "west": {"uv": [0.5, 7, 0.75, 7.25], "texture": "#0"} } }, { "from": [3.32457, 17.46231, 7.89923], "to": [3.48226, 17.98954, 8.10075], "rotation": {"angle": -22.5, "axis": "z", "origin": [8.3622, 5.11037, 8]}, "faces": { "north": {"uv": [7, 0.5, 7.25, 0.75], "texture": "#0"}, "east": {"uv": [0.75, 7, 1, 7.25], "texture": "#0"}, "south": {"uv": [7, 0.75, 7.25, 1], "texture": "#0"}, "west": {"uv": [1, 7, 1.25, 7.25], "texture": "#0"} } }, { "from": [8.43492, 17.10307, 7.89923], "to": [8.59262, 18.4499, 8.10075], "rotation": {"angle": 0, "axis": "y", "origin": [8.3622, 5.11037, 8]}, "faces": { "north": {"uv": [7, 1, 7.25, 1.25], "texture": "#0"}, "east": {"uv": [1.25, 7, 1.5, 7.25], "texture": "#0"}, "south": {"uv": [7, 1.25, 7.25, 1.5], "texture": "#0"}, "west": {"uv": [1.5, 7, 1.75, 7.25], "texture": "#0"} } }, { "from": [7.75812, 9.26034, 7.89923], "to": [7.91582, 11.96754, 8.10075], "rotation": {"angle": 0, "axis": "y", "origin": [8.3622, 5.11037, 8]}, "faces": { "north": {"uv": [0, 5.75, 0.25, 6.5], "texture": "#0"}, "east": {"uv": [5.75, 0, 6, 0.75], "texture": "#0"}, "south": {"uv": [0.25, 5.75, 0.5, 6.5], "texture": "#0"}, "west": {"uv": [0.5, 5.75, 0.75, 6.5], "texture": "#0"} } }, { "from": [3.58675, 16.12194, 7.89923], "to": [4.01516, 16.86642, 8.10075], "rotation": {"angle": -22.5, "axis": "z", "origin": [8.3622, 5.11037, 8]}, "faces": { "north": {"uv": [7, 1.5, 7.25, 1.75], "texture": "#0"}, "south": {"uv": [1.75, 7, 2, 7.25], "texture": "#0"}, "west": {"uv": [7, 1.75, 7.25, 2], "texture": "#0"}, "down": {"uv": [2.25, 7, 2, 7.25], "texture": "#0"} } }, { "from": [4.37466, 13.51234, 7.89923], "to": [4.80307, 14.25682, 8.10075], "rotation": {"angle": -22.5, "axis": "z", "origin": [8.3622, 5.11037, 8]}, "faces": { "north": {"uv": [7, 2, 7.25, 2.25], "texture": "#0"}, "south": {"uv": [2.25, 7, 2.5, 7.25], "texture": "#0"}, "west": {"uv": [7, 2.25, 7.25, 2.5], "texture": "#0"}, "down": {"uv": [2.75, 7, 2.5, 7.25], "texture": "#0"} } }, { "from": [5.17998, 11.2144, 7.89923], "to": [5.6084, 11.95888, 8.10075], "rotation": {"angle": -22.5, "axis": "z", "origin": [8.3622, 5.11037, 8]}, "faces": { "north": {"uv": [7, 2.5, 7.25, 2.75], "texture": "#0"}, "south": {"uv": [2.75, 7, 3, 7.25], "texture": "#0"}, "west": {"uv": [7, 2.75, 7.25, 3], "texture": "#0"}, "up": {"uv": [3.25, 7.25, 3, 7], "texture": "#0"}, "down": {"uv": [7.25, 3, 7, 3.25], "texture": "#0"} } }, { "from": [6.09092, 8.66147, 7.89923], "to": [6.51933, 9.40595, 8.10075], "rotation": {"angle": -22.5, "axis": "z", "origin": [8.3622, 5.11037, 8]}, "faces": { "north": {"uv": [3.25, 7, 3.5, 7.25], "texture": "#0"}, "south": {"uv": [7, 3.25, 7.25, 3.5], "texture": "#0"}, "west": {"uv": [3.5, 7, 3.75, 7.25], "texture": "#0"}, "up": {"uv": [7.25, 3.75, 7, 3.5], "texture": "#0"}, "down": {"uv": [4, 7, 3.75, 7.25], "texture": "#0"} } }, { "from": [7.0644, 6.13445, 7.89923], "to": [7.49281, 6.87893, 8.10075], "rotation": {"angle": -22.5, "axis": "z", "origin": [8.3622, 5.11037, 8]}, "faces": { "north": {"uv": [7, 3.75, 7.25, 4], "texture": "#0"}, "south": {"uv": [4, 7, 4.25, 7.25], "texture": "#0"}, "west": {"uv": [7, 4, 7.25, 4.25], "texture": "#0"}, "down": {"uv": [4.5, 7, 4.25, 7.25], "texture": "#0"} } }, { "from": [6.15248, 1.14026, 7.89923], "to": [6.58089, 1.88474, 8.10075], "rotation": {"angle": 22.5, "axis": "z", "origin": [8.3622, 5.11037, 8]}, "faces": { "north": {"uv": [7, 4.25, 7.25, 4.5], "texture": "#0"}, "south": {"uv": [4.5, 7, 4.75, 7.25], "texture": "#0"}, "west": {"uv": [7, 4.5, 7.25, 4.75], "texture": "#0"}, "up": {"uv": [5, 7.25, 4.75, 7], "texture": "#0"} } }, { "from": [8.1642, 14.40402, 7.89923], "to": [8.3219, 17.11122, 8.10075], "rotation": {"angle": 0, "axis": "y", "origin": [8.3622, 5.11037, 8]}, "faces": { "north": {"uv": [0.75, 5.75, 1, 6.5], "texture": "#0"}, "east": {"uv": [5.75, 0.75, 6, 1.5], "texture": "#0"}, "south": {"uv": [1, 5.75, 1.25, 6.5], "texture": "#0"}, "west": {"uv": [1.25, 5.75, 1.5, 6.5], "texture": "#0"} } }, { "from": [7.89348, 11.96754, 7.89923], "to": [8.05118, 14.40402, 8.10075], "rotation": {"angle": 0, "axis": "y", "origin": [8.3622, 5.11037, 8]}, "faces": { "north": {"uv": [6, 4, 6.25, 4.5], "texture": "#0"}, "east": {"uv": [6, 4.5, 6.25, 5], "texture": "#0"}, "south": {"uv": [6, 5, 6.25, 5.5], "texture": "#0"}, "west": {"uv": [6, 5.5, 6.25, 6], "texture": "#0"}, "up": {"uv": [7.25, 5, 7, 4.75], "texture": "#0"} } }, { "from": [7.62276, 6.55314, 7.89923], "to": [7.78046, 9.26034, 8.10075], "rotation": {"angle": 0, "axis": "y", "origin": [8.3622, 5.11037, 8]}, "faces": { "north": {"uv": [1.5, 5.75, 1.75, 6.5], "texture": "#0"}, "east": {"uv": [5.75, 1.5, 6, 2.25], "texture": "#0"}, "south": {"uv": [1.75, 5.75, 2, 6.5], "texture": "#0"}, "west": {"uv": [2, 5.75, 2.25, 6.5], "texture": "#0"} } }, { "from": [7.62276, -3.79134, 7.89923], "to": [7.78046, 1.28466, 8.10075], "rotation": {"angle": 0, "axis": "y", "origin": [8.3622, 5.11037, 8]}, "faces": { "north": {"uv": [0, 4.5, 0.25, 5.75], "texture": "#0"}, "east": {"uv": [4.5, 0, 4.75, 1.25], "texture": "#0"}, "south": {"uv": [0.25, 4.5, 0.5, 5.75], "texture": "#0"}, "west": {"uv": [0.5, 4.5, 0.75, 5.75], "texture": "#0"} } }, { "from": [7.55508, 1.2741, 7.89923], "to": [7.71278, 6.55314, 8.10075], "rotation": {"angle": 0, "axis": "y", "origin": [8.3622, 5.11037, 8]}, "faces": { "north": {"uv": [0.75, 4.5, 1, 5.75], "texture": "#0"}, "east": {"uv": [1, 4.5, 1.25, 5.75], "texture": "#0"}, "south": {"uv": [1.25, 4.5, 1.5, 5.75], "texture": "#0"}, "west": {"uv": [4.5, 1.25, 4.75, 2.5], "texture": "#0"}, "down": {"uv": [5.25, 7, 5, 7.25], "texture": "#0"} } }, { "from": [14.39472, 17.82379, 7.89923], "to": [15.14597, 17.98149, 8.10075], "rotation": {"angle": 22.5, "axis": "z", "origin": [8.3622, 5.11037, 8]}, "faces": { "north": {"uv": [7, 5, 7.25, 5.25], "texture": "#0"}, "east": {"uv": [5.25, 7, 5.5, 7.25], "texture": "#0"}, "south": {"uv": [7, 5.25, 7.25, 5.5], "texture": "#0"}, "west": {"uv": [5.5, 7, 5.75, 7.25], "texture": "#0"}, "up": {"uv": [7.25, 5.75, 7, 5.5], "texture": "#0"}, "down": {"uv": [6, 7, 5.75, 7.25], "texture": "#0"} } }, { "from": [4.05781, 18.78513, 7.89925], "to": [4.19317, 19.00847, 8.10077], "rotation": {"angle": -22.5, "axis": "z", "origin": [8.3622, 5.11037, 8]}, "faces": { "north": {"uv": [7, 5.75, 7.25, 6], "texture": "#0"}, "east": {"uv": [6, 7, 6.25, 7.25], "texture": "#0"}, "south": {"uv": [7, 6, 7.25, 6.25], "texture": "#0"}, "west": {"uv": [6.25, 7, 6.5, 7.25], "texture": "#0"}, "up": {"uv": [7.25, 6.5, 7, 6.25], "texture": "#0"} } }, { "from": [7.2, -3.9, 7.5], "to": [8.8, -3.5, 8.5], "rotation": {"angle": 0, "axis": "y", "origin": [8.3622, 5.11037, 8]}, "faces": { "north": {"uv": [6.75, 1.25, 6.25, 1], "texture": "#0"}, "east": {"uv": [6.75, 1.25, 6.25, 1], "texture": "#0"}, "south": {"uv": [6.75, 1.25, 6.25, 1], "texture": "#0"}, "west": {"uv": [6.75, 1.25, 6.25, 1], "texture": "#0"}, "up": {"uv": [6.75, 1.25, 6.25, 1], "texture": "#0"}, "down": {"uv": [6.75, 1.25, 6.25, 1], "texture": "#0"} } }, { "from": [12.02345, -3.08465, 7.5], "to": [12.92345, -2.68465, 8.5], "rotation": {"angle": -22.5, "axis": "z", "origin": [8.3622, 5.11037, 8]}, "faces": { "north": {"uv": [7.75, 3.5, 7.5, 3.25], "texture": "#0"}, "east": {"uv": [7.75, 3.5, 7.5, 3.25], "texture": "#0"}, "south": {"uv": [7.75, 3.5, 7.5, 3.25], "texture": "#0"}, "west": {"uv": [7.75, 3.5, 7.5, 3.25], "texture": "#0"}, "up": {"uv": [7.75, 3.5, 7.5, 3.25], "texture": "#0"}, "down": {"uv": [7.75, 3.5, 7.5, 3.25], "texture": "#0"} } }, { "from": [9.93659, -3.65888, 7.5], "to": [10.73659, -3.25888, 8.5], "rotation": {"angle": -22.5, "axis": "z", "origin": [8.3622, 5.11037, 8]}, "faces": { "north": {"uv": [7.5, 3.5, 7.75, 3.75], "texture": "#0"}, "south": {"uv": [3.75, 7.5, 4, 7.75], "texture": "#0"}, "west": {"uv": [7.5, 3.75, 7.75, 4], "texture": "#0"}, "up": {"uv": [4.25, 7.75, 4, 7.5], "texture": "#0"}, "down": {"uv": [7.75, 4, 7.5, 4.25], "texture": "#0"} } }, { "from": [18.28895, 14.69068, 7.9581], "to": [18.90484, 14.88019, 8.04194], "rotation": {"angle": 45, "axis": "z", "origin": [8.3622, 5.11037, 8]}, "faces": { "north": {"uv": [6.5, 7, 6.75, 7.25], "texture": "#0"}, "east": {"uv": [7, 6.5, 7.25, 6.75], "texture": "#0"}, "south": {"uv": [6.75, 7, 7, 7.25], "texture": "#0"}, "west": {"uv": [7, 6.75, 7.25, 7], "texture": "#0"}, "up": {"uv": [7.25, 7.25, 7, 7], "texture": "#0"}, "down": {"uv": [0.25, 7.25, 0, 7.5], "texture": "#0"} } }, { "from": [3.13486, 17.42466, 7.95808], "to": [3.32436, 18.02025, 8.04192], "rotation": {"angle": -22.5, "axis": "z", "origin": [8.3622, 5.11037, 8]}, "faces": { "north": {"uv": [7.25, 0, 7.5, 0.25], "texture": "#0"}, "east": {"uv": [0.25, 7.25, 0.5, 7.5], "texture": "#0"}, "south": {"uv": [7.25, 0.25, 7.5, 0.5], "texture": "#0"}, "west": {"uv": [0.5, 7.25, 0.75, 7.5], "texture": "#0"}, "up": {"uv": [7.5, 0.75, 7.25, 0.5], "texture": "#0"} } }, { "from": [8.24524, 17.10704, 7.95808], "to": [8.43475, 18.48771, 8.04192], "rotation": {"angle": 0, "axis": "y", "origin": [8.3622, 5.11037, 8]}, "faces": { "north": {"uv": [0.75, 7.25, 1, 7.5], "texture": "#0"}, "east": {"uv": [7.25, 0.75, 7.5, 1], "texture": "#0"}, "south": {"uv": [1, 7.25, 1.25, 7.5], "texture": "#0"}, "west": {"uv": [7.25, 1, 7.5, 1.25], "texture": "#0"} } }, { "from": [7.56844, 9.26034, 7.95808], "to": [7.75795, 11.96754, 8.04192], "rotation": {"angle": 0, "axis": "y", "origin": [8.3622, 5.11037, 8]}, "faces": { "north": {"uv": [2.25, 5.75, 2.5, 6.5], "texture": "#0"}, "east": {"uv": [2.5, 5.75, 2.75, 6.5], "texture": "#0"}, "south": {"uv": [2.75, 5.75, 3, 6.5], "texture": "#0"}, "west": {"uv": [3, 5.75, 3.25, 6.5], "texture": "#0"} } }, { "from": [3.4115, 16.04935, 7.95808], "to": [3.80405, 16.86151, 8.04192], "rotation": {"angle": -22.5, "axis": "z", "origin": [8.3622, 5.11037, 8]}, "faces": { "north": {"uv": [1.25, 7.25, 1.5, 7.5], "texture": "#0"}, "south": {"uv": [7.25, 1.25, 7.5, 1.5], "texture": "#0"}, "west": {"uv": [1.5, 7.25, 1.75, 7.5], "texture": "#0"}, "up": {"uv": [7.5, 1.75, 7.25, 1.5], "texture": "#0"}, "down": {"uv": [2, 7.25, 1.75, 7.5], "texture": "#0"} } }, { "from": [4.19942, 13.43975, 7.95808], "to": [4.59196, 14.25191, 8.04192], "rotation": {"angle": -22.5, "axis": "z", "origin": [8.3622, 5.11037, 8]}, "faces": { "north": {"uv": [7.25, 1.75, 7.5, 2], "texture": "#0"}, "south": {"uv": [2, 7.25, 2.25, 7.5], "texture": "#0"}, "west": {"uv": [7.25, 2, 7.5, 2.25], "texture": "#0"}, "up": {"uv": [2.5, 7.5, 2.25, 7.25], "texture": "#0"}, "down": {"uv": [7.5, 2.25, 7.25, 2.5], "texture": "#0"} } }, { "from": [5.00474, 11.14181, 7.95808], "to": [5.39728, 11.95397, 8.04192], "rotation": {"angle": -22.5, "axis": "z", "origin": [8.3622, 5.11037, 8]}, "faces": { "north": {"uv": [2.5, 7.25, 2.75, 7.5], "texture": "#0"}, "south": {"uv": [7.25, 2.5, 7.5, 2.75], "texture": "#0"}, "west": {"uv": [2.75, 7.25, 3, 7.5], "texture": "#0"}, "up": {"uv": [7.5, 3, 7.25, 2.75], "texture": "#0"}, "down": {"uv": [3.25, 7.25, 3, 7.5], "texture": "#0"} } }, { "from": [5.91569, 8.58889, 7.95808], "to": [6.30823, 9.40105, 8.04192], "rotation": {"angle": -22.5, "axis": "z", "origin": [8.3622, 5.11037, 8]}, "faces": { "north": {"uv": [7.25, 3, 7.5, 3.25], "texture": "#0"}, "south": {"uv": [3.25, 7.25, 3.5, 7.5], "texture": "#0"}, "west": {"uv": [7.25, 3.25, 7.5, 3.5], "texture": "#0"}, "up": {"uv": [3.75, 7.5, 3.5, 7.25], "texture": "#0"}, "down": {"uv": [7.5, 3.5, 7.25, 3.75], "texture": "#0"} } }, { "from": [6.88915, 6.06186, 7.95808], "to": [7.2817, 6.87402, 8.04192], "rotation": {"angle": -22.5, "axis": "z", "origin": [8.3622, 5.11037, 8]}, "faces": { "north": {"uv": [3.75, 7.25, 4, 7.5], "texture": "#0"}, "south": {"uv": [7.25, 3.75, 7.5, 4], "texture": "#0"}, "west": {"uv": [4, 7.25, 4.25, 7.5], "texture": "#0"}, "up": {"uv": [7.5, 4.25, 7.25, 4], "texture": "#0"}, "down": {"uv": [4.5, 7.25, 4.25, 7.5], "texture": "#0"} } }, { "from": [5.97724, 1.14517, 7.95808], "to": [6.36979, 1.95733, 8.04192], "rotation": {"angle": 22.5, "axis": "z", "origin": [8.3622, 5.11037, 8]}, "faces": { "north": {"uv": [7.25, 4.25, 7.5, 4.5], "texture": "#0"}, "south": {"uv": [4.5, 7.25, 4.75, 7.5], "texture": "#0"}, "west": {"uv": [7.25, 4.5, 7.5, 4.75], "texture": "#0"}, "up": {"uv": [5, 7.5, 4.75, 7.25], "texture": "#0"}, "down": {"uv": [7.5, 4.75, 7.25, 5], "texture": "#0"} } }, { "from": [7.97452, 14.40402, 7.95808], "to": [8.16403, 17.11122, 8.04192], "rotation": {"angle": 0, "axis": "y", "origin": [8.3622, 5.11037, 8]}, "faces": { "north": {"uv": [3.5, 5.75, 3.75, 6.5], "texture": "#0"}, "east": {"uv": [5.75, 3.5, 6, 4.25], "texture": "#0"}, "south": {"uv": [3.75, 5.75, 4, 6.5], "texture": "#0"}, "west": {"uv": [4, 5.75, 4.25, 6.5], "texture": "#0"} } }, { "from": [7.7038, 11.96754, 7.95808], "to": [7.89331, 14.40402, 8.04192], "rotation": {"angle": 0, "axis": "y", "origin": [8.3622, 5.11037, 8]}, "faces": { "north": {"uv": [5.75, 6, 6, 6.5], "texture": "#0"}, "east": {"uv": [6, 6, 6.25, 6.5], "texture": "#0"}, "south": {"uv": [6.25, 0, 6.5, 0.5], "texture": "#0"}, "west": {"uv": [6.25, 0.5, 6.5, 1], "texture": "#0"}, "up": {"uv": [5.25, 7.5, 5, 7.25], "texture": "#0"} } }, { "from": [7.43308, 6.55314, 7.95808], "to": [7.62259, 9.26034, 8.04192], "rotation": {"angle": 0, "axis": "y", "origin": [8.3622, 5.11037, 8]}, "faces": { "north": {"uv": [4.25, 5.75, 4.5, 6.5], "texture": "#0"}, "east": {"uv": [5.75, 4.25, 6, 5], "texture": "#0"}, "south": {"uv": [4.5, 5.75, 4.75, 6.5], "texture": "#0"}, "west": {"uv": [4.75, 5.75, 5, 6.5], "texture": "#0"}, "up": {"uv": [7.5, 5.25, 7.25, 5], "texture": "#0"} } }, { "from": [7.43308, -3.79134, 7.95808], "to": [7.62259, 1.28466, 8.04192], "rotation": {"angle": 0, "axis": "y", "origin": [8.3622, 5.11037, 8]}, "faces": { "north": {"uv": [1.5, 4.5, 1.75, 5.75], "texture": "#0"}, "east": {"uv": [1.75, 4.5, 2, 5.75], "texture": "#0"}, "south": {"uv": [2, 4.5, 2.25, 5.75], "texture": "#0"}, "west": {"uv": [2.25, 4.5, 2.5, 5.75], "texture": "#0"} } }, { "from": [7.3654, 1.2741, 7.95808], "to": [7.55491, 6.55314, 8.04192], "rotation": {"angle": 0, "axis": "y", "origin": [8.3622, 5.11037, 8]}, "faces": { "north": {"uv": [2.5, 4.5, 2.75, 5.75], "texture": "#0"}, "east": {"uv": [4.5, 2.5, 4.75, 3.75], "texture": "#0"}, "south": {"uv": [2.75, 4.5, 3, 5.75], "texture": "#0"}, "west": {"uv": [3, 4.5, 3.25, 5.75], "texture": "#0"}, "up": {"uv": [5.5, 7.5, 5.25, 7.25], "texture": "#0"}, "down": {"uv": [7.5, 5.25, 7.25, 5.5], "texture": "#0"} } }, { "from": [4.0578, 19.00576, 7.9581], "to": [4.19316, 19.27648, 8.04194], "rotation": {"angle": -22.5, "axis": "z", "origin": [8.3622, 5.11037, 8]}, "faces": { "north": {"uv": [5.5, 7.25, 5.75, 7.5], "texture": "#0"}, "east": {"uv": [7.25, 5.5, 7.5, 5.75], "texture": "#0"}, "south": {"uv": [5.75, 7.25, 6, 7.5], "texture": "#0"}, "west": {"uv": [7.25, 5.75, 7.5, 6], "texture": "#0"}, "up": {"uv": [6.25, 7.5, 6, 7.25], "texture": "#0"} } }, { "from": [14.36359, 17.9815, 7.9581], "to": [15.33547, 18.171, 8.04194], "rotation": {"angle": 22.5, "axis": "z", "origin": [8.3622, 5.11037, 8]}, "faces": { "north": {"uv": [7.25, 6, 7.5, 6.25], "texture": "#0"}, "east": {"uv": [6.25, 7.25, 6.5, 7.5], "texture": "#0"}, "south": {"uv": [7.25, 6.25, 7.5, 6.5], "texture": "#0"}, "west": {"uv": [6.5, 7.25, 6.75, 7.5], "texture": "#0"}, "up": {"uv": [7.5, 6.75, 7.25, 6.5], "texture": "#0"}, "down": {"uv": [7, 7.25, 6.75, 7.5], "texture": "#0"} } }, { "name": "hexadecagon", "from": [7.92169, -9.84053, 7.91897], "to": [8.09475, -3.79253, 8.78897], "rotation": {"angle": -45, "axis": "y", "origin": [8.3622, 5.11037, 8]}, "faces": { "north": {"uv": [0.5, 0, 0.75, 1.5], "texture": "#0"}, "east": {"uv": [0.5, 0, 0.75, 1.5], "texture": "#0"}, "south": {"uv": [0.5, 0, 0.75, 1.5], "texture": "#0"}, "west": {"uv": [0.5, 0, 0.75, 1.5], "texture": "#0"}, "up": {"uv": [0.5, 0, 0.75, 1.5], "texture": "#0"}, "down": {"uv": [0.5, 0, 0.75, 1.5], "texture": "#0"} } }, { "name": "hexadecagon", "from": [8.12675, -9.84053, 7.71391], "to": [8.29981, -3.79253, 8.58391], "rotation": {"angle": -45, "axis": "y", "origin": [8.3622, 5.11037, 8]}, "faces": { "north": {"uv": [1, 0, 1.25, 1.5], "texture": "#0"}, "east": {"uv": [1, 0, 1.25, 1.5], "texture": "#0"}, "south": {"uv": [1, 0, 1.25, 1.5], "texture": "#0"}, "west": {"uv": [1, 0, 1.25, 1.5], "texture": "#0"}, "up": {"uv": [1, 0, 1.25, 1.5], "texture": "#0"}, "down": {"uv": [1, 0, 1.25, 1.5], "texture": "#0"} } }, { "name": "hexadecagon", "from": [7.81318, -9.84053, 7.75657], "to": [7.98623, -3.79253, 8.62657], "rotation": {"angle": -22.5, "axis": "y", "origin": [8.3622, 5.11037, 8]}, "faces": { "north": {"uv": [1.5, 0, 1.75, 1.5], "texture": "#0"}, "east": {"uv": [1.5, 0, 1.75, 1.5], "texture": "#0"}, "south": {"uv": [1.5, 0, 1.75, 1.5], "texture": "#0"}, "west": {"uv": [1.5, 0, 1.75, 1.5], "texture": "#0"}, "up": {"uv": [1.5, 0, 1.75, 1.5], "texture": "#0"}, "down": {"uv": [1.5, 0, 1.75, 1.5], "texture": "#0"} } }, { "name": "hexadecagon", "from": [8.08111, -9.84053, 7.64559], "to": [8.25416, -3.79253, 8.51559], "rotation": {"angle": -22.5, "axis": "y", "origin": [8.3622, 5.11037, 8]}, "faces": { "north": {"uv": [0.5, 1.5, 0.75, 3], "texture": "#0"}, "east": {"uv": [0.5, 1.5, 0.75, 3], "texture": "#0"}, "south": {"uv": [0.5, 1.5, 0.75, 3], "texture": "#0"}, "west": {"uv": [0.5, 1.5, 0.75, 3], "texture": "#0"}, "up": {"uv": [0.5, 1.5, 0.75, 3], "texture": "#0"}, "down": {"uv": [0.5, 1.5, 0.75, 3], "texture": "#0"} } }, { "name": "hexadecagon", "from": [7.77508, -9.84053, 7.565], "to": [8.23813, -3.79253, 8.435], "rotation": {"angle": 0, "axis": "y", "origin": [8.00661, -8.31653, 8]}, "faces": { "north": {"uv": [1.5, 1.5, 1.75, 3], "texture": "#0"}, "east": {"uv": [1.5, 1.5, 1.75, 3], "texture": "#0"}, "south": {"uv": [1.5, 1.5, 1.75, 3], "texture": "#0"}, "west": {"uv": [1.5, 1.5, 1.75, 3], "texture": "#0"}, "up": {"uv": [1.5, 1.5, 1.75, 3], "texture": "#0"}, "down": {"uv": [1.5, 1.5, 1.75, 3], "texture": "#0"} } }, { "name": "hexadecagon", "from": [7.81319, -9.84053, 7.37343], "to": [7.98624, -3.79253, 8.24343], "rotation": {"angle": 22.5, "axis": "y", "origin": [8.3622, 5.11037, 8]}, "faces": { "north": {"uv": [1.75, 1.5, 2, 3], "texture": "#0"}, "east": {"uv": [1.75, 1.5, 2, 3], "texture": "#0"}, "south": {"uv": [1.75, 1.5, 2, 3], "texture": "#0"}, "west": {"uv": [1.75, 1.5, 2, 3], "texture": "#0"}, "up": {"uv": [1.75, 1.5, 2, 3], "texture": "#0"}, "down": {"uv": [1.75, 1.5, 2, 3], "texture": "#0"} } }, { "name": "hexadecagon", "from": [8.08112, -9.84053, 7.48441], "to": [8.25417, -3.79253, 8.35441], "rotation": {"angle": 22.5, "axis": "y", "origin": [8.3622, 5.11037, 8]}, "faces": { "north": {"uv": [2.25, 1.5, 2.5, 3], "texture": "#0"}, "east": {"uv": [2.25, 1.5, 2.5, 3], "texture": "#0"}, "south": {"uv": [2.25, 1.5, 2.5, 3], "texture": "#0"}, "west": {"uv": [2.25, 1.5, 2.5, 3], "texture": "#0"}, "up": {"uv": [2.25, 1.5, 2.5, 3], "texture": "#0"}, "down": {"uv": [2.25, 1.5, 2.5, 3], "texture": "#0"} } }, { "name": "hexadecagon", "from": [7.9217, -9.84053, 7.21103], "to": [8.09476, -3.79253, 8.08103], "rotation": {"angle": 45, "axis": "y", "origin": [8.3622, 5.11037, 8]}, "faces": { "north": {"uv": [2.5, 1.5, 2.75, 3], "texture": "#0"}, "east": {"uv": [2.5, 1.5, 2.75, 3], "texture": "#0"}, "south": {"uv": [2.5, 1.5, 2.75, 3], "texture": "#0"}, "west": {"uv": [2.5, 1.5, 2.75, 3], "texture": "#0"}, "up": {"uv": [2.5, 1.5, 2.75, 3], "texture": "#0"}, "down": {"uv": [2.5, 1.5, 2.75, 3], "texture": "#0"} } }, { "name": "hexadecagon", "from": [8.12676, -9.84053, 7.41609], "to": [8.29982, -3.79253, 8.28609], "rotation": {"angle": 45, "axis": "y", "origin": [8.3622, 5.11037, 8]}, "faces": { "north": {"uv": [3, 0, 3.25, 1.5], "texture": "#0"}, "east": {"uv": [3, 0, 3.25, 1.5], "texture": "#0"}, "south": {"uv": [3, 0, 3.25, 1.5], "texture": "#0"}, "west": {"uv": [3, 0, 3.25, 1.5], "texture": "#0"}, "up": {"uv": [3, 0, 3.25, 1.5], "texture": "#0"}, "down": {"uv": [3, 0, 3.25, 1.5], "texture": "#0"} } }, { "name": "hexadecagon", "from": [7.46471, -9.84053, 8.10504], "to": [8.33471, -3.79253, 8.27809], "rotation": {"angle": -22.5, "axis": "y", "origin": [8.3622, 5.11037, 8]}, "faces": { "north": {"uv": [1, 3, 1.25, 4.5], "texture": "#0"}, "east": {"uv": [1, 3, 1.25, 4.5], "texture": "#0"}, "south": {"uv": [1, 3, 1.25, 4.5], "texture": "#0"}, "west": {"uv": [1, 3, 1.25, 4.5], "texture": "#0"}, "up": {"uv": [1, 3, 1.25, 4.5], "texture": "#0"}, "down": {"uv": [1, 3, 1.25, 4.5], "texture": "#0"} } }, { "name": "hexadecagon", "from": [7.73263, -9.84053, 7.99406], "to": [8.60263, -3.79253, 8.16712], "rotation": {"angle": -22.5, "axis": "y", "origin": [8.3622, 5.11037, 8]}, "faces": { "north": {"uv": [1.25, 3, 1.5, 4.5], "texture": "#0"}, "east": {"uv": [1.25, 3, 1.5, 4.5], "texture": "#0"}, "south": {"uv": [1.25, 3, 1.5, 4.5], "texture": "#0"}, "west": {"uv": [1.25, 3, 1.5, 4.5], "texture": "#0"}, "up": {"uv": [1.25, 3, 1.5, 4.5], "texture": "#0"}, "down": {"uv": [1.25, 3, 1.5, 4.5], "texture": "#0"} } }, { "name": "hexadecagon", "from": [7.42661, -9.84053, 7.91347], "to": [8.29661, -3.79253, 8.08653], "rotation": {"angle": 0, "axis": "y", "origin": [8.3622, 5.11037, 8]}, "faces": { "north": {"uv": [2, 3, 2.25, 4.5], "texture": "#0"}, "east": {"uv": [2, 3, 2.25, 4.5], "texture": "#0"}, "south": {"uv": [2, 3, 2.25, 4.5], "texture": "#0"}, "west": {"uv": [2, 3, 2.25, 4.5], "texture": "#0"}, "up": {"uv": [2, 3, 2.25, 4.5], "texture": "#0"}, "down": {"uv": [2, 3, 2.25, 4.5], "texture": "#0"} } }, { "name": "hexadecagon", "from": [7.71661, -9.84053, 7.91347], "to": [8.58661, -3.79253, 8.08653], "rotation": {"angle": 0, "axis": "y", "origin": [8.3622, 5.11037, 8]}, "faces": { "north": {"uv": [2.25, 3, 2.5, 4.5], "texture": "#0"}, "east": {"uv": [2.25, 3, 2.5, 4.5], "texture": "#0"}, "south": {"uv": [2.25, 3, 2.5, 4.5], "texture": "#0"}, "west": {"uv": [2.25, 3, 2.5, 4.5], "texture": "#0"}, "up": {"uv": [2.25, 3, 2.5, 4.5], "texture": "#0"}, "down": {"uv": [2.25, 3, 2.5, 4.5], "texture": "#0"} } }, { "name": "hexadecagon", "from": [7.46472, -9.84053, 7.72191], "to": [8.33472, -3.79253, 7.89496], "rotation": {"angle": 22.5, "axis": "y", "origin": [8.3622, 5.11037, 8]}, "faces": { "north": {"uv": [3.25, 0, 3.5, 1.5], "texture": "#0"}, "east": {"uv": [3.25, 0, 3.5, 1.5], "texture": "#0"}, "south": {"uv": [3.25, 0, 3.5, 1.5], "texture": "#0"}, "west": {"uv": [3.25, 0, 3.5, 1.5], "texture": "#0"}, "up": {"uv": [3.25, 0, 3.5, 1.5], "texture": "#0"}, "down": {"uv": [3.25, 0, 3.5, 1.5], "texture": "#0"} } }, { "name": "hexadecagon", "from": [7.73264, -9.84053, 7.83288], "to": [8.60264, -3.79253, 8.00594], "rotation": {"angle": 22.5, "axis": "y", "origin": [8.3622, 5.11037, 8]}, "faces": { "north": {"uv": [3.25, 1.5, 3.5, 3], "texture": "#0"}, "east": {"uv": [3.25, 1.5, 3.5, 3], "texture": "#0"}, "south": {"uv": [3.25, 1.5, 3.5, 3], "texture": "#0"}, "west": {"uv": [3.25, 1.5, 3.5, 3], "texture": "#0"}, "up": {"uv": [3.25, 1.5, 3.5, 3], "texture": "#0"}, "down": {"uv": [3.25, 1.5, 3.5, 3], "texture": "#0"} } }, { "name": "hexadecagon", "from": [7.89544, -10.30822, 7.87096], "to": [8.09314, -9.33947, 8.86485], "rotation": {"angle": -45, "axis": "y", "origin": [8.3622, 8.11037, 8]}, "faces": { "north": {"uv": [4.25, 7.5, 4.5, 7.75], "texture": "#0"}, "east": {"uv": [4.25, 7.5, 4.5, 7.75], "texture": "#0"}, "south": {"uv": [4.25, 7.5, 4.5, 7.75], "texture": "#0"}, "west": {"uv": [4.25, 7.5, 4.5, 7.75], "texture": "#0"}, "up": {"uv": [4.25, 7.5, 4.5, 7.75], "texture": "#0"}, "down": {"uv": [4.25, 7.5, 4.5, 7.75], "texture": "#0"} } }, { "name": "hexadecagon", "from": [8.1297, -10.30822, 7.6367], "to": [8.3274, -9.33947, 8.63059], "rotation": {"angle": -45, "axis": "y", "origin": [8.3622, 8.11037, 8]}, "faces": { "north": {"uv": [7.5, 4.5, 7.75, 4.75], "texture": "#0"}, "east": {"uv": [7.5, 4.5, 7.75, 4.75], "texture": "#0"}, "south": {"uv": [7.5, 4.5, 7.75, 4.75], "texture": "#0"}, "west": {"uv": [7.5, 4.5, 7.75, 4.75], "texture": "#0"}, "up": {"uv": [7.5, 4.5, 7.75, 4.75], "texture": "#0"}, "down": {"uv": [7.5, 4.5, 7.75, 4.75], "texture": "#0"} } }, { "name": "hexadecagon", "from": [7.78265, -10.30822, 7.70217], "to": [7.98035, -9.33947, 8.69606], "rotation": {"angle": -22.5, "axis": "y", "origin": [8.3622, 8.11037, 8]}, "faces": { "north": {"uv": [7.5, 5, 7.75, 5.25], "texture": "#0"}, "east": {"uv": [7.5, 5, 7.75, 5.25], "texture": "#0"}, "south": {"uv": [7.5, 5, 7.75, 5.25], "texture": "#0"}, "west": {"uv": [7.5, 5, 7.75, 5.25], "texture": "#0"}, "up": {"uv": [7.5, 5, 7.75, 5.25], "texture": "#0"}, "down": {"uv": [7.5, 5, 7.75, 5.25], "texture": "#0"} } }, { "name": "hexadecagon", "from": [8.08874, -10.30822, 7.57539], "to": [8.28643, -9.33947, 8.56927], "rotation": {"angle": -22.5, "axis": "y", "origin": [8.3622, 8.11037, 8]}, "faces": { "north": {"uv": [5.5, 7.5, 5.75, 7.75], "texture": "#0"}, "east": {"uv": [5.5, 7.5, 5.75, 7.75], "texture": "#0"}, "south": {"uv": [5.5, 7.5, 5.75, 7.75], "texture": "#0"}, "west": {"uv": [5.5, 7.5, 5.75, 7.75], "texture": "#0"}, "up": {"uv": [5.5, 7.5, 5.75, 7.75], "texture": "#0"}, "down": {"uv": [5.5, 7.5, 5.75, 7.75], "texture": "#0"} } }, { "name": "hexadecagon", "from": [7.74305, -10.30822, 7.50306], "to": [8.27204, -9.33947, 8.49694], "rotation": {"angle": 0, "axis": "y", "origin": [8.3622, 8.11037, 8]}, "faces": { "north": {"uv": [6, 7.5, 6.25, 7.75], "texture": "#0"}, "east": {"uv": [6, 7.5, 6.25, 7.75], "texture": "#0"}, "south": {"uv": [6, 7.5, 6.25, 7.75], "texture": "#0"}, "west": {"uv": [6, 7.5, 6.25, 7.75], "texture": "#0"}, "up": {"uv": [6, 7.5, 6.25, 7.75], "texture": "#0"}, "down": {"uv": [6, 7.5, 6.25, 7.75], "texture": "#0"} } }, { "name": "hexadecagon", "from": [7.78266, -10.30822, 7.30394], "to": [7.98035, -9.33947, 8.29783], "rotation": {"angle": 22.5, "axis": "y", "origin": [8.3622, 8.11037, 8]}, "faces": { "north": {"uv": [6.75, 7.5, 7, 7.75], "texture": "#0"}, "east": {"uv": [6.75, 7.5, 7, 7.75], "texture": "#0"}, "south": {"uv": [6.75, 7.5, 7, 7.75], "texture": "#0"}, "west": {"uv": [6.75, 7.5, 7, 7.75], "texture": "#0"}, "up": {"uv": [6.75, 7.5, 7, 7.75], "texture": "#0"}, "down": {"uv": [6.75, 7.5, 7, 7.75], "texture": "#0"} } }, { "name": "hexadecagon", "from": [8.08874, -10.30822, 7.43073], "to": [8.28643, -9.33947, 8.42462], "rotation": {"angle": 22.5, "axis": "y", "origin": [8.3622, 8.11037, 8]}, "faces": { "north": {"uv": [7.25, 7.5, 7.5, 7.75], "texture": "#0"}, "east": {"uv": [7.25, 7.5, 7.5, 7.75], "texture": "#0"}, "south": {"uv": [7.25, 7.5, 7.5, 7.75], "texture": "#0"}, "west": {"uv": [7.25, 7.5, 7.5, 7.75], "texture": "#0"}, "up": {"uv": [7.25, 7.5, 7.5, 7.75], "texture": "#0"}, "down": {"uv": [7.25, 7.5, 7.5, 7.75], "texture": "#0"} } }, { "name": "hexadecagon", "from": [7.89544, -10.30822, 7.13515], "to": [8.09315, -9.33947, 8.12904], "rotation": {"angle": 45, "axis": "y", "origin": [8.3622, 8.11037, 8]}, "faces": { "north": {"uv": [7.75, 0, 8, 0.25], "texture": "#0"}, "east": {"uv": [7.75, 0, 8, 0.25], "texture": "#0"}, "south": {"uv": [7.75, 0, 8, 0.25], "texture": "#0"}, "west": {"uv": [7.75, 0, 8, 0.25], "texture": "#0"}, "up": {"uv": [7.75, 0, 8, 0.25], "texture": "#0"}, "down": {"uv": [7.75, 0, 8, 0.25], "texture": "#0"} } }, { "name": "hexadecagon", "from": [8.1297, -10.30822, 7.36941], "to": [8.32741, -9.33947, 8.3633], "rotation": {"angle": 45, "axis": "y", "origin": [8.3622, 8.11037, 8]}, "faces": { "north": {"uv": [0.5, 7.75, 0.75, 8], "texture": "#0"}, "east": {"uv": [0.5, 7.75, 0.75, 8], "texture": "#0"}, "south": {"uv": [0.5, 7.75, 0.75, 8], "texture": "#0"}, "west": {"uv": [0.5, 7.75, 0.75, 8], "texture": "#0"}, "up": {"uv": [0.5, 7.75, 0.75, 8], "texture": "#0"}, "down": {"uv": [0.5, 7.75, 0.75, 8], "texture": "#0"} } }, { "name": "hexadecagon", "from": [7.38456, -10.30822, 8.10026], "to": [8.37845, -9.33947, 8.29795], "rotation": {"angle": -22.5, "axis": "y", "origin": [8.3622, 8.11037, 8]}, "faces": { "north": {"uv": [7.75, 0.75, 8, 1], "texture": "#0"}, "east": {"uv": [7.75, 0.75, 8, 1], "texture": "#0"}, "south": {"uv": [7.75, 0.75, 8, 1], "texture": "#0"}, "west": {"uv": [7.75, 0.75, 8, 1], "texture": "#0"}, "up": {"uv": [7.75, 0.75, 8, 1], "texture": "#0"}, "down": {"uv": [7.75, 0.75, 8, 1], "texture": "#0"} } }, { "name": "hexadecagon", "from": [7.69063, -10.30822, 7.97348], "to": [8.68452, -9.33947, 8.17118], "rotation": {"angle": -22.5, "axis": "y", "origin": [8.3622, 8.11037, 8]}, "faces": { "north": {"uv": [1.25, 7.75, 1.5, 8], "texture": "#0"}, "east": {"uv": [1.25, 7.75, 1.5, 8], "texture": "#0"}, "south": {"uv": [1.25, 7.75, 1.5, 8], "texture": "#0"}, "west": {"uv": [1.25, 7.75, 1.5, 8], "texture": "#0"}, "up": {"uv": [1.25, 7.75, 1.5, 8], "texture": "#0"}, "down": {"uv": [1.25, 7.75, 1.5, 8], "texture": "#0"} } }, { "name": "hexadecagon", "from": [7.34496, -10.30822, 7.90115], "to": [8.33885, -9.33947, 8.09885], "rotation": {"angle": 0, "axis": "y", "origin": [8.3622, 8.11037, 8]}, "faces": { "north": {"uv": [7.75, 1.5, 8, 1.75], "texture": "#0"}, "east": {"uv": [7.75, 1.5, 8, 1.75], "texture": "#0"}, "south": {"uv": [7.75, 1.5, 8, 1.75], "texture": "#0"}, "west": {"uv": [7.75, 1.5, 8, 1.75], "texture": "#0"}, "up": {"uv": [7.75, 1.5, 8, 1.75], "texture": "#0"}, "down": {"uv": [7.75, 1.5, 8, 1.75], "texture": "#0"} } }, { "name": "hexadecagon", "from": [7.67626, -10.30822, 7.90115], "to": [8.67014, -9.33947, 8.09885], "rotation": {"angle": 0, "axis": "y", "origin": [8.3622, 8.11037, 8]}, "faces": { "north": {"uv": [2, 7.75, 2.25, 8], "texture": "#0"}, "east": {"uv": [2, 7.75, 2.25, 8], "texture": "#0"}, "south": {"uv": [2, 7.75, 2.25, 8], "texture": "#0"}, "west": {"uv": [2, 7.75, 2.25, 8], "texture": "#0"}, "up": {"uv": [2, 7.75, 2.25, 8], "texture": "#0"}, "down": {"uv": [2, 7.75, 2.25, 8], "texture": "#0"} } }, { "name": "hexadecagon", "from": [7.38456, -10.30822, 7.70205], "to": [8.37845, -9.33947, 7.89974], "rotation": {"angle": 22.5, "axis": "y", "origin": [8.3622, 8.11037, 8]}, "faces": { "north": {"uv": [7.75, 2.25, 8, 2.5], "texture": "#0"}, "east": {"uv": [7.75, 2.25, 8, 2.5], "texture": "#0"}, "south": {"uv": [7.75, 2.25, 8, 2.5], "texture": "#0"}, "west": {"uv": [7.75, 2.25, 8, 2.5], "texture": "#0"}, "up": {"uv": [7.75, 2.25, 8, 2.5], "texture": "#0"}, "down": {"uv": [7.75, 2.25, 8, 2.5], "texture": "#0"} } }, { "name": "hexadecagon", "from": [7.69064, -10.30822, 7.82882], "to": [8.68452, -9.33947, 8.02652], "rotation": {"angle": 22.5, "axis": "y", "origin": [8.3622, 8.11037, 8]}, "faces": { "north": {"uv": [2.75, 7.75, 3, 8], "texture": "#0"}, "east": {"uv": [2.75, 7.75, 3, 8], "texture": "#0"}, "south": {"uv": [2.75, 7.75, 3, 8], "texture": "#0"}, "west": {"uv": [2.75, 7.75, 3, 8], "texture": "#0"}, "up": {"uv": [2.75, 7.75, 3, 8], "texture": "#0"}, "down": {"uv": [2.75, 7.75, 3, 8], "texture": "#0"} } }, { "name": "hexadecagon", "from": [7.89544, -3.60822, 7.87096], "to": [8.09314, -2.63947, 8.86485], "rotation": {"angle": -45, "axis": "y", "origin": [8.3622, 5.11037, 8]}, "faces": { "north": {"uv": [7.75, 3, 8, 3.25], "texture": "#0"}, "east": {"uv": [7.75, 3, 8, 3.25], "texture": "#0"}, "south": {"uv": [7.75, 3, 8, 3.25], "texture": "#0"}, "west": {"uv": [7.75, 3, 8, 3.25], "texture": "#0"}, "up": {"uv": [7.75, 3, 8, 3.25], "texture": "#0"}, "down": {"uv": [7.75, 3, 8, 3.25], "texture": "#0"} } }, { "name": "hexadecagon", "from": [8.1297, -3.60822, 7.6367], "to": [8.3274, -2.63947, 8.63059], "rotation": {"angle": -45, "axis": "y", "origin": [8.3622, 5.11037, 8]}, "faces": { "north": {"uv": [3.5, 7.75, 3.75, 8], "texture": "#0"}, "east": {"uv": [3.5, 7.75, 3.75, 8], "texture": "#0"}, "south": {"uv": [3.5, 7.75, 3.75, 8], "texture": "#0"}, "west": {"uv": [3.5, 7.75, 3.75, 8], "texture": "#0"}, "up": {"uv": [3.5, 7.75, 3.75, 8], "texture": "#0"}, "down": {"uv": [3.5, 7.75, 3.75, 8], "texture": "#0"} } }, { "name": "hexadecagon", "from": [7.78265, -3.60822, 7.70217], "to": [7.98035, -2.63947, 8.69606], "rotation": {"angle": -22.5, "axis": "y", "origin": [8.3622, 5.11037, 8]}, "faces": { "north": {"uv": [4, 7.75, 4.25, 8], "texture": "#0"}, "east": {"uv": [4, 7.75, 4.25, 8], "texture": "#0"}, "south": {"uv": [4, 7.75, 4.25, 8], "texture": "#0"}, "west": {"uv": [4, 7.75, 4.25, 8], "texture": "#0"}, "up": {"uv": [4, 7.75, 4.25, 8], "texture": "#0"}, "down": {"uv": [4, 7.75, 4.25, 8], "texture": "#0"} } }, { "name": "hexadecagon", "from": [8.08874, -3.60822, 7.57539], "to": [8.28643, -2.63947, 8.56927], "rotation": {"angle": -22.5, "axis": "y", "origin": [8.3622, 5.11037, 8]}, "faces": { "north": {"uv": [8, 4.75, 7.75, 4.5], "texture": "#0"}, "east": {"uv": [8, 4.75, 7.75, 4.5], "texture": "#0"}, "south": {"uv": [8, 4.75, 7.75, 4.5], "texture": "#0"}, "west": {"uv": [8, 4.75, 7.75, 4.5], "texture": "#0"}, "up": {"uv": [8, 4.75, 7.75, 4.5], "texture": "#0"}, "down": {"uv": [8, 4.75, 7.75, 4.5], "texture": "#0"} } }, { "name": "hexadecagon", "from": [7.74305, -3.60822, 7.50306], "to": [8.27204, -2.63947, 8.49694], "rotation": {"angle": 0, "axis": "y", "origin": [8.3622, 5.11037, 8]}, "faces": { "north": {"uv": [8, 5.5, 7.75, 5.25], "texture": "#0"}, "east": {"uv": [8, 5.5, 7.75, 5.25], "texture": "#0"}, "south": {"uv": [8, 5.5, 7.75, 5.25], "texture": "#0"}, "west": {"uv": [8, 5.5, 7.75, 5.25], "texture": "#0"}, "up": {"uv": [8, 5.5, 7.75, 5.25], "texture": "#0"}, "down": {"uv": [8, 5.5, 7.75, 5.25], "texture": "#0"} } }, { "name": "hexadecagon", "from": [7.78266, -3.60822, 7.30394], "to": [7.98035, -2.63947, 8.29783], "rotation": {"angle": 22.5, "axis": "y", "origin": [8.3622, 5.11037, 8]}, "faces": { "north": {"uv": [6, 8, 5.75, 7.75], "texture": "#0"}, "east": {"uv": [6, 8, 5.75, 7.75], "texture": "#0"}, "south": {"uv": [6, 8, 5.75, 7.75], "texture": "#0"}, "west": {"uv": [6, 8, 5.75, 7.75], "texture": "#0"}, "up": {"uv": [6, 8, 5.75, 7.75], "texture": "#0"}, "down": {"uv": [6, 8, 5.75, 7.75], "texture": "#0"} } }, { "name": "hexadecagon", "from": [8.08874, -3.60822, 7.43073], "to": [8.28643, -2.63947, 8.42462], "rotation": {"angle": 22.5, "axis": "y", "origin": [8.3622, 5.11037, 8]}, "faces": { "south": {"uv": [6, 7.75, 6.25, 8], "texture": "#0"}, "west": {"uv": [7.75, 6, 8, 6.25], "texture": "#0"}, "up": {"uv": [6.5, 8, 6.25, 7.75], "texture": "#0"}, "down": {"uv": [8, 6.25, 7.75, 6.5], "texture": "#0"} } }, { "name": "hexadecagon", "from": [7.89544, -3.60822, 7.13515], "to": [8.09315, -2.63947, 8.12904], "rotation": {"angle": 45, "axis": "y", "origin": [8.3622, 5.11037, 8]}, "faces": { "north": {"uv": [6.5, 7.75, 6.75, 8], "texture": "#0"}, "east": {"uv": [6.5, 7.75, 6.75, 8], "texture": "#0"}, "south": {"uv": [6.5, 7.75, 6.75, 8], "texture": "#0"}, "west": {"uv": [6.5, 7.75, 6.75, 8], "texture": "#0"}, "up": {"uv": [6.5, 7.75, 6.75, 8], "texture": "#0"}, "down": {"uv": [6.5, 7.75, 6.75, 8], "texture": "#0"} } }, { "name": "hexadecagon", "from": [8.1297, -3.60822, 7.36941], "to": [8.32741, -2.63947, 8.3633], "rotation": {"angle": 45, "axis": "y", "origin": [8.3622, 5.11037, 8]}, "faces": { "south": {"uv": [7.75, 6.75, 8, 7], "texture": "#0"}, "up": {"uv": [7.25, 8, 7, 7.75], "texture": "#0"}, "down": {"uv": [8, 7, 7.75, 7.25], "texture": "#0"} } }, { "name": "hexadecagon", "from": [7.38456, -3.60822, 8.10026], "to": [8.37845, -2.63947, 8.29795], "rotation": {"angle": -22.5, "axis": "y", "origin": [8.3622, 5.11037, 8]}, "faces": { "north": {"uv": [7.25, 7.75, 7.5, 8], "texture": "#0"}, "east": {"uv": [7.25, 7.75, 7.5, 8], "texture": "#0"}, "south": {"uv": [7.25, 7.75, 7.5, 8], "texture": "#0"}, "west": {"uv": [7.25, 7.75, 7.5, 8], "texture": "#0"}, "up": {"uv": [7.25, 7.75, 7.5, 8], "texture": "#0"}, "down": {"uv": [7.25, 7.75, 7.5, 8], "texture": "#0"} } }, { "name": "hexadecagon", "from": [7.69063, -3.60822, 7.97348], "to": [8.68452, -2.63947, 8.17118], "rotation": {"angle": -22.5, "axis": "y", "origin": [8.3622, 5.11037, 8]}, "faces": { "north": {"uv": [7.75, 7.5, 8, 7.75], "texture": "#0"}, "east": {"uv": [7.75, 7.5, 8, 7.75], "texture": "#0"}, "south": {"uv": [7.75, 7.5, 8, 7.75], "texture": "#0"}, "west": {"uv": [7.75, 7.5, 8, 7.75], "texture": "#0"}, "up": {"uv": [7.75, 7.5, 8, 7.75], "texture": "#0"}, "down": {"uv": [7.75, 7.5, 8, 7.75], "texture": "#0"} } }, { "name": "hexadecagon", "from": [7.34496, -3.60822, 7.90115], "to": [8.33885, -2.63947, 8.09885], "rotation": {"angle": 0, "axis": "y", "origin": [8.3622, 5.11037, 8]}, "faces": { "north": {"uv": [8, 0, 8.25, 0.25], "texture": "#0"}, "east": {"uv": [8, 0, 8.25, 0.25], "texture": "#0"}, "south": {"uv": [8, 0, 8.25, 0.25], "texture": "#0"}, "west": {"uv": [8, 0, 8.25, 0.25], "texture": "#0"}, "up": {"uv": [8, 0, 8.25, 0.25], "texture": "#0"}, "down": {"uv": [8, 0, 8.25, 0.25], "texture": "#0"} } }, { "name": "hexadecagon", "from": [7.67626, -3.60822, 7.90115], "to": [8.67014, -2.63947, 8.09885], "rotation": {"angle": 0, "axis": "y", "origin": [8.3622, 5.11037, 8]}, "faces": { "north": {"uv": [8, 0.25, 8.25, 0.5], "texture": "#0"}, "east": {"uv": [8, 0.25, 8.25, 0.5], "texture": "#0"}, "south": {"uv": [8, 0.25, 8.25, 0.5], "texture": "#0"}, "west": {"uv": [8, 0.25, 8.25, 0.5], "texture": "#0"}, "up": {"uv": [8, 0.25, 8.25, 0.5], "texture": "#0"}, "down": {"uv": [8, 0.25, 8.25, 0.5], "texture": "#0"} } }, { "name": "hexadecagon", "from": [7.38456, -3.60822, 7.70205], "to": [8.37845, -2.63947, 7.89974], "rotation": {"angle": 22.5, "axis": "y", "origin": [8.3622, 5.11037, 8]}, "faces": { "north": {"uv": [8, 0.5, 8.25, 0.75], "texture": "#0"}, "east": {"uv": [8, 0.5, 8.25, 0.75], "texture": "#0"}, "south": {"uv": [8, 0.5, 8.25, 0.75], "texture": "#0"}, "west": {"uv": [8, 0.5, 8.25, 0.75], "texture": "#0"}, "up": {"uv": [8, 0.5, 8.25, 0.75], "texture": "#0"}, "down": {"uv": [8, 0.5, 8.25, 0.75], "texture": "#0"} } }, { "name": "hexadecagon", "from": [7.69064, -3.60822, 7.82882], "to": [8.68452, -2.63947, 8.02652], "rotation": {"angle": 22.5, "axis": "y", "origin": [8.3622, 5.11037, 8]}, "faces": { "north": {"uv": [1, 8, 1.25, 8.25], "texture": "#0"}, "east": {"uv": [1, 8, 1.25, 8.25], "texture": "#0"}, "south": {"uv": [1, 8, 1.25, 8.25], "texture": "#0"}, "west": {"uv": [1, 8, 1.25, 8.25], "texture": "#0"}, "up": {"uv": [1, 8, 1.25, 8.25], "texture": "#0"}, "down": {"uv": [1, 8, 1.25, 8.25], "texture": "#0"} } }, { "name": "hexadecagon", "from": [7.1848, -10.73384, 7.92384], "to": [7.5896, -10.41176, 8.08576], "rotation": {"angle": 45, "axis": "z", "origin": [7.9944, -10.5728, 8.0048]}, "faces": { "north": {"uv": [6.25, 8, 6.5, 8.25], "texture": "#0"}, "east": {"uv": [6.25, 8, 6.5, 8.25], "texture": "#0"}, "south": {"uv": [6.25, 8, 6.5, 8.25], "texture": "#0"}, "west": {"uv": [6.25, 8, 6.5, 8.25], "texture": "#0"}, "up": {"uv": [6.25, 8, 6.5, 8.25], "texture": "#0"}, "down": {"uv": [6.25, 8, 6.5, 8.25], "texture": "#0"} } }, { "name": "hexadecagon", "from": [7.1848, -10.73384, 7.92384], "to": [7.5896, -10.41176, 8.08576], "rotation": {"angle": 22.5, "axis": "z", "origin": [7.9944, -10.5728, 8.0048]}, "faces": { "north": {"uv": [7, 8, 7.25, 8.25], "texture": "#0"}, "east": {"uv": [7, 8, 7.25, 8.25], "texture": "#0"}, "south": {"uv": [7, 8, 7.25, 8.25], "texture": "#0"}, "west": {"uv": [7, 8, 7.25, 8.25], "texture": "#0"}, "up": {"uv": [7, 8, 7.25, 8.25], "texture": "#0"}, "down": {"uv": [7, 8, 7.25, 8.25], "texture": "#0"} } }, { "name": "hexadecagon", "from": [7.1848, -10.73384, 7.92384], "to": [7.5896, -10.41176, 8.08576], "rotation": {"angle": 0, "axis": "y", "origin": [7.9944, -10.5728, 8.0048]}, "faces": { "north": {"uv": [7.75, 8, 8, 8.25], "texture": "#0"}, "east": {"uv": [7.75, 8, 8, 8.25], "texture": "#0"}, "south": {"uv": [7.75, 8, 8, 8.25], "texture": "#0"}, "west": {"uv": [7.75, 8, 8, 8.25], "texture": "#0"}, "up": {"uv": [7.75, 8, 8, 8.25], "texture": "#0"}, "down": {"uv": [7.75, 8, 8, 8.25], "texture": "#0"} } }, { "name": "hexadecagon", "from": [7.1848, -10.73384, 7.92384], "to": [7.5896, -10.41176, 8.08576], "rotation": {"angle": -22.5, "axis": "z", "origin": [7.9944, -10.5728, 8.0048]}, "faces": { "north": {"uv": [0.5, 8.25, 0.75, 8.5], "texture": "#0"}, "east": {"uv": [0.5, 8.25, 0.75, 8.5], "texture": "#0"}, "south": {"uv": [0.5, 8.25, 0.75, 8.5], "texture": "#0"}, "west": {"uv": [0.5, 8.25, 0.75, 8.5], "texture": "#0"}, "up": {"uv": [0.5, 8.25, 0.75, 8.5], "texture": "#0"}, "down": {"uv": [0.5, 8.25, 0.75, 8.5], "texture": "#0"} } }, { "name": "hexadecagon", "from": [7.1848, -10.73384, 7.92384], "to": [7.5896, -10.41176, 8.08576], "rotation": {"angle": -45, "axis": "z", "origin": [7.9944, -10.5728, 8.0048]}, "faces": { "north": {"uv": [8.25, 1, 8.5, 1.25], "texture": "#0"}, "east": {"uv": [8.25, 1, 8.5, 1.25], "texture": "#0"}, "south": {"uv": [8.25, 1, 8.5, 1.25], "texture": "#0"}, "west": {"uv": [8.25, 1, 8.5, 1.25], "texture": "#0"}, "up": {"uv": [8.25, 1, 8.5, 1.25], "texture": "#0"}, "down": {"uv": [8.25, 1, 8.5, 1.25], "texture": "#0"} } }, { "name": "hexadecagon", "from": [8.3992, -10.73384, 7.92384], "to": [8.804, -10.41176, 8.08576], "rotation": {"angle": 45, "axis": "z", "origin": [7.9944, -10.5728, 8.0048]}, "faces": { "north": {"uv": [8.25, 1.75, 8.5, 2], "texture": "#0"}, "east": {"uv": [8.25, 1.75, 8.5, 2], "texture": "#0"}, "south": {"uv": [8.25, 1.75, 8.5, 2], "texture": "#0"}, "west": {"uv": [8.25, 1.75, 8.5, 2], "texture": "#0"}, "up": {"uv": [8.25, 1.75, 8.5, 2], "texture": "#0"}, "down": {"uv": [8.25, 1.75, 8.5, 2], "texture": "#0"} } }, { "name": "hexadecagon", "from": [8.3992, -10.73384, 7.92384], "to": [8.804, -10.41176, 8.08576], "rotation": {"angle": 22.5, "axis": "z", "origin": [7.9944, -10.5728, 8.0048]}, "faces": { "north": {"uv": [8.25, 2.5, 8.5, 2.75], "texture": "#0"}, "east": {"uv": [8.25, 2.5, 8.5, 2.75], "texture": "#0"}, "south": {"uv": [8.25, 2.5, 8.5, 2.75], "texture": "#0"}, "west": {"uv": [8.25, 2.5, 8.5, 2.75], "texture": "#0"}, "up": {"uv": [8.25, 2.5, 8.5, 2.75], "texture": "#0"}, "down": {"uv": [8.25, 2.5, 8.5, 2.75], "texture": "#0"} } }, { "name": "hexadecagon", "from": [8.3992, -10.73384, 7.92384], "to": [8.804, -10.41176, 8.08576], "rotation": {"angle": 0, "axis": "y", "origin": [7.9944, -10.5728, 8.0048]}, "faces": { "north": {"uv": [8.25, 3.25, 8.5, 3.5], "texture": "#0"}, "east": {"uv": [8.25, 3.25, 8.5, 3.5], "texture": "#0"}, "south": {"uv": [8.25, 3.25, 8.5, 3.5], "texture": "#0"}, "west": {"uv": [8.25, 3.25, 8.5, 3.5], "texture": "#0"}, "up": {"uv": [8.25, 3.25, 8.5, 3.5], "texture": "#0"}, "down": {"uv": [8.25, 3.25, 8.5, 3.5], "texture": "#0"} } }, { "name": "hexadecagon", "from": [8.3992, -10.73384, 7.92384], "to": [8.804, -10.41176, 8.08576], "rotation": {"angle": -22.5, "axis": "z", "origin": [7.9944, -10.5728, 8.0048]}, "faces": { "north": {"uv": [8.25, 4, 8.5, 4.25], "texture": "#0"}, "east": {"uv": [8.25, 4, 8.5, 4.25], "texture": "#0"}, "south": {"uv": [8.25, 4, 8.5, 4.25], "texture": "#0"}, "west": {"uv": [8.25, 4, 8.5, 4.25], "texture": "#0"}, "up": {"uv": [8.25, 4, 8.5, 4.25], "texture": "#0"}, "down": {"uv": [8.25, 4, 8.5, 4.25], "texture": "#0"} } }, { "name": "hexadecagon", "from": [8.3992, -10.73384, 7.92384], "to": [8.804, -10.41176, 8.08576], "rotation": {"angle": -45, "axis": "z", "origin": [7.9944, -10.5728, 8.0048]}, "faces": { "north": {"uv": [4.75, 8.25, 5, 8.5], "texture": "#0"}, "east": {"uv": [4.75, 8.25, 5, 8.5], "texture": "#0"}, "south": {"uv": [4.75, 8.25, 5, 8.5], "texture": "#0"}, "west": {"uv": [4.75, 8.25, 5, 8.5], "texture": "#0"}, "up": {"uv": [4.75, 8.25, 5, 8.5], "texture": "#0"}, "down": {"uv": [4.75, 8.25, 5, 8.5], "texture": "#0"} } }, { "name": "hexadecagon", "from": [7.83336, -11.3824, 7.92384], "to": [8.15544, -10.9776, 8.08576], "rotation": {"angle": 22.5, "axis": "z", "origin": [7.9944, -10.5728, 8.0048]}, "faces": { "north": {"uv": [8.25, 5.5, 8.5, 5.75], "texture": "#0"}, "east": {"uv": [8.25, 5.5, 8.5, 5.75], "texture": "#0"}, "south": {"uv": [8.25, 5.5, 8.5, 5.75], "texture": "#0"}, "west": {"uv": [8.25, 5.5, 8.5, 5.75], "texture": "#0"}, "up": {"uv": [8.25, 5.5, 8.5, 5.75], "texture": "#0"}, "down": {"uv": [8.25, 5.5, 8.5, 5.75], "texture": "#0"} } }, { "name": "hexadecagon", "from": [7.83336, -11.3824, 7.92384], "to": [8.15544, -10.9776, 8.08576], "rotation": {"angle": 0, "axis": "y", "origin": [7.9944, -10.5728, 8.0048]}, "faces": { "north": {"uv": [8.25, 6.25, 8.5, 6.5], "texture": "#0"}, "east": {"uv": [8.25, 6.25, 8.5, 6.5], "texture": "#0"}, "south": {"uv": [8.25, 6.25, 8.5, 6.5], "texture": "#0"}, "west": {"uv": [8.25, 6.25, 8.5, 6.5], "texture": "#0"}, "up": {"uv": [8.25, 6.25, 8.5, 6.5], "texture": "#0"}, "down": {"uv": [8.25, 6.25, 8.5, 6.5], "texture": "#0"} } }, { "name": "hexadecagon", "from": [7.83336, -11.3824, 7.92384], "to": [8.15544, -10.9776, 8.08576], "rotation": {"angle": -22.5, "axis": "z", "origin": [7.9944, -10.5728, 8.0048]}, "faces": { "north": {"uv": [8.25, 7, 8.5, 7.25], "texture": "#0"}, "east": {"uv": [8.25, 7, 8.5, 7.25], "texture": "#0"}, "south": {"uv": [8.25, 7, 8.5, 7.25], "texture": "#0"}, "west": {"uv": [8.25, 7, 8.5, 7.25], "texture": "#0"}, "up": {"uv": [8.25, 7, 8.5, 7.25], "texture": "#0"}, "down": {"uv": [8.25, 7, 8.5, 7.25], "texture": "#0"} } }, { "name": "hexadecagon", "from": [7.83336, -10.168, 7.92384], "to": [8.15544, -9.7632, 8.08576], "rotation": {"angle": 22.5, "axis": "z", "origin": [7.9944, -10.5728, 8.0048]}, "faces": { "north": {"uv": [8.25, 7.5, 8.5, 7.75], "texture": "#0"}, "east": {"uv": [7.75, 8.25, 8, 8.5], "texture": "#0"}, "south": {"uv": [8.25, 7.75, 8.5, 8], "texture": "#0"}, "west": {"uv": [8, 8.25, 8.25, 8.5], "texture": "#0"}, "up": {"uv": [8.5, 8.25, 8.25, 8], "texture": "#0"}, "down": {"uv": [8.5, 8.25, 8.25, 8.5], "texture": "#0"} } }, { "name": "hexadecagon", "from": [7.83336, -10.168, 7.92384], "to": [8.15544, -9.7632, 8.08576], "rotation": {"angle": 0, "axis": "y", "origin": [7.9944, -10.5728, 8.0048]}, "faces": { "north": {"uv": [0, 8.5, 0.25, 8.75], "texture": "#0"}, "east": {"uv": [8.5, 0, 8.75, 0.25], "texture": "#0"}, "south": {"uv": [0.25, 8.5, 0.5, 8.75], "texture": "#0"}, "west": {"uv": [8.5, 0.25, 8.75, 0.5], "texture": "#0"}, "up": {"uv": [0.75, 8.75, 0.5, 8.5], "texture": "#0"}, "down": {"uv": [8.75, 0.5, 8.5, 0.75], "texture": "#0"} } }, { "name": "hexadecagon", "from": [7.83336, -10.168, 7.92384], "to": [8.15544, -9.7632, 8.08576], "rotation": {"angle": -22.5, "axis": "z", "origin": [7.9944, -10.5728, 8.0048]}, "faces": { "north": {"uv": [0.75, 8.5, 1, 8.75], "texture": "#0"}, "east": {"uv": [8.5, 0.75, 8.75, 1], "texture": "#0"}, "south": {"uv": [1, 8.5, 1.25, 8.75], "texture": "#0"}, "west": {"uv": [8.5, 1, 8.75, 1.25], "texture": "#0"}, "up": {"uv": [1.5, 8.75, 1.25, 8.5], "texture": "#0"}, "down": {"uv": [8.75, 1.25, 8.5, 1.5], "texture": "#0"} } }, { "from": [6.75, -11.05, 8], "to": [7.75, -10.35, 8], "rotation": {"angle": 22.5, "axis": "z", "origin": [7.7, -11.15, 7.95]}, "faces": { "north": {"uv": [8.5, 1.5, 8.75, 1.75], "texture": "#0"}, "east": {"uv": [8.5, 1.5, 8.75, 1.75], "texture": "#0"}, "south": {"uv": [8.5, 1.5, 8.75, 1.75], "texture": "#0"}, "west": {"uv": [8.5, 1.5, 8.75, 1.75], "texture": "#0"}, "up": {"uv": [8.5, 1.5, 8.75, 1.75], "texture": "#0"}, "down": {"uv": [8.5, 1.5, 8.75, 1.75], "texture": "#0"} } }, { "from": [7.35, -11.05, 7.9], "to": [7.95, -10.35, 8.1], "rotation": {"angle": 22.5, "axis": "z", "origin": [7.7, -11.15, 7.95]}, "faces": { "north": {"uv": [8.5, 1.5, 8.75, 1.75], "texture": "#0"}, "east": {"uv": [8.5, 1.5, 8.75, 1.75], "texture": "#0"}, "south": {"uv": [8.5, 1.5, 8.75, 1.75], "texture": "#0"}, "west": {"uv": [8.5, 1.5, 8.75, 1.75], "texture": "#0"}, "up": {"uv": [8.5, 1.5, 8.75, 1.75], "texture": "#0"}, "down": {"uv": [8.5, 1.5, 8.75, 1.75], "texture": "#0"} } }, { "from": [2.28405, -11.42116, 8.001], "to": [6.78405, -10.72116, 8.001], "rotation": {"angle": 0, "axis": "y", "origin": [7.73405, -11.02116, 8.051]}, "faces": { "north": {"uv": [4.75, 2.75, 6, 3], "texture": "#0"}, "east": {"uv": [4.75, 2.75, 6, 3], "texture": "#0"}, "south": {"uv": [4.75, 2.75, 6, 3], "texture": "#0"}, "west": {"uv": [4.75, 2.75, 6, 3], "texture": "#0"}, "up": {"uv": [4.75, 2.75, 6, 3], "texture": "#0"}, "down": {"uv": [4.75, 2.75, 6, 3], "texture": "#0"} } }, { "from": [1.82905, -11.70859, 8], "to": [6.32905, -11.00859, 8], "rotation": {"angle": -22.5, "axis": "z", "origin": [7.27905, -12.00859, 8.05]}, "faces": { "north": {"uv": [4.75, 3.25, 6, 3.5], "texture": "#0"}, "east": {"uv": [4.75, 3.25, 6, 3.5], "texture": "#0"}, "south": {"uv": [4.75, 3.25, 6, 3.5], "texture": "#0"}, "west": {"uv": [4.75, 3.25, 6, 3.5], "texture": "#0"}, "up": {"uv": [4.75, 3.25, 6, 3.5], "texture": "#0"}, "down": {"uv": [4.75, 3.25, 6, 3.5], "texture": "#0"} } } ], "display": { "thirdperson_righthand": { "rotation": [0, -82.75, -2.5], "translation": [0.5, 12, 1.5], "scale": [0.97, 0.97, 0.97] }, "thirdperson_lefthand": { "rotation": [-110, -180, 44], "translation": [-2, -7, 4.75], "scale": [0.97, 0.97, 0.97] }, "firstperson_righthand": { "rotation": [112, -70.25, 107], "translation": [-1.5, 8, 1.75] }, "firstperson_lefthand": { "rotation": [90, 0, -22], "translation": [14, 6.5, 0], "scale": [0, 0, 0] }, "ground": { "rotation": [109, 0, 0], "translation": [0, 0, 3.25], "scale": [0.46, 0.46, 0.46] }, "gui": { "rotation": [0, 0, 45], "translation": [-2, 2.5, 0], "scale": [0.67, 0.67, 0.67] }, "head": { "rotation": [90, 0, 90], "translation": [-24, -5.5, -6.75], "scale": [1.54, 1.54, 1.54] }, "fixed": { "rotation": [75, 90, 0], "translation": [0, -1.25, -5.75], "scale": [2.65, 2.65, 2.65] } }, "groups": [ { "name": "Katana", "origin": [8, 8, 8], "color": 0, "children": [ { "name": "Blade", "origin": [8, 8, 8], "color": 3, "children": [ { "name": "Dark gray", "origin": [8, -0.04609, 11.2683], "color": 3, "children": [ 0, 1, 2, 3, 4, 5, 6, 7, 8, 9, 10, 11, 12, 13, 14, 15, 16, 17, 18, { "name": "group", "origin": [8.45346, 12.04012, 8], "color": 0, "children": [19, 20, 21, 22] }, { "name": "group", "origin": [8.45346, 12.04012, 8], "color": 0, "children": [23, 24, 25, 26] }, { "name": "group", "origin": [8.45346, 12.04012, 8], "color": 0, "children": [27, 28, 29, 30] }, { "name": "group", "origin": [8.45346, 12.04012, 8], "color": 0, "children": [31, 32, 33, 34] }, 35, 36, 37, 38, 39, 40, 41, 42, 43, 44, 45, 46 ] }, { "name": "Second Light Gray", "origin": [7.99848, 0.71309, -0.35271], "color": 3, "children": [47, 48, 49, 50, 51, 52, 53, 54, 55, 56, 57, 58, 59, 60, 61, 62, 63] }, { "name": "First Light Gray", "origin": [7.99848, 0.57712, -0.66658], "color": 3, "children": [64, 65, 66, 67, 68, 69, 70, 71, 72, 73, 74, 75, 76, 77, 78, 79, 80, 81, 82, 83] }, { "name": "white", "origin": [7.99045, 0.03209, 6.61217], "color": 3, "children": [84, 85, 86, 87, 88, 89, 90, 91, 92, 93, 94, 95, 96, 97, 98, 99, 100] } ] }, { "name": "Base", "origin": [8, 8, 8], "color": 0, "children": [ { "name": "Handle", "origin": [8, 8, 8], "color": 0, "children": [ { "name": "hexadecagon", "origin": [8, 8, 8], "color": 0, "children": [101, 102, 103, 104, 105, 106, 107, 108, 109, 110, 111, 112, 113, 114, 115] } ] }, { "name": "Handle", "origin": [8, 8, 8], "color": 1, "children": [ { "name": "hexadecagon", "origin": [8, 8, 8], "color": 1, "children": [116, 117, 118, 119, 120, 121, 122, 123, 124, 125, 126, 127, 128, 129, 130] } ] }, { "name": "Handle", "origin": [8, 8, 8], "color": 0, "children": [ { "name": "hexadecagon", "origin": [8, 8, 8], "color": 6, "children": [131, 132, 133, 134, 135, 136, 137, 138, 139, 140, 141, 142, 143, 144, 145] } ] } ] } ] }, { "name": "hexadecagon", "origin": [8, 8, 8], "color": 0, "children": [146, 147, 148, 149, 150, 151, 152, 153, 154, 155, 156, 157, 158, 159, 160, 161, 162, 163, 164, 165] } ] }