{ "credit": "Made with Blockbench", "textures": { "0": "timetoplay:roleplay/itmes/katanas/narutoswordthing", "particle": "timetoplay:roleplay/itmes/katanas/narutoswordthing" }, "elements": [ { "from": [6.65272, -5.98076, 8.08644], "to": [7.43069, -1.30124, 8.25932], "faces": { "north": {"uv": [1, 5, 3, 7], "texture": "#0"}, "east": {"uv": [1, 5, 3, 7], "texture": "#0"}, "south": {"uv": [1, 5, 3, 7], "texture": "#0"}, "west": {"uv": [1, 5, 3, 7], "texture": "#0"}, "up": {"uv": [1, 5, 3, 7], "texture": "#0"}, "down": {"uv": [1, 5, 3, 7], "texture": "#0"} } }, { "from": [6.63164, -1.04502, 8.08584], "to": [7.4096, 15.51275, 8.25872], "faces": { "north": {"uv": [1, 1, 3, 3], "texture": "#0"}, "east": {"uv": [1, 1, 3, 3], "texture": "#0"}, "south": {"uv": [1, 1, 3, 3], "texture": "#0"}, "west": {"uv": [1, 1, 3, 3], "texture": "#0"}, "up": {"uv": [1, 1, 3, 3], "texture": "#0"}, "down": {"uv": [1, 1, 3, 3], "texture": "#0"} } }, { "from": [6.63138, 15.77205, 8.08612], "to": [7.3229, 16.3512, 8.259], "faces": { "north": {"uv": [1, 1, 3, 3], "texture": "#0"}, "east": {"uv": [1, 1, 3, 3], "texture": "#0"}, "south": {"uv": [1, 1, 3, 3], "texture": "#0"}, "west": {"uv": [1, 1, 3, 3], "texture": "#0"}, "up": {"uv": [1, 1, 3, 3], "texture": "#0"}, "down": {"uv": [1, 1, 3, 3], "texture": "#0"} } }, { "from": [7.22323, -1.09498, 8.08644], "to": [7.43069, 16.94265, 8.25932], "faces": { "north": {"uv": [1, 1, 3, 3], "texture": "#0"}, "east": {"uv": [1, 1, 3, 3], "texture": "#0"}, "south": {"uv": [1, 1, 3, 3], "texture": "#0"}, "west": {"uv": [1, 1, 3, 3], "texture": "#0"}, "up": {"uv": [1, 1, 3, 3], "texture": "#0"}, "down": {"uv": [1, 1, 3, 3], "texture": "#0"} } }, { "from": [6.63164, 15.51275, 8.08584], "to": [7.32316, 15.77207, 8.25872], "faces": { "north": {"uv": [1, 1, 3, 3], "texture": "#0"}, "east": {"uv": [1, 1, 3, 3], "texture": "#0"}, "south": {"uv": [1, 1, 3, 3], "texture": "#0"}, "west": {"uv": [1, 1, 3, 3], "texture": "#0"}, "up": {"uv": [1, 1, 3, 3], "texture": "#0"}, "down": {"uv": [1, 1, 3, 3], "texture": "#0"} } }, { "from": [6.66445, 16.22429, 8.0862], "to": [7.26953, 16.51819, 8.25908], "rotation": {"angle": -22.5, "axis": "z", "origin": [6.96699, 16.37124, 8.17264]}, "faces": { "north": {"uv": [1, 1, 3, 3], "texture": "#0"}, "east": {"uv": [1, 1, 3, 3], "texture": "#0"}, "south": {"uv": [1, 1, 3, 3], "texture": "#0"}, "west": {"uv": [1, 1, 3, 3], "texture": "#0"}, "up": {"uv": [1, 1, 3, 3], "texture": "#0"}, "down": {"uv": [1, 1, 3, 3], "texture": "#0"} } }, { "from": [6.91466, 16.21008, 8.08628], "to": [7.20856, 16.81516, 8.25916], "rotation": {"angle": 45, "axis": "z", "origin": [7.06161, 16.51262, 8.17272]}, "faces": { "north": {"uv": [1, 1, 3, 3], "rotation": 90, "texture": "#0"}, "east": {"uv": [1, 1, 3, 3], "rotation": 90, "texture": "#0"}, "south": {"uv": [1, 1, 3, 3], "rotation": 90, "texture": "#0"}, "west": {"uv": [1, 1, 3, 3], "rotation": 90, "texture": "#0"}, "up": {"uv": [1, 1, 3, 3], "rotation": 90, "texture": "#0"}, "down": {"uv": [1, 1, 3, 3], "rotation": 90, "texture": "#0"} } }, { "from": [7.00159, 16.28254, 8.08644], "to": [7.38192, 16.80118, 8.25932], "faces": { "north": {"uv": [1, 1, 3, 3], "rotation": 90, "texture": "#0"}, "east": {"uv": [1, 1, 3, 3], "rotation": 90, "texture": "#0"}, "south": {"uv": [1, 1, 3, 3], "rotation": 90, "texture": "#0"}, "west": {"uv": [1, 1, 3, 3], "rotation": 90, "texture": "#0"}, "up": {"uv": [1, 1, 3, 3], "rotation": 90, "texture": "#0"}, "down": {"uv": [1, 1, 3, 3], "rotation": 90, "texture": "#0"} } }, { "from": [7.05088, 16.59074, 8.08636], "to": [7.34478, 16.85006, 8.25924], "rotation": {"angle": 22.5, "axis": "z", "origin": [7.05088, 16.59074, 8.1728]}, "faces": { "north": {"uv": [1, 1, 3, 3], "rotation": 90, "texture": "#0"}, "east": {"uv": [1, 1, 3, 3], "rotation": 90, "texture": "#0"}, "south": {"uv": [1, 1, 3, 3], "rotation": 90, "texture": "#0"}, "west": {"uv": [1, 1, 3, 3], "rotation": 90, "texture": "#0"}, "up": {"uv": [1, 1, 3, 3], "rotation": 90, "texture": "#0"}, "down": {"uv": [1, 1, 3, 3], "rotation": 90, "texture": "#0"} } }, { "from": [6.89096, -0.7857, 8.008], "to": [7.4096, 15.33987, 8.34516], "faces": { "north": {"uv": [1, 9, 3, 11], "texture": "#0"}, "east": {"uv": [1, 9, 3, 11], "texture": "#0"}, "south": {"uv": [1, 9, 3, 11], "texture": "#0"}, "west": {"uv": [1, 9, 3, 11], "texture": "#0"}, "up": {"uv": [1, 9, 3, 11], "texture": "#0"}, "down": {"uv": [1, 9, 3, 11], "texture": "#0"} } }, { "from": [6.89833, 15.56731, 8.00837], "to": [7.41698, 16.31934, 8.34553], "faces": { "north": {"uv": [1, 9, 3, 11], "texture": "#0"}, "east": {"uv": [1, 9, 3, 11], "texture": "#0"}, "south": {"uv": [1, 9, 3, 11], "texture": "#0"}, "west": {"uv": [1, 9, 3, 11], "texture": "#0"}, "up": {"uv": [1, 9, 3, 11], "texture": "#0"}, "down": {"uv": [1, 9, 3, 11], "texture": "#0"} } }, { "from": [7.32287, 16.17833, 8.0083], "to": [7.40931, 16.74019, 8.34546], "faces": { "north": {"uv": [1, 9, 3, 11], "texture": "#0"}, "east": {"uv": [1, 9, 3, 11], "texture": "#0"}, "south": {"uv": [1, 9, 3, 11], "texture": "#0"}, "west": {"uv": [1, 9, 3, 11], "texture": "#0"}, "up": {"uv": [1, 9, 3, 11], "texture": "#0"}, "down": {"uv": [1, 9, 3, 11], "texture": "#0"} } }, { "from": [6.89096, 15.33987, 8.008], "to": [7.4096, 15.59919, 8.34516], "faces": { "north": {"uv": [1, 9, 3, 11], "texture": "#0"}, "east": {"uv": [1, 9, 3, 11], "texture": "#0"}, "south": {"uv": [1, 9, 3, 11], "texture": "#0"}, "west": {"uv": [1, 9, 3, 11], "texture": "#0"}, "up": {"uv": [1, 9, 3, 11], "texture": "#0"}, "down": {"uv": [1, 9, 3, 11], "texture": "#0"} } }, { "from": [6.8984, 16.19894, 8.00844], "to": [7.30753, 16.4064, 8.3456], "rotation": {"angle": -22.5, "axis": "z", "origin": [7.20095, 16.25945, 8.25916]}, "faces": { "north": {"uv": [1, 9, 3, 11], "texture": "#0"}, "east": {"uv": [1, 9, 3, 11], "texture": "#0"}, "south": {"uv": [1, 9, 3, 11], "texture": "#0"}, "west": {"uv": [1, 9, 3, 11], "texture": "#0"}, "up": {"uv": [1, 9, 3, 11], "texture": "#0"}, "down": {"uv": [1, 9, 3, 11], "texture": "#0"} } }, { "from": [7.17398, 16.29652, 8.00844], "to": [7.38144, 16.64228, 8.3456], "rotation": {"angle": 45, "axis": "z", "origin": [7.23449, 16.33974, 8.25916]}, "faces": { "north": {"uv": [1, 9, 3, 11], "rotation": 90, "texture": "#0"}, "east": {"uv": [1, 9, 3, 11], "rotation": 90, "texture": "#0"}, "south": {"uv": [1, 9, 3, 11], "rotation": 90, "texture": "#0"}, "west": {"uv": [1, 9, 3, 11], "rotation": 90, "texture": "#0"}, "up": {"uv": [1, 9, 3, 11], "rotation": 90, "texture": "#0"}, "down": {"uv": [1, 9, 3, 11], "rotation": 90, "texture": "#0"} } }, { "from": [7.17447, 16.10966, 8.0086], "to": [7.38192, 16.6283, 8.34576], "faces": { "north": {"uv": [1, 9, 3, 11], "rotation": 90, "texture": "#0"}, "east": {"uv": [1, 9, 3, 11], "rotation": 90, "texture": "#0"}, "south": {"uv": [1, 9, 3, 11], "rotation": 90, "texture": "#0"}, "west": {"uv": [1, 9, 3, 11], "rotation": 90, "texture": "#0"}, "up": {"uv": [1, 9, 3, 11], "rotation": 90, "texture": "#0"}, "down": {"uv": [1, 9, 3, 11], "rotation": 90, "texture": "#0"} } }, { "from": [7.22377, 16.5043, 8.00852], "to": [7.43122, 16.67718, 8.34568], "rotation": {"angle": 22.5, "axis": "z", "origin": [7.22377, 16.41786, 8.25924]}, "faces": { "north": {"uv": [1, 9, 3, 11], "rotation": 90, "texture": "#0"}, "east": {"uv": [1, 9, 3, 11], "rotation": 90, "texture": "#0"}, "south": {"uv": [1, 9, 3, 11], "rotation": 90, "texture": "#0"}, "west": {"uv": [1, 9, 3, 11], "rotation": 90, "texture": "#0"}, "up": {"uv": [1, 9, 3, 11], "rotation": 90, "texture": "#0"}, "down": {"uv": [1, 9, 3, 11], "rotation": 90, "texture": "#0"} } }, { "from": [6.60086, -1.30124, 8], "to": [7.46526, -0.7826, 8.34576], "faces": { "north": {"uv": [1, 5, 3, 7], "texture": "#0"}, "east": {"uv": [1, 5, 3, 7], "texture": "#0"}, "south": {"uv": [1, 5, 3, 7], "texture": "#0"}, "west": {"uv": [1, 5, 3, 7], "texture": "#0"}, "up": {"uv": [1, 5, 3, 7], "texture": "#0"}, "down": {"uv": [1, 5, 3, 7], "texture": "#0"} } } ], "display": { "thirdperson_righthand": { "rotation": [0, -90, 0], "translation": [0, 9.75, 1.5] }, "thirdperson_lefthand": { "rotation": [68, 0, -41], "translation": [-5.25, -5.25, 9.25] }, "firstperson_righthand": { "rotation": [-19, -90, 0], "translation": [0, 9.5, 0] }, "firstperson_lefthand": { "rotation": [-19, 90, 0], "translation": [0, 9.5, 0] }, "ground": { "rotation": [84, 62, 0] }, "gui": { "rotation": [0, 0, 46], "translation": [-0.75, 2.5, 0] }, "fixed": { "rotation": [0, 0, 43], "translation": [-0.75, 2.75, 0.25], "scale": [2, 2, 2] } }, "groups": [ 0, { "name": "group", "origin": [9.66062, 24.78489, 8.19991], "color": 0, "children": [1, 2, 3, 4, 5, 6, 7, 8] }, { "name": "group", "origin": [9.66062, 24.78489, 8.19991], "color": 0, "children": [9, 10, 11, 12, 13, 14, 15, 16] }, 17 ] }