{ "credit": "Made with Blockbench", "textures": { "0": "timetoplay:roleplay/itmes/katanas/shinigami" }, "elements": [ { "from": [8.15146, -2.4132, 7.82], "to": [8.82646, 19.6368, 8.18], "rotation": {"angle": 0, "axis": "y", "origin": [8.52162, 6.29837, 8]}, "faces": { "north": {"uv": [1, 1, 2, 2], "rotation": 180, "texture": "#0"}, "east": {"uv": [1, 1, 2, 2], "rotation": 180, "texture": "#0"}, "south": {"uv": [1, 1, 2, 2], "rotation": 180, "texture": "#0"}, "west": {"uv": [1, 1, 2, 2], "rotation": 180, "texture": "#0"}, "up": {"uv": [1, 1, 2, 2], "rotation": 180, "texture": "#0"}, "down": {"uv": [1, 1, 2, 2], "rotation": 180, "texture": "#0"} } }, { "from": [10.35572, 0.1909, 7.82], "to": [11.07572, 0.9559, 8.18], "rotation": {"angle": -22.5, "axis": "z", "origin": [8.52162, 6.29837, 8]}, "faces": { "north": {"uv": [1, 1, 2, 2], "rotation": 180, "texture": "#0"}, "east": {"uv": [1, 1, 2, 2], "rotation": 180, "texture": "#0"}, "south": {"uv": [1, 1, 2, 2], "rotation": 180, "texture": "#0"}, "west": {"uv": [1, 1, 2, 2], "rotation": 180, "texture": "#0"}, "up": {"uv": [1, 1, 2, 2], "rotation": 180, "texture": "#0"}, "down": {"uv": [1, 1, 2, 2], "rotation": 180, "texture": "#0"} } }, { "from": [10.85512, -1.01477, 7.82], "to": [11.57512, -0.24977, 8.18], "rotation": {"angle": -22.5, "axis": "z", "origin": [8.52162, 6.29837, 8]}, "faces": { "north": {"uv": [1, 1, 2, 2], "rotation": 180, "texture": "#0"}, "east": {"uv": [1, 1, 2, 2], "rotation": 180, "texture": "#0"}, "south": {"uv": [1, 1, 2, 2], "rotation": 180, "texture": "#0"}, "west": {"uv": [1, 1, 2, 2], "rotation": 180, "texture": "#0"}, "up": {"uv": [1, 1, 2, 2], "rotation": 180, "texture": "#0"}, "down": {"uv": [1, 1, 2, 2], "rotation": 180, "texture": "#0"} } }, { "from": [10.77577, -0.11092, 7.82], "to": [11.49577, 0.65408, 8.18], "rotation": {"angle": -22.5, "axis": "z", "origin": [8.52162, 6.29837, 8]}, "faces": { "north": {"uv": [1, 1, 2, 2], "rotation": 180, "texture": "#0"}, "east": {"uv": [1, 1, 2, 2], "rotation": 180, "texture": "#0"}, "south": {"uv": [1, 1, 2, 2], "rotation": 180, "texture": "#0"}, "west": {"uv": [1, 1, 2, 2], "rotation": 180, "texture": "#0"}, "up": {"uv": [1, 1, 2, 2], "rotation": 180, "texture": "#0"}, "down": {"uv": [1, 1, 2, 2], "rotation": 180, "texture": "#0"} } }, { "from": [11.27518, -1.31659, 7.82], "to": [11.99518, -0.55159, 8.18], "rotation": {"angle": -22.5, "axis": "z", "origin": [8.52162, 6.29837, 8]}, "faces": { "north": {"uv": [1, 1, 2, 2], "rotation": 180, "texture": "#0"}, "east": {"uv": [1, 1, 2, 2], "rotation": 180, "texture": "#0"}, "south": {"uv": [1, 1, 2, 2], "rotation": 180, "texture": "#0"}, "west": {"uv": [1, 1, 2, 2], "rotation": 180, "texture": "#0"}, "up": {"uv": [1, 1, 2, 2], "rotation": 180, "texture": "#0"}, "down": {"uv": [1, 1, 2, 2], "rotation": 180, "texture": "#0"} } }, { "from": [11.32018, -1.31659, 7.865], "to": [12.04018, -0.55159, 8.135], "rotation": {"angle": -22.5, "axis": "z", "origin": [8.56662, 6.29837, 8]}, "faces": { "north": {"uv": [4, 1, 5, 2], "rotation": 270, "texture": "#0"}, "east": {"uv": [4, 1, 5, 2], "rotation": 270, "texture": "#0"}, "south": {"uv": [4, 1, 5, 2], "rotation": 270, "texture": "#0"}, "west": {"uv": [4, 1, 5, 2], "rotation": 270, "texture": "#0"}, "up": {"uv": [4, 1, 5, 2], "rotation": 270, "texture": "#0"}, "down": {"uv": [4, 1, 5, 2], "rotation": 270, "texture": "#0"} } }, { "from": [5.18313, -1.21917, 7.815], "to": [5.26813, -0.65417, 8.185], "rotation": {"angle": 22.5, "axis": "z", "origin": [8.39669, 6.39579, 8]}, "faces": { "north": {"uv": [1, 4, 2, 5], "rotation": 180, "texture": "#0"}, "east": {"uv": [1, 4, 2, 5], "rotation": 180, "texture": "#0"}, "south": {"uv": [1, 4, 2, 5], "rotation": 180, "texture": "#0"}, "west": {"uv": [1, 4, 2, 5], "rotation": 180, "texture": "#0"}, "up": {"uv": [1, 4, 2, 5], "rotation": 180, "texture": "#0"}, "down": {"uv": [1, 4, 2, 5], "rotation": 180, "texture": "#0"} } }, { "from": [11.73069, -1.2227, 7.815], "to": [11.81569, -0.6577, 8.185], "rotation": {"angle": -22.5, "axis": "z", "origin": [8.60214, 6.39225, 8]}, "faces": { "north": {"uv": [2, 4, 1, 5], "rotation": 180, "texture": "#0"}, "east": {"uv": [2, 4, 1, 5], "rotation": 180, "texture": "#0"}, "south": {"uv": [2, 4, 1, 5], "rotation": 180, "texture": "#0"}, "west": {"uv": [2, 4, 1, 5], "rotation": 180, "texture": "#0"}, "up": {"uv": [2, 4, 1, 5], "rotation": 180, "texture": "#0"}, "down": {"uv": [2, 4, 1, 5], "rotation": 180, "texture": "#0"} } }, { "from": [8.23053, -1.38506, 7.815], "to": [8.31553, -0.82006, 8.185], "rotation": {"angle": -22.5, "axis": "z", "origin": [8.27303, -1.10256, 8]}, "faces": { "north": {"uv": [1, 4, 2, 5], "rotation": 180, "texture": "#0"}, "east": {"uv": [1, 4, 2, 5], "rotation": 180, "texture": "#0"}, "south": {"uv": [1, 4, 2, 5], "rotation": 180, "texture": "#0"}, "west": {"uv": [1, 4, 2, 5], "rotation": 180, "texture": "#0"}, "up": {"uv": [1, 4, 2, 5], "rotation": 180, "texture": "#0"}, "down": {"uv": [1, 4, 2, 5], "rotation": 180, "texture": "#0"} } }, { "from": [8.6833, -0.89913, 7.815], "to": [8.7683, -0.48413, 8.185], "rotation": {"angle": -22.5, "axis": "z", "origin": [8.7258, -0.61663, 8]}, "faces": { "north": {"uv": [1, 4, 2, 5], "rotation": 180, "texture": "#0"}, "east": {"uv": [1, 4, 2, 5], "rotation": 180, "texture": "#0"}, "south": {"uv": [1, 4, 2, 5], "rotation": 180, "texture": "#0"}, "west": {"uv": [1, 4, 2, 5], "rotation": 180, "texture": "#0"}, "up": {"uv": [1, 4, 2, 5], "rotation": 180, "texture": "#0"}, "down": {"uv": [1, 4, 2, 5], "rotation": 180, "texture": "#0"} } }, { "from": [8.62589, -0.54825, 7.815], "to": [8.71089, -0.18325, 8.185], "rotation": {"angle": 22.5, "axis": "z", "origin": [8.66839, -0.26575, 8]}, "faces": { "north": {"uv": [1, 4, 2, 5], "rotation": 180, "texture": "#0"}, "east": {"uv": [1, 4, 2, 5], "rotation": 180, "texture": "#0"}, "south": {"uv": [1, 4, 2, 5], "rotation": 180, "texture": "#0"}, "west": {"uv": [1, 4, 2, 5], "rotation": 180, "texture": "#0"}, "up": {"uv": [1, 4, 2, 5], "rotation": 180, "texture": "#0"}, "down": {"uv": [1, 4, 2, 5], "rotation": 180, "texture": "#0"} } }, { "from": [8.70243, -0.24356, 7.815], "to": [8.78743, 0.07144, 8.185], "rotation": {"angle": -22.5, "axis": "z", "origin": [8.74493, 0.03894, 8]}, "faces": { "north": {"uv": [1, 4, 2, 5], "rotation": 180, "texture": "#0"}, "east": {"uv": [1, 4, 2, 5], "rotation": 180, "texture": "#0"}, "south": {"uv": [1, 4, 2, 5], "rotation": 180, "texture": "#0"}, "west": {"uv": [1, 4, 2, 5], "rotation": 180, "texture": "#0"}, "up": {"uv": [1, 4, 2, 5], "rotation": 180, "texture": "#0"}, "down": {"uv": [1, 4, 2, 5], "rotation": 180, "texture": "#0"} } }, { "from": [8.60676, 0.01493, 7.815], "to": [8.69176, 0.62993, 8.185], "rotation": {"angle": 22.5, "axis": "z", "origin": [8.64926, 0.29743, 8]}, "faces": { "north": {"uv": [1, 4, 2, 5], "rotation": 180, "texture": "#0"}, "east": {"uv": [1, 4, 2, 5], "rotation": 180, "texture": "#0"}, "south": {"uv": [1, 4, 2, 5], "rotation": 180, "texture": "#0"}, "west": {"uv": [1, 4, 2, 5], "rotation": 180, "texture": "#0"}, "up": {"uv": [1, 4, 2, 5], "rotation": 180, "texture": "#0"}, "down": {"uv": [1, 4, 2, 5], "rotation": 180, "texture": "#0"} } }, { "from": [8.6352, 0.67221, 7.815], "to": [8.7202, 0.76221, 8.185], "rotation": {"angle": 45, "axis": "z", "origin": [8.7027, 0.45471, 8]}, "faces": { "north": {"uv": [1, 4, 2, 5], "rotation": 180, "texture": "#0"}, "east": {"uv": [1, 4, 2, 5], "rotation": 180, "texture": "#0"}, "south": {"uv": [1, 4, 2, 5], "rotation": 180, "texture": "#0"}, "west": {"uv": [1, 4, 2, 5], "rotation": 180, "texture": "#0"}, "up": {"uv": [1, 4, 2, 5], "rotation": 180, "texture": "#0"}, "down": {"uv": [1, 4, 2, 5], "rotation": 180, "texture": "#0"} } }, { "from": [8.30706, 0.01847, 7.815], "to": [8.39206, 0.63347, 8.185], "rotation": {"angle": -22.5, "axis": "z", "origin": [8.34956, 0.30097, 8]}, "faces": { "north": {"uv": [1, 4, 2, 5], "rotation": 180, "texture": "#0"}, "east": {"uv": [1, 4, 2, 5], "rotation": 180, "texture": "#0"}, "south": {"uv": [1, 4, 2, 5], "rotation": 180, "texture": "#0"}, "west": {"uv": [1, 4, 2, 5], "rotation": 180, "texture": "#0"}, "up": {"uv": [1, 4, 2, 5], "rotation": 180, "texture": "#0"}, "down": {"uv": [1, 4, 2, 5], "rotation": 180, "texture": "#0"} } }, { "from": [8.21139, -0.24003, 7.815], "to": [8.29639, 0.07497, 8.185], "rotation": {"angle": 22.5, "axis": "z", "origin": [8.25389, 0.04247, 8]}, "faces": { "north": {"uv": [1, 4, 2, 5], "rotation": 180, "texture": "#0"}, "east": {"uv": [1, 4, 2, 5], "rotation": 180, "texture": "#0"}, "south": {"uv": [1, 4, 2, 5], "rotation": 180, "texture": "#0"}, "west": {"uv": [1, 4, 2, 5], "rotation": 180, "texture": "#0"}, "up": {"uv": [1, 4, 2, 5], "rotation": 180, "texture": "#0"}, "down": {"uv": [1, 4, 2, 5], "rotation": 180, "texture": "#0"} } }, { "from": [8.6833, -1.3886, 7.815], "to": [8.7683, -0.8236, 8.185], "rotation": {"angle": 22.5, "axis": "z", "origin": [8.7258, -1.1061, 8]}, "faces": { "north": {"uv": [2, 4, 1, 5], "rotation": 180, "texture": "#0"}, "east": {"uv": [2, 4, 1, 5], "rotation": 180, "texture": "#0"}, "south": {"uv": [2, 4, 1, 5], "rotation": 180, "texture": "#0"}, "west": {"uv": [2, 4, 1, 5], "rotation": 180, "texture": "#0"}, "up": {"uv": [2, 4, 1, 5], "rotation": 180, "texture": "#0"}, "down": {"uv": [2, 4, 1, 5], "rotation": 180, "texture": "#0"} } }, { "from": [8.23053, -0.8956, 7.815], "to": [8.31553, -0.4806, 8.185], "rotation": {"angle": 22.5, "axis": "z", "origin": [8.27303, -0.6131, 8]}, "faces": { "north": {"uv": [2, 4, 1, 5], "rotation": 180, "texture": "#0"}, "east": {"uv": [2, 4, 1, 5], "rotation": 180, "texture": "#0"}, "south": {"uv": [2, 4, 1, 5], "rotation": 180, "texture": "#0"}, "west": {"uv": [2, 4, 1, 5], "rotation": 180, "texture": "#0"}, "up": {"uv": [2, 4, 1, 5], "rotation": 180, "texture": "#0"}, "down": {"uv": [2, 4, 1, 5], "rotation": 180, "texture": "#0"} } }, { "from": [8.28793, -0.54472, 7.815], "to": [8.37293, -0.17972, 8.185], "rotation": {"angle": -22.5, "axis": "z", "origin": [8.33043, -0.26222, 8]}, "faces": { "north": {"uv": [2, 4, 1, 5], "rotation": 180, "texture": "#0"}, "east": {"uv": [2, 4, 1, 5], "rotation": 180, "texture": "#0"}, "south": {"uv": [2, 4, 1, 5], "rotation": 180, "texture": "#0"}, "west": {"uv": [2, 4, 1, 5], "rotation": 180, "texture": "#0"}, "up": {"uv": [2, 4, 1, 5], "rotation": 180, "texture": "#0"}, "down": {"uv": [2, 4, 1, 5], "rotation": 180, "texture": "#0"} } }, { "from": [4.80931, -1.2477, 7.865], "to": [5.61931, -0.4827, 8.135], "rotation": {"angle": 22.5, "axis": "z", "origin": [8.37286, 6.36725, 8]}, "faces": { "north": {"uv": [4, 1, 5, 2], "rotation": 180, "texture": "#0"}, "east": {"uv": [4, 1, 5, 2], "rotation": 180, "texture": "#0"}, "south": {"uv": [4, 1, 5, 2], "rotation": 180, "texture": "#0"}, "west": {"uv": [4, 1, 5, 2], "rotation": 180, "texture": "#0"}, "up": {"uv": [4, 1, 5, 2], "rotation": 180, "texture": "#0"}, "down": {"uv": [4, 1, 5, 2], "rotation": 180, "texture": "#0"} } }, { "from": [4.66931, -1.2477, 7.91], "to": [5.47931, -0.4827, 8.09], "rotation": {"angle": 22.5, "axis": "z", "origin": [8.23286, 6.36725, 8]}, "faces": { "north": {"uv": [7, 1, 8, 2], "rotation": 180, "texture": "#0"}, "east": {"uv": [7, 1, 8, 2], "rotation": 180, "texture": "#0"}, "south": {"uv": [7, 1, 8, 2], "rotation": 180, "texture": "#0"}, "west": {"uv": [7, 1, 8, 2], "rotation": 180, "texture": "#0"}, "up": {"uv": [7, 1, 8, 2], "rotation": 180, "texture": "#0"}, "down": {"uv": [7, 1, 8, 2], "rotation": 180, "texture": "#0"} } }, { "from": [4.52931, -1.2477, 7.955], "to": [5.33931, -0.4827, 8.045], "rotation": {"angle": 22.5, "axis": "z", "origin": [8.09286, 6.36725, 8]}, "faces": { "north": {"uv": [10, 1, 11, 2], "rotation": 180, "texture": "#0"}, "east": {"uv": [10, 1, 11, 2], "rotation": 180, "texture": "#0"}, "south": {"uv": [10, 1, 11, 2], "rotation": 180, "texture": "#0"}, "west": {"uv": [10, 1, 11, 2], "rotation": 180, "texture": "#0"}, "up": {"uv": [10, 1, 11, 2], "rotation": 180, "texture": "#0"}, "down": {"uv": [10, 1, 11, 2], "rotation": 180, "texture": "#0"} } }, { "from": [8.31543, -1.52632, 7.865], "to": [9.03543, -0.80632, 8.135], "rotation": {"angle": 22.5, "axis": "z", "origin": [8.67543, -1.14382, 8]}, "faces": { "north": {"uv": [4, 1, 5, 2], "rotation": 270, "texture": "#0"}, "east": {"uv": [4, 1, 5, 2], "rotation": 270, "texture": "#0"}, "south": {"uv": [4, 1, 5, 2], "rotation": 270, "texture": "#0"}, "west": {"uv": [4, 1, 5, 2], "rotation": 270, "texture": "#0"}, "up": {"uv": [4, 1, 5, 2], "rotation": 270, "texture": "#0"}, "down": {"uv": [4, 1, 5, 2], "rotation": 270, "texture": "#0"} } }, { "from": [7.81406, -1.52632, 7.865], "to": [8.62406, -0.80632, 8.135], "rotation": {"angle": -22.5, "axis": "z", "origin": [8.26406, -1.14382, 8]}, "faces": { "north": {"uv": [4, 1, 5, 2], "rotation": 180, "texture": "#0"}, "east": {"uv": [4, 1, 5, 2], "rotation": 180, "texture": "#0"}, "south": {"uv": [4, 1, 5, 2], "rotation": 180, "texture": "#0"}, "west": {"uv": [4, 1, 5, 2], "rotation": 180, "texture": "#0"}, "up": {"uv": [4, 1, 5, 2], "rotation": 180, "texture": "#0"}, "down": {"uv": [4, 1, 5, 2], "rotation": 180, "texture": "#0"} } }, { "from": [7.67406, -1.52632, 7.91], "to": [8.48406, -0.80632, 8.09], "rotation": {"angle": -22.5, "axis": "z", "origin": [8.12406, -1.14382, 8]}, "faces": { "north": {"uv": [7, 1, 8, 2], "rotation": 180, "texture": "#0"}, "east": {"uv": [7, 1, 8, 2], "rotation": 180, "texture": "#0"}, "south": {"uv": [7, 1, 8, 2], "rotation": 180, "texture": "#0"}, "west": {"uv": [7, 1, 8, 2], "rotation": 180, "texture": "#0"}, "up": {"uv": [7, 1, 8, 2], "rotation": 180, "texture": "#0"}, "down": {"uv": [7, 1, 8, 2], "rotation": 180, "texture": "#0"} } }, { "from": [7.53406, -1.52632, 7.955], "to": [8.34406, -0.80632, 8.045], "rotation": {"angle": -22.5, "axis": "z", "origin": [7.98406, -1.14382, 8]}, "faces": { "north": {"uv": [10, 1, 11, 2], "rotation": 180, "texture": "#0"}, "east": {"uv": [10, 1, 11, 2], "rotation": 180, "texture": "#0"}, "south": {"uv": [10, 1, 11, 2], "rotation": 180, "texture": "#0"}, "west": {"uv": [10, 1, 11, 2], "rotation": 180, "texture": "#0"}, "up": {"uv": [10, 1, 11, 2], "rotation": 180, "texture": "#0"}, "down": {"uv": [10, 1, 11, 2], "rotation": 180, "texture": "#0"} } }, { "from": [8.33856, -0.22079, 7.865], "to": [9.05856, 0.54421, 8.135], "rotation": {"angle": 22.5, "axis": "z", "origin": [8.69856, 0.16171, 8]}, "faces": { "north": {"uv": [4, 1, 5, 2], "rotation": 270, "texture": "#0"}, "east": {"uv": [4, 1, 5, 2], "rotation": 270, "texture": "#0"}, "south": {"uv": [4, 1, 5, 2], "rotation": 270, "texture": "#0"}, "west": {"uv": [4, 1, 5, 2], "rotation": 270, "texture": "#0"}, "up": {"uv": [4, 1, 5, 2], "rotation": 270, "texture": "#0"}, "down": {"uv": [4, 1, 5, 2], "rotation": 270, "texture": "#0"} } }, { "from": [7.79093, -0.22079, 7.865], "to": [8.60093, 0.54421, 8.135], "rotation": {"angle": -22.5, "axis": "z", "origin": [8.24093, 0.16171, 8]}, "faces": { "north": {"uv": [4, 1, 5, 2], "rotation": 180, "texture": "#0"}, "east": {"uv": [4, 1, 5, 2], "rotation": 180, "texture": "#0"}, "south": {"uv": [4, 1, 5, 2], "rotation": 180, "texture": "#0"}, "west": {"uv": [4, 1, 5, 2], "rotation": 180, "texture": "#0"}, "up": {"uv": [4, 1, 5, 2], "rotation": 180, "texture": "#0"}, "down": {"uv": [4, 1, 5, 2], "rotation": 180, "texture": "#0"} } }, { "from": [7.65093, -0.22079, 7.91], "to": [8.46093, 0.54421, 8.09], "rotation": {"angle": -22.5, "axis": "z", "origin": [8.10093, 0.16171, 8]}, "faces": { "north": {"uv": [7, 1, 8, 2], "rotation": 180, "texture": "#0"}, "east": {"uv": [7, 1, 8, 2], "rotation": 180, "texture": "#0"}, "south": {"uv": [7, 1, 8, 2], "rotation": 180, "texture": "#0"}, "west": {"uv": [7, 1, 8, 2], "rotation": 180, "texture": "#0"}, "up": {"uv": [7, 1, 8, 2], "rotation": 180, "texture": "#0"}, "down": {"uv": [7, 1, 8, 2], "rotation": 180, "texture": "#0"} } }, { "from": [7.51093, -0.22079, 7.955], "to": [8.32093, 0.54421, 8.045], "rotation": {"angle": -22.5, "axis": "z", "origin": [7.96093, 0.16171, 8]}, "faces": { "north": {"uv": [10, 1, 11, 2], "rotation": 180, "texture": "#0"}, "east": {"uv": [10, 1, 11, 2], "rotation": 180, "texture": "#0"}, "south": {"uv": [10, 1, 11, 2], "rotation": 180, "texture": "#0"}, "west": {"uv": [10, 1, 11, 2], "rotation": 180, "texture": "#0"}, "up": {"uv": [10, 1, 11, 2], "rotation": 180, "texture": "#0"}, "down": {"uv": [10, 1, 11, 2], "rotation": 180, "texture": "#0"} } }, { "from": [8.16478, 0.56286, 7.865], "to": [8.88478, 4.65786, 8.135], "rotation": {"angle": 0, "axis": "y", "origin": [8.52478, 1.03536, 8]}, "faces": { "north": {"uv": [4, 1, 5, 2], "rotation": 270, "texture": "#0"}, "east": {"uv": [4, 1, 5, 2], "rotation": 270, "texture": "#0"}, "south": {"uv": [4, 1, 5, 2], "rotation": 270, "texture": "#0"}, "west": {"uv": [4, 1, 5, 2], "rotation": 270, "texture": "#0"}, "up": {"uv": [4, 1, 5, 2], "rotation": 270, "texture": "#0"}, "down": {"uv": [4, 1, 5, 2], "rotation": 270, "texture": "#0"} } }, { "from": [8.28136, 4.48413, 7.865], "to": [8.73136, 4.88913, 8.135], "rotation": {"angle": 22.5, "axis": "z", "origin": [8.37136, 4.95663, 8]}, "faces": { "north": {"uv": [4, 1, 5, 2], "rotation": 270, "texture": "#0"}, "east": {"uv": [4, 1, 5, 2], "rotation": 270, "texture": "#0"}, "south": {"uv": [4, 1, 5, 2], "rotation": 270, "texture": "#0"}, "west": {"uv": [4, 1, 5, 2], "rotation": 270, "texture": "#0"}, "up": {"uv": [4, 1, 5, 2], "rotation": 270, "texture": "#0"}, "down": {"uv": [4, 1, 5, 2], "rotation": 270, "texture": "#0"} } }, { "from": [8.33265, -1.13666, 7.865], "to": [8.87265, 0.07834, 8.135], "rotation": {"angle": -22.5, "axis": "z", "origin": [8.69265, -0.75416, 8]}, "faces": { "north": {"uv": [4, 1, 5, 2], "rotation": 270, "texture": "#0"}, "east": {"uv": [4, 1, 5, 2], "rotation": 270, "texture": "#0"}, "south": {"uv": [4, 1, 5, 2], "rotation": 270, "texture": "#0"}, "west": {"uv": [4, 1, 5, 2], "rotation": 270, "texture": "#0"}, "up": {"uv": [4, 1, 5, 2], "rotation": 270, "texture": "#0"}, "down": {"uv": [4, 1, 5, 2], "rotation": 270, "texture": "#0"} } }, { "from": [7.97684, -1.06777, 7.865], "to": [8.60684, 0.14723, 8.135], "rotation": {"angle": 22.5, "axis": "z", "origin": [8.24684, -0.68527, 8]}, "faces": { "north": {"uv": [4, 1, 5, 2], "rotation": 180, "texture": "#0"}, "east": {"uv": [4, 1, 5, 2], "rotation": 180, "texture": "#0"}, "south": {"uv": [4, 1, 5, 2], "rotation": 180, "texture": "#0"}, "west": {"uv": [4, 1, 5, 2], "rotation": 180, "texture": "#0"}, "up": {"uv": [4, 1, 5, 2], "rotation": 180, "texture": "#0"}, "down": {"uv": [4, 1, 5, 2], "rotation": 180, "texture": "#0"} } }, { "from": [7.83684, -1.06777, 7.91], "to": [8.46684, 0.14723, 8.09], "rotation": {"angle": 22.5, "axis": "z", "origin": [8.10684, -0.68527, 8]}, "faces": { "north": {"uv": [7, 1, 8, 2], "rotation": 180, "texture": "#0"}, "east": {"uv": [7, 1, 8, 2], "rotation": 180, "texture": "#0"}, "south": {"uv": [7, 1, 8, 2], "rotation": 180, "texture": "#0"}, "west": {"uv": [7, 1, 8, 2], "rotation": 180, "texture": "#0"}, "up": {"uv": [7, 1, 8, 2], "rotation": 180, "texture": "#0"}, "down": {"uv": [7, 1, 8, 2], "rotation": 180, "texture": "#0"} } }, { "from": [7.69684, -1.06777, 7.955], "to": [8.32684, 0.14723, 8.045], "rotation": {"angle": 22.5, "axis": "z", "origin": [7.96684, -0.68527, 8]}, "faces": { "north": {"uv": [10, 1, 11, 2], "rotation": 180, "texture": "#0"}, "east": {"uv": [10, 1, 11, 2], "rotation": 180, "texture": "#0"}, "south": {"uv": [10, 1, 11, 2], "rotation": 180, "texture": "#0"}, "west": {"uv": [10, 1, 11, 2], "rotation": 180, "texture": "#0"}, "up": {"uv": [10, 1, 11, 2], "rotation": 180, "texture": "#0"}, "down": {"uv": [10, 1, 11, 2], "rotation": 180, "texture": "#0"} } }, { "from": [8.14165, -2.8312, 7.865], "to": [8.86165, -2.0212, 8.135], "rotation": {"angle": 0, "axis": "y", "origin": [8.50165, -2.4487, 8]}, "faces": { "north": {"uv": [4, 1, 5, 2], "rotation": 270, "texture": "#0"}, "east": {"uv": [4, 1, 5, 2], "rotation": 270, "texture": "#0"}, "south": {"uv": [4, 1, 5, 2], "rotation": 270, "texture": "#0"}, "west": {"uv": [4, 1, 5, 2], "rotation": 270, "texture": "#0"}, "up": {"uv": [4, 1, 5, 2], "rotation": 270, "texture": "#0"}, "down": {"uv": [4, 1, 5, 2], "rotation": 270, "texture": "#0"} } }, { "from": [7.98784, -2.8762, 7.865], "to": [8.79784, -1.9762, 8.135], "rotation": {"angle": 0, "axis": "y", "origin": [8.43784, -2.4937, 8]}, "faces": { "north": {"uv": [4, 1, 5, 2], "rotation": 180, "texture": "#0"}, "east": {"uv": [4, 1, 5, 2], "rotation": 180, "texture": "#0"}, "south": {"uv": [4, 1, 5, 2], "rotation": 180, "texture": "#0"}, "west": {"uv": [4, 1, 5, 2], "rotation": 180, "texture": "#0"}, "up": {"uv": [4, 1, 5, 2], "rotation": 180, "texture": "#0"}, "down": {"uv": [4, 1, 5, 2], "rotation": 180, "texture": "#0"} } }, { "from": [7.84784, -2.8762, 7.91], "to": [8.65784, -1.9762, 8.09], "rotation": {"angle": 0, "axis": "y", "origin": [8.29784, -2.4937, 8]}, "faces": { "north": {"uv": [7, 1, 8, 2], "rotation": 180, "texture": "#0"}, "east": {"uv": [7, 1, 8, 2], "rotation": 180, "texture": "#0"}, "south": {"uv": [7, 1, 8, 2], "rotation": 180, "texture": "#0"}, "west": {"uv": [7, 1, 8, 2], "rotation": 180, "texture": "#0"}, "up": {"uv": [7, 1, 8, 2], "rotation": 180, "texture": "#0"}, "down": {"uv": [7, 1, 8, 2], "rotation": 180, "texture": "#0"} } }, { "from": [7.70784, -2.8762, 7.955], "to": [8.51784, -1.9762, 8.045], "rotation": {"angle": 0, "axis": "y", "origin": [8.15784, -2.4937, 8]}, "faces": { "north": {"uv": [10, 1, 11, 2], "rotation": 180, "texture": "#0"}, "east": {"uv": [10, 1, 11, 2], "rotation": 180, "texture": "#0"}, "south": {"uv": [10, 1, 11, 2], "rotation": 180, "texture": "#0"}, "west": {"uv": [10, 1, 11, 2], "rotation": 180, "texture": "#0"}, "up": {"uv": [10, 1, 11, 2], "rotation": 180, "texture": "#0"}, "down": {"uv": [10, 1, 11, 2], "rotation": 180, "texture": "#0"} } }, { "from": [7.96471, 0.60786, 7.865], "to": [8.41471, 19.64286, 8.135], "rotation": {"angle": 0, "axis": "y", "origin": [8.41471, 1.03536, 8]}, "faces": { "north": {"uv": [4, 1, 5, 2], "rotation": 180, "texture": "#0"}, "east": {"uv": [4, 1, 5, 2], "rotation": 180, "texture": "#0"}, "south": {"uv": [4, 1, 5, 2], "rotation": 180, "texture": "#0"}, "west": {"uv": [4, 1, 5, 2], "rotation": 180, "texture": "#0"}, "up": {"uv": [4, 1, 5, 2], "rotation": 180, "texture": "#0"}, "down": {"uv": [4, 1, 5, 2], "rotation": 180, "texture": "#0"} } }, { "from": [7.82471, 0.60786, 7.91], "to": [8.27471, 19.64286, 8.09], "rotation": {"angle": 0, "axis": "y", "origin": [8.27471, 1.03536, 8]}, "faces": { "north": {"uv": [7, 1, 8, 2], "rotation": 180, "texture": "#0"}, "east": {"uv": [7, 1, 8, 2], "rotation": 180, "texture": "#0"}, "south": {"uv": [7, 1, 8, 2], "rotation": 180, "texture": "#0"}, "west": {"uv": [7, 1, 8, 2], "rotation": 180, "texture": "#0"}, "up": {"uv": [7, 1, 8, 2], "rotation": 180, "texture": "#0"}, "down": {"uv": [7, 1, 8, 2], "rotation": 180, "texture": "#0"} } }, { "from": [7.68471, 0.60786, 7.955], "to": [8.13471, 19.64286, 8.045], "rotation": {"angle": 0, "axis": "y", "origin": [8.13471, 1.03536, 8]}, "faces": { "north": {"uv": [10, 1, 11, 2], "rotation": 180, "texture": "#0"}, "east": {"uv": [10, 1, 11, 2], "rotation": 180, "texture": "#0"}, "south": {"uv": [10, 1, 11, 2], "rotation": 180, "texture": "#0"}, "west": {"uv": [10, 1, 11, 2], "rotation": 180, "texture": "#0"}, "up": {"uv": [10, 1, 11, 2], "rotation": 180, "texture": "#0"}, "down": {"uv": [10, 1, 11, 2], "rotation": 180, "texture": "#0"} } }, { "from": [8.07674, 19.53106, 7.865], "to": [8.52674, 19.80106, 8.135], "rotation": {"angle": -22.5, "axis": "z", "origin": [8.30174, 19.86856, 8]}, "faces": { "north": {"uv": [4, 1, 5, 2], "rotation": 180, "texture": "#0"}, "east": {"uv": [4, 1, 5, 2], "rotation": 180, "texture": "#0"}, "south": {"uv": [4, 1, 5, 2], "rotation": 180, "texture": "#0"}, "west": {"uv": [4, 1, 5, 2], "rotation": 180, "texture": "#0"}, "up": {"uv": [4, 1, 5, 2], "rotation": 180, "texture": "#0"}, "down": {"uv": [4, 1, 5, 2], "rotation": 180, "texture": "#0"} } }, { "from": [7.93674, 19.53106, 7.91], "to": [8.38674, 19.84606, 8.09], "rotation": {"angle": -22.5, "axis": "z", "origin": [8.16174, 19.86856, 8]}, "faces": { "north": {"uv": [7, 1, 8, 2], "rotation": 180, "texture": "#0"}, "east": {"uv": [7, 1, 8, 2], "rotation": 180, "texture": "#0"}, "south": {"uv": [7, 1, 8, 2], "rotation": 180, "texture": "#0"}, "west": {"uv": [7, 1, 8, 2], "rotation": 180, "texture": "#0"}, "up": {"uv": [7, 1, 8, 2], "rotation": 180, "texture": "#0"}, "down": {"uv": [7, 1, 8, 2], "rotation": 180, "texture": "#0"} } }, { "from": [7.78989, 19.49662, 7.955], "to": [8.23989, 19.85662, 8.045], "rotation": {"angle": -22.5, "axis": "z", "origin": [8.10489, 19.83412, 8]}, "faces": { "north": {"uv": [10, 1, 11, 2], "rotation": 180, "texture": "#0"}, "east": {"uv": [10, 1, 11, 2], "rotation": 180, "texture": "#0"}, "south": {"uv": [10, 1, 11, 2], "rotation": 180, "texture": "#0"}, "west": {"uv": [10, 1, 11, 2], "rotation": 180, "texture": "#0"}, "up": {"uv": [10, 1, 11, 2], "rotation": 180, "texture": "#0"}, "down": {"uv": [10, 1, 11, 2], "rotation": 180, "texture": "#0"} } }, { "from": [7.96886, 19.65387, 7.955], "to": [8.41886, 20.01387, 8.045], "rotation": {"angle": -45, "axis": "z", "origin": [8.28386, 19.99137, 8]}, "faces": { "north": {"uv": [10, 1, 11, 2], "rotation": 180, "texture": "#0"}, "east": {"uv": [10, 1, 11, 2], "rotation": 180, "texture": "#0"}, "south": {"uv": [10, 1, 11, 2], "rotation": 180, "texture": "#0"}, "west": {"uv": [10, 1, 11, 2], "rotation": 180, "texture": "#0"}, "up": {"uv": [10, 1, 11, 2], "rotation": 180, "texture": "#0"}, "down": {"uv": [10, 1, 11, 2], "rotation": 180, "texture": "#0"} } }, { "from": [8.17189, 19.93315, 7.955], "to": [8.53189, 20.38315, 8.045], "rotation": {"angle": 22.5, "axis": "z", "origin": [8.50939, 20.06815, 8]}, "faces": { "north": {"uv": [10, 1, 11, 2], "rotation": 90, "texture": "#0"}, "east": {"uv": [10, 1, 11, 2], "rotation": 90, "texture": "#0"}, "south": {"uv": [10, 1, 11, 2], "rotation": 90, "texture": "#0"}, "west": {"uv": [10, 1, 11, 2], "rotation": 90, "texture": "#0"}, "up": {"uv": [10, 1, 11, 2], "rotation": 90, "texture": "#0"}, "down": {"uv": [10, 1, 11, 2], "rotation": 90, "texture": "#0"} } }, { "from": [8.40963, 19.91778, 7.955], "to": [8.82563, 20.36778, 8.045], "rotation": {"angle": 0, "axis": "y", "origin": [8.74713, 20.05278, 8]}, "faces": { "north": {"uv": [10, 1, 11, 2], "rotation": 90, "texture": "#0"}, "east": {"uv": [10, 1, 11, 2], "rotation": 90, "texture": "#0"}, "south": {"uv": [10, 1, 11, 2], "rotation": 90, "texture": "#0"}, "west": {"uv": [10, 1, 11, 2], "rotation": 90, "texture": "#0"}, "up": {"uv": [10, 1, 11, 2], "rotation": 90, "texture": "#0"}, "down": {"uv": [10, 1, 11, 2], "rotation": 90, "texture": "#0"} } }, { "from": [8.118, 19.67593, 7.91], "to": [8.568, 19.99093, 8.09], "rotation": {"angle": -45, "axis": "z", "origin": [8.343, 20.01343, 8]}, "faces": { "north": {"uv": [7, 1, 8, 2], "rotation": 180, "texture": "#0"}, "east": {"uv": [7, 1, 8, 2], "rotation": 180, "texture": "#0"}, "south": {"uv": [7, 1, 8, 2], "rotation": 180, "texture": "#0"}, "west": {"uv": [7, 1, 8, 2], "rotation": 180, "texture": "#0"}, "up": {"uv": [7, 1, 8, 2], "rotation": 180, "texture": "#0"}, "down": {"uv": [7, 1, 8, 2], "rotation": 180, "texture": "#0"} } }, { "from": [8.2284, 19.8529, 7.91], "to": [8.5434, 20.3029, 8.09], "rotation": {"angle": 22.5, "axis": "z", "origin": [8.5659, 20.0779, 8]}, "faces": { "north": {"uv": [7, 1, 8, 2], "rotation": 90, "texture": "#0"}, "east": {"uv": [7, 1, 8, 2], "rotation": 90, "texture": "#0"}, "south": {"uv": [7, 1, 8, 2], "rotation": 90, "texture": "#0"}, "west": {"uv": [7, 1, 8, 2], "rotation": 90, "texture": "#0"}, "up": {"uv": [7, 1, 8, 2], "rotation": 90, "texture": "#0"}, "down": {"uv": [7, 1, 8, 2], "rotation": 90, "texture": "#0"} } }, { "from": [8.45901, 19.82716, 7.91], "to": [8.82601, 20.27716, 8.09], "rotation": {"angle": 0, "axis": "y", "origin": [8.79651, 20.05216, 8]}, "faces": { "north": {"uv": [7, 1, 8, 2], "rotation": 90, "texture": "#0"}, "east": {"uv": [7, 1, 8, 2], "rotation": 90, "texture": "#0"}, "south": {"uv": [7, 1, 8, 2], "rotation": 90, "texture": "#0"}, "west": {"uv": [7, 1, 8, 2], "rotation": 90, "texture": "#0"}, "up": {"uv": [7, 1, 8, 2], "rotation": 90, "texture": "#0"}, "down": {"uv": [7, 1, 8, 2], "rotation": 90, "texture": "#0"} } }, { "from": [8.24078, 19.63436, 7.865], "to": [8.69078, 19.90436, 8.135], "rotation": {"angle": -45, "axis": "z", "origin": [8.46578, 19.97186, 8]}, "faces": { "north": {"uv": [4, 1, 5, 2], "rotation": 180, "texture": "#0"}, "east": {"uv": [4, 1, 5, 2], "rotation": 180, "texture": "#0"}, "south": {"uv": [4, 1, 5, 2], "rotation": 180, "texture": "#0"}, "west": {"uv": [4, 1, 5, 2], "rotation": 180, "texture": "#0"}, "up": {"uv": [4, 1, 5, 2], "rotation": 180, "texture": "#0"}, "down": {"uv": [4, 1, 5, 2], "rotation": 180, "texture": "#0"} } }, { "from": [8.31936, 19.77951, 7.865], "to": [8.58936, 20.22951, 8.135], "rotation": {"angle": 22.5, "axis": "z", "origin": [8.65686, 20.00451, 8]}, "faces": { "north": {"uv": [4, 1, 5, 2], "rotation": 90, "texture": "#0"}, "east": {"uv": [4, 1, 5, 2], "rotation": 90, "texture": "#0"}, "south": {"uv": [4, 1, 5, 2], "rotation": 90, "texture": "#0"}, "west": {"uv": [4, 1, 5, 2], "rotation": 90, "texture": "#0"}, "up": {"uv": [4, 1, 5, 2], "rotation": 90, "texture": "#0"}, "down": {"uv": [4, 1, 5, 2], "rotation": 90, "texture": "#0"} } }, { "from": [8.5084, 19.73655, 7.865], "to": [8.826, 20.18655, 8.135], "rotation": {"angle": 0, "axis": "y", "origin": [8.8459, 19.96155, 8]}, "faces": { "north": {"uv": [4, 1, 5, 2], "rotation": 90, "texture": "#0"}, "east": {"uv": [4, 1, 5, 2], "rotation": 90, "texture": "#0"}, "south": {"uv": [4, 1, 5, 2], "rotation": 90, "texture": "#0"}, "west": {"uv": [4, 1, 5, 2], "rotation": 90, "texture": "#0"}, "up": {"uv": [4, 1, 5, 2], "rotation": 90, "texture": "#0"}, "down": {"uv": [4, 1, 5, 2], "rotation": 90, "texture": "#0"} } }, { "from": [5.91355, 0.20421, 7.82], "to": [6.63355, 0.96921, 8.18], "rotation": {"angle": 22.5, "axis": "z", "origin": [8.52162, 6.29837, 8]}, "faces": { "north": {"uv": [1, 1, 2, 2], "rotation": 180, "texture": "#0"}, "east": {"uv": [1, 1, 2, 2], "rotation": 180, "texture": "#0"}, "south": {"uv": [1, 1, 2, 2], "rotation": 180, "texture": "#0"}, "west": {"uv": [1, 1, 2, 2], "rotation": 180, "texture": "#0"}, "up": {"uv": [1, 1, 2, 2], "rotation": 180, "texture": "#0"}, "down": {"uv": [1, 1, 2, 2], "rotation": 180, "texture": "#0"} } }, { "from": [5.41415, -1.00145, 7.82], "to": [6.13415, -0.23645, 8.18], "rotation": {"angle": 22.5, "axis": "z", "origin": [8.52162, 6.29837, 8]}, "faces": { "north": {"uv": [1, 1, 2, 2], "rotation": 180, "texture": "#0"}, "east": {"uv": [1, 1, 2, 2], "rotation": 180, "texture": "#0"}, "south": {"uv": [1, 1, 2, 2], "rotation": 180, "texture": "#0"}, "west": {"uv": [1, 1, 2, 2], "rotation": 180, "texture": "#0"}, "up": {"uv": [1, 1, 2, 2], "rotation": 180, "texture": "#0"}, "down": {"uv": [1, 1, 2, 2], "rotation": 180, "texture": "#0"} } }, { "from": [5.49989, -0.08217, 7.82], "to": [6.21989, 0.68283, 8.18], "rotation": {"angle": 22.5, "axis": "z", "origin": [8.52162, 6.29837, 8]}, "faces": { "north": {"uv": [1, 1, 2, 2], "rotation": 180, "texture": "#0"}, "east": {"uv": [1, 1, 2, 2], "rotation": 180, "texture": "#0"}, "south": {"uv": [1, 1, 2, 2], "rotation": 180, "texture": "#0"}, "west": {"uv": [1, 1, 2, 2], "rotation": 180, "texture": "#0"}, "up": {"uv": [1, 1, 2, 2], "rotation": 180, "texture": "#0"}, "down": {"uv": [1, 1, 2, 2], "rotation": 180, "texture": "#0"} } }, { "from": [5.00049, -1.28783, 7.82], "to": [5.72049, -0.52283, 8.18], "rotation": {"angle": 22.5, "axis": "z", "origin": [8.52162, 6.29837, 8]}, "faces": { "north": {"uv": [1, 1, 2, 2], "rotation": 180, "texture": "#0"}, "east": {"uv": [1, 1, 2, 2], "rotation": 180, "texture": "#0"}, "south": {"uv": [1, 1, 2, 2], "rotation": 180, "texture": "#0"}, "west": {"uv": [1, 1, 2, 2], "rotation": 180, "texture": "#0"}, "up": {"uv": [1, 1, 2, 2], "rotation": 180, "texture": "#0"}, "down": {"uv": [1, 1, 2, 2], "rotation": 180, "texture": "#0"} } }, { "from": [3.07524, 18.47982, 7.82], "to": [3.70524, 18.70482, 8.18], "rotation": {"angle": -22.5, "axis": "z", "origin": [8.52162, 6.29837, 8]}, "faces": { "north": {"uv": [1, 1, 2, 2], "rotation": 180, "texture": "#0"}, "east": {"uv": [1, 1, 2, 2], "rotation": 180, "texture": "#0"}, "south": {"uv": [1, 1, 2, 2], "rotation": 180, "texture": "#0"}, "west": {"uv": [1, 1, 2, 2], "rotation": 180, "texture": "#0"}, "up": {"uv": [1, 1, 2, 2], "rotation": 180, "texture": "#0"}, "down": {"uv": [1, 1, 2, 2], "rotation": 180, "texture": "#0"} } }, { "from": [-1.25792, 15.67619, 7.82], "to": [-0.67292, 15.90119, 8.18], "rotation": {"angle": -45, "axis": "z", "origin": [8.52162, 6.29837, 8]}, "faces": { "north": {"uv": [1, 1, 2, 2], "rotation": 180, "texture": "#0"}, "east": {"uv": [1, 1, 2, 2], "rotation": 180, "texture": "#0"}, "south": {"uv": [1, 1, 2, 2], "rotation": 180, "texture": "#0"}, "west": {"uv": [1, 1, 2, 2], "rotation": 180, "texture": "#0"}, "up": {"uv": [1, 1, 2, 2], "rotation": 180, "texture": "#0"}, "down": {"uv": [1, 1, 2, 2], "rotation": 180, "texture": "#0"} } }, { "from": [13.651, 18.44833, 7.82], "to": [13.876, 19.00833, 8.18], "rotation": {"angle": 22.5, "axis": "z", "origin": [8.52162, 6.29837, 8]}, "faces": { "north": {"uv": [1, 1, 2, 2], "rotation": 90, "texture": "#0"}, "east": {"uv": [1, 1, 2, 2], "rotation": 90, "texture": "#0"}, "south": {"uv": [1, 1, 2, 2], "rotation": 90, "texture": "#0"}, "west": {"uv": [1, 1, 2, 2], "rotation": 90, "texture": "#0"}, "up": {"uv": [1, 1, 2, 2], "rotation": 90, "texture": "#0"}, "down": {"uv": [1, 1, 2, 2], "rotation": 90, "texture": "#0"} } }, { "from": [8.60453, 19.45988, 7.82], "to": [8.82653, 20.08988, 8.18], "rotation": {"angle": 0, "axis": "y", "origin": [8.52162, 6.29837, 8]}, "faces": { "north": {"uv": [1, 1, 2, 2], "rotation": 90, "texture": "#0"}, "east": {"uv": [1, 1, 2, 2], "rotation": 90, "texture": "#0"}, "south": {"uv": [1, 1, 2, 2], "rotation": 90, "texture": "#0"}, "west": {"uv": [1, 1, 2, 2], "rotation": 90, "texture": "#0"}, "up": {"uv": [1, 1, 2, 2], "rotation": 90, "texture": "#0"}, "down": {"uv": [1, 1, 2, 2], "rotation": 90, "texture": "#0"} } }, { "from": [10.76747, -7.24078, 7.536], "to": [11.34747, -6.66078, 8.464], "rotation": {"angle": -45, "axis": "z", "origin": [8.30003, -4.18082, 8]}, "faces": { "north": {"uv": [4, 4, 5, 5], "rotation": 90, "texture": "#0"}, "east": {"uv": [4, 4, 5, 5], "rotation": 90, "texture": "#0"}, "south": {"uv": [4, 4, 5, 5], "rotation": 90, "texture": "#0"}, "west": {"uv": [4, 4, 5, 5], "rotation": 90, "texture": "#0"}, "up": {"uv": [4, 4, 5, 5], "rotation": 90, "texture": "#0"}, "down": {"uv": [4, 4, 5, 5], "rotation": 90, "texture": "#0"} } }, { "from": [9.61912, -6.09244, 7.536], "to": [10.19912, -5.51244, 8.464], "rotation": {"angle": -45, "axis": "z", "origin": [8.30003, -4.18082, 8]}, "faces": { "north": {"uv": [4, 4, 5, 5], "rotation": 90, "texture": "#0"}, "east": {"uv": [4, 4, 5, 5], "rotation": 90, "texture": "#0"}, "south": {"uv": [4, 4, 5, 5], "rotation": 90, "texture": "#0"}, "west": {"uv": [4, 4, 5, 5], "rotation": 90, "texture": "#0"}, "up": {"uv": [4, 4, 5, 5], "rotation": 90, "texture": "#0"}, "down": {"uv": [4, 4, 5, 5], "rotation": 90, "texture": "#0"} } }, { "from": [11.91581, -8.38912, 7.536], "to": [12.49581, -7.80912, 8.464], "rotation": {"angle": -45, "axis": "z", "origin": [8.30003, -4.18082, 8]}, "faces": { "north": {"uv": [4, 4, 5, 5], "rotation": 90, "texture": "#0"}, "east": {"uv": [4, 4, 5, 5], "rotation": 90, "texture": "#0"}, "south": {"uv": [4, 4, 5, 5], "rotation": 90, "texture": "#0"}, "west": {"uv": [4, 4, 5, 5], "rotation": 90, "texture": "#0"}, "up": {"uv": [4, 4, 5, 5], "rotation": 90, "texture": "#0"}, "down": {"uv": [4, 4, 5, 5], "rotation": 90, "texture": "#0"} } }, { "from": [8.47078, -4.9441, 7.536], "to": [9.05078, -4.3641, 8.464], "rotation": {"angle": -45, "axis": "z", "origin": [8.30003, -4.18082, 8]}, "faces": { "north": {"uv": [4, 4, 5, 5], "rotation": 90, "texture": "#0"}, "east": {"uv": [4, 4, 5, 5], "rotation": 90, "texture": "#0"}, "south": {"uv": [4, 4, 5, 5], "rotation": 90, "texture": "#0"}, "west": {"uv": [4, 4, 5, 5], "rotation": 90, "texture": "#0"}, "up": {"uv": [4, 4, 5, 5], "rotation": 90, "texture": "#0"}, "down": {"uv": [4, 4, 5, 5], "rotation": 90, "texture": "#0"} } }, { "from": [7.32244, -3.79576, 7.536], "to": [7.90244, -3.21576, 8.464], "rotation": {"angle": -45, "axis": "z", "origin": [8.30003, -4.18082, 8]}, "faces": { "north": {"uv": [4, 4, 5, 5], "rotation": 90, "texture": "#0"}, "east": {"uv": [4, 4, 5, 5], "rotation": 90, "texture": "#0"}, "south": {"uv": [4, 4, 5, 5], "rotation": 90, "texture": "#0"}, "west": {"uv": [4, 4, 5, 5], "rotation": 90, "texture": "#0"}, "up": {"uv": [4, 4, 5, 5], "rotation": 90, "texture": "#0"}, "down": {"uv": [4, 4, 5, 5], "rotation": 90, "texture": "#0"} } }, { "name": "hexadecagon", "from": [8.10471, -10.37628, 7.67379], "to": [8.27777, -2.75328, 8.54379], "rotation": {"angle": -45, "axis": "y", "origin": [8.30003, -4.18082, 8]}, "faces": { "north": {"uv": [1, 1, 2, 2], "texture": "#0"}, "east": {"uv": [1, 1, 2, 2], "texture": "#0"}, "south": {"uv": [1, 1, 2, 2], "texture": "#0"}, "west": {"uv": [1, 1, 2, 2], "texture": "#0"}, "up": {"uv": [1, 1, 2, 2], "texture": "#0"}, "down": {"uv": [1, 1, 2, 2], "texture": "#0"} } }, { "name": "hexadecagon", "from": [8.30977, -10.37628, 7.46873], "to": [8.48283, -2.75328, 8.33873], "rotation": {"angle": -45, "axis": "y", "origin": [8.30003, -4.18082, 8]}, "faces": { "north": {"uv": [1, 1, 2, 2], "texture": "#0"}, "east": {"uv": [1, 1, 2, 2], "texture": "#0"}, "south": {"uv": [1, 1, 2, 2], "texture": "#0"}, "west": {"uv": [1, 1, 2, 2], "texture": "#0"}, "up": {"uv": [1, 1, 2, 2], "texture": "#0"}, "down": {"uv": [1, 1, 2, 2], "texture": "#0"} } }, { "name": "hexadecagon", "from": [8.07136, -10.37628, 7.62388], "to": [8.24441, -2.75328, 8.49388], "rotation": {"angle": -22.5, "axis": "y", "origin": [8.30003, -4.18082, 8]}, "faces": { "north": {"uv": [1, 1, 2, 2], "texture": "#0"}, "east": {"uv": [1, 1, 2, 2], "texture": "#0"}, "south": {"uv": [1, 1, 2, 2], "texture": "#0"}, "west": {"uv": [1, 1, 2, 2], "texture": "#0"}, "up": {"uv": [1, 1, 2, 2], "texture": "#0"}, "down": {"uv": [1, 1, 2, 2], "texture": "#0"} } }, { "name": "hexadecagon", "from": [8.33929, -10.37628, 7.5129], "to": [8.51234, -2.75328, 8.3829], "rotation": {"angle": -22.5, "axis": "y", "origin": [8.30003, -4.18082, 8]}, "faces": { "north": {"uv": [1, 1, 2, 2], "texture": "#0"}, "east": {"uv": [1, 1, 2, 2], "texture": "#0"}, "south": {"uv": [1, 1, 2, 2], "texture": "#0"}, "west": {"uv": [1, 1, 2, 2], "texture": "#0"}, "up": {"uv": [1, 1, 2, 2], "texture": "#0"}, "down": {"uv": [1, 1, 2, 2], "texture": "#0"} } }, { "name": "hexadecagon", "from": [8.05965, -10.37628, 7.565], "to": [8.5227, -2.75328, 8.435], "rotation": {"angle": 0, "axis": "y", "origin": [8.30003, -4.18082, 8]}, "faces": { "north": {"uv": [1, 1, 2, 2], "texture": "#0"}, "east": {"uv": [1, 1, 2, 2], "texture": "#0"}, "south": {"uv": [1, 1, 2, 2], "texture": "#0"}, "west": {"uv": [1, 1, 2, 2], "texture": "#0"}, "up": {"uv": [1, 1, 2, 2], "texture": "#0"}, "down": {"uv": [1, 1, 2, 2], "texture": "#0"} } }, { "name": "hexadecagon", "from": [8.07136, -10.37628, 7.50612], "to": [8.24441, -2.75328, 8.37612], "rotation": {"angle": 22.5, "axis": "y", "origin": [8.30003, -4.18082, 8]}, "faces": { "north": {"uv": [1, 1, 2, 2], "texture": "#0"}, "east": {"uv": [1, 1, 2, 2], "texture": "#0"}, "south": {"uv": [1, 1, 2, 2], "texture": "#0"}, "west": {"uv": [1, 1, 2, 2], "texture": "#0"}, "up": {"uv": [1, 1, 2, 2], "texture": "#0"}, "down": {"uv": [1, 1, 2, 2], "texture": "#0"} } }, { "name": "hexadecagon", "from": [8.33929, -10.37628, 7.6171], "to": [8.51234, -2.75328, 8.4871], "rotation": {"angle": 22.5, "axis": "y", "origin": [8.30003, -4.18082, 8]}, "faces": { "north": {"uv": [1, 1, 2, 2], "texture": "#0"}, "east": {"uv": [1, 1, 2, 2], "texture": "#0"}, "south": {"uv": [1, 1, 2, 2], "texture": "#0"}, "west": {"uv": [1, 1, 2, 2], "texture": "#0"}, "up": {"uv": [1, 1, 2, 2], "texture": "#0"}, "down": {"uv": [1, 1, 2, 2], "texture": "#0"} } }, { "name": "hexadecagon", "from": [8.10471, -10.37628, 7.45621], "to": [8.27777, -2.75328, 8.32621], "rotation": {"angle": 45, "axis": "y", "origin": [8.30003, -4.18082, 8]}, "faces": { "north": {"uv": [1, 1, 2, 2], "texture": "#0"}, "east": {"uv": [1, 1, 2, 2], "texture": "#0"}, "south": {"uv": [1, 1, 2, 2], "texture": "#0"}, "west": {"uv": [1, 1, 2, 2], "texture": "#0"}, "up": {"uv": [1, 1, 2, 2], "texture": "#0"}, "down": {"uv": [1, 1, 2, 2], "texture": "#0"} } }, { "name": "hexadecagon", "from": [8.30977, -10.37628, 7.66127], "to": [8.48283, -2.75328, 8.53127], "rotation": {"angle": 45, "axis": "y", "origin": [8.30003, -4.18082, 8]}, "faces": { "north": {"uv": [1, 1, 2, 2], "texture": "#0"}, "east": {"uv": [1, 1, 2, 2], "texture": "#0"}, "south": {"uv": [1, 1, 2, 2], "texture": "#0"}, "west": {"uv": [1, 1, 2, 2], "texture": "#0"}, "up": {"uv": [1, 1, 2, 2], "texture": "#0"}, "down": {"uv": [1, 1, 2, 2], "texture": "#0"} } }, { "name": "hexadecagon", "from": [7.72289, -10.37628, 7.97235], "to": [8.59289, -2.75328, 8.1454], "rotation": {"angle": -22.5, "axis": "y", "origin": [8.30003, -4.18082, 8]}, "faces": { "north": {"uv": [1, 1, 2, 2], "texture": "#0"}, "east": {"uv": [1, 1, 2, 2], "texture": "#0"}, "south": {"uv": [1, 1, 2, 2], "texture": "#0"}, "west": {"uv": [1, 1, 2, 2], "texture": "#0"}, "up": {"uv": [1, 1, 2, 2], "texture": "#0"}, "down": {"uv": [1, 1, 2, 2], "texture": "#0"} } }, { "name": "hexadecagon", "from": [7.99081, -10.37628, 7.86137], "to": [8.86081, -2.75328, 8.03443], "rotation": {"angle": -22.5, "axis": "y", "origin": [8.30003, -4.18082, 8]}, "faces": { "north": {"uv": [1, 1, 2, 2], "texture": "#0"}, "east": {"uv": [1, 1, 2, 2], "texture": "#0"}, "south": {"uv": [1, 1, 2, 2], "texture": "#0"}, "west": {"uv": [1, 1, 2, 2], "texture": "#0"}, "up": {"uv": [1, 1, 2, 2], "texture": "#0"}, "down": {"uv": [1, 1, 2, 2], "texture": "#0"} } }, { "name": "hexadecagon", "from": [7.71118, -10.37628, 7.91347], "to": [8.58118, -2.75328, 8.08653], "rotation": {"angle": 0, "axis": "y", "origin": [8.30003, -4.18082, 8]}, "faces": { "north": {"uv": [1, 1, 2, 2], "texture": "#0"}, "east": {"uv": [1, 1, 2, 2], "texture": "#0"}, "south": {"uv": [1, 1, 2, 2], "texture": "#0"}, "west": {"uv": [1, 1, 2, 2], "texture": "#0"}, "up": {"uv": [1, 1, 2, 2], "texture": "#0"}, "down": {"uv": [1, 1, 2, 2], "texture": "#0"} } }, { "name": "hexadecagon", "from": [8.00118, -10.37628, 7.91347], "to": [8.87118, -2.75328, 8.08653], "rotation": {"angle": 0, "axis": "y", "origin": [8.30003, -4.18082, 8]}, "faces": { "north": {"uv": [1, 1, 2, 2], "texture": "#0"}, "east": {"uv": [1, 1, 2, 2], "texture": "#0"}, "south": {"uv": [1, 1, 2, 2], "texture": "#0"}, "west": {"uv": [1, 1, 2, 2], "texture": "#0"}, "up": {"uv": [1, 1, 2, 2], "texture": "#0"}, "down": {"uv": [1, 1, 2, 2], "texture": "#0"} } }, { "name": "hexadecagon", "from": [7.72289, -10.37628, 7.8546], "to": [8.59289, -2.75328, 8.02765], "rotation": {"angle": 22.5, "axis": "y", "origin": [8.30003, -4.18082, 8]}, "faces": { "north": {"uv": [1, 1, 2, 2], "texture": "#0"}, "east": {"uv": [1, 1, 2, 2], "texture": "#0"}, "south": {"uv": [1, 1, 2, 2], "texture": "#0"}, "west": {"uv": [1, 1, 2, 2], "texture": "#0"}, "up": {"uv": [1, 1, 2, 2], "texture": "#0"}, "down": {"uv": [1, 1, 2, 2], "texture": "#0"} } }, { "name": "hexadecagon", "from": [7.99081, -10.37628, 7.96557], "to": [8.86081, -2.75328, 8.13863], "rotation": {"angle": 22.5, "axis": "y", "origin": [8.30003, -4.18082, 8]}, "faces": { "north": {"uv": [1, 1, 2, 2], "texture": "#0"}, "east": {"uv": [1, 1, 2, 2], "texture": "#0"}, "south": {"uv": [1, 1, 2, 2], "texture": "#0"}, "west": {"uv": [1, 1, 2, 2], "texture": "#0"}, "up": {"uv": [1, 1, 2, 2], "texture": "#0"}, "down": {"uv": [1, 1, 2, 2], "texture": "#0"} } }, { "name": "hexadecagon", "from": [8.09894, -2.81128, 7.64479], "to": [8.28353, -2.08628, 8.57279], "rotation": {"angle": -45, "axis": "y", "origin": [8.30003, -4.18082, 8]}, "faces": { "north": {"uv": [4, 4, 5, 5], "texture": "#0"}, "east": {"uv": [4, 4, 5, 5], "texture": "#0"}, "south": {"uv": [4, 4, 5, 5], "texture": "#0"}, "west": {"uv": [4, 4, 5, 5], "texture": "#0"}, "up": {"uv": [4, 4, 5, 5], "texture": "#0"}, "down": {"uv": [4, 4, 5, 5], "texture": "#0"} } }, { "name": "hexadecagon", "from": [8.304, -2.81128, 7.43973], "to": [8.48859, -2.08628, 8.36773], "rotation": {"angle": -45, "axis": "y", "origin": [8.30003, -4.18082, 8]}, "faces": { "north": {"uv": [4, 4, 5, 5], "texture": "#0"}, "east": {"uv": [4, 4, 5, 5], "texture": "#0"}, "south": {"uv": [4, 4, 5, 5], "texture": "#0"}, "west": {"uv": [4, 4, 5, 5], "texture": "#0"}, "up": {"uv": [4, 4, 5, 5], "texture": "#0"}, "down": {"uv": [4, 4, 5, 5], "texture": "#0"} } }, { "name": "hexadecagon", "from": [8.06559, -2.81128, 7.59488], "to": [8.25018, -2.08628, 8.52288], "rotation": {"angle": -22.5, "axis": "y", "origin": [8.30003, -4.18082, 8]}, "faces": { "north": {"uv": [4, 4, 5, 5], "texture": "#0"}, "east": {"uv": [4, 4, 5, 5], "texture": "#0"}, "south": {"uv": [4, 4, 5, 5], "texture": "#0"}, "west": {"uv": [4, 4, 5, 5], "texture": "#0"}, "up": {"uv": [4, 4, 5, 5], "texture": "#0"}, "down": {"uv": [4, 4, 5, 5], "texture": "#0"} } }, { "name": "hexadecagon", "from": [8.33352, -2.81128, 7.4839], "to": [8.51811, -2.08628, 8.4119], "rotation": {"angle": -22.5, "axis": "y", "origin": [8.30003, -4.18082, 8]}, "faces": { "north": {"uv": [4, 4, 5, 5], "texture": "#0"}, "east": {"uv": [4, 4, 5, 5], "texture": "#0"}, "south": {"uv": [4, 4, 5, 5], "texture": "#0"}, "west": {"uv": [4, 4, 5, 5], "texture": "#0"}, "up": {"uv": [4, 4, 5, 5], "texture": "#0"}, "down": {"uv": [4, 4, 5, 5], "texture": "#0"} } }, { "name": "hexadecagon", "from": [8.05388, -2.81128, 7.536], "to": [8.52847, -2.08628, 8.464], "rotation": {"angle": 0, "axis": "y", "origin": [8.30003, -4.18082, 8]}, "faces": { "north": {"uv": [4, 4, 5, 5], "texture": "#0"}, "east": {"uv": [4, 4, 5, 5], "texture": "#0"}, "south": {"uv": [4, 4, 5, 5], "texture": "#0"}, "west": {"uv": [4, 4, 5, 5], "texture": "#0"}, "up": {"uv": [4, 4, 5, 5], "texture": "#0"}, "down": {"uv": [4, 4, 5, 5], "texture": "#0"} } }, { "name": "hexadecagon", "from": [8.06559, -2.81128, 7.47712], "to": [8.25018, -2.08628, 8.40512], "rotation": {"angle": 22.5, "axis": "y", "origin": [8.30003, -4.18082, 8]}, "faces": { "north": {"uv": [4, 4, 5, 5], "texture": "#0"}, "east": {"uv": [4, 4, 5, 5], "texture": "#0"}, "south": {"uv": [4, 4, 5, 5], "texture": "#0"}, "west": {"uv": [4, 4, 5, 5], "texture": "#0"}, "up": {"uv": [4, 4, 5, 5], "texture": "#0"}, "down": {"uv": [4, 4, 5, 5], "texture": "#0"} } }, { "name": "hexadecagon", "from": [8.33352, -2.81128, 7.5881], "to": [8.51811, -2.08628, 8.5161], "rotation": {"angle": 22.5, "axis": "y", "origin": [8.30003, -4.18082, 8]}, "faces": { "north": {"uv": [4, 4, 5, 5], "texture": "#0"}, "east": {"uv": [4, 4, 5, 5], "texture": "#0"}, "south": {"uv": [4, 4, 5, 5], "texture": "#0"}, "west": {"uv": [4, 4, 5, 5], "texture": "#0"}, "up": {"uv": [4, 4, 5, 5], "texture": "#0"}, "down": {"uv": [4, 4, 5, 5], "texture": "#0"} } }, { "name": "hexadecagon", "from": [8.09894, -2.81128, 7.42721], "to": [8.28353, -2.08628, 8.35521], "rotation": {"angle": 45, "axis": "y", "origin": [8.30003, -4.18082, 8]}, "faces": { "north": {"uv": [4, 4, 5, 5], "texture": "#0"}, "east": {"uv": [4, 4, 5, 5], "texture": "#0"}, "south": {"uv": [4, 4, 5, 5], "texture": "#0"}, "west": {"uv": [4, 4, 5, 5], "texture": "#0"}, "up": {"uv": [4, 4, 5, 5], "texture": "#0"}, "down": {"uv": [4, 4, 5, 5], "texture": "#0"} } }, { "name": "hexadecagon", "from": [8.304, -2.81128, 7.63227], "to": [8.48859, -2.08628, 8.56027], "rotation": {"angle": 45, "axis": "y", "origin": [8.30003, -4.18082, 8]}, "faces": { "north": {"uv": [4, 4, 5, 5], "texture": "#0"}, "east": {"uv": [4, 4, 5, 5], "texture": "#0"}, "south": {"uv": [4, 4, 5, 5], "texture": "#0"}, "west": {"uv": [4, 4, 5, 5], "texture": "#0"}, "up": {"uv": [4, 4, 5, 5], "texture": "#0"}, "down": {"uv": [4, 4, 5, 5], "texture": "#0"} } }, { "name": "hexadecagon", "from": [7.69389, -2.81128, 7.96658], "to": [8.62189, -2.08628, 8.15117], "rotation": {"angle": -22.5, "axis": "y", "origin": [8.30003, -4.18082, 8]}, "faces": { "north": {"uv": [4, 4, 5, 5], "texture": "#0"}, "east": {"uv": [4, 4, 5, 5], "texture": "#0"}, "south": {"uv": [4, 4, 5, 5], "texture": "#0"}, "west": {"uv": [4, 4, 5, 5], "texture": "#0"}, "up": {"uv": [4, 4, 5, 5], "texture": "#0"}, "down": {"uv": [4, 4, 5, 5], "texture": "#0"} } }, { "name": "hexadecagon", "from": [7.96181, -2.81128, 7.8556], "to": [8.88981, -2.08628, 8.04019], "rotation": {"angle": -22.5, "axis": "y", "origin": [8.30003, -4.18082, 8]}, "faces": { "north": {"uv": [4, 4, 5, 5], "texture": "#0"}, "east": {"uv": [4, 4, 5, 5], "texture": "#0"}, "south": {"uv": [4, 4, 5, 5], "texture": "#0"}, "west": {"uv": [4, 4, 5, 5], "texture": "#0"}, "up": {"uv": [4, 4, 5, 5], "texture": "#0"}, "down": {"uv": [4, 4, 5, 5], "texture": "#0"} } }, { "name": "hexadecagon", "from": [7.68218, -2.81128, 7.9077], "to": [8.61018, -2.08628, 8.0923], "rotation": {"angle": 0, "axis": "y", "origin": [8.30003, -4.18082, 8]}, "faces": { "north": {"uv": [4, 4, 5, 5], "texture": "#0"}, "east": {"uv": [4, 4, 5, 5], "texture": "#0"}, "south": {"uv": [4, 4, 5, 5], "texture": "#0"}, "west": {"uv": [4, 4, 5, 5], "texture": "#0"}, "up": {"uv": [4, 4, 5, 5], "texture": "#0"}, "down": {"uv": [4, 4, 5, 5], "texture": "#0"} } }, { "name": "hexadecagon", "from": [7.97218, -2.81128, 7.9077], "to": [8.90018, -2.08628, 8.0923], "rotation": {"angle": 0, "axis": "y", "origin": [8.30003, -4.18082, 8]}, "faces": { "north": {"uv": [4, 4, 5, 5], "texture": "#0"}, "east": {"uv": [4, 4, 5, 5], "texture": "#0"}, "south": {"uv": [4, 4, 5, 5], "texture": "#0"}, "west": {"uv": [4, 4, 5, 5], "texture": "#0"}, "up": {"uv": [4, 4, 5, 5], "texture": "#0"}, "down": {"uv": [4, 4, 5, 5], "texture": "#0"} } }, { "name": "hexadecagon", "from": [7.69389, -2.81128, 7.84883], "to": [8.62189, -2.08628, 8.03342], "rotation": {"angle": 22.5, "axis": "y", "origin": [8.30003, -4.18082, 8]}, "faces": { "north": {"uv": [4, 4, 5, 5], "texture": "#0"}, "east": {"uv": [4, 4, 5, 5], "texture": "#0"}, "south": {"uv": [4, 4, 5, 5], "texture": "#0"}, "west": {"uv": [4, 4, 5, 5], "texture": "#0"}, "up": {"uv": [4, 4, 5, 5], "texture": "#0"}, "down": {"uv": [4, 4, 5, 5], "texture": "#0"} } }, { "name": "hexadecagon", "from": [7.96181, -2.81128, 7.95981], "to": [8.88981, -2.08628, 8.1444], "rotation": {"angle": 22.5, "axis": "y", "origin": [8.30003, -4.18082, 8]}, "faces": { "north": {"uv": [4, 4, 5, 5], "texture": "#0"}, "east": {"uv": [4, 4, 5, 5], "texture": "#0"}, "south": {"uv": [4, 4, 5, 5], "texture": "#0"}, "west": {"uv": [4, 4, 5, 5], "texture": "#0"}, "up": {"uv": [4, 4, 5, 5], "texture": "#0"}, "down": {"uv": [4, 4, 5, 5], "texture": "#0"} } }, { "name": "hexadecagon", "from": [8.09894, -10.72328, 7.64479], "to": [8.28353, -10.14328, 8.57279], "rotation": {"angle": -45, "axis": "y", "origin": [8.30003, -2.58082, 8]}, "faces": { "north": {"uv": [4, 4, 5, 5], "texture": "#0"}, "east": {"uv": [4, 4, 5, 5], "texture": "#0"}, "south": {"uv": [4, 4, 5, 5], "texture": "#0"}, "west": {"uv": [4, 4, 5, 5], "texture": "#0"}, "up": {"uv": [4, 4, 5, 5], "texture": "#0"}, "down": {"uv": [4, 4, 5, 5], "texture": "#0"} } }, { "name": "hexadecagon", "from": [8.304, -10.72328, 7.43973], "to": [8.48859, -10.14328, 8.36773], "rotation": {"angle": -45, "axis": "y", "origin": [8.30003, -2.58082, 8]}, "faces": { "north": {"uv": [4, 4, 5, 5], "texture": "#0"}, "east": {"uv": [4, 4, 5, 5], "texture": "#0"}, "south": {"uv": [4, 4, 5, 5], "texture": "#0"}, "west": {"uv": [4, 4, 5, 5], "texture": "#0"}, "up": {"uv": [4, 4, 5, 5], "texture": "#0"}, "down": {"uv": [4, 4, 5, 5], "texture": "#0"} } }, { "name": "hexadecagon", "from": [8.06559, -10.72328, 7.59488], "to": [8.25018, -10.14328, 8.52288], "rotation": {"angle": -22.5, "axis": "y", "origin": [8.30003, -2.58082, 8]}, "faces": { "north": {"uv": [4, 4, 5, 5], "texture": "#0"}, "east": {"uv": [4, 4, 5, 5], "texture": "#0"}, "south": {"uv": [4, 4, 5, 5], "texture": "#0"}, "west": {"uv": [4, 4, 5, 5], "texture": "#0"}, "up": {"uv": [4, 4, 5, 5], "texture": "#0"}, "down": {"uv": [4, 4, 5, 5], "texture": "#0"} } }, { "name": "hexadecagon", "from": [8.33352, -10.72328, 7.4839], "to": [8.51811, -10.14328, 8.4119], "rotation": {"angle": -22.5, "axis": "y", "origin": [8.30003, -2.58082, 8]}, "faces": { "north": {"uv": [4, 4, 5, 5], "texture": "#0"}, "east": {"uv": [4, 4, 5, 5], "texture": "#0"}, "south": {"uv": [4, 4, 5, 5], "texture": "#0"}, "west": {"uv": [4, 4, 5, 5], "texture": "#0"}, "up": {"uv": [4, 4, 5, 5], "texture": "#0"}, "down": {"uv": [4, 4, 5, 5], "texture": "#0"} } }, { "name": "hexadecagon", "from": [8.05388, -10.72328, 7.536], "to": [8.52847, -10.14328, 8.464], "rotation": {"angle": 0, "axis": "y", "origin": [8.30003, -2.58082, 8]}, "faces": { "north": {"uv": [4, 4, 5, 5], "texture": "#0"}, "east": {"uv": [4, 4, 5, 5], "texture": "#0"}, "south": {"uv": [4, 4, 5, 5], "texture": "#0"}, "west": {"uv": [4, 4, 5, 5], "texture": "#0"}, "up": {"uv": [4, 4, 5, 5], "texture": "#0"}, "down": {"uv": [4, 4, 5, 5], "texture": "#0"} } }, { "name": "hexadecagon", "from": [8.06559, -10.72328, 7.47712], "to": [8.25018, -10.14328, 8.40512], "rotation": {"angle": 22.5, "axis": "y", "origin": [8.30003, -2.58082, 8]}, "faces": { "north": {"uv": [4, 4, 5, 5], "texture": "#0"}, "east": {"uv": [4, 4, 5, 5], "texture": "#0"}, "south": {"uv": [4, 4, 5, 5], "texture": "#0"}, "west": {"uv": [4, 4, 5, 5], "texture": "#0"}, "up": {"uv": [4, 4, 5, 5], "texture": "#0"}, "down": {"uv": [4, 4, 5, 5], "texture": "#0"} } }, { "name": "hexadecagon", "from": [8.33352, -10.72328, 7.5881], "to": [8.51811, -10.14328, 8.5161], "rotation": {"angle": 22.5, "axis": "y", "origin": [8.30003, -2.58082, 8]}, "faces": { "north": {"uv": [4, 4, 5, 5], "texture": "#0"}, "east": {"uv": [4, 4, 5, 5], "texture": "#0"}, "south": {"uv": [4, 4, 5, 5], "texture": "#0"}, "west": {"uv": [4, 4, 5, 5], "texture": "#0"}, "up": {"uv": [4, 4, 5, 5], "texture": "#0"}, "down": {"uv": [4, 4, 5, 5], "texture": "#0"} } }, { "name": "hexadecagon", "from": [8.09894, -10.72328, 7.42721], "to": [8.28353, -10.14328, 8.35521], "rotation": {"angle": 45, "axis": "y", "origin": [8.30003, -2.58082, 8]}, "faces": { "north": {"uv": [4, 4, 5, 5], "texture": "#0"}, "east": {"uv": [4, 4, 5, 5], "texture": "#0"}, "south": {"uv": [4, 4, 5, 5], "texture": "#0"}, "west": {"uv": [4, 4, 5, 5], "texture": "#0"}, "up": {"uv": [4, 4, 5, 5], "texture": "#0"}, "down": {"uv": [4, 4, 5, 5], "texture": "#0"} } }, { "name": "hexadecagon", "from": [8.304, -10.72328, 7.63227], "to": [8.48859, -10.14328, 8.56027], "rotation": {"angle": 45, "axis": "y", "origin": [8.30003, -2.58082, 8]}, "faces": { "north": {"uv": [4, 4, 5, 5], "texture": "#0"}, "east": {"uv": [4, 4, 5, 5], "texture": "#0"}, "south": {"uv": [4, 4, 5, 5], "texture": "#0"}, "west": {"uv": [4, 4, 5, 5], "texture": "#0"}, "up": {"uv": [4, 4, 5, 5], "texture": "#0"}, "down": {"uv": [4, 4, 5, 5], "texture": "#0"} } }, { "name": "hexadecagon", "from": [7.69389, -10.72328, 7.96658], "to": [8.62189, -10.14328, 8.15117], "rotation": {"angle": -22.5, "axis": "y", "origin": [8.30003, -2.58082, 8]}, "faces": { "north": {"uv": [4, 4, 5, 5], "texture": "#0"}, "east": {"uv": [4, 4, 5, 5], "texture": "#0"}, "south": {"uv": [4, 4, 5, 5], "texture": "#0"}, "west": {"uv": [4, 4, 5, 5], "texture": "#0"}, "up": {"uv": [4, 4, 5, 5], "texture": "#0"}, "down": {"uv": [4, 4, 5, 5], "texture": "#0"} } }, { "name": "hexadecagon", "from": [7.96181, -10.72328, 7.8556], "to": [8.88981, -10.14328, 8.04019], "rotation": {"angle": -22.5, "axis": "y", "origin": [8.30003, -2.58082, 8]}, "faces": { "north": {"uv": [4, 4, 5, 5], "texture": "#0"}, "east": {"uv": [4, 4, 5, 5], "texture": "#0"}, "south": {"uv": [4, 4, 5, 5], "texture": "#0"}, "west": {"uv": [4, 4, 5, 5], "texture": "#0"}, "up": {"uv": [4, 4, 5, 5], "texture": "#0"}, "down": {"uv": [4, 4, 5, 5], "texture": "#0"} } }, { "name": "hexadecagon", "from": [7.68218, -10.72328, 7.9077], "to": [8.61018, -10.14328, 8.0923], "rotation": {"angle": 0, "axis": "y", "origin": [8.30003, -2.58082, 8]}, "faces": { "north": {"uv": [4, 4, 5, 5], "texture": "#0"}, "east": {"uv": [4, 4, 5, 5], "texture": "#0"}, "south": {"uv": [4, 4, 5, 5], "texture": "#0"}, "west": {"uv": [4, 4, 5, 5], "texture": "#0"}, "up": {"uv": [4, 4, 5, 5], "texture": "#0"}, "down": {"uv": [4, 4, 5, 5], "texture": "#0"} } }, { "name": "hexadecagon", "from": [7.97218, -10.72328, 7.9077], "to": [8.90018, -10.14328, 8.0923], "rotation": {"angle": 0, "axis": "y", "origin": [8.30003, -2.58082, 8]}, "faces": { "north": {"uv": [4, 4, 5, 5], "texture": "#0"}, "east": {"uv": [4, 4, 5, 5], "texture": "#0"}, "south": {"uv": [4, 4, 5, 5], "texture": "#0"}, "west": {"uv": [4, 4, 5, 5], "texture": "#0"}, "up": {"uv": [4, 4, 5, 5], "texture": "#0"}, "down": {"uv": [4, 4, 5, 5], "texture": "#0"} } }, { "name": "hexadecagon", "from": [7.69389, -10.72328, 7.84883], "to": [8.62189, -10.14328, 8.03342], "rotation": {"angle": 22.5, "axis": "y", "origin": [8.30003, -2.58082, 8]}, "faces": { "north": {"uv": [4, 4, 5, 5], "texture": "#0"}, "east": {"uv": [4, 4, 5, 5], "texture": "#0"}, "south": {"uv": [4, 4, 5, 5], "texture": "#0"}, "west": {"uv": [4, 4, 5, 5], "texture": "#0"}, "up": {"uv": [4, 4, 5, 5], "texture": "#0"}, "down": {"uv": [4, 4, 5, 5], "texture": "#0"} } }, { "name": "hexadecagon", "from": [7.96181, -10.72328, 7.95981], "to": [8.88981, -10.14328, 8.1444], "rotation": {"angle": 22.5, "axis": "y", "origin": [8.30003, -2.58082, 8]}, "faces": { "north": {"uv": [4, 4, 5, 5], "texture": "#0"}, "east": {"uv": [4, 4, 5, 5], "texture": "#0"}, "south": {"uv": [4, 4, 5, 5], "texture": "#0"}, "west": {"uv": [4, 4, 5, 5], "texture": "#0"}, "up": {"uv": [4, 4, 5, 5], "texture": "#0"}, "down": {"uv": [4, 4, 5, 5], "texture": "#0"} } } ], "display": { "thirdperson_righthand": { "rotation": [0, -68, 0], "translation": [0, 12, 0], "scale": [0.97, 0.97, 0.97] }, "thirdperson_lefthand": { "rotation": [-113.5, -180, 44], "translation": [-2, -6.75, 4.75], "scale": [0.97, 0.97, 0.97] }, "firstperson_righthand": { "rotation": [-27, -74, 0], "translation": [5.5, 8, -9.75] }, "firstperson_lefthand": { "rotation": [90, 0, -22], "translation": [14, 6.5, 0], "scale": [0, 0, 0] }, "ground": { "rotation": [109, 0, 0], "translation": [0, -1.25, 3.25], "scale": [0.46, 0.46, 0.46] }, "gui": { "rotation": [0, 0, 46.25], "translation": [-1.75, 1.75, 0], "scale": [0.67, 0.67, 0.67] }, "head": { "rotation": [90, 0, 90], "translation": [-22.25, -5.5, -6.75], "scale": [1.54, 1.54, 1.54] }, "fixed": { "rotation": [75, 90, 0], "translation": [0, -1.25, -5.75], "scale": [2.65, 2.65, 2.65] } }, "groups": [ 0, 1, 2, 3, 4, 5, 6, 7, 8, 9, 10, 11, 12, 13, 14, 15, 16, 17, 18, 19, 20, 21, 22, 23, 24, 25, 26, 27, 28, 29, 30, 31, 32, 33, 34, 35, 36, 37, 38, 39, 40, 41, 42, 43, 44, 45, 46, 47, 48, 49, 50, 51, 52, 53, 54, 55, 56, 57, 58, 59, 60, 61, 62, { "name": "Blockbench_Katana_base (1)", "origin": [8, 8, 8], "color": 0, "children": [ { "name": "Katana", "origin": [8, 8, 8], "color": 0, "children": [ { "name": "Base", "origin": [8, 8, 8], "color": 0, "children": [ { "name": "Handle", "origin": [8, 8, 8], "color": 0, "children": [ { "name": "diamonds", "origin": [8, 8, 8], "color": 0, "children": [63, 64, 65, 66, 67] }, { "name": "hexadecagon", "origin": [8, 8, 8], "color": 0, "children": [68, 69, 70, 71, 72, 73, 74, 75, 76, 77, 78, 79, 80, 81, 82] } ] }, { "name": "Guard", "origin": [8, 8, 8], "color": 0, "children": [ { "name": "hexadecagon", "origin": [8, 8, 8], "color": 0, "children": [83, 84, 85, 86, 87, 88, 89, 90, 91, 92, 93, 94, 95, 96, 97] }, { "name": "hexadecagon", "origin": [8, 8, 8], "color": 0, "children": [98, 99, 100, 101, 102, 103, 104, 105, 106, 107, 108, 109, 110, 111, 112] }, { "name": "hexadecagon", "origin": [8, 8, 8], "color": 0, "children": [] }, { "name": "hexadecagon", "origin": [8, 8, 8], "color": 0, "children": [] }, { "name": "hexadecagon", "origin": [8, 8, 8], "color": 0, "children": [] } ] } ] } ] } ] } ] }