{ "credit": "Made with Blockbench", "textures": { "0": "block/gray_concrete_powder", "1": "block/black_concrete_powder" }, "elements": [ { "name": "octagon", "from": [7.63094, -16, 7.109], "to": [8.36906, -15, 8.891], "rotation": {"angle": 45, "axis": "y", "origin": [8, -15, 8]}, "faces": { "north": {"uv": [4, 5, 5, 6], "texture": "#1"}, "east": {"uv": [4, 5, 5, 6], "texture": "#1"}, "south": {"uv": [4, 5, 5, 6], "texture": "#1"}, "west": {"uv": [4, 5, 5, 6], "texture": "#1"}, "up": {"uv": [4, 5, 5, 6], "texture": "#1"}, "down": {"uv": [4, 5, 5, 6], "texture": "#1"} } }, { "name": "octagon", "from": [7.63094, -16, 7.109], "to": [8.36906, -15, 8.891], "rotation": {"angle": 0, "axis": "y", "origin": [8, -15, 8]}, "faces": { "north": {"uv": [4, 5, 5, 6], "texture": "#1"}, "east": {"uv": [4, 5, 5, 6], "texture": "#1"}, "south": {"uv": [4, 5, 5, 6], "texture": "#1"}, "west": {"uv": [4, 5, 5, 6], "texture": "#1"}, "up": {"uv": [4, 5, 5, 6], "texture": "#1"}, "down": {"uv": [4, 5, 5, 6], "texture": "#1"} } }, { "name": "octagon", "from": [7.109, -16, 7.63094], "to": [8.891, -15, 8.36906], "rotation": {"angle": 45, "axis": "y", "origin": [8, -15, 8]}, "faces": { "north": {"uv": [4, 5, 5, 6], "texture": "#1"}, "east": {"uv": [4, 5, 5, 6], "texture": "#1"}, "south": {"uv": [4, 5, 5, 6], "texture": "#1"}, "west": {"uv": [4, 5, 5, 6], "texture": "#1"}, "up": {"uv": [4, 5, 5, 6], "texture": "#1"}, "down": {"uv": [4, 5, 5, 6], "texture": "#1"} } }, { "name": "octagon", "from": [7.109, -16, 7.63094], "to": [8.891, -15, 8.36906], "rotation": {"angle": 0, "axis": "y", "origin": [8, -15, 8]}, "faces": { "north": {"uv": [4, 5, 5, 6], "texture": "#1"}, "east": {"uv": [4, 5, 5, 6], "texture": "#1"}, "south": {"uv": [4, 5, 5, 6], "texture": "#1"}, "west": {"uv": [4, 5, 5, 6], "texture": "#1"}, "up": {"uv": [4, 5, 5, 6], "texture": "#1"}, "down": {"uv": [4, 5, 5, 6], "texture": "#1"} } }, { "name": "octagon", "from": [7.69133, -15, 7.2548], "to": [8.30867, -14, 8.7452], "rotation": {"angle": 45, "axis": "y", "origin": [8, -14, 8]}, "faces": { "north": {"uv": [3, 5, 4, 6], "texture": "#1"}, "east": {"uv": [3, 5, 4, 6], "texture": "#1"}, "south": {"uv": [3, 5, 4, 6], "texture": "#1"}, "west": {"uv": [3, 5, 4, 6], "texture": "#1"}, "up": {"uv": [3, 5, 4, 6], "texture": "#1"}, "down": {"uv": [3, 5, 4, 6], "texture": "#1"} } }, { "name": "octagon", "from": [7.69133, -15, 7.2548], "to": [8.30867, -14, 8.7452], "rotation": {"angle": 0, "axis": "y", "origin": [8, -14, 8]}, "faces": { "north": {"uv": [3, 5, 4, 6], "texture": "#1"}, "east": {"uv": [3, 5, 4, 6], "texture": "#1"}, "south": {"uv": [3, 5, 4, 6], "texture": "#1"}, "west": {"uv": [3, 5, 4, 6], "texture": "#1"}, "up": {"uv": [3, 5, 4, 6], "texture": "#1"}, "down": {"uv": [3, 5, 4, 6], "texture": "#1"} } }, { "name": "octagon", "from": [7.2548, -15, 7.69133], "to": [8.7452, -14, 8.30867], "rotation": {"angle": 45, "axis": "y", "origin": [8, -14, 8]}, "faces": { "north": {"uv": [3, 5, 4, 6], "texture": "#1"}, "east": {"uv": [3, 5, 4, 6], "texture": "#1"}, "south": {"uv": [3, 5, 4, 6], "texture": "#1"}, "west": {"uv": [3, 5, 4, 6], "texture": "#1"}, "up": {"uv": [3, 5, 4, 6], "texture": "#1"}, "down": {"uv": [3, 5, 4, 6], "texture": "#1"} } }, { "name": "octagon", "from": [7.2548, -15, 7.69133], "to": [8.7452, -14, 8.30867], "rotation": {"angle": 0, "axis": "y", "origin": [8, -14, 8]}, "faces": { "north": {"uv": [3, 5, 4, 6], "texture": "#1"}, "east": {"uv": [3, 5, 4, 6], "texture": "#1"}, "south": {"uv": [3, 5, 4, 6], "texture": "#1"}, "west": {"uv": [3, 5, 4, 6], "texture": "#1"}, "up": {"uv": [3, 5, 4, 6], "texture": "#1"}, "down": {"uv": [3, 5, 4, 6], "texture": "#1"} } }, { "name": "octagon", "from": [7.63094, -14, 7.109], "to": [8.36906, -13, 8.891], "rotation": {"angle": 45, "axis": "y", "origin": [8, -13, 8]}, "faces": { "north": {"uv": [4, 5, 5, 6], "texture": "#1"}, "east": {"uv": [4, 5, 5, 6], "texture": "#1"}, "south": {"uv": [4, 5, 5, 6], "texture": "#1"}, "west": {"uv": [4, 5, 5, 6], "texture": "#1"}, "up": {"uv": [4, 5, 5, 6], "texture": "#1"}, "down": {"uv": [4, 5, 5, 6], "texture": "#1"} } }, { "name": "octagon", "from": [7.63094, -14, 7.109], "to": [8.36906, -13, 8.891], "rotation": {"angle": 0, "axis": "y", "origin": [8, -13, 8]}, "faces": { "north": {"uv": [4, 5, 5, 6], "texture": "#1"}, "east": {"uv": [4, 5, 5, 6], "texture": "#1"}, "south": {"uv": [4, 5, 5, 6], "texture": "#1"}, "west": {"uv": [4, 5, 5, 6], "texture": "#1"}, "up": {"uv": [4, 5, 5, 6], "texture": "#1"}, "down": {"uv": [4, 5, 5, 6], "texture": "#1"} } }, { "name": "octagon", "from": [7.109, -14, 7.63094], "to": [8.891, -13, 8.36906], "rotation": {"angle": 45, "axis": "y", "origin": [8, -13, 8]}, "faces": { "north": {"uv": [4, 5, 5, 6], "texture": "#1"}, "east": {"uv": [4, 5, 5, 6], "texture": "#1"}, "south": {"uv": [4, 5, 5, 6], "texture": "#1"}, "west": {"uv": [4, 5, 5, 6], "texture": "#1"}, "up": {"uv": [4, 5, 5, 6], "texture": "#1"}, "down": {"uv": [4, 5, 5, 6], "texture": "#1"} } }, { "name": "octagon", "from": [7.109, -14, 7.63094], "to": [8.891, -13, 8.36906], "rotation": {"angle": 0, "axis": "y", "origin": [8, -13, 8]}, "faces": { "north": {"uv": [4, 5, 5, 6], "texture": "#1"}, "east": {"uv": [4, 5, 5, 6], "texture": "#1"}, "south": {"uv": [4, 5, 5, 6], "texture": "#1"}, "west": {"uv": [4, 5, 5, 6], "texture": "#1"}, "up": {"uv": [4, 5, 5, 6], "texture": "#1"}, "down": {"uv": [4, 5, 5, 6], "texture": "#1"} } }, { "name": "octagon", "from": [7.69133, -13, 7.2548], "to": [8.30867, -12, 8.7452], "rotation": {"angle": 45, "axis": "y", "origin": [8, -12, 8]}, "faces": { "north": {"uv": [3, 5, 4, 6], "texture": "#1"}, "east": {"uv": [3, 5, 4, 6], "texture": "#1"}, "south": {"uv": [3, 5, 4, 6], "texture": "#1"}, "west": {"uv": [3, 5, 4, 6], "texture": "#1"}, "up": {"uv": [3, 5, 4, 6], "texture": "#1"}, "down": {"uv": [3, 5, 4, 6], "texture": "#1"} } }, { "name": "octagon", "from": [7.69133, -13, 7.2548], "to": [8.30867, -12, 8.7452], "rotation": {"angle": 0, "axis": "y", "origin": [8, -12, 8]}, "faces": { "north": {"uv": [3, 5, 4, 6], "texture": "#1"}, "east": {"uv": [3, 5, 4, 6], "texture": "#1"}, "south": {"uv": [3, 5, 4, 6], "texture": "#1"}, "west": {"uv": [3, 5, 4, 6], "texture": "#1"}, "up": {"uv": [3, 5, 4, 6], "texture": "#1"}, "down": {"uv": [3, 5, 4, 6], "texture": "#1"} } }, { "name": "octagon", "from": [7.2548, -13, 7.69133], "to": [8.7452, -12, 8.30867], "rotation": {"angle": 45, "axis": "y", "origin": [8, -12, 8]}, "faces": { "north": {"uv": [3, 5, 4, 6], "texture": "#1"}, "east": {"uv": [3, 5, 4, 6], "texture": "#1"}, "south": {"uv": [3, 5, 4, 6], "texture": "#1"}, "west": {"uv": [3, 5, 4, 6], "texture": "#1"}, "up": {"uv": [3, 5, 4, 6], "texture": "#1"}, "down": {"uv": [3, 5, 4, 6], "texture": "#1"} } }, { "name": "octagon", "from": [7.2548, -13, 7.69133], "to": [8.7452, -12, 8.30867], "rotation": {"angle": 0, "axis": "y", "origin": [8, -12, 8]}, "faces": { "north": {"uv": [3, 5, 4, 6], "texture": "#1"}, "east": {"uv": [3, 5, 4, 6], "texture": "#1"}, "south": {"uv": [3, 5, 4, 6], "texture": "#1"}, "west": {"uv": [3, 5, 4, 6], "texture": "#1"}, "up": {"uv": [3, 5, 4, 6], "texture": "#1"}, "down": {"uv": [3, 5, 4, 6], "texture": "#1"} } }, { "name": "octagon", "from": [7.63094, -12, 7.109], "to": [8.36906, -11, 8.891], "rotation": {"angle": 45, "axis": "y", "origin": [8, -11, 8]}, "faces": { "north": {"uv": [4, 5, 5, 6], "texture": "#1"}, "east": {"uv": [4, 5, 5, 6], "texture": "#1"}, "south": {"uv": [4, 5, 5, 6], "texture": "#1"}, "west": {"uv": [4, 5, 5, 6], "texture": "#1"}, "up": {"uv": [4, 5, 5, 6], "texture": "#1"}, "down": {"uv": [4, 5, 5, 6], "texture": "#1"} } }, { "name": "octagon", "from": [7.63094, -12, 7.109], "to": [8.36906, -11, 8.891], "rotation": {"angle": 0, "axis": "y", "origin": [8, -11, 8]}, "faces": { "north": {"uv": [4, 5, 5, 6], "texture": "#1"}, "east": {"uv": [4, 5, 5, 6], "texture": "#1"}, "south": {"uv": [4, 5, 5, 6], "texture": "#1"}, "west": {"uv": [4, 5, 5, 6], "texture": "#1"}, "up": {"uv": [4, 5, 5, 6], "texture": "#1"}, "down": {"uv": [4, 5, 5, 6], "texture": "#1"} } }, { "name": "octagon", "from": [7.109, -12, 7.63094], "to": [8.891, -11, 8.36906], "rotation": {"angle": 45, "axis": "y", "origin": [8, -11, 8]}, "faces": { "north": {"uv": [4, 5, 5, 6], "texture": "#1"}, "east": {"uv": [4, 5, 5, 6], "texture": "#1"}, "south": {"uv": [4, 5, 5, 6], "texture": "#1"}, "west": {"uv": [4, 5, 5, 6], "texture": "#1"}, "up": {"uv": [4, 5, 5, 6], "texture": "#1"}, "down": {"uv": [4, 5, 5, 6], "texture": "#1"} } }, { "name": "octagon", "from": [7.109, -12, 7.63094], "to": [8.891, -11, 8.36906], "rotation": {"angle": 0, "axis": "y", "origin": [8, -11, 8]}, "faces": { "north": {"uv": [4, 5, 5, 6], "texture": "#1"}, "east": {"uv": [4, 5, 5, 6], "texture": "#1"}, "south": {"uv": [4, 5, 5, 6], "texture": "#1"}, "west": {"uv": [4, 5, 5, 6], "texture": "#1"}, "up": {"uv": [4, 5, 5, 6], "texture": "#1"}, "down": {"uv": [4, 5, 5, 6], "texture": "#1"} } }, { "name": "octagon", "from": [7.69133, -11, 7.2548], "to": [8.30867, -10, 8.7452], "rotation": {"angle": 45, "axis": "y", "origin": [8, -10, 8]}, "faces": { "north": {"uv": [3, 5, 4, 6], "texture": "#1"}, "east": {"uv": [3, 5, 4, 6], "texture": "#1"}, "south": {"uv": [3, 5, 4, 6], "texture": "#1"}, "west": {"uv": [3, 5, 4, 6], "texture": "#1"}, "up": {"uv": [3, 5, 4, 6], "texture": "#1"}, "down": {"uv": [3, 5, 4, 6], "texture": "#1"} } }, { "name": "octagon", "from": [7.69133, -11, 7.2548], "to": [8.30867, -10, 8.7452], "rotation": {"angle": 0, "axis": "y", "origin": [8, -10, 8]}, "faces": { "north": {"uv": [3, 5, 4, 6], "texture": "#1"}, "east": {"uv": [3, 5, 4, 6], "texture": "#1"}, "south": {"uv": [3, 5, 4, 6], "texture": "#1"}, "west": {"uv": [3, 5, 4, 6], "texture": "#1"}, "up": {"uv": [3, 5, 4, 6], "texture": "#1"}, "down": {"uv": [3, 5, 4, 6], "texture": "#1"} } }, { "name": "octagon", "from": [7.2548, -11, 7.69133], "to": [8.7452, -10, 8.30867], "rotation": {"angle": 45, "axis": "y", "origin": [8, -10, 8]}, "faces": { "north": {"uv": [3, 5, 4, 6], "texture": "#1"}, "east": {"uv": [3, 5, 4, 6], "texture": "#1"}, "south": {"uv": [3, 5, 4, 6], "texture": "#1"}, "west": {"uv": [3, 5, 4, 6], "texture": "#1"}, "up": {"uv": [3, 5, 4, 6], "texture": "#1"}, "down": {"uv": [3, 5, 4, 6], "texture": "#1"} } }, { "name": "octagon", "from": [7.2548, -11, 7.69133], "to": [8.7452, -10, 8.30867], "rotation": {"angle": 0, "axis": "y", "origin": [8, -10, 8]}, "faces": { "north": {"uv": [3, 5, 4, 6], "texture": "#1"}, "east": {"uv": [3, 5, 4, 6], "texture": "#1"}, "south": {"uv": [3, 5, 4, 6], "texture": "#1"}, "west": {"uv": [3, 5, 4, 6], "texture": "#1"}, "up": {"uv": [3, 5, 4, 6], "texture": "#1"}, "down": {"uv": [3, 5, 4, 6], "texture": "#1"} } }, { "name": "octagon", "from": [7.63094, -10, 7.109], "to": [8.36906, -9, 8.891], "rotation": {"angle": 45, "axis": "y", "origin": [8, -9, 8]}, "faces": { "north": {"uv": [4, 5, 5, 6], "texture": "#1"}, "east": {"uv": [4, 5, 5, 6], "texture": "#1"}, "south": {"uv": [4, 5, 5, 6], "texture": "#1"}, "west": {"uv": [4, 5, 5, 6], "texture": "#1"}, "up": {"uv": [4, 5, 5, 6], "texture": "#1"}, "down": {"uv": [4, 5, 5, 6], "texture": "#1"} } }, { "name": "octagon", "from": [7.63094, -10, 7.109], "to": [8.36906, -9, 8.891], "rotation": {"angle": 0, "axis": "y", "origin": [8, -9, 8]}, "faces": { "north": {"uv": [4, 5, 5, 6], "texture": "#1"}, "east": {"uv": [4, 5, 5, 6], "texture": "#1"}, "south": {"uv": [4, 5, 5, 6], "texture": "#1"}, "west": {"uv": [4, 5, 5, 6], "texture": "#1"}, "up": {"uv": [4, 5, 5, 6], "texture": "#1"}, "down": {"uv": [4, 5, 5, 6], "texture": "#1"} } }, { "name": "octagon", "from": [7.109, -10, 7.63094], "to": [8.891, -9, 8.36906], "rotation": {"angle": 45, "axis": "y", "origin": [8, -9, 8]}, "faces": { "north": {"uv": [4, 5, 5, 6], "texture": "#1"}, "east": {"uv": [4, 5, 5, 6], "texture": "#1"}, "south": {"uv": [4, 5, 5, 6], "texture": "#1"}, "west": {"uv": [4, 5, 5, 6], "texture": "#1"}, "up": {"uv": [4, 5, 5, 6], "texture": "#1"}, "down": {"uv": [4, 5, 5, 6], "texture": "#1"} } }, { "name": "octagon", "from": [7.109, -10, 7.63094], "to": [8.891, -9, 8.36906], "rotation": {"angle": 0, "axis": "y", "origin": [8, -9, 8]}, "faces": { "north": {"uv": [4, 5, 5, 6], "texture": "#1"}, "east": {"uv": [4, 5, 5, 6], "texture": "#1"}, "south": {"uv": [4, 5, 5, 6], "texture": "#1"}, "west": {"uv": [4, 5, 5, 6], "texture": "#1"}, "up": {"uv": [4, 5, 5, 6], "texture": "#1"}, "down": {"uv": [4, 5, 5, 6], "texture": "#1"} } }, { "name": "octagon", "from": [7.69133, -9, 7.2548], "to": [8.30867, -8, 8.7452], "rotation": {"angle": 45, "axis": "y", "origin": [8, -8, 8]}, "faces": { "north": {"uv": [3, 5, 4, 6], "texture": "#1"}, "east": {"uv": [3, 5, 4, 6], "texture": "#1"}, "south": {"uv": [3, 5, 4, 6], "texture": "#1"}, "west": {"uv": [3, 5, 4, 6], "texture": "#1"}, "up": {"uv": [3, 5, 4, 6], "texture": "#1"}, "down": {"uv": [3, 5, 4, 6], "texture": "#1"} } }, { "name": "octagon", "from": [7.69133, -9, 7.2548], "to": [8.30867, -8, 8.7452], "rotation": {"angle": 0, "axis": "y", "origin": [8, -8, 8]}, "faces": { "north": {"uv": [3, 5, 4, 6], "texture": "#1"}, "east": {"uv": [3, 5, 4, 6], "texture": "#1"}, "south": {"uv": [3, 5, 4, 6], "texture": "#1"}, "west": {"uv": [3, 5, 4, 6], "texture": "#1"}, "up": {"uv": [3, 5, 4, 6], "texture": "#1"}, "down": {"uv": [3, 5, 4, 6], "texture": "#1"} } }, { "name": "octagon", "from": [7.2548, -9, 7.69133], "to": [8.7452, -8, 8.30867], "rotation": {"angle": 45, "axis": "y", "origin": [8, -8, 8]}, "faces": { "north": {"uv": [3, 5, 4, 6], "texture": "#1"}, "east": {"uv": [3, 5, 4, 6], "texture": "#1"}, "south": {"uv": [3, 5, 4, 6], "texture": "#1"}, "west": {"uv": [3, 5, 4, 6], "texture": "#1"}, "up": {"uv": [3, 5, 4, 6], "texture": "#1"}, "down": {"uv": [3, 5, 4, 6], "texture": "#1"} } }, { "name": "octagon", "from": [7.2548, -9, 7.69133], "to": [8.7452, -8, 8.30867], "rotation": {"angle": 0, "axis": "y", "origin": [8, -8, 8]}, "faces": { "north": {"uv": [3, 5, 4, 6], "texture": "#1"}, "east": {"uv": [3, 5, 4, 6], "texture": "#1"}, "south": {"uv": [3, 5, 4, 6], "texture": "#1"}, "west": {"uv": [3, 5, 4, 6], "texture": "#1"}, "up": {"uv": [3, 5, 4, 6], "texture": "#1"}, "down": {"uv": [3, 5, 4, 6], "texture": "#1"} } }, { "name": "octagon", "from": [7.66449, -10, 7.19], "to": [8.33551, -9, 8.81], "rotation": {"angle": 45, "axis": "y", "origin": [8, -9, 8]}, "faces": { "north": {"uv": [4, 5, 5, 6], "texture": "#1"}, "east": {"uv": [4, 5, 5, 6], "texture": "#1"}, "south": {"uv": [4, 5, 5, 6], "texture": "#1"}, "west": {"uv": [4, 5, 5, 6], "texture": "#1"}, "up": {"uv": [4, 5, 5, 6], "texture": "#1"}, "down": {"uv": [4, 5, 5, 6], "texture": "#1"} } }, { "name": "octagon", "from": [7.66449, -10, 7.19], "to": [8.33551, -9, 8.81], "rotation": {"angle": 0, "axis": "y", "origin": [8, -9, 8]}, "faces": { "north": {"uv": [4, 5, 5, 6], "texture": "#1"}, "east": {"uv": [4, 5, 5, 6], "texture": "#1"}, "south": {"uv": [4, 5, 5, 6], "texture": "#1"}, "west": {"uv": [4, 5, 5, 6], "texture": "#1"}, "up": {"uv": [4, 5, 5, 6], "texture": "#1"}, "down": {"uv": [4, 5, 5, 6], "texture": "#1"} } }, { "name": "octagon", "from": [7.19, -10, 7.66449], "to": [8.81, -9, 8.33551], "rotation": {"angle": 45, "axis": "y", "origin": [8, -9, 8]}, "faces": { "north": {"uv": [4, 5, 5, 6], "texture": "#1"}, "east": {"uv": [4, 5, 5, 6], "texture": "#1"}, "south": {"uv": [4, 5, 5, 6], "texture": "#1"}, "west": {"uv": [4, 5, 5, 6], "texture": "#1"}, "up": {"uv": [4, 5, 5, 6], "texture": "#1"}, "down": {"uv": [4, 5, 5, 6], "texture": "#1"} } }, { "name": "octagon", "from": [7.19, -10, 7.66449], "to": [8.81, -9, 8.33551], "rotation": {"angle": 0, "axis": "y", "origin": [8, -9, 8]}, "faces": { "north": {"uv": [4, 5, 5, 6], "texture": "#1"}, "east": {"uv": [4, 5, 5, 6], "texture": "#1"}, "south": {"uv": [4, 5, 5, 6], "texture": "#1"}, "west": {"uv": [4, 5, 5, 6], "texture": "#1"}, "up": {"uv": [4, 5, 5, 6], "texture": "#1"}, "down": {"uv": [4, 5, 5, 6], "texture": "#1"} } }, { "name": "octagon", "from": [7.69133, -9, 7.2548], "to": [8.30867, -8, 8.7452], "rotation": {"angle": 45, "axis": "y", "origin": [8, -8, 8]}, "faces": { "north": {"uv": [3, 5, 4, 6], "texture": "#1"}, "east": {"uv": [3, 5, 4, 6], "texture": "#1"}, "south": {"uv": [3, 5, 4, 6], "texture": "#1"}, "west": {"uv": [3, 5, 4, 6], "texture": "#1"}, "up": {"uv": [3, 5, 4, 6], "texture": "#1"}, "down": {"uv": [3, 5, 4, 6], "texture": "#1"} } }, { "name": "octagon", "from": [7.69133, -9, 7.2548], "to": [8.30867, -8, 8.7452], "rotation": {"angle": 0, "axis": "y", "origin": [8, -8, 8]}, "faces": { "north": {"uv": [3, 5, 4, 6], "texture": "#1"}, "east": {"uv": [3, 5, 4, 6], "texture": "#1"}, "south": {"uv": [3, 5, 4, 6], "texture": "#1"}, "west": {"uv": [3, 5, 4, 6], "texture": "#1"}, "up": {"uv": [3, 5, 4, 6], "texture": "#1"}, "down": {"uv": [3, 5, 4, 6], "texture": "#1"} } }, { "name": "octagon", "from": [7.2548, -9, 7.69133], "to": [8.7452, -8, 8.30867], "rotation": {"angle": 45, "axis": "y", "origin": [8, -8, 8]}, "faces": { "north": {"uv": [3, 5, 4, 6], "texture": "#1"}, "east": {"uv": [3, 5, 4, 6], "texture": "#1"}, "south": {"uv": [3, 5, 4, 6], "texture": "#1"}, "west": {"uv": [3, 5, 4, 6], "texture": "#1"}, "up": {"uv": [3, 5, 4, 6], "texture": "#1"}, "down": {"uv": [3, 5, 4, 6], "texture": "#1"} } }, { "name": "octagon", "from": [7.2548, -9, 7.69133], "to": [8.7452, -8, 8.30867], "rotation": {"angle": 0, "axis": "y", "origin": [8, -8, 8]}, "faces": { "north": {"uv": [3, 5, 4, 6], "texture": "#1"}, "east": {"uv": [3, 5, 4, 6], "texture": "#1"}, "south": {"uv": [3, 5, 4, 6], "texture": "#1"}, "west": {"uv": [3, 5, 4, 6], "texture": "#1"}, "up": {"uv": [3, 5, 4, 6], "texture": "#1"}, "down": {"uv": [3, 5, 4, 6], "texture": "#1"} } }, { "name": "octagon", "from": [7.63094, -8, 7.109], "to": [8.36906, -7, 8.891], "rotation": {"angle": 45, "axis": "y", "origin": [8, -7, 8]}, "faces": { "north": {"uv": [4, 5, 5, 6], "texture": "#1"}, "east": {"uv": [4, 5, 5, 6], "texture": "#1"}, "south": {"uv": [4, 5, 5, 6], "texture": "#1"}, "west": {"uv": [4, 5, 5, 6], "texture": "#1"}, "up": {"uv": [4, 5, 5, 6], "texture": "#1"}, "down": {"uv": [4, 5, 5, 6], "texture": "#1"} } }, { "name": "octagon", "from": [7.63094, -8, 7.109], "to": [8.36906, -7, 8.891], "rotation": {"angle": 0, "axis": "y", "origin": [8, -7, 8]}, "faces": { "north": {"uv": [4, 5, 5, 6], "texture": "#1"}, "east": {"uv": [4, 5, 5, 6], "texture": "#1"}, "south": {"uv": [4, 5, 5, 6], "texture": "#1"}, "west": {"uv": [4, 5, 5, 6], "texture": "#1"}, "up": {"uv": [4, 5, 5, 6], "texture": "#1"}, "down": {"uv": [4, 5, 5, 6], "texture": "#1"} } }, { "name": "octagon", "from": [7.109, -8, 7.63094], "to": [8.891, -7, 8.36906], "rotation": {"angle": 45, "axis": "y", "origin": [8, -7, 8]}, "faces": { "north": {"uv": [4, 5, 5, 6], "texture": "#1"}, "east": {"uv": [4, 5, 5, 6], "texture": "#1"}, "south": {"uv": [4, 5, 5, 6], "texture": "#1"}, "west": {"uv": [4, 5, 5, 6], "texture": "#1"}, "up": {"uv": [4, 5, 5, 6], "texture": "#1"}, "down": {"uv": [4, 5, 5, 6], "texture": "#1"} } }, { "name": "octagon", "from": [7.109, -8, 7.63094], "to": [8.891, -7, 8.36906], "rotation": {"angle": 0, "axis": "y", "origin": [8, -7, 8]}, "faces": { "north": {"uv": [4, 5, 5, 6], "texture": "#1"}, "east": {"uv": [4, 5, 5, 6], "texture": "#1"}, "south": {"uv": [4, 5, 5, 6], "texture": "#1"}, "west": {"uv": [4, 5, 5, 6], "texture": "#1"}, "up": {"uv": [4, 5, 5, 6], "texture": "#1"}, "down": {"uv": [4, 5, 5, 6], "texture": "#1"} } }, { "name": "octagon", "from": [7.25442, -7, 6.2], "to": [8.74558, -6.65, 9.8], "rotation": {"angle": 45, "axis": "y", "origin": [8, -7.75, 8]}, "faces": { "north": {"uv": [2, 10, 3, 11], "texture": "#1"}, "east": {"uv": [2, 10, 3, 11], "texture": "#1"}, "south": {"uv": [2, 10, 3, 11], "texture": "#1"}, "west": {"uv": [2, 10, 3, 11], "texture": "#1"}, "up": {"uv": [2, 10, 3, 11], "texture": "#1"}, "down": {"uv": [2, 10, 3, 11], "texture": "#1"} } }, { "name": "octagon", "from": [7.25442, -7, 6.2], "to": [8.74558, -6.65, 9.8], "rotation": {"angle": 0, "axis": "y", "origin": [8, -7.75, 8]}, "faces": { "north": {"uv": [2, 10, 3, 11], "texture": "#1"}, "east": {"uv": [2, 10, 3, 11], "texture": "#1"}, "south": {"uv": [2, 10, 3, 11], "texture": "#1"}, "west": {"uv": [2, 10, 3, 11], "texture": "#1"}, "up": {"uv": [2, 10, 3, 11], "texture": "#1"}, "down": {"uv": [2, 10, 3, 11], "texture": "#1"} } }, { "name": "octagon", "from": [6.2, -7, 7.25442], "to": [9.8, -6.65, 8.74558], "rotation": {"angle": 45, "axis": "y", "origin": [8, -7.75, 8]}, "faces": { "north": {"uv": [2, 10, 3, 11], "texture": "#1"}, "east": {"uv": [2, 10, 3, 11], "texture": "#1"}, "south": {"uv": [2, 10, 3, 11], "texture": "#1"}, "west": {"uv": [2, 10, 3, 11], "texture": "#1"}, "up": {"uv": [2, 10, 3, 11], "texture": "#1"}, "down": {"uv": [2, 10, 3, 11], "texture": "#1"} } }, { "name": "octagon", "from": [6.2, -7, 7.25442], "to": [9.8, -6.65, 8.74558], "rotation": {"angle": 0, "axis": "y", "origin": [8, -7.75, 8]}, "faces": { "north": {"uv": [2, 10, 3, 11], "texture": "#1"}, "east": {"uv": [2, 10, 3, 11], "texture": "#1"}, "south": {"uv": [2, 10, 3, 11], "texture": "#1"}, "west": {"uv": [2, 10, 3, 11], "texture": "#1"}, "up": {"uv": [2, 10, 3, 11], "texture": "#1"}, "down": {"uv": [2, 10, 3, 11], "texture": "#1"} } }, { "name": "octagon", "from": [7.68228, -6.9, 7.15], "to": [8.32492, -5.9, 8.85], "rotation": {"angle": 0, "axis": "y", "origin": [8.0536, -7.75, 8]}, "faces": { "north": {"uv": [10, 2, 11, 3], "texture": "#1"}, "east": {"uv": [10, 2, 11, 3], "texture": "#1"}, "south": {"uv": [10, 2, 11, 3], "texture": "#1"}, "west": {"uv": [10, 2, 11, 3], "texture": "#1"}, "up": {"uv": [10, 2, 11, 3], "texture": "#1"}, "down": {"uv": [10, 2, 11, 3], "texture": "#1"} } }, { "from": [7.87492, 3.13151, 7.6], "to": [8.12492, 4.63151, 8.85], "rotation": {"angle": 0, "axis": "y", "origin": [0.52492, 15.13151, 15.95]}, "faces": { "north": {"uv": [8, 3, 9, 4], "texture": "#0"}, "east": {"uv": [8, 3, 9, 4], "texture": "#0"}, "south": {"uv": [8, 3, 9, 4], "texture": "#0"}, "west": {"uv": [8, 3, 9, 4], "texture": "#0"}, "up": {"uv": [8, 3, 9, 4], "texture": "#0"}, "down": {"uv": [8, 3, 9, 4], "texture": "#0"} } }, { "from": [7.87492, 4.63151, 7.65], "to": [8.12492, 6.05651, 8.9], "rotation": {"angle": 0, "axis": "y", "origin": [0.52492, 16.63151, 16]}, "faces": { "north": {"uv": [8, 3, 9, 4], "texture": "#0"}, "east": {"uv": [8, 3, 9, 4], "texture": "#0"}, "south": {"uv": [8, 3, 9, 4], "texture": "#0"}, "west": {"uv": [8, 3, 9, 4], "texture": "#0"}, "up": {"uv": [8, 3, 9, 4], "texture": "#0"}, "down": {"uv": [8, 3, 9, 4], "texture": "#0"} } }, { "from": [7.87492, 6.05651, 7.7], "to": [8.12492, 7.40651, 8.95], "rotation": {"angle": 0, "axis": "y", "origin": [0.52492, 18.05651, 16.05]}, "faces": { "north": {"uv": [8, 3, 9, 4], "texture": "#0"}, "east": {"uv": [8, 3, 9, 4], "texture": "#0"}, "south": {"uv": [8, 3, 9, 4], "texture": "#0"}, "west": {"uv": [8, 3, 9, 4], "texture": "#0"}, "up": {"uv": [8, 3, 9, 4], "texture": "#0"}, "down": {"uv": [8, 3, 9, 4], "texture": "#0"} } }, { "from": [7.87492, 7.40651, 7.775], "to": [8.12492, 8.68151, 9.025], "rotation": {"angle": 0, "axis": "y", "origin": [0.52492, 19.40651, 16.125]}, "faces": { "north": {"uv": [8, 3, 9, 4], "texture": "#0"}, "east": {"uv": [8, 3, 9, 4], "texture": "#0"}, "south": {"uv": [8, 3, 9, 4], "texture": "#0"}, "west": {"uv": [8, 3, 9, 4], "texture": "#0"}, "up": {"uv": [8, 3, 9, 4], "texture": "#0"}, "down": {"uv": [8, 3, 9, 4], "texture": "#0"} } }, { "from": [7.87492, 8.68151, 7.85], "to": [8.12492, 9.88151, 9.1], "rotation": {"angle": 0, "axis": "y", "origin": [0.52492, 20.68151, 16.2]}, "faces": { "north": {"uv": [8, 3, 9, 4], "texture": "#0"}, "east": {"uv": [8, 3, 9, 4], "texture": "#0"}, "south": {"uv": [8, 3, 9, 4], "texture": "#0"}, "west": {"uv": [8, 3, 9, 4], "texture": "#0"}, "up": {"uv": [8, 3, 9, 4], "texture": "#0"}, "down": {"uv": [8, 3, 9, 4], "texture": "#0"} } }, { "from": [7.87492, 9.88151, 7.95], "to": [8.12492, 11.00651, 9.2], "rotation": {"angle": 0, "axis": "y", "origin": [0.52492, 21.88151, 16.3]}, "faces": { "north": {"uv": [8, 3, 9, 4], "texture": "#0"}, "east": {"uv": [8, 3, 9, 4], "texture": "#0"}, "south": {"uv": [8, 3, 9, 4], "texture": "#0"}, "west": {"uv": [8, 3, 9, 4], "texture": "#0"}, "up": {"uv": [8, 3, 9, 4], "texture": "#0"}, "down": {"uv": [8, 3, 9, 4], "texture": "#0"} } }, { "from": [7.87492, 11.00651, 8.05], "to": [8.12492, 12.09401, 9.25], "rotation": {"angle": 0, "axis": "y", "origin": [0.52492, 23.00651, 16.4]}, "faces": { "north": {"uv": [8, 3, 9, 4], "texture": "#0"}, "east": {"uv": [8, 3, 9, 4], "texture": "#0"}, "south": {"uv": [8, 3, 9, 4], "texture": "#0"}, "west": {"uv": [8, 3, 9, 4], "texture": "#0"}, "up": {"uv": [8, 3, 9, 4], "texture": "#0"}, "down": {"uv": [8, 3, 9, 4], "texture": "#0"} } }, { "from": [7.87492, 12.09401, 8.175], "to": [8.12492, 13.18151, 9.375], "rotation": {"angle": 0, "axis": "y", "origin": [0.52492, 24.09401, 16.525]}, "faces": { "north": {"uv": [8, 3, 9, 4], "texture": "#0"}, "east": {"uv": [8, 3, 9, 4], "texture": "#0"}, "south": {"uv": [8, 3, 9, 4], "texture": "#0"}, "west": {"uv": [8, 3, 9, 4], "texture": "#0"}, "up": {"uv": [8, 3, 9, 4], "texture": "#0"}, "down": {"uv": [8, 3, 9, 4], "texture": "#0"} } }, { "from": [7.87492, 13.18151, 8.3], "to": [8.12492, 14.23151, 9.5], "rotation": {"angle": 0, "axis": "y", "origin": [0.52492, 25.18151, 16.65]}, "faces": { "north": {"uv": [8, 3, 9, 4], "texture": "#0"}, "east": {"uv": [8, 3, 9, 4], "texture": "#0"}, "south": {"uv": [8, 3, 9, 4], "texture": "#0"}, "west": {"uv": [8, 3, 9, 4], "texture": "#0"}, "up": {"uv": [8, 3, 9, 4], "texture": "#0"}, "down": {"uv": [8, 3, 9, 4], "texture": "#0"} } }, { "from": [7.87492, 14.23151, 8.45], "to": [8.12492, 15.20651, 9.6], "rotation": {"angle": 0, "axis": "y", "origin": [0.52492, 26.23151, 16.8]}, "faces": { "north": {"uv": [8, 3, 9, 4], "texture": "#0"}, "east": {"uv": [8, 3, 9, 4], "texture": "#0"}, "south": {"uv": [8, 3, 9, 4], "texture": "#0"}, "west": {"uv": [8, 3, 9, 4], "texture": "#0"}, "up": {"uv": [8, 3, 9, 4], "texture": "#0"}, "down": {"uv": [8, 3, 9, 4], "texture": "#0"} } }, { "from": [7.87492, 15.20651, 8.625], "to": [8.12492, 16.10651, 9.775], "rotation": {"angle": 0, "axis": "y", "origin": [0.52492, 27.20651, 16.975]}, "faces": { "north": {"uv": [8, 3, 9, 4], "texture": "#0"}, "east": {"uv": [8, 3, 9, 4], "texture": "#0"}, "south": {"uv": [8, 3, 9, 4], "texture": "#0"}, "west": {"uv": [8, 3, 9, 4], "texture": "#0"}, "up": {"uv": [8, 3, 9, 4], "texture": "#0"}, "down": {"uv": [8, 3, 9, 4], "texture": "#0"} } }, { "from": [7.87492, 16.10651, 8.825], "to": [8.12492, 17.00651, 9.925], "rotation": {"angle": 0, "axis": "y", "origin": [0.52492, 28.10651, 17.175]}, "faces": { "north": {"uv": [8, 3, 9, 4], "texture": "#0"}, "east": {"uv": [8, 3, 9, 4], "texture": "#0"}, "south": {"uv": [8, 3, 9, 4], "texture": "#0"}, "west": {"uv": [8, 3, 9, 4], "texture": "#0"}, "up": {"uv": [8, 3, 9, 4], "texture": "#0"}, "down": {"uv": [8, 3, 9, 4], "texture": "#0"} } }, { "from": [7.87492, 17.00651, 9.075], "to": [8.12492, 17.75651, 10.125], "rotation": {"angle": 0, "axis": "y", "origin": [0.52492, 29.00651, 17.425]}, "faces": { "north": {"uv": [8, 3, 9, 4], "texture": "#0"}, "east": {"uv": [8, 3, 9, 4], "texture": "#0"}, "south": {"uv": [8, 3, 9, 4], "texture": "#0"}, "west": {"uv": [8, 3, 9, 4], "texture": "#0"}, "up": {"uv": [8, 3, 9, 4], "texture": "#0"}, "down": {"uv": [8, 3, 9, 4], "texture": "#0"} } }, { "from": [7.87492, 17.75651, 9.3], "to": [8.12492, 18.50651, 10.275], "rotation": {"angle": 0, "axis": "y", "origin": [0.52492, 29.75651, 17.65]}, "faces": { "north": {"uv": [8, 3, 9, 4], "texture": "#0"}, "east": {"uv": [8, 3, 9, 4], "texture": "#0"}, "south": {"uv": [8, 3, 9, 4], "texture": "#0"}, "west": {"uv": [8, 3, 9, 4], "texture": "#0"}, "up": {"uv": [8, 3, 9, 4], "texture": "#0"}, "down": {"uv": [8, 3, 9, 4], "texture": "#0"} } }, { "from": [7.87492, 18.50651, 9.525], "to": [8.12492, 19.18151, 10.45], "rotation": {"angle": 0, "axis": "y", "origin": [0.52492, 30.50651, 17.875]}, "faces": { "north": {"uv": [8, 3, 9, 4], "texture": "#0"}, "east": {"uv": [8, 3, 9, 4], "texture": "#0"}, "south": {"uv": [8, 3, 9, 4], "texture": "#0"}, "west": {"uv": [8, 3, 9, 4], "texture": "#0"}, "up": {"uv": [8, 3, 9, 4], "texture": "#0"}, "down": {"uv": [8, 3, 9, 4], "texture": "#0"} } }, { "from": [7.87492, 19.18151, 9.825], "to": [8.12492, 19.78151, 10.625], "rotation": {"angle": 0, "axis": "y", "origin": [0.52492, 31.18151, 18.175]}, "faces": { "north": {"uv": [8, 3, 9, 4], "texture": "#0"}, "east": {"uv": [8, 3, 9, 4], "texture": "#0"}, "south": {"uv": [8, 3, 9, 4], "texture": "#0"}, "west": {"uv": [8, 3, 9, 4], "texture": "#0"}, "up": {"uv": [8, 3, 9, 4], "texture": "#0"}, "down": {"uv": [8, 3, 9, 4], "texture": "#0"} } }, { "from": [7.87492, 19.78151, 10.125], "to": [8.12492, 20.26901, 10.825], "rotation": {"angle": 0, "axis": "y", "origin": [0.52492, 31.78151, 18.475]}, "faces": { "north": {"uv": [8, 3, 9, 4], "texture": "#0"}, "east": {"uv": [8, 3, 9, 4], "texture": "#0"}, "south": {"uv": [8, 3, 9, 4], "texture": "#0"}, "west": {"uv": [8, 3, 9, 4], "texture": "#0"}, "up": {"uv": [8, 3, 9, 4], "texture": "#0"}, "down": {"uv": [8, 3, 9, 4], "texture": "#0"} } }, { "from": [7.87492, 20.26901, 10.425], "to": [8.12492, 20.75651, 11.075], "rotation": {"angle": 0, "axis": "y", "origin": [0.52492, 32.26901, 18.775]}, "faces": { "north": {"uv": [8, 3, 9, 4], "texture": "#0"}, "east": {"uv": [8, 3, 9, 4], "texture": "#0"}, "south": {"uv": [8, 3, 9, 4], "texture": "#0"}, "west": {"uv": [8, 3, 9, 4], "texture": "#0"}, "up": {"uv": [8, 3, 9, 4], "texture": "#0"}, "down": {"uv": [8, 3, 9, 4], "texture": "#0"} } }, { "from": [7.87492, 20.75651, 10.725], "to": [8.12492, 21.16901, 11.3], "rotation": {"angle": 0, "axis": "y", "origin": [0.52492, 32.75651, 19.075]}, "faces": { "north": {"uv": [8, 3, 9, 4], "texture": "#0"}, "east": {"uv": [8, 3, 9, 4], "texture": "#0"}, "south": {"uv": [8, 3, 9, 4], "texture": "#0"}, "west": {"uv": [8, 3, 9, 4], "texture": "#0"}, "up": {"uv": [8, 3, 9, 4], "texture": "#0"}, "down": {"uv": [8, 3, 9, 4], "texture": "#0"} } }, { "from": [7.87492, 21.16901, 11.025], "to": [8.12492, 21.50651, 11.6], "rotation": {"angle": 0, "axis": "y", "origin": [0.52492, 33.16901, 19.375]}, "faces": { "north": {"uv": [8, 3, 9, 4], "texture": "#0"}, "east": {"uv": [8, 3, 9, 4], "texture": "#0"}, "south": {"uv": [8, 3, 9, 4], "texture": "#0"}, "west": {"uv": [8, 3, 9, 4], "texture": "#0"}, "up": {"uv": [8, 3, 9, 4], "texture": "#0"}, "down": {"uv": [8, 3, 9, 4], "texture": "#0"} } }, { "from": [7.87492, 21.50651, 11.325], "to": [8.12492, 21.76901, 11.9], "rotation": {"angle": 0, "axis": "y", "origin": [0.52492, 33.50651, 19.675]}, "faces": { "north": {"uv": [8, 3, 9, 4], "texture": "#0"}, "east": {"uv": [8, 3, 9, 4], "texture": "#0"}, "south": {"uv": [8, 3, 9, 4], "texture": "#0"}, "west": {"uv": [8, 3, 9, 4], "texture": "#0"}, "up": {"uv": [8, 3, 9, 4], "texture": "#0"}, "down": {"uv": [8, 3, 9, 4], "texture": "#0"} } }, { "from": [7.87492, 1.63151, 7.55], "to": [8.12492, 3.13151, 8.8], "rotation": {"angle": 0, "axis": "y", "origin": [0.52492, 13.63151, 15.9]}, "faces": { "north": {"uv": [8, 3, 9, 4], "texture": "#0"}, "east": {"uv": [8, 3, 9, 4], "texture": "#0"}, "south": {"uv": [8, 3, 9, 4], "texture": "#0"}, "west": {"uv": [8, 3, 9, 4], "texture": "#0"}, "up": {"uv": [8, 3, 9, 4], "texture": "#0"}, "down": {"uv": [8, 3, 9, 4], "texture": "#0"} } }, { "from": [7.87492, -6.61849, 7.5], "to": [8.12492, 0.13151, 8.75], "rotation": {"angle": 0, "axis": "y", "origin": [0.52492, 10.63151, 15.85]}, "faces": { "north": {"uv": [8, 3, 9, 4], "texture": "#0"}, "east": {"uv": [8, 3, 9, 4], "texture": "#0"}, "south": {"uv": [8, 3, 9, 4], "texture": "#0"}, "west": {"uv": [8, 3, 9, 4], "texture": "#0"}, "up": {"uv": [8, 3, 9, 4], "texture": "#0"}, "down": {"uv": [8, 3, 9, 4], "texture": "#0"} } }, { "from": [7.87492, 0.13151, 7.525], "to": [8.12492, 1.63151, 8.775], "rotation": {"angle": 0, "axis": "y", "origin": [0.52492, 12.13151, 15.875]}, "faces": { "north": {"uv": [8, 3, 9, 4], "texture": "#0"}, "east": {"uv": [8, 3, 9, 4], "texture": "#0"}, "south": {"uv": [8, 3, 9, 4], "texture": "#0"}, "west": {"uv": [8, 3, 9, 4], "texture": "#0"}, "up": {"uv": [8, 3, 9, 4], "texture": "#0"}, "down": {"uv": [8, 3, 9, 4], "texture": "#0"} } }, { "from": [7.87492, 3.13151, 7.35], "to": [8.12492, 4.63151, 7.6], "rotation": {"angle": 0, "axis": "y", "origin": [0.52492, 15.13151, 15.95]}, "faces": { "north": {"uv": [1, 6, 2, 7], "texture": "#0"}, "east": {"uv": [1, 6, 2, 7], "texture": "#0"}, "south": {"uv": [1, 6, 2, 7], "texture": "#0"}, "west": {"uv": [1, 6, 2, 7], "texture": "#0"}, "up": {"uv": [1, 6, 2, 7], "texture": "#0"}, "down": {"uv": [1, 6, 2, 7], "texture": "#0"} } }, { "from": [7.87492, 4.63151, 7.4], "to": [8.12492, 6.05651, 7.65], "rotation": {"angle": 0, "axis": "y", "origin": [0.52492, 16.63151, 16]}, "faces": { "north": {"uv": [1, 6, 2, 7], "texture": "#0"}, "east": {"uv": [1, 6, 2, 7], "texture": "#0"}, "south": {"uv": [1, 6, 2, 7], "texture": "#0"}, "west": {"uv": [1, 6, 2, 7], "texture": "#0"}, "up": {"uv": [1, 6, 2, 7], "texture": "#0"}, "down": {"uv": [1, 6, 2, 7], "texture": "#0"} } }, { "from": [7.87492, 6.05651, 7.45], "to": [8.12492, 7.40651, 7.7], "rotation": {"angle": 0, "axis": "y", "origin": [0.52492, 18.05651, 16.05]}, "faces": { "north": {"uv": [1, 6, 2, 7], "texture": "#0"}, "east": {"uv": [1, 6, 2, 7], "texture": "#0"}, "south": {"uv": [1, 6, 2, 7], "texture": "#0"}, "west": {"uv": [1, 6, 2, 7], "texture": "#0"}, "up": {"uv": [1, 6, 2, 7], "texture": "#0"}, "down": {"uv": [1, 6, 2, 7], "texture": "#0"} } }, { "from": [7.87492, 7.40651, 7.525], "to": [8.12492, 8.68151, 7.775], "rotation": {"angle": 0, "axis": "y", "origin": [0.52492, 19.40651, 16.125]}, "faces": { "north": {"uv": [1, 6, 2, 7], "texture": "#0"}, "east": {"uv": [1, 6, 2, 7], "texture": "#0"}, "south": {"uv": [1, 6, 2, 7], "texture": "#0"}, "west": {"uv": [1, 6, 2, 7], "texture": "#0"}, "up": {"uv": [1, 6, 2, 7], "texture": "#0"}, "down": {"uv": [1, 6, 2, 7], "texture": "#0"} } }, { "from": [7.87492, 8.68151, 7.6], "to": [8.12492, 9.88151, 7.85], "rotation": {"angle": 0, "axis": "y", "origin": [0.52492, 20.68151, 16.2]}, "faces": { "north": {"uv": [1, 6, 2, 7], "texture": "#0"}, "east": {"uv": [1, 6, 2, 7], "texture": "#0"}, "south": {"uv": [1, 6, 2, 7], "texture": "#0"}, "west": {"uv": [1, 6, 2, 7], "texture": "#0"}, "up": {"uv": [1, 6, 2, 7], "texture": "#0"}, "down": {"uv": [1, 6, 2, 7], "texture": "#0"} } }, { "from": [7.87492, 9.88151, 7.7], "to": [8.12492, 11.00651, 7.95], "rotation": {"angle": 0, "axis": "y", "origin": [0.52492, 21.88151, 16.3]}, "faces": { "north": {"uv": [1, 6, 2, 7], "texture": "#0"}, "east": {"uv": [1, 6, 2, 7], "texture": "#0"}, "south": {"uv": [1, 6, 2, 7], "texture": "#0"}, "west": {"uv": [1, 6, 2, 7], "texture": "#0"}, "up": {"uv": [1, 6, 2, 7], "texture": "#0"}, "down": {"uv": [1, 6, 2, 7], "texture": "#0"} } }, { "from": [7.87492, 11.00651, 7.8], "to": [8.12492, 12.09401, 8.05], "rotation": {"angle": 0, "axis": "y", "origin": [0.52492, 23.00651, 16.4]}, "faces": { "north": {"uv": [1, 6, 2, 7], "texture": "#0"}, "east": {"uv": [1, 6, 2, 7], "texture": "#0"}, "south": {"uv": [1, 6, 2, 7], "texture": "#0"}, "west": {"uv": [1, 6, 2, 7], "texture": "#0"}, "up": {"uv": [1, 6, 2, 7], "texture": "#0"}, "down": {"uv": [1, 6, 2, 7], "texture": "#0"} } }, { "from": [7.87492, 12.09401, 7.925], "to": [8.12492, 13.18151, 8.175], "rotation": {"angle": 0, "axis": "y", "origin": [0.52492, 24.09401, 16.525]}, "faces": { "north": {"uv": [1, 6, 2, 7], "texture": "#0"}, "east": {"uv": [1, 6, 2, 7], "texture": "#0"}, "south": {"uv": [1, 6, 2, 7], "texture": "#0"}, "west": {"uv": [1, 6, 2, 7], "texture": "#0"}, "up": {"uv": [1, 6, 2, 7], "texture": "#0"}, "down": {"uv": [1, 6, 2, 7], "texture": "#0"} } }, { "from": [7.87492, 13.18151, 8.05], "to": [8.12492, 14.23151, 8.3], "rotation": {"angle": 0, "axis": "y", "origin": [0.52492, 25.18151, 16.65]}, "faces": { "north": {"uv": [1, 6, 2, 7], "texture": "#0"}, "east": {"uv": [1, 6, 2, 7], "texture": "#0"}, "south": {"uv": [1, 6, 2, 7], "texture": "#0"}, "west": {"uv": [1, 6, 2, 7], "texture": "#0"}, "up": {"uv": [1, 6, 2, 7], "texture": "#0"}, "down": {"uv": [1, 6, 2, 7], "texture": "#0"} } }, { "from": [7.87492, 14.23151, 8.2], "to": [8.12492, 15.20651, 8.45], "rotation": {"angle": 0, "axis": "y", "origin": [0.52492, 26.23151, 16.8]}, "faces": { "north": {"uv": [1, 6, 2, 7], "texture": "#0"}, "east": {"uv": [1, 6, 2, 7], "texture": "#0"}, "south": {"uv": [1, 6, 2, 7], "texture": "#0"}, "west": {"uv": [1, 6, 2, 7], "texture": "#0"}, "up": {"uv": [1, 6, 2, 7], "texture": "#0"}, "down": {"uv": [1, 6, 2, 7], "texture": "#0"} } }, { "from": [7.87492, 15.20651, 8.375], "to": [8.12492, 16.10651, 8.625], "rotation": {"angle": 0, "axis": "y", "origin": [0.52492, 27.20651, 16.975]}, "faces": { "north": {"uv": [1, 6, 2, 7], "texture": "#0"}, "east": {"uv": [1, 6, 2, 7], "texture": "#0"}, "south": {"uv": [1, 6, 2, 7], "texture": "#0"}, "west": {"uv": [1, 6, 2, 7], "texture": "#0"}, "up": {"uv": [1, 6, 2, 7], "texture": "#0"}, "down": {"uv": [1, 6, 2, 7], "texture": "#0"} } }, { "from": [7.87492, 16.10651, 8.575], "to": [8.12492, 17.00651, 8.825], "rotation": {"angle": 0, "axis": "y", "origin": [0.52492, 28.10651, 17.175]}, "faces": { "north": {"uv": [1, 6, 2, 7], "texture": "#0"}, "east": {"uv": [1, 6, 2, 7], "texture": "#0"}, "south": {"uv": [1, 6, 2, 7], "texture": "#0"}, "west": {"uv": [1, 6, 2, 7], "texture": "#0"}, "up": {"uv": [1, 6, 2, 7], "texture": "#0"}, "down": {"uv": [1, 6, 2, 7], "texture": "#0"} } }, { "from": [7.87492, 17.00651, 8.825], "to": [8.12492, 17.75651, 9.075], "rotation": {"angle": 0, "axis": "y", "origin": [0.52492, 29.00651, 17.425]}, "faces": { "north": {"uv": [1, 6, 2, 7], "texture": "#0"}, "east": {"uv": [1, 6, 2, 7], "texture": "#0"}, "south": {"uv": [1, 6, 2, 7], "texture": "#0"}, "west": {"uv": [1, 6, 2, 7], "texture": "#0"}, "up": {"uv": [1, 6, 2, 7], "texture": "#0"}, "down": {"uv": [1, 6, 2, 7], "texture": "#0"} } }, { "from": [7.87492, 17.75651, 9.05], "to": [8.12492, 18.50651, 9.3], "rotation": {"angle": 0, "axis": "y", "origin": [0.52492, 29.75651, 17.65]}, "faces": { "north": {"uv": [1, 6, 2, 7], "texture": "#0"}, "east": {"uv": [1, 6, 2, 7], "texture": "#0"}, "south": {"uv": [1, 6, 2, 7], "texture": "#0"}, "west": {"uv": [1, 6, 2, 7], "texture": "#0"}, "up": {"uv": [1, 6, 2, 7], "texture": "#0"}, "down": {"uv": [1, 6, 2, 7], "texture": "#0"} } }, { "from": [7.87492, 18.50651, 9.275], "to": [8.12492, 19.18151, 9.525], "rotation": {"angle": 0, "axis": "y", "origin": [0.52492, 30.50651, 17.875]}, "faces": { "north": {"uv": [1, 6, 2, 7], "texture": "#0"}, "east": {"uv": [1, 6, 2, 7], "texture": "#0"}, "south": {"uv": [1, 6, 2, 7], "texture": "#0"}, "west": {"uv": [1, 6, 2, 7], "texture": "#0"}, "up": {"uv": [1, 6, 2, 7], "texture": "#0"}, "down": {"uv": [1, 6, 2, 7], "texture": "#0"} } }, { "from": [7.87492, 19.18151, 9.575], "to": [8.12492, 19.78151, 9.825], "rotation": {"angle": 0, "axis": "y", "origin": [0.52492, 31.18151, 18.175]}, "faces": { "north": {"uv": [1, 6, 2, 7], "texture": "#0"}, "east": {"uv": [1, 6, 2, 7], "texture": "#0"}, "south": {"uv": [1, 6, 2, 7], "texture": "#0"}, "west": {"uv": [1, 6, 2, 7], "texture": "#0"}, "up": {"uv": [1, 6, 2, 7], "texture": "#0"}, "down": {"uv": [1, 6, 2, 7], "texture": "#0"} } }, { "from": [7.87492, 19.78151, 9.875], "to": [8.12492, 20.26901, 10.125], "rotation": {"angle": 0, "axis": "y", "origin": [0.52492, 31.78151, 18.475]}, "faces": { "north": {"uv": [1, 6, 2, 7], "texture": "#0"}, "east": {"uv": [1, 6, 2, 7], "texture": "#0"}, "south": {"uv": [1, 6, 2, 7], "texture": "#0"}, "west": {"uv": [1, 6, 2, 7], "texture": "#0"}, "up": {"uv": [1, 6, 2, 7], "texture": "#0"}, "down": {"uv": [1, 6, 2, 7], "texture": "#0"} } }, { "from": [7.87492, 20.26901, 10.175], "to": [8.12492, 20.75651, 10.425], "rotation": {"angle": 0, "axis": "y", "origin": [0.52492, 32.26901, 18.775]}, "faces": { "north": {"uv": [1, 6, 2, 7], "texture": "#0"}, "east": {"uv": [1, 6, 2, 7], "texture": "#0"}, "south": {"uv": [1, 6, 2, 7], "texture": "#0"}, "west": {"uv": [1, 6, 2, 7], "texture": "#0"}, "up": {"uv": [1, 6, 2, 7], "texture": "#0"}, "down": {"uv": [1, 6, 2, 7], "texture": "#0"} } }, { "from": [7.87492, 1.63151, 7.3], "to": [8.12492, 3.13151, 7.55], "rotation": {"angle": 0, "axis": "y", "origin": [0.52492, 13.63151, 15.9]}, "faces": { "north": {"uv": [1, 6, 2, 7], "texture": "#0"}, "east": {"uv": [1, 6, 2, 7], "texture": "#0"}, "south": {"uv": [1, 6, 2, 7], "texture": "#0"}, "west": {"uv": [1, 6, 2, 7], "texture": "#0"}, "up": {"uv": [1, 6, 2, 7], "texture": "#0"}, "down": {"uv": [1, 6, 2, 7], "texture": "#0"} } }, { "from": [7.87492, -6.61849, 7.25], "to": [8.12492, 0.13151, 7.5], "rotation": {"angle": 0, "axis": "y", "origin": [0.52492, 10.63151, 15.85]}, "faces": { "north": {"uv": [1, 6, 2, 7], "texture": "#0"}, "east": {"uv": [1, 6, 2, 7], "texture": "#0"}, "south": {"uv": [1, 6, 2, 7], "texture": "#0"}, "west": {"uv": [1, 6, 2, 7], "texture": "#0"}, "up": {"uv": [1, 6, 2, 7], "texture": "#0"}, "down": {"uv": [1, 6, 2, 7], "texture": "#0"} } }, { "from": [7.87492, 0.13151, 7.275], "to": [8.12492, 1.63151, 7.525], "rotation": {"angle": 0, "axis": "y", "origin": [0.52492, 12.13151, 15.875]}, "faces": { "north": {"uv": [1, 6, 2, 7], "texture": "#0"}, "east": {"uv": [1, 6, 2, 7], "texture": "#0"}, "south": {"uv": [1, 6, 2, 7], "texture": "#0"}, "west": {"uv": [1, 6, 2, 7], "texture": "#0"}, "up": {"uv": [1, 6, 2, 7], "texture": "#0"}, "down": {"uv": [1, 6, 2, 7], "texture": "#0"} } }, { "from": [7.87492, 20.75651, 10.475], "to": [8.12492, 21.16901, 10.725], "rotation": {"angle": 0, "axis": "y", "origin": [0.52492, 32.75651, 19.075]}, "faces": { "north": {"uv": [1, 6, 2, 7], "texture": "#0"}, "east": {"uv": [1, 6, 2, 7], "texture": "#0"}, "south": {"uv": [1, 6, 2, 7], "texture": "#0"}, "west": {"uv": [1, 6, 2, 7], "texture": "#0"}, "up": {"uv": [1, 6, 2, 7], "texture": "#0"}, "down": {"uv": [1, 6, 2, 7], "texture": "#0"} } }, { "from": [7.87492, 21.16901, 10.775], "to": [8.12492, 21.50651, 11.025], "rotation": {"angle": 0, "axis": "y", "origin": [0.52492, 33.16901, 19.375]}, "faces": { "north": {"uv": [1, 6, 2, 7], "texture": "#0"}, "east": {"uv": [1, 6, 2, 7], "texture": "#0"}, "south": {"uv": [1, 6, 2, 7], "texture": "#0"}, "west": {"uv": [1, 6, 2, 7], "texture": "#0"}, "up": {"uv": [1, 6, 2, 7], "texture": "#0"}, "down": {"uv": [1, 6, 2, 7], "texture": "#0"} } }, { "from": [7.87492, 21.50651, 11.075], "to": [8.12492, 21.76901, 11.325], "rotation": {"angle": 0, "axis": "y", "origin": [0.52492, 33.50651, 19.675]}, "faces": { "north": {"uv": [1, 6, 2, 7], "texture": "#0"}, "east": {"uv": [1, 6, 2, 7], "texture": "#0"}, "south": {"uv": [1, 6, 2, 7], "texture": "#0"}, "west": {"uv": [1, 6, 2, 7], "texture": "#0"}, "up": {"uv": [1, 6, 2, 7], "texture": "#0"}, "down": {"uv": [1, 6, 2, 7], "texture": "#0"} } }, { "from": [7.77492, -6.61849, 7.5], "to": [8.22492, 0.13151, 8.5], "rotation": {"angle": 0, "axis": "y", "origin": [0.52492, 10.63151, 15.85]}, "faces": { "north": {"uv": [8, 3, 9, 4], "texture": "#0"}, "east": {"uv": [8, 3, 9, 4], "texture": "#0"}, "south": {"uv": [8, 3, 9, 4], "texture": "#0"}, "west": {"uv": [8, 3, 9, 4], "texture": "#0"}, "up": {"uv": [8, 3, 9, 4], "texture": "#0"}, "down": {"uv": [8, 3, 9, 4], "texture": "#0"} } }, { "from": [7.77492, 0.13151, 7.525], "to": [8.22492, 1.63151, 8.525], "rotation": {"angle": 0, "axis": "y", "origin": [0.52492, 12.13151, 15.875]}, "faces": { "north": {"uv": [8, 3, 9, 4], "texture": "#0"}, "east": {"uv": [8, 3, 9, 4], "texture": "#0"}, "south": {"uv": [8, 3, 9, 4], "texture": "#0"}, "west": {"uv": [8, 3, 9, 4], "texture": "#0"}, "up": {"uv": [8, 3, 9, 4], "texture": "#0"}, "down": {"uv": [8, 3, 9, 4], "texture": "#0"} } }, { "from": [7.77492, 1.63151, 7.55], "to": [8.22492, 3.13151, 8.55], "rotation": {"angle": 0, "axis": "y", "origin": [0.52492, 13.63151, 15.9]}, "faces": { "north": {"uv": [8, 3, 9, 4], "texture": "#0"}, "east": {"uv": [8, 3, 9, 4], "texture": "#0"}, "south": {"uv": [8, 3, 9, 4], "texture": "#0"}, "west": {"uv": [8, 3, 9, 4], "texture": "#0"}, "up": {"uv": [8, 3, 9, 4], "texture": "#0"}, "down": {"uv": [8, 3, 9, 4], "texture": "#0"} } }, { "from": [7.77492, 3.13151, 7.6], "to": [8.22492, 4.63151, 8.6], "rotation": {"angle": 0, "axis": "y", "origin": [0.52492, 15.13151, 15.95]}, "faces": { "north": {"uv": [8, 3, 9, 4], "texture": "#0"}, "east": {"uv": [8, 3, 9, 4], "texture": "#0"}, "south": {"uv": [8, 3, 9, 4], "texture": "#0"}, "west": {"uv": [8, 3, 9, 4], "texture": "#0"}, "up": {"uv": [8, 3, 9, 4], "texture": "#0"}, "down": {"uv": [8, 3, 9, 4], "texture": "#0"} } }, { "from": [7.77492, 4.63151, 7.65], "to": [8.22492, 6.05651, 8.65], "rotation": {"angle": 0, "axis": "y", "origin": [0.52492, 16.63151, 16]}, "faces": { "north": {"uv": [8, 3, 9, 4], "texture": "#0"}, "east": {"uv": [8, 3, 9, 4], "texture": "#0"}, "south": {"uv": [8, 3, 9, 4], "texture": "#0"}, "west": {"uv": [8, 3, 9, 4], "texture": "#0"}, "up": {"uv": [8, 3, 9, 4], "texture": "#0"}, "down": {"uv": [8, 3, 9, 4], "texture": "#0"} } }, { "from": [7.77492, 6.05651, 7.7], "to": [8.22492, 7.40651, 8.7], "rotation": {"angle": 0, "axis": "y", "origin": [0.52492, 18.05651, 16.05]}, "faces": { "north": {"uv": [8, 3, 9, 4], "texture": "#0"}, "east": {"uv": [8, 3, 9, 4], "texture": "#0"}, "south": {"uv": [8, 3, 9, 4], "texture": "#0"}, "west": {"uv": [8, 3, 9, 4], "texture": "#0"}, "up": {"uv": [8, 3, 9, 4], "texture": "#0"}, "down": {"uv": [8, 3, 9, 4], "texture": "#0"} } }, { "from": [7.77492, 7.40651, 7.775], "to": [8.22492, 8.68151, 8.775], "rotation": {"angle": 0, "axis": "y", "origin": [0.52492, 19.40651, 16.125]}, "faces": { "north": {"uv": [8, 3, 9, 4], "texture": "#0"}, "east": {"uv": [8, 3, 9, 4], "texture": "#0"}, "south": {"uv": [8, 3, 9, 4], "texture": "#0"}, "west": {"uv": [8, 3, 9, 4], "texture": "#0"}, "up": {"uv": [8, 3, 9, 4], "texture": "#0"}, "down": {"uv": [8, 3, 9, 4], "texture": "#0"} } }, { "from": [7.77492, 8.68151, 7.85], "to": [8.22492, 9.88151, 8.85], "rotation": {"angle": 0, "axis": "y", "origin": [0.52492, 20.68151, 16.2]}, "faces": { "north": {"uv": [8, 3, 9, 4], "texture": "#0"}, "east": {"uv": [8, 3, 9, 4], "texture": "#0"}, "south": {"uv": [8, 3, 9, 4], "texture": "#0"}, "west": {"uv": [8, 3, 9, 4], "texture": "#0"}, "up": {"uv": [8, 3, 9, 4], "texture": "#0"}, "down": {"uv": [8, 3, 9, 4], "texture": "#0"} } }, { "from": [7.77492, 9.88151, 7.95], "to": [8.22492, 11.00651, 8.95], "rotation": {"angle": 0, "axis": "y", "origin": [0.52492, 21.88151, 16.3]}, "faces": { "north": {"uv": [8, 3, 9, 4], "texture": "#0"}, "east": {"uv": [8, 3, 9, 4], "texture": "#0"}, "south": {"uv": [8, 3, 9, 4], "texture": "#0"}, "west": {"uv": [8, 3, 9, 4], "texture": "#0"}, "up": {"uv": [8, 3, 9, 4], "texture": "#0"}, "down": {"uv": [8, 3, 9, 4], "texture": "#0"} } }, { "from": [7.77492, 11.00651, 8.05], "to": [8.22492, 12.09401, 9], "rotation": {"angle": 0, "axis": "y", "origin": [0.52492, 23.00651, 16.4]}, "faces": { "north": {"uv": [8, 3, 9, 4], "texture": "#0"}, "east": {"uv": [8, 3, 9, 4], "texture": "#0"}, "south": {"uv": [8, 3, 9, 4], "texture": "#0"}, "west": {"uv": [8, 3, 9, 4], "texture": "#0"}, "up": {"uv": [8, 3, 9, 4], "texture": "#0"}, "down": {"uv": [8, 3, 9, 4], "texture": "#0"} } }, { "from": [7.77492, 12.09401, 8.175], "to": [8.22492, 13.18151, 9.125], "rotation": {"angle": 0, "axis": "y", "origin": [0.52492, 24.09401, 16.525]}, "faces": { "north": {"uv": [8, 3, 9, 4], "texture": "#0"}, "east": {"uv": [8, 3, 9, 4], "texture": "#0"}, "south": {"uv": [8, 3, 9, 4], "texture": "#0"}, "west": {"uv": [8, 3, 9, 4], "texture": "#0"}, "up": {"uv": [8, 3, 9, 4], "texture": "#0"}, "down": {"uv": [8, 3, 9, 4], "texture": "#0"} } }, { "from": [7.77492, 13.18151, 8.3], "to": [8.22492, 14.23151, 9.25], "rotation": {"angle": 0, "axis": "y", "origin": [0.52492, 25.18151, 16.65]}, "faces": { "north": {"uv": [8, 3, 9, 4], "texture": "#0"}, "east": {"uv": [8, 3, 9, 4], "texture": "#0"}, "south": {"uv": [8, 3, 9, 4], "texture": "#0"}, "west": {"uv": [8, 3, 9, 4], "texture": "#0"}, "up": {"uv": [8, 3, 9, 4], "texture": "#0"}, "down": {"uv": [8, 3, 9, 4], "texture": "#0"} } }, { "from": [7.77492, 14.23151, 8.45], "to": [8.22492, 15.20651, 9.35], "rotation": {"angle": 0, "axis": "y", "origin": [0.52492, 26.23151, 16.8]}, "faces": { "north": {"uv": [8, 3, 9, 4], "texture": "#0"}, "east": {"uv": [8, 3, 9, 4], "texture": "#0"}, "south": {"uv": [8, 3, 9, 4], "texture": "#0"}, "west": {"uv": [8, 3, 9, 4], "texture": "#0"}, "up": {"uv": [8, 3, 9, 4], "texture": "#0"}, "down": {"uv": [8, 3, 9, 4], "texture": "#0"} } }, { "from": [7.77492, 15.20651, 8.625], "to": [8.22492, 16.10651, 9.525], "rotation": {"angle": 0, "axis": "y", "origin": [0.52492, 27.20651, 16.975]}, "faces": { "north": {"uv": [8, 3, 9, 4], "texture": "#0"}, "east": {"uv": [8, 3, 9, 4], "texture": "#0"}, "south": {"uv": [8, 3, 9, 4], "texture": "#0"}, "west": {"uv": [8, 3, 9, 4], "texture": "#0"}, "up": {"uv": [8, 3, 9, 4], "texture": "#0"}, "down": {"uv": [8, 3, 9, 4], "texture": "#0"} } }, { "from": [7.77492, 16.10651, 8.825], "to": [8.22492, 17.00651, 9.675], "rotation": {"angle": 0, "axis": "y", "origin": [0.52492, 28.10651, 17.175]}, "faces": { "north": {"uv": [8, 3, 9, 4], "texture": "#0"}, "east": {"uv": [8, 3, 9, 4], "texture": "#0"}, "south": {"uv": [8, 3, 9, 4], "texture": "#0"}, "west": {"uv": [8, 3, 9, 4], "texture": "#0"}, "up": {"uv": [8, 3, 9, 4], "texture": "#0"}, "down": {"uv": [8, 3, 9, 4], "texture": "#0"} } }, { "from": [7.77492, 17.00651, 9.075], "to": [8.22492, 17.75651, 9.875], "rotation": {"angle": 0, "axis": "y", "origin": [0.52492, 29.00651, 17.425]}, "faces": { "north": {"uv": [8, 3, 9, 4], "texture": "#0"}, "east": {"uv": [8, 3, 9, 4], "texture": "#0"}, "south": {"uv": [8, 3, 9, 4], "texture": "#0"}, "west": {"uv": [8, 3, 9, 4], "texture": "#0"}, "up": {"uv": [8, 3, 9, 4], "texture": "#0"}, "down": {"uv": [8, 3, 9, 4], "texture": "#0"} } }, { "from": [7.77492, 17.75651, 9.3], "to": [8.22492, 18.50651, 10.025], "rotation": {"angle": 0, "axis": "y", "origin": [0.52492, 29.75651, 17.65]}, "faces": { "north": {"uv": [8, 3, 9, 4], "texture": "#0"}, "east": {"uv": [8, 3, 9, 4], "texture": "#0"}, "south": {"uv": [8, 3, 9, 4], "texture": "#0"}, "west": {"uv": [8, 3, 9, 4], "texture": "#0"}, "up": {"uv": [8, 3, 9, 4], "texture": "#0"}, "down": {"uv": [8, 3, 9, 4], "texture": "#0"} } }, { "from": [7.77492, 18.50651, 9.525], "to": [8.22492, 19.18151, 10.2], "rotation": {"angle": 0, "axis": "y", "origin": [0.52492, 30.50651, 17.875]}, "faces": { "north": {"uv": [8, 3, 9, 4], "texture": "#0"}, "east": {"uv": [8, 3, 9, 4], "texture": "#0"}, "south": {"uv": [8, 3, 9, 4], "texture": "#0"}, "west": {"uv": [8, 3, 9, 4], "texture": "#0"}, "up": {"uv": [8, 3, 9, 4], "texture": "#0"}, "down": {"uv": [8, 3, 9, 4], "texture": "#0"} } }, { "from": [7.77492, 19.18151, 9.825], "to": [8.22492, 19.78151, 10.375], "rotation": {"angle": 0, "axis": "y", "origin": [0.52492, 31.18151, 18.175]}, "faces": { "north": {"uv": [8, 3, 9, 4], "texture": "#0"}, "east": {"uv": [8, 3, 9, 4], "texture": "#0"}, "south": {"uv": [8, 3, 9, 4], "texture": "#0"}, "west": {"uv": [8, 3, 9, 4], "texture": "#0"}, "up": {"uv": [8, 3, 9, 4], "texture": "#0"}, "down": {"uv": [8, 3, 9, 4], "texture": "#0"} } }, { "from": [7.77492, 19.78151, 10.125], "to": [8.22492, 20.26901, 10.575], "rotation": {"angle": 0, "axis": "y", "origin": [0.52492, 31.78151, 18.475]}, "faces": { "north": {"uv": [8, 3, 9, 4], "texture": "#0"}, "east": {"uv": [8, 3, 9, 4], "texture": "#0"}, "south": {"uv": [8, 3, 9, 4], "texture": "#0"}, "west": {"uv": [8, 3, 9, 4], "texture": "#0"}, "up": {"uv": [8, 3, 9, 4], "texture": "#0"}, "down": {"uv": [8, 3, 9, 4], "texture": "#0"} } }, { "from": [7.77492, 20.26901, 10.425], "to": [8.22492, 20.75651, 10.825], "rotation": {"angle": 0, "axis": "y", "origin": [0.52492, 32.26901, 18.775]}, "faces": { "north": {"uv": [8, 3, 9, 4], "texture": "#0"}, "east": {"uv": [8, 3, 9, 4], "texture": "#0"}, "south": {"uv": [8, 3, 9, 4], "texture": "#0"}, "west": {"uv": [8, 3, 9, 4], "texture": "#0"}, "up": {"uv": [8, 3, 9, 4], "texture": "#0"}, "down": {"uv": [8, 3, 9, 4], "texture": "#0"} } }, { "from": [7.77492, 20.75651, 10.725], "to": [8.22492, 21.16901, 11.05], "rotation": {"angle": 0, "axis": "y", "origin": [0.52492, 32.75651, 19.075]}, "faces": { "north": {"uv": [8, 3, 9, 4], "texture": "#0"}, "east": {"uv": [8, 3, 9, 4], "texture": "#0"}, "south": {"uv": [8, 3, 9, 4], "texture": "#0"}, "west": {"uv": [8, 3, 9, 4], "texture": "#0"}, "up": {"uv": [8, 3, 9, 4], "texture": "#0"}, "down": {"uv": [8, 3, 9, 4], "texture": "#0"} } }, { "from": [7.77492, 21.16901, 11.025], "to": [8.22492, 21.50651, 11.35], "rotation": {"angle": 0, "axis": "y", "origin": [0.52492, 33.16901, 19.375]}, "faces": { "north": {"uv": [8, 3, 9, 4], "texture": "#0"}, "east": {"uv": [8, 3, 9, 4], "texture": "#0"}, "south": {"uv": [8, 3, 9, 4], "texture": "#0"}, "west": {"uv": [8, 3, 9, 4], "texture": "#0"}, "up": {"uv": [8, 3, 9, 4], "texture": "#0"}, "down": {"uv": [8, 3, 9, 4], "texture": "#0"} } } ], "display": { "thirdperson_righthand": { "translation": [0, 12, 0.5], "scale": [0.69141, 0.8, 0.5625] }, "thirdperson_lefthand": { "translation": [0, -16, 0.5], "scale": [0.69141, -0.8, 0.5625] }, "firstperson_righthand": { "rotation": [-24, -3, 0], "translation": [2.25, 10.5, -4], "scale": [0.69141, 0.69141, 0.5625] }, "firstperson_lefthand": { "rotation": [134, -3, 0], "translation": [2, -2.75, 9], "scale": [0.69141, 0.69141, 0.5625] }, "ground": { "rotation": [90, 90, 0], "translation": [0, -3.25, 2], "scale": [0.69141, 0.69141, 0.5625] }, "gui": { "rotation": [60, 23, -36], "translation": [1.75, 3, -0.25], "scale": [0.69141, 0.69141, 0.5625] }, "fixed": { "rotation": [0, -90, 0], "translation": [0, 7, -1], "scale": [2, 2, 2] } }, "groups": [ { "name": "octagon", "origin": [8, 8, 8], "color": 0, "children": [ 0, 1, 2, 3, { "name": "octagon", "origin": [8, 8, 8], "color": 0, "children": [ 4, 5, 6, 7, { "name": "octagon", "origin": [8, 8, 8], "color": 0, "children": [ 8, 9, 10, 11, { "name": "octagon", "origin": [8, 8, 8], "color": 0, "children": [ 12, 13, 14, 15, { "name": "octagon", "origin": [8, 8, 8], "color": 0, "children": [] } ] }, { "name": "octagon", "origin": [8, 8, 8], "color": 0, "children": [ 16, 17, 18, 19, { "name": "octagon", "origin": [8, 8, 8], "color": 0, "children": [ 20, 21, 22, 23, { "name": "octagon", "origin": [8, 8, 8], "color": 0, "children": [ 24, 25, 26, 27, { "name": "octagon", "origin": [8, 8, 8], "color": 0, "children": [ 28, 29, 30, 31, { "name": "octagon", "origin": [8, 8, 8], "color": 0, "children": [] } ] } ] } ] } ] }, { "name": "octagon", "origin": [8, 8, 8], "color": 0, "children": [ 32, 33, 34, 35, { "name": "octagon", "origin": [8, 8, 8], "color": 0, "children": [ 36, 37, 38, 39, { "name": "octagon", "origin": [8, 8, 8], "color": 0, "children": [ 40, 41, 42, 43, { "name": "octagon", "origin": [8, 8, 8], "color": 0, "children": [ { "name": "octagon", "origin": [8, 8, 8], "color": 0, "children": [] } ] } ] } ] } ] } ] } ] } ] }, { "name": "octagon", "origin": [8, 8, 8], "color": 0, "children": [] }, { "name": "octagon", "origin": [8, 8, 8], "color": 0, "children": [ { "name": "octagon", "origin": [8, 8, 8], "color": 0, "children": [] }, { "name": "octagon", "origin": [8, 8, 8], "color": 0, "children": [ { "name": "octagon", "origin": [8, 8, 8], "color": 0, "children": [] } ] }, { "name": "octagon", "origin": [8, 8, 8], "color": 0, "children": [ { "name": "octagon", "origin": [8, 8, 8], "color": 0, "children": [] }, { "name": "octagon", "origin": [8, 8, 8], "color": 0, "children": [ { "name": "octagon", "origin": [8, 8, 8], "color": 0, "children": [] } ] } ] }, { "name": "octagon", "origin": [8, 8, 8], "color": 0, "children": [44, 45, 46, 47] } ] }, 48, { "name": "group", "origin": [8, -3, 8], "color": 0, "children": [] }, 49, 50, 51, 52, 53, 54, 55, 56, 57, 58, 59, 60, 61, 62, 63, 64, 65, 66, 67, 68, 69, 70, 71, 72, 73, 74, 75, 76, 77, 78, 79, 80, 81, 82, 83, 84, 85, 86, 87, 88, 89, 90, 91, 92, 93, 94, 95, 96, { "name": "group", "origin": [8, 8, 8], "color": 0, "children": [97, 98, 99, 100, 101, 102, 103, 104, 105, 106, 107, 108, 109, 110, 111, 112, 113, 114, 115, 116, 117, 118, 119] } ] }